Date & Time,Longitude,Latitude,GPS Hight,GPS Speed,GPS Satellites,GPS Heading,NR PCC Serving PCI,NR PCC Serving SS-RSRP(dBm),NR PCC Serving SS-SINR(dB),NR Listed PCI,NR Listed SS-RSRP(dBm),NR Detected PCI,NR Detected SS-RSRP(dBm)
	2026-09-20 15:30:00.000,120.13027890,30.27131602,12.24,1.04,11,349.9,411,-85.51,11.34,417;423;429,-96.88;-97.26;-98.83,417;423,-96.88;-97.26
	2026-09-20 15:30:00.225,120.13027937,30.27131893,12.26,0.85,9,162.9,411,-86.45,7.93,429;417;501,-95.02;-95.91;-99.30,429;417,-95.02;-95.91
	2026-09-20 15:30:00.509,120.13027279,30.27131035,12.12,0.75,11,99.8,411,-84.35,12.00,429;417;423,-96.98;-97.23;-97.26,429;417,-96.98;-97.23
	2026-09-20 15:30:00.773,120.13029441,30.27130348,12.46,1.21,13,356.9,411,-86.50,9.29,417;429;423,-96.51;-97.46;-99.63,417;429,-96.51;-97.46
	2026-09-20 15:30:01.006,120.13028055,30.27132123,12.17,1.08,13,131.7,411,-84.20,6.65,429;417;423,-91.43;-97.61;-98.00,429;417,-91.43;-97.61
	2026-09-20 15:30:01.186,120.13029722,30.27131309,11.85,0.66,10,356.0,411,-88.26,9.12,417;429;501,-96.89;-98.33;-98.59,417;429,-96.89;-98.33
	2026-09-20 15:30:01.442,120.13028025,30.27132186,11.98,1.13,10,266.3,411,-84.92,12.00,429;423;417,-99.34;-99.36;-99.99,429;423,-99.34;-99.36
	2026-09-20 15:30:01.642,120.13028298,30.27130897,12.47,1.33,11,52.1,411,-86.24,11.79,423;429;417,-95.14;-96.63;-96.91,423;429,-95.14;-96.63
	2026-09-20 15:30:01.881,120.13029103,30.27130436,12.15,0.20,14,277.2,411,-87.52,7.84,423;417;429,-94.89;-96.40;-100.08,423;417,-94.89;-96.40
	2026-09-20 15:30:02.149,120.13028316,30.27131587,11.79,0.67,9,83.1,411,-87.62,7.29,417;423;429,-96.66;-97.73;-98.67,417;423,-96.66;-97.73
	2026-09-20 15:30:02.435,120.13028588,30.27130725,11.88,1.33,12,105.7,411,-88.12,8.86,417;429;501,-97.29;-98.08;-98.65,417;429,-97.29;-98.08
	2026-09-20 15:30:02.616,120.13029139,30.27130169,11.74,0.82,9,138.9,411,-85.26,10.03,429;417;423,-96.33;-98.07;-99.59,429;417,-96.33;-98.07
	2026-09-20 15:30:02.844,120.13030769,30.27130611,12.06,0.45,8,303.2,411,-88.47,8.83,423;429;417,-98.47;-98.69;-98.98,423;429,-98.47;-98.69
	2026-09-20 15:30:03.026,120.13028809,30.27130996,11.82,0.95,14,235.7,411,-85.54,11.38,429;417;423,-97.35;-97.43;-98.51,429;417,-97.35;-97.43
	2026-09-20 15:30:03.310,120.13029524,30.27130974,11.94,1.21,12,353.2,411,-86.02,11.60,429;423;501,-97.05;-97.84;-98.64,429;423,-97.05;-97.84
	2026-09-20 15:30:03.601,120.13030249,30.27130129,11.75,0.95,14,129.1,411,-85.14,9.35,417;429;423,-95.41;-97.96;-98.83,417;429,-95.41;-97.96
	2026-09-20 15:30:03.797,120.13030886,30.27131983,12.28,0.69,12,297.8,411,-83.82,12.00,417;429;423,-97.39;-97.45;-98.60,417;429,-97.39;-97.45
	2026-09-20 15:30:03.979,120.13031394,30.27130333,12.02,1.22,11,353.3,411,-85.85,11.12,417;501;429,-97.59;-98.60;-99.55,417;501,-97.59;-98.60
	2026-09-20 15:30:04.178,120.13030391,30.27132083,12.18,0.90,12,188.3,411,-87.43,4.96,429;417;423,-94.90;-96.01;-97.40,429;417,-94.90;-96.01
	2026-09-20 15:30:04.359,120.13031705,30.27130191,11.98,1.30,9,118.5,411,-87.52,9.38,429;417;423,-97.65;-97.94;-98.06,429;417,-97.65;-97.94
	2026-09-20 15:30:04.572,120.13030735,30.27131368,11.81,0.79,14,38.3,411,-85.59,9.53,417;429;423,-95.94;-96.55;-97.68,417;429,-95.94;-96.55
	2026-09-20 15:30:04.858,120.13031342,30.27130394,12.35,0.68,8,76.7,411,-86.66,7.24,423;417;429,-96.11;-97.44;-97.51,423;417,-96.11;-97.44
	2026-09-20 15:30:05.054,120.13030997,30.27132130,11.96,0.99,8,227.1,411,-86.23,5.79,423;501;429,-94.52;-97.87;-98.11,423;501,-94.52;-97.87
	2026-09-20 15:30:05.280,120.13032761,30.27131935,11.59,0.79,10,304.1,411,-87.65,8.14,417;423;429,-97.88;-99.17;-100.38,417;423,-97.88;-99.17
	2026-09-20 15:30:05.477,120.13031141,30.27130825,11.94,1.08,12,66.7,411,-85.92,9.49,417;429;501,-97.21;-97.76;-99.08,417;429,-97.21;-97.76
	2026-09-20 15:30:05.711,120.13032008,30.27131883,12.24,1.13,14,156.4,411,-86.19,8.36,429;417;423,-94.98;-95.88;-98.86,429;417,-94.98;-95.88
	2026-09-20 15:30:05.966,120.13031029,30.27131361,11.56,1.00,13,215.2,411,-87.09,7.86,417;501;429,-96.09;-98.24;-99.46,417;501,-96.09;-98.24
	2026-09-20 15:30:06.149,120.13030997,30.27130970,11.50,0.31,10,51.0,411,-83.91,10.87,417;429;501,-95.84;-98.57;-99.13,417;429,-95.84;-98.57
	2026-09-20 15:30:06.438,120.13032267,30.27131059,12.49,0.83,14,300.5,411,-88.85,7.78,417;423;429,-95.62;-95.96;-98.43,417;423,-95.62;-95.96
	2026-09-20 15:30:06.714,120.13031413,30.27130320,11.73,0.64,14,125.3,411,-83.25,11.50,423;429;417,-95.90;-96.80;-98.68,423;429,-95.90;-96.80
	2026-09-20 15:30:06.930,120.13033210,30.27130819,11.65,0.31,14,136.1,411,-88.04,6.39,417;429;423,-95.49;-96.16;-99.59,417;429,-95.49;-96.16
	2026-09-20 15:30:07.175,120.13031821,30.27130751,12.04,1.32,8,217.7,411,-85.34,10.17,429;417;423,-95.50;-97.82;-98.32,429;417,-95.50;-97.82
	2026-09-20 15:30:07.357,120.13032716,30.27131890,12.43,0.65,12,221.8,411,-86.33,10.10,429;417;423,-96.56;-97.68;-98.76,429;417,-96.56;-97.68
	2026-09-20 15:30:07.623,120.13033343,30.27131200,12.21,1.03,8,26.0,411,-86.75,4.91,429;417;423,-93.78;-95.59;-97.97,429;417,-93.78;-95.59
	2026-09-20 15:30:07.837,120.13033222,30.27131473,12.21,0.32,13,115.9,411,-87.17,6.27,417;423;429,-94.75;-97.47;-98.53,417;423,-94.75;-97.47
	2026-09-20 15:30:08.133,120.13033386,30.27130499,12.27,0.71,9,261.0,411,-85.18,9.76,417;429;423,-96.53;-97.32;-97.36,417;429,-96.53;-97.32
	2026-09-20 15:30:08.404,120.13034480,30.27130581,11.69,0.50,14,315.0,411,-83.69,10.53,417;429;423,-95.57;-96.09;-97.81,417;429,-95.57;-96.09
	2026-09-20 15:30:08.591,120.13034879,30.27130138,11.73,0.65,12,107.8,411,-88.28,4.30,417;423;429,-94.38;-97.84;-98.66,417;423,-94.38;-97.84
	2026-09-20 15:30:08.799,120.13035014,30.27131707,11.77,0.25,13,228.7,411,-83.99,10.33,417;429;423,-95.51;-97.87;-99.85,417;429,-95.51;-97.87
	2026-09-20 15:30:09.060,120.13035314,30.27130214,12.29,0.89,12,189.3,411,-82.80,11.90,429;417;423,-95.84;-96.37;-100.07,429;417,-95.84;-96.37
	2026-09-20 15:30:09.349,120.13034508,30.27132042,12.47,0.85,11,22.1,411,-86.42,10.19,429;423;417,-96.83;-97.09;-97.66,429;423,-96.83;-97.09
	2026-09-20 15:30:09.663,120.13035235,30.27131647,11.52,0.43,14,194.7,411,-84.13,8.18,417;429;501,-93.04;-97.50;-98.58,417;429,-93.04;-97.50
	2026-09-20 15:30:09.937,120.13033599,30.27130172,11.86,1.24,13,45.1,411,-82.33,12.00,429;423;501,-96.15;-99.63;-99.71,429;423,-96.15;-99.63
	2026-09-20 15:30:10.128,120.13036067,30.27130568,12.03,1.19,10,291.1,411,-84.27,10.47,429;417;423,-96.24;-96.99;-98.54,429;417,-96.24;-96.99
	2026-09-20 15:30:10.430,120.13034443,30.27131558,12.15,1.38,13,213.8,411,-86.42,6.05,429;423;417,-94.31;-95.70;-95.79,429;423,-94.31;-95.70
	2026-09-20 15:30:10.728,120.13034579,30.27131243,12.49,0.53,12,162.9,411,-84.72,11.44,417;429;423,-97.47;-97.90;-98.77,417;429,-97.47;-97.90
	2026-09-20 15:30:11.044,120.13036360,30.27132257,12.12,1.02,10,277.3,411,-84.32,10.02,429;423;417,-97.29;-98.84;-98.95,429;423,-97.29;-98.84
	2026-09-20 15:30:11.342,120.13036319,30.27131210,11.57,0.96,8,286.8,411,-84.06,10.67,429;417;423,-95.63;-98.25;-98.67,429;417,-95.63;-98.25
	2026-09-20 15:30:11.548,120.13035210,30.27131881,11.99,1.21,14,73.6,411,-86.10,9.52,423;429;417,-96.10;-96.44;-97.93,423;429,-96.10;-96.44
	2026-09-20 15:30:11.785,120.13035966,30.27131099,12.22,0.22,9,109.7,411,-84.55,11.04,417;423;429,-96.79;-96.81;-100.24,417;423,-96.79;-96.81
	2026-09-20 15:30:12.100,120.13035419,30.27131804,11.50,1.16,12,293.2,411,-85.52,5.66,417;423;429,-92.19;-98.71;-99.70,417;423,-92.19;-98.71
	2026-09-20 15:30:12.370,120.13034974,30.27131634,12.27,0.72,10,333.4,411,-85.48,8.51,429;417;501,-94.47;-97.81;-99.44,429;417,-94.47;-97.81
	2026-09-20 15:30:12.611,120.13035776,30.27132263,11.56,0.76,9,15.4,411,-83.34,12.00,429;423;417,-96.81;-97.12;-99.71,429;423,-96.81;-97.12
	2026-09-20 15:30:12.914,120.13036185,30.27130786,12.10,0.73,9,234.1,411,-84.86,11.03,417;423;501,-96.49;-97.29;-97.44,417;423,-96.49;-97.29
	2026-09-20 15:30:13.123,120.13035829,30.27130887,12.10,1.07,10,193.9,411,-87.09,8.26,417;429;423,-95.30;-97.22;-99.60,417;429,-95.30;-97.22
	2026-09-20 15:30:13.380,120.13038038,30.27131880,12.31,1.00,14,359.9,411,-86.33,8.88,423;429;417,-96.94;-98.03;-98.86,423;429,-96.94;-98.03
	2026-09-20 15:30:13.613,120.13036804,30.27131280,11.63,0.20,8,285.0,411,-87.66,5.35,429;423;417,-94.90;-95.50;-96.16,429;423,-94.90;-95.50
	2026-09-20 15:30:13.865,120.13038236,30.27130461,12.47,0.34,9,139.0,411,-86.08,5.01,417;429;501,-94.32;-95.64;-99.73,417;429,-94.32;-95.64
	2026-09-20 15:30:14.135,120.13037004,30.27131486,12.26,0.64,8,91.6,411,-84.68,8.41,429;417;423,-94.83;-96.23;-98.28,429;417,-94.83;-96.23
	2026-09-20 15:30:14.353,120.13036609,30.27130874,11.92,0.75,9,129.5,411,-87.22,8.05,429;417;423,-96.76;-96.85;-98.21,429;417,-96.76;-96.85
	2026-09-20 15:30:14.654,120.13036919,30.27131251,12.16,0.26,11,215.6,411,-84.90,11.38,417;429;423,-96.27;-96.57;-101.20,417;429,-96.27;-96.57
	2026-09-20 15:30:14.904,120.13039022,30.27131827,11.81,1.39,8,124.3,411,-87.02,8.16,429;417;423,-95.46;-96.11;-99.85,429;417,-95.46;-96.11
	2026-09-20 15:30:15.216,120.13036920,30.27131043,11.58,1.12,11,271.0,411,-87.17,5.94,417;423;429,-95.42;-95.85;-98.76,417;423,-95.42;-95.85
	2026-09-20 15:30:15.497,120.13038690,30.27131691,12.18,0.93,13,340.9,411,-87.29,6.49,417;429;423,-94.01;-97.61;-99.66,417;429,-94.01;-97.61
	2026-09-20 15:30:15.724,120.13039233,30.27130581,11.57,0.50,11,52.7,411,-83.47,9.30,429;417;423,-93.60;-95.47;-98.38,429;417,-93.60;-95.47
	2026-09-20 15:30:15.919,120.13038027,30.27130154,12.27,0.95,12,27.6,411,-85.25,10.32,417;429;423,-95.42;-98.32;-99.10,417;429,-95.42;-98.32
	2026-09-20 15:30:16.099,120.13038215,30.27132013,12.07,0.93,8,350.2,411,-85.36,8.16,423;429;417,-96.30;-96.70;-97.65,423;429,-96.30;-96.70
	2026-09-20 15:30:16.321,120.13038457,30.27130880,12.32,0.33,10,130.4,411,-84.16,8.01,417;423;429,-93.59;-95.88;-96.64,417;423,-93.59;-95.88
	2026-09-20 15:30:16.625,120.13038960,30.27131002,11.55,0.50,13,280.7,411,-85.89,6.83,423;417;429,-95.04;-95.39;-96.75,423;417,-95.04;-95.39
	2026-09-20 15:30:16.855,120.13038606,30.27130473,12.30,0.79,12,247.4,411,-81.79,12.00,423;429;417,-98.07;-98.26;-98.39,423;429,-98.07;-98.26
	2026-09-20 15:30:17.110,120.13038978,30.27131630,12.23,1.02,13,280.7,411,-84.54,11.79,417;423;429,-96.32;-98.73;-99.85,417;423,-96.32;-98.73
	2026-09-20 15:30:17.417,120.13038545,30.27130740,12.27,1.25,14,184.3,411,-85.12,5.93,417;429;423,-92.81;-98.03;-98.08,417;429,-92.81;-98.03
	2026-09-20 15:30:17.715,120.13040229,30.27131023,11.58,0.68,8,206.0,411,-83.68,12.00,423;417;429,-97.13;-98.06;-98.58,423;417,-97.13;-98.06
	2026-09-20 15:30:17.942,120.13039951,30.27131097,12.13,0.97,13,262.0,411,-81.06,12.00,429;501;423,-95.91;-96.75;-97.60,429;501,-95.91;-96.75
	2026-09-20 15:30:18.230,120.13039701,30.27131389,12.15,1.16,13,175.9,411,-83.74,11.21,417;423;429,-94.64;-95.84;-96.62,417;423,-94.64;-95.84
	2026-09-20 15:30:18.541,120.13040369,30.27131843,11.55,0.99,9,262.4,411,-84.01,7.38,417;423;429,-92.48;-97.37;-99.38,417;423,-92.48;-97.37
	2026-09-20 15:30:18.859,120.13041091,30.27130646,12.09,1.28,11,223.4,411,-83.94,7.32,417;429;423,-93.77;-96.87;-97.68,417;429,-93.77;-96.87
	2026-09-20 15:30:19.062,120.13040114,30.27130263,11.74,0.82,8,270.3,411,-84.14,8.78,417;429;501,-94.95;-96.69;-100.04,417;429,-94.95;-96.69
	2026-09-20 15:30:19.293,120.13040165,30.27131674,12.22,0.75,8,149.4,411,-84.94,9.27,429;417;423,-94.81;-96.94;-97.50,429;417,-94.81;-96.94
	2026-09-20 15:30:19.523,120.13041036,30.27131687,12.41,1.23,13,86.8,411,-87.08,9.45,417;423;501,-96.52;-97.75;-97.76,417;423,-96.52;-97.75
	2026-09-20 15:30:19.791,120.13039911,30.27131659,11.88,0.42,8,183.2,411,-84.80,11.53,417;429;501,-96.80;-97.74;-98.63,417;429,-96.80;-97.74
	2026-09-20 15:30:19.998,120.13040066,30.27130214,11.82,0.41,9,244.3,411,-84.07,7.73,429;423;417,-94.66;-95.23;-96.97,429;423,-94.66;-95.23
	2026-09-20 15:30:20.225,120.13042243,30.27130304,12.42,0.76,9,97.4,411,-84.66,9.05,417;429;423,-94.37;-95.69;-96.92,417;429,-94.37;-95.69
	2026-09-20 15:30:20.525,120.13040727,30.27131816,11.75,0.52,10,163.3,411,-83.53,12.00,417;429;423,-95.63;-96.77;-97.15,417;429,-95.63;-96.77
	2026-09-20 15:30:20.791,120.13042189,30.27131987,12.44,0.45,10,265.9,411,-83.88,12.00,417;429;423,-95.77;-97.42;-97.80,417;429,-95.77;-97.42
	2026-09-20 15:30:21.100,120.13042307,30.27131577,12.13,0.22,9,303.2,411,-84.41,7.45,423;429;417,-92.99;-97.60;-97.94,423;429,-92.99;-97.60
	2026-09-20 15:30:21.368,120.13042601,30.27131974,11.63,0.53,14,30.5,411,-83.97,10.47,417;429;423,-95.36;-98.60;-99.77,417;429,-95.36;-98.60
	2026-09-20 15:30:21.585,120.13042695,30.27131722,12.06,0.55,10,187.4,411,-86.55,10.57,429;423;417,-97.23;-99.48;-100.00,429;423,-97.23;-99.48
	2026-09-20 15:30:21.791,120.13043179,30.27130883,11.70,1.33,13,94.2,411,-87.04,7.53,417;429;423,-95.02;-95.67;-100.64,417;429,-95.02;-95.67
	2026-09-20 15:30:22.009,120.13041683,30.27131301,11.99,1.06,10,328.8,411,-85.71,10.92,417;429;423,-97.32;-97.91;-99.10,417;429,-97.32;-97.91
	2026-09-20 15:30:22.272,120.13041985,30.27132057,12.42,0.38,8,222.5,411,-84.08,8.28,429;417;423,-93.87;-96.15;-99.66,429;417,-93.87;-96.15
	2026-09-20 15:30:22.479,120.13042648,30.27130411,11.51,1.00,13,260.2,411,-86.03,5.10,417;429;423,-94.37;-96.24;-96.48,417;429,-94.37;-96.24
	2026-09-20 15:30:22.785,120.13042306,30.27131243,11.73,0.40,14,316.4,411,-85.18,10.05,417;423;429,-95.73;-97.05;-97.32,417;423,-95.73;-97.05
	2026-09-20 15:30:23.038,120.13043727,30.27131931,11.77,1.11,12,108.3,411,-82.01,12.00,423;429;417,-96.51;-98.05;-98.11,423;429,-96.51;-98.05
	2026-09-20 15:30:23.229,120.13042420,30.27130664,12.02,1.21,8,23.3,411,-84.64,8.87,417;423;429,-93.58;-96.20;-97.08,417;423,-93.58;-96.20
	2026-09-20 15:30:23.474,120.13042735,30.27131377,11.81,0.37,13,192.9,411,-84.06,9.95,423;417;429,-95.72;-96.82;-97.69,423;417,-95.72;-96.82
	2026-09-20 15:30:23.662,120.13043613,30.27131311,12.07,0.46,9,60.7,411,-84.36,10.33,423;417;429,-96.28;-97.03;-97.62,423;417,-96.28;-97.03
	2026-09-20 15:30:23.921,120.13044840,30.27130670,11.58,0.61,8,281.4,411,-83.37,11.63,417;429;423,-94.81;-96.98;-97.90,417;429,-94.81;-96.98
	2026-09-20 15:30:24.216,120.13044130,30.27130992,11.77,1.26,13,258.6,411,-83.65,9.85,429;417;423,-94.51;-97.10;-98.18,429;417,-94.51;-97.10
	2026-09-20 15:30:24.433,120.13043202,30.27130957,12.35,0.35,10,188.5,411,-84.43,7.66,417;423;429,-94.22;-95.09;-96.51,417;423,-94.22;-95.09
	2026-09-20 15:30:24.741,120.13043470,30.27130901,12.05,0.65,10,208.0,411,-84.04,12.00,417;429;423,-96.82;-96.85;-98.12,417;429,-96.82;-96.85
	2026-09-20 15:30:25.041,120.13045309,30.27130353,11.83,0.77,10,179.2,411,-85.45,7.82,417;429;423,-94.69;-95.03;-97.04,417;429,-94.69;-95.03
	2026-09-20 15:30:25.323,120.13043575,30.27131148,11.75,1.28,9,226.2,411,-83.07,9.34,417;423;429,-94.54;-94.60;-94.74,417;423,-94.54;-94.60
	2026-09-20 15:30:25.616,120.13044618,30.27131358,11.85,0.94,13,51.7,411,-84.46,9.85,423;417;429,-94.94;-96.11;-98.50,423;417,-94.94;-96.11
	2026-09-20 15:30:25.804,120.13046167,30.27131419,11.99,0.28,8,51.7,411,-83.43,11.38,417;429;501,-95.61;-97.79;-98.65,417;429,-95.61;-97.79
	2026-09-20 15:30:26.049,120.13046160,30.27130785,11.88,0.53,12,6.6,411,-83.15,10.25,429;417;423,-94.42;-95.64;-97.71,429;417,-94.42;-95.64
	2026-09-20 15:30:26.252,120.13045150,30.27131447,12.12,0.61,11,233.2,411,-83.98,10.64,417;429;423,-96.04;-98.58;-100.03,417;429,-96.04;-98.58
	2026-09-20 15:30:26.553,120.13045874,30.27131584,12.05,0.39,9,3.4,411,-83.17,8.98,429;417;423,-95.88;-98.01;-100.69,429;417,-95.88;-98.01
	2026-09-20 15:30:26.772,120.13045778,30.27130835,12.49,0.49,8,288.2,411,-85.15,8.80,417;423;429,-93.26;-98.98;-99.14,417;423,-93.26;-98.98
	2026-09-20 15:30:27.030,120.13045883,30.27130715,12.43,1.03,12,76.9,411,-86.15,5.70,417;423;429,-92.47;-96.23;-98.58,417;423,-92.47;-96.23
	2026-09-20 15:30:27.276,120.13044727,30.27131473,12.21,0.45,8,27.4,411,-86.39,8.05,429;423;417,-95.65;-97.69;-97.93,429;423,-95.65;-97.69
	2026-09-20 15:30:27.525,120.13046823,30.27131372,11.70,0.24,13,270.9,411,-83.73,8.42,429;417;423,-94.11;-96.71;-98.41,429;417,-94.11;-96.71
	2026-09-20 15:30:27.798,120.13045538,30.27130181,11.86,0.86,8,296.4,411,-84.76,11.02,417;429;423,-95.78;-96.81;-96.87,417;429,-95.78;-96.81
	2026-09-20 15:30:28.030,120.13046803,30.27130312,12.36,0.22,13,61.6,411,-85.96,5.63,429;417;423,-94.27;-95.91;-98.12,429;417,-94.27;-95.91
	2026-09-20 15:30:28.222,120.13045602,30.27130323,11.52,0.50,9,195.4,411,-86.63,8.53,417;429;423,-95.19;-97.08;-97.59,417;429,-95.19;-97.08
	2026-09-20 15:30:28.453,120.13045565,30.27131379,11.94,0.88,14,267.3,411,-83.83,10.70,417;423;429,-95.00;-95.08;-98.43,417;423,-95.00;-95.08
	2026-09-20 15:30:28.732,120.13046896,30.27131991,11.62,0.27,12,279.9,411,-85.84,9.32,429;417;423,-95.66;-95.70;-96.47,429;417,-95.66;-95.70
	2026-09-20 15:30:29.020,120.13046845,30.27131990,11.76,0.43,10,78.9,411,-86.28,5.64,423;417;429,-94.30;-95.95;-96.88,423;417,-94.30;-95.95
	2026-09-20 15:30:29.312,120.13047364,30.27131501,12.42,0.82,9,131.2,411,-85.56,6.70,429;417;423,-93.63;-95.17;-97.90,429;417,-93.63;-95.17
	2026-09-20 15:30:29.551,120.13047889,30.27131068,11.80,0.70,10,310.0,411,-84.64,8.86,417;429;423,-94.06;-96.00;-96.36,417;429,-94.06;-96.00
	2026-09-20 15:30:29.756,120.13048073,30.27132110,12.39,0.49,8,305.7,411,-86.41,9.48,417;429;423,-96.07;-97.77;-99.58,417;429,-96.07;-97.77
	2026-09-20 15:30:30.061,120.13047379,30.27130891,12.22,0.76,12,36.9,411,-85.27,9.14,417;423;429,-95.13;-95.99;-98.05,417;423,-95.13;-95.99
	2026-09-20 15:30:30.342,120.13047201,30.27130527,12.15,1.17,11,309.6,411,-86.66,5.02,417;429;423,-91.86;-93.47;-93.62,417;429,-91.86;-93.47
	2026-09-20 15:30:30.649,120.13048716,30.27131290,11.93,0.50,10,152.9,411,-86.84,5.40,417;429;423,-93.23;-94.15;-97.53,417;429,-93.23;-94.15
	2026-09-20 15:30:30.969,120.13048061,30.27130789,11.80,0.68,11,342.9,411,-84.82,10.19,417;423;429,-96.72;-96.77;-96.88,417;423,-96.72;-96.77
	2026-09-20 15:30:31.164,120.13048084,30.27130385,11.78,0.82,11,237.2,411,-86.22,7.43,417;429;423,-95.49;-96.49;-97.06,417;429,-95.49;-96.49
	2026-09-20 15:30:31.454,120.13049745,30.27131807,12.33,0.61,13,173.0,411,-83.68,10.70,417;429;423,-95.17;-95.23;-95.77,417;429,-95.17;-95.23
	2026-09-20 15:30:31.771,120.13048638,30.27131266,12.41,0.53,9,327.1,411,-84.65,9.65,417;423;429,-96.86;-97.69;-98.19,417;423,-96.86;-97.69
	2026-09-20 15:30:31.981,120.13049753,30.27130182,12.29,1.18,13,98.7,411,-88.98,4.83,417;423;429,-95.83;-96.81;-97.78,417;423,-95.83;-96.81
	2026-09-20 15:30:32.252,120.13048678,30.27130551,11.91,1.24,13,257.1,411,-87.49,6.35,417;429;423,-93.78;-95.52;-95.77,417;429,-93.78;-95.52
	2026-09-20 15:30:32.551,120.13048366,30.27131514,12.08,1.29,10,308.1,411,-85.06,9.52,417;423;429,-94.88;-96.66;-96.92,417;423,-94.88;-96.66
	2026-09-20 15:30:32.858,120.13050448,30.27130305,11.93,1.17,11,58.2,411,-84.67,10.27,429;417;501,-94.98;-97.88;-99.61,429;417,-94.98;-97.88
	2026-09-20 15:30:33.111,120.13049021,30.27131574,11.86,0.52,12,3.6,411,-80.88,11.71,417;429;423,-94.35;-95.83;-96.89,417;429,-94.35;-95.83
	2026-09-20 15:30:33.374,120.13049692,30.27131125,12.24,0.57,9,337.8,411,-85.57,8.14,423;417;429,-92.84;-92.99;-94.56,423;417,-92.84;-92.99
	2026-09-20 15:30:33.677,120.13049781,30.27131527,12.27,0.99,13,85.9,411,-86.72,5.85,417;429;423,-94.12;-96.33;-98.53,417;429,-94.12;-96.33
	2026-09-20 15:30:33.988,120.13051069,30.27130180,12.38,0.37,11,238.1,411,-84.52,9.52,417;429;423,-94.06;-96.03;-97.69,417;429,-94.06;-96.03
	2026-09-20 15:30:34.228,120.13050997,30.27132172,11.94,0.70,10,309.0,411,-83.07,9.34,417;429;423,-93.83;-97.14;-99.36,417;429,-93.83;-97.14
	2026-09-20 15:30:34.462,120.13049704,30.27131917,12.42,0.82,14,314.5,411,-84.35,12.00,423;429;417,-97.83;-98.30;-98.51,423;429,-97.83;-98.30
	2026-09-20 15:30:34.723,120.13049835,30.27130230,11.82,0.62,9,73.2,411,-84.35,9.59,417;429;423,-94.60;-97.34;-99.36,417;429,-94.60;-97.34
	2026-09-20 15:30:35.025,120.13051412,30.27130985,11.52,1.26,11,301.4,411,-86.09,9.86,429;417;423,-96.91;-97.56;-99.50,429;417,-96.91;-97.56
	2026-09-20 15:30:35.230,120.13050873,30.27131071,11.75,1.00,9,27.5,411,-83.98,9.41,417;429;423,-93.69;-97.05;-98.04,417;429,-93.69;-97.05
	2026-09-20 15:30:35.511,120.13050660,30.27130682,11.59,1.39,13,351.5,411,-84.00,7.63,417;423;429,-92.83;-95.57;-97.44,417;423,-92.83;-95.57
	2026-09-20 15:30:35.731,120.13050998,30.27131463,12.33,0.28,9,267.8,411,-85.84,7.52,429;417;423,-94.67;-95.83;-97.11,429;417,-94.67;-95.83
	2026-09-20 15:30:35.920,120.13050469,30.27130227,12.28,0.40,9,61.2,411,-87.39,3.17,417;423;429,-91.47;-97.31;-97.53,417;423,-91.47;-97.31
	2026-09-20 15:30:36.166,120.13051731,30.27130475,12.07,0.66,12,293.8,411,-83.01,12.00,417;429;423,-95.72;-96.15;-98.01,417;429,-95.72;-96.15
	2026-09-20 15:30:36.418,120.13052399,30.27130677,11.81,0.49,9,158.3,411,-85.74,7.11,417;429;423,-94.50;-96.83;-97.32,417;429,-94.50;-96.83
	2026-09-20 15:30:36.637,120.13052909,30.27131584,11.65,0.62,14,115.6,411,-81.08,12.00,417;423;429,-95.08;-95.60;-96.25,417;423,-95.08;-95.60
	2026-09-20 15:30:36.830,120.13052960,30.27130461,12.24,0.37,10,112.2,411,-85.02,11.37,429;423;417,-95.29;-95.84;-96.82,429;423,-95.29;-95.84
	2026-09-20 15:30:37.021,120.13052258,30.27130132,12.30,1.08,13,201.9,411,-83.21,12.00,423;417;429,-96.32;-96.99;-98.80,423;417,-96.32;-96.99
	2026-09-20 15:30:37.287,120.13051936,30.27131836,11.70,1.01,13,1.3,411,-87.88,6.26,423;417;429,-95.02;-96.17;-97.70,423;417,-95.02;-96.17
	2026-09-20 15:30:37.480,120.13053598,30.27131549,11.89,0.93,8,60.9,411,-84.41,8.16,429;417;423,-93.88;-96.63;-98.15,429;417,-93.88;-96.63
	2026-09-20 15:30:37.788,120.13053507,30.27131209,12.15,1.15,10,231.1,411,-85.54,5.84,417;429;423,-93.52;-95.06;-96.84,417;429,-93.52;-95.06
	2026-09-20 15:30:38.107,120.13051918,30.27130935,11.70,0.97,12,188.9,411,-87.03,5.70,417;429;423,-93.57;-96.05;-97.18,417;429,-93.57;-96.05
	2026-09-20 15:30:38.363,120.13053528,30.27131480,12.04,0.48,14,134.8,411,-83.13,6.42,417;429;423,-91.34;-95.22;-98.59,417;429,-91.34;-95.22
	2026-09-20 15:30:38.606,120.13053744,30.27131070,12.40,1.17,9,93.4,411,-88.71,6.00,429;423;417,-95.43;-96.36;-96.85,429;423,-95.43;-96.36
	2026-09-20 15:30:38.912,120.13053188,30.27130395,12.24,0.63,14,66.7,411,-86.10,5.46,417;429;423,-94.12;-96.41;-97.30,417;429,-94.12;-96.41
	2026-09-20 15:30:39.162,120.13054252,30.27131169,12.41,0.61,12,100.0,411,-87.51,6.99,423;429;417,-95.13;-95.18;-96.68,423;429,-95.13;-95.18
	2026-09-20 15:30:39.403,120.13054632,30.27130833,12.25,0.23,13,240.8,411,-85.82,9.48,417;429;423,-95.48;-96.01;-99.64,417;429,-95.48;-96.01
	2026-09-20 15:30:39.626,120.13052938,30.27131977,12.04,0.51,12,175.3,411,-87.09,5.19,417;429;423,-94.68;-96.13;-96.32,417;429,-94.68;-96.13
	2026-09-20 15:30:39.895,120.13052844,30.27131046,11.90,0.70,12,286.8,411,-87.26,5.01,423;417;429,-94.52;-95.21;-95.35,423;417,-94.52;-95.21
	2026-09-20 15:30:40.124,120.13055390,30.27130383,12.38,0.83,11,320.2,411,-86.20,7.86,423;417;429,-94.48;-94.88;-94.97,423;417,-94.48;-94.88
	2026-09-20 15:30:40.373,120.13053888,30.27130160,12.32,1.09,9,335.1,411,-85.09,7.66,417;429;423,-91.85;-96.34;-97.51,417;429,-91.85;-96.34
	2026-09-20 15:30:40.682,120.13053390,30.27131612,12.20,0.78,10,169.5,411,-84.25,8.14,417;429;423,-94.16;-95.53;-97.54,417;429,-94.16;-95.53
	2026-09-20 15:30:40.991,120.13053962,30.27131333,12.00,0.47,8,178.1,411,-86.52,7.34,417;429;423,-93.88;-95.38;-96.14,417;429,-93.88;-95.38
	2026-09-20 15:30:41.242,120.13054230,30.27131011,11.90,0.61,12,116.8,411,-84.61,11.45,417;429;423,-95.01;-95.71;-97.12,417;429,-95.01;-95.71
	2026-09-20 15:30:41.459,120.13056032,30.27130341,12.42,0.39,8,321.5,411,-85.51,7.14,417;423;429,-92.98;-96.04;-96.16,417;423,-92.98;-96.04
	2026-09-20 15:30:41.673,120.13054863,30.27131543,11.71,0.51,11,29.3,411,-83.85,8.95,417;423;429,-93.01;-97.23;-98.17,417;423,-93.01;-97.23
	2026-09-20 15:30:41.912,120.13054573,30.27130819,11.60,1.39,9,332.7,411,-84.02,10.63,417;423;429,-95.09;-95.52;-96.85,417;423,-95.09;-95.52
	2026-09-20 15:30:42.177,120.13055800,30.27132204,11.98,1.25,13,170.9,411,-85.62,7.88,417;429;423,-94.43;-94.86;-97.91,417;429,-94.43;-94.86
	2026-09-20 15:30:42.485,120.13054519,30.27131778,11.87,1.09,11,246.0,411,-83.50,11.17,417;429;423,-96.01;-96.32;-96.66,417;429,-96.01;-96.32
	2026-09-20 15:30:42.752,120.13056800,30.27130859,12.48,0.81,14,16.3,411,-83.65,10.30,417;423;429,-93.81;-94.68;-97.02,417;423,-93.81;-94.68
	2026-09-20 15:30:43.033,120.13055114,30.27130871,12.14,0.80,9,36.3,411,-83.02,10.35,417;429;423,-92.76;-96.93;-97.06,417;429,-92.76;-96.93
	2026-09-20 15:30:43.258,120.13056626,30.27131001,12.01,1.13,8,177.9,411,-83.62,10.16,417;429;423,-95.69;-97.10;-99.95,417;429,-95.69;-97.10
	2026-09-20 15:30:43.524,120.13056130,30.27130568,12.06,0.34,8,306.2,411,-86.29,6.19,429;417;423,-93.32;-96.22;-98.60,429;417,-93.32;-96.22
	2026-09-20 15:30:43.820,120.13057155,30.27131975,12.47,0.94,11,116.0,411,-84.25,8.18,417;429;423,-92.17;-96.18;-98.41,417;429,-92.17;-96.18
	2026-09-20 15:30:44.104,120.13057024,30.27130962,12.13,0.26,11,10.9,411,-83.99,9.74,417;429;423,-94.11;-95.98;-96.30,417;429,-94.11;-95.98
	2026-09-20 15:30:44.293,120.13057545,30.27132192,11.85,0.56,13,342.3,411,-84.21,9.26,429;417;423,-95.04;-95.87;-98.91,429;417,-95.04;-95.87
	2026-09-20 15:30:44.601,120.13056967,30.27130600,12.30,0.63,13,289.8,411,-86.89,6.69,417;429;423,-93.86;-96.30;-97.00,417;429,-93.86;-96.30
	2026-09-20 15:30:44.847,120.13056401,30.27130358,12.15,0.68,13,20.3,411,-84.35,9.81,417;423;429,-93.89;-96.29;-97.97,417;423,-93.89;-96.29
	2026-09-20 15:30:45.082,120.13056156,30.27130349,12.12,0.87,13,144.3,411,-86.58,4.51,417;429;423,-92.79;-96.12;-97.37,417;429,-92.79;-96.12
	2026-09-20 15:30:45.365,120.13058425,30.27130499,11.75,1.05,11,125.3,411,-85.81,4.87,417;423;429,-92.67;-96.75;-96.89,417;423,-92.67;-96.75
	2026-09-20 15:30:45.580,120.13057667,30.27131793,11.90,0.53,9,69.5,411,-83.18,10.90,417;429;423,-94.04;-96.44;-97.14,417;429,-94.04;-96.44
	2026-09-20 15:30:45.767,120.13058636,30.27131260,12.38,0.73,11,122.7,411,-86.99,6.67,429;417;423,-93.57;-94.16;-99.34,429;417,-93.57;-94.16
	2026-09-20 15:30:46.022,120.13057078,30.27131567,11.92,0.31,9,219.0,411,-84.87,8.66,417;423;429,-95.39;-97.21;-97.35,417;423,-95.39;-97.21
	2026-09-20 15:30:46.327,120.13058271,30.27131971,11.84,0.38,11,64.5,411,-84.20,10.28,423;417;429,-95.71;-96.48;-96.99,423;417,-95.71;-96.48
	2026-09-20 15:30:46.568,120.13057955,30.27130742,11.92,1.05,13,92.7,411,-85.63,6.46,417;423;429,-95.05;-95.20;-96.25,417;423,-95.05;-95.20
	2026-09-20 15:30:46.858,120.13057413,30.27131720,12.08,1.25,13,307.1,411,-82.09,11.73,417;423;429,-95.73;-98.49;-99.70,417;423,-95.73;-98.49
	2026-09-20 15:30:47.149,120.13059205,30.27131846,12.28,0.46,11,139.7,411,-86.02,5.97,417;429;423,-92.43;-93.75;-98.00,417;429,-92.43;-93.75
	2026-09-20 15:30:47.438,120.13057572,30.27131690,11.73,0.57,8,192.3,411,-86.93,7.41,429;417;423,-94.52;-95.65;-98.10,429;417,-94.52;-95.65
	2026-09-20 15:30:47.748,120.13058467,30.27131739,11.89,1.28,10,1.1,411,-81.87,8.47,417;429;423,-91.87;-95.27;-96.01,417;429,-91.87;-95.27
	2026-09-20 15:30:47.976,120.13059999,30.27130793,12.44,0.30,12,53.3,411,-84.11,10.84,417;423;429,-95.06;-96.28;-96.45,417;423,-95.06;-96.28
	2026-09-20 15:30:48.204,120.13060200,30.27130314,11.76,0.90,10,232.1,411,-84.72,6.67,417;429;423,-92.97;-96.14;-96.78,417;429,-92.97;-96.14
	2026-09-20 15:30:48.504,120.13060384,30.27130857,11.56,0.26,10,8.1,411,-84.67,8.03,417;423;429,-91.95;-93.94;-96.69,417;423,-91.95;-93.94
	2026-09-20 15:30:48.797,120.13058440,30.27131429,12.46,0.35,10,260.7,411,-87.09,6.67,429;417;423,-95.05;-97.08;-97.55,429;417,-95.05;-97.08
	2026-09-20 15:30:49.062,120.13059478,30.27130218,12.43,1.36,8,129.2,411,-85.04,8.44,417;423;429,-94.01;-96.89;-99.97,417;423,-94.01;-96.89
	2026-09-20 15:30:49.363,120.13060233,30.27131838,12.36,0.48,10,118.8,411,-81.59,12.00,417;429;423,-93.71;-95.74;-95.82,417;429,-93.71;-95.74
	2026-09-20 15:30:49.581,120.13060392,30.27131861,11.99,0.28,11,69.2,411,-85.44,6.19,417;429;423,-91.91;-96.56;-96.88,417;429,-91.91;-96.56
	2026-09-20 15:30:49.869,120.13060307,30.27130274,12.28,1.16,13,231.6,411,-86.56,3.88,429;417;423,-93.11;-95.78;-97.03,429;417,-93.11;-95.78
	2026-09-20 15:30:50.145,120.13061517,30.27132030,12.07,0.28,13,70.3,411,-84.80,8.56,417;429;423,-94.46;-95.34;-97.25,417;429,-94.46;-95.34
	2026-09-20 15:30:50.453,120.13060915,30.27132091,11.56,1.19,10,82.9,411,-85.82,8.21,417;429;423,-95.46;-97.02;-97.66,417;429,-95.46;-97.02
	2026-09-20 15:30:50.673,120.13060803,30.27131741,11.71,0.90,9,328.0,411,-87.09,5.25,417;429;423,-92.23;-94.99;-100.22,417;429,-92.23;-94.99
	2026-09-20 15:30:50.954,120.13061359,30.27131580,11.84,0.87,12,190.9,411,-84.24,5.54,417;423;429,-91.75;-96.00;-98.56,417;423,-91.75;-96.00
	2026-09-20 15:30:51.178,120.13060477,30.27131266,11.64,0.26,12,343.7,411,-85.80,7.54,417;429;423,-94.03;-95.95;-97.25,417;429,-94.03;-95.95
	2026-09-20 15:30:51.477,120.13060417,30.27131466,11.89,0.60,13,17.5,411,-88.71,3.47,429;417;423,-94.51;-95.19;-96.40,429;417,-94.51;-95.19
	2026-09-20 15:30:51.790,120.13062056,30.27132198,12.14,0.52,9,67.2,411,-85.06,6.16,429;417;423,-92.15;-93.91;-97.11,429;417,-92.15;-93.91
	2026-09-20 15:30:51.976,120.13060992,30.27130258,11.81,0.66,10,62.9,411,-84.02,10.66,417;423;429,-94.37;-94.87;-96.58,417;423,-94.37;-94.87
	2026-09-20 15:30:52.225,120.13061896,30.27130857,11.87,0.60,8,72.3,411,-84.40,9.36,417;429;423,-92.67;-96.18;-96.74,417;429,-92.67;-96.18
	2026-09-20 15:30:52.525,120.13061616,30.27131097,11.57,0.81,11,341.2,411,-85.13,4.74,417;423;429,-92.81;-95.46;-95.84,417;423,-92.81;-95.46
	2026-09-20 15:30:52.741,120.13062399,30.27131934,12.07,1.01,8,45.3,411,-82.96,10.15,417;423;429,-93.78;-97.81;-98.04,417;423,-93.78;-97.81
	2026-09-20 15:30:53.009,120.13062147,30.27131143,12.44,1.27,9,339.9,411,-85.23,8.20,417;423;429,-93.48;-94.95;-95.66,417;423,-93.48;-94.95
	2026-09-20 15:30:53.299,120.13061810,30.27130340,11.84,1.09,13,308.2,411,-87.45,9.07,417;423;429,-95.84;-96.21;-96.28,417;423,-95.84;-96.21
	2026-09-20 15:30:53.577,120.13063453,30.27130509,11.74,1.27,13,301.4,411,-87.15,4.11,417;429;423,-93.67;-95.70;-97.36,417;429,-93.67;-95.70
	2026-09-20 15:30:53.842,120.13061920,30.27130498,11.57,0.77,8,18.0,411,-88.48,2.03,417;429;423,-91.71;-94.95;-97.13,417;429,-91.71;-94.95
	2026-09-20 15:30:54.106,120.13061829,30.27130759,12.07,0.34,12,288.6,411,-84.77,9.15,417;429;423,-94.44;-96.72;-98.70,417;429,-94.44;-96.72
	2026-09-20 15:30:54.331,120.13062830,30.27131509,12.00,0.27,9,31.6,411,-87.11,7.17,417;429;423,-94.32;-94.84;-97.30,417;429,-94.32;-94.84
	2026-09-20 15:30:54.603,120.13063673,30.27131634,11.69,0.52,11,236.3,411,-83.97,9.38,429;423;417,-95.06;-95.44;-96.99,429;423,-95.06;-95.44
	2026-09-20 15:30:54.848,120.13063738,30.27131399,12.38,1.06,10,194.9,411,-86.31,7.03,417;423;429,-95.63;-97.06;-97.46,417;423,-95.63;-97.06
	2026-09-20 15:30:55.038,120.13063991,30.27132251,11.51,0.48,9,353.0,411,-85.05,7.01,417;429;423,-91.95;-94.84;-95.63,417;429,-91.95;-94.84
	2026-09-20 15:30:55.344,120.13064727,30.27131379,12.45,0.32,13,198.1,411,-86.45,6.12,417;429;423,-93.35;-94.65;-95.53,417;429,-93.35;-94.65
	2026-09-20 15:30:55.634,120.13063079,30.27131642,12.17,0.82,13,296.8,411,-84.85,8.87,417;423;429,-94.55;-95.75;-99.39,417;423,-94.55;-95.75
	2026-09-20 15:30:55.819,120.13065143,30.27130327,11.65,1.09,14,319.9,411,-85.85,3.88,417;429;423,-90.63;-94.69;-97.26,417;429,-90.63;-94.69
	2026-09-20 15:30:56.055,120.13063065,30.27131497,11.78,0.40,8,252.5,411,-85.56,1.31,417;429;423,-89.28;-94.37;-96.59,417;429,-89.28;-94.37
	2026-09-20 15:30:56.244,120.13063299,30.27130479,11.58,0.67,13,217.8,411,-84.40,7.47,423;429;417,-93.33;-94.89;-95.25,423;429,-93.33;-94.89
	2026-09-20 15:30:56.440,120.13063665,30.27130923,12.09,0.98,8,255.0,411,-85.78,6.10,417;423;429,-92.31;-95.19;-99.81,417;423,-92.31;-95.19
	2026-09-20 15:30:56.679,120.13064654,30.27131779,11.59,0.83,12,59.4,411,-86.99,3.12,417;423;429,-90.80;-96.24;-97.58,417;423,-90.80;-96.24
	2026-09-20 15:30:56.866,120.13066067,30.27131259,12.49,0.60,12,65.4,411,-85.68,6.22,417;423;429,-93.62;-97.33;-97.92,417;423,-93.62;-97.33
	2026-09-20 15:30:57.125,120.13065147,30.27130667,11.50,0.82,9,239.9,411,-86.54,7.46,417;429;423,-94.49;-94.98;-99.25,417;429,-94.49;-94.98
	2026-09-20 15:30:57.363,120.13065824,30.27131130,12.41,1.11,10,111.7,411,-86.77,4.04,417;429;423,-91.24;-94.73;-96.44,417;429,-91.24;-94.73
	2026-09-20 15:30:57.580,120.13065453,30.27131737,11.85,0.35,9,127.7,411,-87.87,6.91,417;429;423,-94.37;-94.51;-96.48,417;429,-94.37;-94.51
	2026-09-20 15:30:57.880,120.13065278,30.27130569,11.99,0.49,8,133.2,411,-85.30,8.43,417;423;429,-95.61;-96.05;-96.26,417;423,-95.61;-96.05
	2026-09-20 15:30:58.107,120.13064878,30.27132219,11.51,0.33,9,70.2,411,-84.00,9.47,417;429;423,-93.62;-94.91;-95.37,417;429,-93.62;-94.91
	2026-09-20 15:30:58.295,120.13065729,30.27132064,11.62,1.03,9,180.8,411,-87.25,3.41,417;423;429,-91.78;-95.26;-98.54,417;423,-91.78;-95.26
	2026-09-20 15:30:58.483,120.13064773,30.27131883,11.77,0.31,11,187.3,411,-86.15,6.17,417;429;423,-92.01;-94.39;-95.76,417;429,-92.01;-94.39
	2026-09-20 15:30:58.675,120.13066558,30.27130496,12.43,1.30,8,145.7,411,-84.93,9.00,417;423;429,-92.28;-94.89;-98.66,417;423,-92.28;-94.89
	2026-09-20 15:30:58.914,120.13065609,30.27132013,11.93,0.22,13,278.6,411,-85.04,8.48,417;423;429,-96.25;-97.32;-98.72,417;423,-96.25;-97.32
	2026-09-20 15:30:59.188,120.13066161,30.27131568,12.21,0.91,11,292.9,411,-85.13,6.71,417;423;429,-93.72;-95.96;-99.47,417;423,-93.72;-95.96
	2026-09-20 15:30:59.488,120.13066965,30.27130707,11.72,0.53,12,281.5,411,-86.15,6.75,429;417;423,-94.28;-94.52;-97.28,429;417,-94.28;-94.52
	2026-09-20 15:30:59.752,120.13066194,30.27130817,11.83,0.97,11,160.9,411,-85.38,7.36,417;429;423,-95.25;-95.60;-98.75,417;429,-95.25;-95.60
	2026-09-20 15:30:59.958,120.13067138,30.27130293,11.91,0.82,13,117.1,411,-86.04,4.22,417;423;429,-91.72;-97.15;-97.67,417;423,-91.72;-97.15
	2026-09-20 15:31:00.237,120.13067079,30.27131599,12.02,0.60,8,224.7,411,-86.18,6.82,417;423;429,-93.56;-96.53;-97.24,417;423,-93.56;-96.53
	2026-09-20 15:31:00.550,120.13067525,30.27130584,12.04,0.55,10,314.4,411,-85.95,7.16,417;429;423,-94.85;-95.53;-95.80,417;429,-94.85;-95.53
	2026-09-20 15:31:00.851,120.13068538,30.27131824,12.29,0.47,10,227.0,411,-87.33,6.49,417;429;423,-94.26;-94.32;-97.79,417;429,-94.26;-94.32
	2026-09-20 15:31:01.094,120.13067799,30.27130382,11.54,0.31,12,322.3,411,-84.55,8.85,417;429;423,-93.76;-95.59;-95.61,417;429,-93.76;-95.59
	2026-09-20 15:31:01.407,120.13066940,30.27131803,12.17,1.39,13,350.3,411,-84.68,4.68,417;429;423,-90.85;-96.49;-96.87,417;429,-90.85;-96.49
	2026-09-20 15:31:01.662,120.13068288,30.27131484,12.03,0.73,10,242.5,411,-85.12,8.93,417;429;423,-93.78;-95.74;-97.46,417;429,-93.78;-95.74
	2026-09-20 15:31:01.861,120.13067403,30.27131341,12.41,0.77,9,47.6,411,-87.74,5.46,417;429;423,-93.02;-96.88;-98.85,417;429,-93.02;-96.88
	2026-09-20 15:31:02.083,120.13068415,30.27132192,11.56,0.75,14,170.2,411,-86.60,3.31,417;423;429,-91.91;-96.10;-96.22,417;423,-91.91;-96.10
	2026-09-20 15:31:02.355,120.13068771,30.27132260,11.89,1.26,8,327.5,411,-86.11,6.32,417;423;429,-92.49;-94.44;-94.67,417;423,-92.49;-94.44
	2026-09-20 15:31:02.578,120.13067681,30.27132039,11.73,0.31,10,150.0,411,-87.40,5.48,417;423;429,-94.46;-94.96;-97.02,417;423,-94.46;-94.96
	2026-09-20 15:31:02.772,120.13069675,30.27130922,12.40,1.24,9,229.2,411,-86.35,4.68,417;423;429,-94.63;-96.06;-96.94,417;423,-94.63;-96.06
	2026-09-20 15:31:02.986,120.13069028,30.27132206,11.73,0.62,11,224.9,411,-87.80,5.25,417;429;423,-93.79;-94.89;-98.20,417;429,-93.79;-94.89
	2026-09-20 15:31:03.262,120.13069308,30.27132021,12.16,0.65,14,17.8,411,-87.18,3.10,417;429;423,-90.28;-95.58;-98.19,417;429,-90.28;-95.58
	2026-09-20 15:31:03.472,120.13068616,30.27130906,12.25,1.11,10,330.8,411,-86.90,5.76,417;429;423,-92.63;-93.73;-96.99,417;429,-92.63;-93.73
	2026-09-20 15:31:03.779,120.13069829,30.27130588,11.77,0.47,14,178.3,411,-85.96,5.66,417;429;423,-91.98;-94.96;-98.27,417;429,-91.98;-94.96
	2026-09-20 15:31:04.057,120.13068550,30.27130750,12.47,0.56,9,356.7,411,-85.23,7.32,417;423;429,-92.58;-94.90;-95.12,417;423,-92.58;-94.90
	2026-09-20 15:31:04.296,120.13069281,30.27131676,12.14,0.27,11,300.5,411,-86.02,1.87,417;429;423,-90.22;-97.04;-98.63,417;429,-90.22;-97.04
	2026-09-20 15:31:04.533,120.13068714,30.27131937,11.97,0.46,14,47.3,411,-86.70,9.16,417;429;423,-93.52;-96.95;-99.50,417;429,-93.52;-96.95
	2026-09-20 15:31:04.809,120.13070329,30.27131904,11.64,1.00,11,104.7,411,-86.82,3.47,417;429;423,-92.77;-95.20;-95.61,417;429,-92.77;-95.20
	2026-09-20 15:31:05.089,120.13069784,30.27130518,12.39,1.40,10,244.9,411,-87.36,2.91,417;429;423,-91.61;-94.86;-98.93,417;429,-91.61;-94.86
	2026-09-20 15:31:05.387,120.13069659,30.27130920,12.47,1.19,12,22.9,411,-86.91,8.70,417;423;429,-96.18;-97.32;-98.09,417;423,-96.18;-97.32
	2026-09-20 15:31:05.575,120.13070183,30.27130574,12.21,0.77,10,283.6,411,-87.00,8.93,429;417;423,-94.81;-95.80;-96.74,429;417,-94.81;-95.80
	2026-09-20 15:31:05.820,120.13070123,30.27130819,12.02,0.72,13,304.9,411,-84.72,5.78,417;429;423,-91.58;-94.13;-96.28,417;429,-91.58;-94.13
	2026-09-20 15:31:06.020,120.13070722,30.27130415,12.05,1.13,11,131.4,411,-89.44,1.94,417;429;423,-92.16;-95.42;-96.85,417;429,-92.16;-95.42
	2026-09-20 15:31:06.291,120.13071751,30.27130927,12.17,0.88,13,278.5,411,-87.91,8.09,417;423;429,-96.45;-96.67;-97.39,417;423,-96.45;-96.67
	2026-09-20 15:31:06.570,120.13071234,30.27131488,12.32,0.29,13,185.9,411,-85.44,7.64,417;423;429,-94.57;-94.72;-97.03,417;423,-94.57;-94.72
	2026-09-20 15:31:06.878,120.13071488,30.27130932,12.22,0.21,10,326.5,411,-85.72,2.12,417;429;423,-89.62;-93.09;-97.17,417;429,-89.62;-93.09
	2026-09-20 15:31:07.077,120.13070639,30.27131929,11.80,1.06,10,142.3,411,-85.57,5.06,417;429;423,-93.73;-95.31;-96.28,417;429,-93.73;-95.31
	2026-09-20 15:31:07.310,120.13071897,30.27131854,11.99,0.69,11,76.8,411,-86.73,5.44,417;423;429,-93.82;-97.45;-97.75,417;423,-93.82;-97.45
	2026-09-20 15:31:07.496,120.13071554,30.27131160,12.29,1.30,8,153.6,411,-85.53,7.74,417;429;423,-94.11;-94.18;-94.55,417;429,-94.11;-94.18
	2026-09-20 15:31:07.813,120.13072920,30.27131849,12.42,0.96,10,330.4,411,-90.63,0.15,417;429;423,-91.77;-94.62;-95.41,417;429,-91.77;-94.62
	2026-09-20 15:31:08.115,120.13071824,30.27130853,12.24,0.72,8,347.9,411,-85.47,5.27,417;423;429,-91.95;-94.20;-95.45,417;423,-91.95;-94.20
	2026-09-20 15:31:08.350,120.13071269,30.27131933,11.89,0.26,9,295.4,411,-90.75,-0.90,417;423;429,-91.02;-97.46;-99.40,417;423,-91.02;-97.46
	2026-09-20 15:31:08.623,120.13072214,30.27131448,12.19,1.26,9,1.0,411,-84.79,9.31,417;423;429,-94.28;-97.06;-98.67,417;423,-94.28;-97.06
	2026-09-20 15:31:08.843,120.13073222,30.27130836,11.71,1.16,8,338.0,411,-86.73,3.32,417;423;429,-90.86;-97.22;-97.87,417;423,-90.86;-97.22
	2026-09-20 15:31:09.086,120.13073670,30.27131184,12.42,0.70,8,216.3,411,-86.96,5.84,417;429;423,-93.94;-96.32;-98.12,417;429,-93.94;-96.32
	2026-09-20 15:31:09.322,120.13072555,30.27131544,12.12,0.53,10,94.2,411,-86.50,6.41,417;429;423,-94.23;-97.59;-98.24,417;429,-94.23;-97.59
	2026-09-20 15:31:09.514,120.13072776,30.27130694,12.26,1.21,9,292.0,411,-89.82,1.48,417;423;429,-92.28;-94.76;-100.49,417;423,-92.28;-94.76
	2026-09-20 15:31:09.765,120.13073057,30.27132106,12.11,1.29,12,79.7,411,-87.16,5.66,417;423;429,-93.56;-95.73;-96.20,417;423,-93.56;-95.73
	2026-09-20 15:31:10.004,120.13073057,30.27131147,11.75,0.46,8,28.8,411,-87.46,3.74,417;423;429,-92.70;-97.56;-97.99,417;423,-92.70;-97.56
	2026-09-20 15:31:10.246,120.13073364,30.27131624,11.52,0.28,8,280.4,411,-87.80,2.54,417;423;429,-91.96;-93.62;-93.79,417;423,-91.96;-93.62
	2026-09-20 15:31:10.565,120.13074638,30.27130515,11.68,0.59,14,102.4,411,-86.10,3.02,417;423;429,-90.95;-93.56;-94.05,417;423,-90.95;-93.56
	2026-09-20 15:31:10.772,120.13074394,30.27132012,11.61,0.41,8,197.4,411,-87.56,3.48,417;423;429,-92.31;-93.18;-94.75,417;423,-92.31;-93.18
	2026-09-20 15:31:11.007,120.13075182,30.27130716,12.27,1.38,9,198.0,411,-90.80,1.81,417;423;429,-93.13;-93.96;-94.10,417;423,-93.13;-93.96
	2026-09-20 15:31:11.302,120.13075260,30.27130928,12.17,0.28,14,99.8,411,-84.68,8.18,417;429;423,-92.88;-93.71;-97.67,417;429,-92.88;-93.71
	2026-09-20 15:31:11.587,120.13075256,30.27131728,11.88,0.21,8,200.8,411,-87.55,2.52,417;423;429,-92.38;-95.89;-96.58,417;423,-92.38;-95.89
	2026-09-20 15:31:11.832,120.13073914,30.27131544,12.09,0.84,12,15.2,411,-88.00,5.09,417;423;429,-93.85;-96.45;-97.85,417;423,-93.85;-96.45
	2026-09-20 15:31:12.095,120.13073824,30.27130192,12.20,0.53,11,205.6,411,-88.86,-1.03,417;429;423,-89.93;-95.73;-95.94,417;429,-89.93;-95.73
	2026-09-20 15:31:12.300,120.13075744,30.27131796,11.65,0.83,14,213.6,411,-85.32,10.25,417;429;423,-94.99;-95.83;-96.45,417;429,-94.99;-95.83
	2026-09-20 15:31:12.506,120.13075797,30.27131338,12.00,0.47,11,132.3,411,-86.49,4.95,417;429;423,-92.72;-95.95;-98.22,417;429,-92.72;-95.95
	2026-09-20 15:31:12.690,120.13075209,30.27130138,12.17,1.37,10,285.9,411,-90.63,0.74,417;429;423,-92.47;-97.57;-97.74,417;429,-92.47;-97.57
	2026-09-20 15:31:12.943,120.13075226,30.27132087,12.03,0.84,9,261.4,411,-87.67,1.04,417;429;423,-90.39;-93.57;-97.57,417;429,-90.39;-93.57
	2026-09-20 15:31:13.197,120.13076820,30.27130547,11.57,1.28,9,205.3,411,-90.02,0.66,417;429;423,-90.71;-93.67;-97.17,417;429,-90.71;-93.67
	2026-09-20 15:31:13.465,120.13076013,30.27132129,11.81,0.62,10,262.0,411,-86.25,4.91,417;429;423,-91.39;-93.55;-95.58,417;429,-91.39;-93.55
	2026-09-20 15:31:13.660,120.13076402,30.27131817,12.14,1.15,14,169.6,411,-85.92,4.09,417;429;423,-91.89;-95.31;-95.97,417;429,-91.89;-95.31
	2026-09-20 15:31:13.980,120.13076816,30.27130118,11.59,0.37,14,75.6,411,-84.67,6.57,417;423;429,-91.32;-96.30;-96.49,417;423,-91.32;-96.30
	2026-09-20 15:31:14.279,120.13076601,30.27130139,12.05,0.82,12,73.6,411,-89.11,-0.03,417;429;423,-91.44;-97.15;-98.22,417;429,-91.44;-97.15
	2026-09-20 15:31:14.492,120.13075686,30.27130450,12.30,0.98,12,251.3,411,-86.54,1.76,417;429;423,-90.57;-96.27;-96.30,417;429,-90.57;-96.27
	2026-09-20 15:31:14.799,120.13075609,30.27132002,11.51,0.89,8,155.2,411,-88.17,5.88,417;429;423,-93.71;-96.21;-98.15,417;429,-93.71;-96.21
	2026-09-20 15:31:14.984,120.13075773,30.27131029,11.79,1.23,8,218.7,411,-88.31,5.97,417;423;429,-94.71;-96.27;-98.72,417;423,-94.71;-96.27
	2026-09-20 15:31:15.248,120.13076427,30.27131064,11.74,1.24,11,129.5,411,-86.53,4.02,417;429;423,-91.54;-94.13;-95.42,417;429,-91.54;-94.13
	2026-09-20 15:31:15.520,120.13078335,30.27130615,12.28,1.12,13,184.9,411,-87.16,3.36,429;417;423,-92.09;-92.25;-94.74,429;417,-92.09;-92.25
	2026-09-20 15:31:15.736,120.13077679,30.27131366,12.50,0.69,14,50.9,411,-86.58,3.21,417;429;423,-90.79;-94.98;-96.79,417;429,-90.79;-94.98
	2026-09-20 15:31:16.019,120.13077649,30.27132174,11.94,0.78,12,235.5,411,-87.91,3.39,417;429;423,-92.73;-93.71;-96.12,417;429,-92.73;-93.71
	2026-09-20 15:31:16.278,120.13078577,30.27131195,11.67,1.33,8,122.6,411,-87.08,4.13,417;429;423,-92.24;-94.52;-98.64,417;429,-92.24;-94.52
	2026-09-20 15:31:16.518,120.13078950,30.27130322,11.96,1.01,14,52.9,411,-87.45,5.70,417;429;423,-94.22;-94.81;-97.43,417;429,-94.22;-94.81
	2026-09-20 15:31:16.793,120.13079037,30.27130594,12.31,0.84,14,179.0,417,-90.00,-0.59,411;423;429,-90.87;-92.56;-96.72,411;423,-90.87;-92.56
	2026-09-20 15:31:17.011,120.13078188,30.27130458,12.08,0.50,14,279.3,411,-88.09,3.00,417;423;429,-93.49;-95.46;-95.48,417;423,-93.49;-95.46
	2026-09-20 15:31:17.271,120.13077524,30.27130837,11.90,0.50,12,124.1,411,-89.64,0.99,417;423;429,-92.22;-95.00;-98.10,417;423,-92.22;-95.00
	2026-09-20 15:31:17.505,120.13079554,30.27130632,12.12,0.87,13,312.4,411,-89.33,1.48,417;423;429,-92.93;-95.66;-96.56,417;423,-92.93;-95.66
	2026-09-20 15:31:17.796,120.13078719,30.27130222,11.76,0.66,9,84.6,411,-85.65,4.02,417;429;423,-92.55;-94.04;-95.05,417;429,-92.55;-94.04
	2026-09-20 15:31:18.044,120.13079512,30.27131233,12.16,0.89,13,212.0,417,-89.76,-2.07,411;429;423,-90.57;-92.40;-97.01,411;429,-90.57;-92.40
	2026-09-20 15:31:18.276,120.13079140,30.27130875,11.63,0.82,13,129.4,411,-85.90,2.71,417;429;423,-89.59;-96.21;-97.47,417;429,-89.59;-96.21
	2026-09-20 15:31:18.547,120.13079315,30.27130895,12.20,0.29,14,156.1,417,-88.61,0.40,411;423;429,-88.66;-95.87;-96.07,411;423,-88.66;-95.87
	2026-09-20 15:31:18.799,120.13078144,30.27131870,12.05,0.36,12,304.1,411,-88.52,4.66,429;423;417,-93.73;-95.57;-95.84,429;423,-93.73;-95.57
	2026-09-20 15:31:19.034,120.13078953,30.27132063,12.26,1.22,14,317.3,411,-89.38,-0.63,417;423;429,-89.94;-95.50;-95.74,417;423,-89.94;-95.50
	2026-09-20 15:31:19.262,120.13079769,30.27132263,11.70,0.35,10,39.0,411,-88.53,4.63,417;429;423,-91.82;-94.69;-95.12,417;429,-91.82;-94.69
	2026-09-20 15:31:19.505,120.13079553,30.27130784,12.31,1.10,11,49.0,411,-86.89,3.53,417;429;423,-91.23;-94.40;-97.61,417;429,-91.23;-94.40
	2026-09-20 15:31:19.768,120.13078969,30.27131276,12.34,1.39,9,192.6,411,-87.19,4.02,417;429;423,-91.40;-95.37;-96.66,417;429,-91.40;-95.37
	2026-09-20 15:31:20.053,120.13080192,30.27130946,12.22,0.87,9,53.3,417,-89.95,1.11,411;429;423,-91.06;-94.16;-95.76,411;429,-91.06;-94.16
	2026-09-20 15:31:20.263,120.13080082,30.27131419,12.06,1.10,8,106.3,411,-86.51,6.66,417;429;423,-94.22;-96.13;-97.06,417;429,-94.22;-96.13
	2026-09-20 15:31:20.522,120.13080033,30.27131769,12.06,0.38,10,312.7,411,-88.25,0.20,417;429;423,-91.84;-94.91;-94.94,417;429,-91.84;-94.91
	2026-09-20 15:31:20.750,120.13080909,30.27130920,12.13,1.33,12,64.0,411,-89.53,1.04,417;429;423,-91.06;-96.10;-97.75,417;429,-91.06;-96.10
	2026-09-20 15:31:20.934,120.13080971,30.27130772,12.24,1.39,12,263.7,411,-89.98,-0.22,417;429;423,-91.32;-95.25;-95.51,417;429,-91.32;-95.25
	2026-09-20 15:31:21.254,120.13081684,30.27130505,11.73,0.82,13,53.2,411,-87.72,1.51,417;429;423,-91.77;-94.84;-96.31,417;429,-91.77;-94.84
	2026-09-20 15:31:21.547,120.13079929,30.27132100,12.00,1.05,13,156.8,411,-87.94,2.57,417;429;423,-90.33;-92.48;-95.73,417;429,-90.33;-92.48
	2026-09-20 15:31:21.781,120.13081487,30.27130386,11.80,1.06,13,29.4,411,-86.91,2.68,417;423;429,-91.56;-96.94;-98.43,417;423,-91.56;-96.94
	2026-09-20 15:31:21.991,120.13081689,30.27132034,11.86,0.77,9,94.4,411,-92.51,-1.01,417;429;423,-92.87;-96.32;-97.95,417;429,-92.87;-96.32
	2026-09-20 15:31:22.233,120.13081226,30.27131778,11.64,1.01,14,29.1,411,-88.74,2.53,417;429;423,-92.39;-97.11;-97.22,417;429,-92.39;-97.11
	2026-09-20 15:31:22.448,120.13082673,30.27130254,11.56,0.41,10,299.2,411,-87.39,5.49,417;429;423,-92.08;-92.24;-95.43,417;429,-92.08;-92.24
	2026-09-20 15:31:22.752,120.13082169,30.27130145,11.69,0.97,11,19.2,411,-90.32,0.92,417;429;423,-91.39;-94.25;-94.62,417;429,-91.39;-94.25
	2026-09-20 15:31:23.009,120.13083202,30.27131906,12.42,0.83,9,167.4,411,-89.70,2.08,417;429;423,-93.02;-95.17;-97.75,417;429,-93.02;-95.17
	2026-09-20 15:31:23.288,120.13082663,30.27131240,12.34,0.62,13,247.3,411,-87.06,3.24,417;429;423,-90.53;-96.09;-96.55,417;429,-90.53;-96.09
	2026-09-20 15:31:23.529,120.13083678,30.27130623,12.14,0.93,12,304.4,417,-89.86,-0.20,411;423;429,-90.93;-94.67;-98.69,411;423,-90.93;-94.67
	2026-09-20 15:31:23.758,120.13081750,30.27130192,12.48,0.24,10,244.1,411,-87.36,2.61,417;429;423,-89.34;-97.75;-100.25,417;429,-89.34;-97.75
	2026-09-20 15:31:24.015,120.13083851,30.27131828,11.75,1.37,9,39.9,411,-88.90,1.00,417;429;423,-91.64;-96.06;-97.22,417;429,-91.64;-96.06
	2026-09-20 15:31:24.280,120.13083766,30.27130335,11.80,0.84,8,191.4,411,-87.61,2.37,417;423;429,-89.46;-95.65;-96.39,417;423,-89.46;-95.65
	2026-09-20 15:31:24.504,120.13083295,30.27130756,11.86,1.32,8,278.8,411,-88.59,1.00,417;429;423,-90.66;-95.38;-95.42,417;429,-90.66;-95.38
	2026-09-20 15:31:24.690,120.13083993,30.27131756,11.86,0.59,8,229.6,429,-91.28,-1.34,417;411;423,-91.49;-92.10;-94.81,417;411,-91.49;-92.10
	2026-09-20 15:31:24.918,120.13084193,30.27131020,12.28,1.35,11,91.0,411,-87.48,1.02,417;429;423,-89.91;-91.49;-95.41,417;429,-89.91;-91.49
	2026-09-20 15:31:25.188,120.13084106,30.27130545,11.54,1.00,9,292.8,411,-87.62,1.76,417;423;429,-89.38;-96.53;-97.13,417;423,-89.38;-96.53
	2026-09-20 15:31:25.492,120.13083701,30.27130853,12.29,0.74,12,342.4,411,-87.91,1.45,417;429;423,-89.24;-94.14;-95.41,417;429,-89.24;-94.14
	2026-09-20 15:31:25.680,120.13083472,30.27131687,11.94,0.82,14,262.7,411,-88.80,-0.54,417;429;423,-89.34;-95.46;-96.35,417;429,-89.34;-95.46
	2026-09-20 15:31:25.991,120.13083993,30.27130332,12.41,0.70,11,87.2,411,-89.63,-0.94,417;429;423,-90.89;-93.10;-96.55,417;429,-90.89;-93.10
	2026-09-20 15:31:26.236,120.13084042,30.27131596,12.07,0.21,10,277.1,411,-86.46,6.19,423;417;429,-93.56;-93.73;-95.33,423;417,-93.56;-93.73
	2026-09-20 15:31:26.458,120.13084307,30.27130169,12.43,1.18,12,153.5,411,-88.19,1.61,417;423;429,-89.89;-96.44;-97.13,417;423,-89.89;-96.44
	2026-09-20 15:31:26.722,120.13083577,30.27131833,12.39,1.38,9,248.2,411,-88.12,3.67,417;429;423,-91.94;-94.96;-96.31,417;429,-91.94;-94.96
	2026-09-20 15:31:26.920,120.13083560,30.27130314,11.57,1.09,8,271.6,411,-87.11,1.55,417;423;429,-91.61;-95.12;-97.50,417;423,-91.61;-95.12
	2026-09-20 15:31:27.201,120.13085127,30.27130279,12.04,0.51,9,287.0,411,-88.68,4.76,417;423;429,-93.35;-94.51;-95.43,417;423,-93.35;-94.51
	2026-09-20 15:31:27.483,120.13084741,30.27131754,11.62,1.08,9,220.4,411,-87.75,3.48,417;429;423,-91.73;-95.96;-98.76,417;429,-91.73;-95.96
	2026-09-20 15:31:27.730,120.13084436,30.27131071,11.57,0.86,13,18.6,411,-90.20,0.79,417;423;429,-92.92;-93.97;-96.99,417;423,-92.92;-93.97
	2026-09-20 15:31:27.995,120.13085696,30.27130543,12.01,1.13,12,232.0,411,-87.45,3.96,417;423;429,-92.84;-94.38;-96.05,417;423,-92.84;-94.38
	2026-09-20 15:31:28.254,120.13086604,30.27131060,12.09,0.47,14,138.5,411,-85.56,6.69,429;417;423,-91.81;-92.89;-93.72,429;417,-91.81;-92.89
	2026-09-20 15:31:28.471,120.13085901,30.27130603,12.17,0.69,8,98.1,411,-86.95,2.63,417;423;429,-90.74;-95.62;-95.91,417;423,-90.74;-95.62
	2026-09-20 15:31:28.790,120.13084988,30.27131852,11.71,0.78,11,39.8,411,-85.83,3.27,417;429;423,-90.82;-95.95;-96.59,417;429,-90.82;-95.95
	2026-09-20 15:31:29.101,120.13086269,30.27131646,12.42,0.57,13,296.3,411,-88.95,4.14,417;429;423,-92.92;-97.24;-97.68,417;429,-92.92;-97.24
	2026-09-20 15:31:29.293,120.13085029,30.27131480,11.66,0.68,11,144.8,411,-87.09,-0.19,417;429;423,-87.94;-94.97;-97.47,417;429,-87.94;-94.97
	2026-09-20 15:31:29.509,120.13085887,30.27132163,12.44,1.35,12,177.5,411,-88.38,2.48,417;423;429,-91.10;-96.10;-96.15,417;423,-91.10;-96.10
	2026-09-20 15:31:29.813,120.13087116,30.27131900,12.22,0.64,13,224.5,411,-86.84,4.31,417;423;429,-90.93;-96.81;-97.51,417;423,-90.93;-96.81
	2026-09-20 15:31:30.118,120.13086140,30.27130524,11.59,1.08,8,91.7,411,-89.41,-1.55,417;423;429,-90.78;-93.80;-96.59,417;423,-90.78;-93.80
	2026-09-20 15:31:30.353,120.13086228,30.27130819,11.66,1.36,9,18.4,417,-88.34,-1.03,411;429;423,-89.42;-95.44;-96.95,411;429,-89.42;-95.44
	2026-09-20 15:31:30.547,120.13087566,30.27131129,12.32,0.46,12,280.2,411,-86.46,0.97,417;429;423,-89.70;-97.89;-99.42,417;429,-89.70;-97.89
	2026-09-20 15:31:30.734,120.13087727,30.27131858,12.06,0.24,10,283.4,417,-89.63,1.84,411;429;423,-90.17;-93.41;-97.09,411;429,-90.17;-93.41
	2026-09-20 15:31:30.962,120.13086834,30.27130124,12.03,1.26,12,110.3,417,-89.24,-1.06,411;429;423,-89.84;-92.73;-98.37,411;429,-89.84;-92.73
	2026-09-20 15:31:31.198,120.13087737,30.27130892,11.74,0.36,13,126.8,411,-88.36,1.15,417;423;429,-90.57;-96.33;-96.34,417;423,-90.57;-96.33
	2026-09-20 15:31:31.393,120.13088517,30.27130849,12.22,0.69,12,183.3,411,-89.42,-0.42,417;423;429,-89.79;-97.49;-97.85,417;423,-89.79;-97.49
	2026-09-20 15:31:31.619,120.13088225,30.27130995,12.21,1.32,11,82.3,417,-86.70,3.17,411;429;423,-89.08;-94.69;-97.04,411;429,-89.08;-94.69
	2026-09-20 15:31:31.858,120.13088756,30.27131403,11.58,0.69,14,111.3,411,-89.29,0.43,417;423;429,-90.53;-94.36;-94.57,417;423,-90.53;-94.36
	2026-09-20 15:31:32.112,120.13088949,30.27130396,11.91,0.48,11,0.7,417,-90.16,0.44,411;429;423,-91.38;-94.44;-96.69,411;429,-91.38;-94.44
	2026-09-20 15:31:32.346,120.13088306,30.27131372,11.79,1.08,8,337.7,417,-86.75,-0.49,411;429;423,-88.08;-94.42;-95.34,411;429,-88.08;-94.42
	2026-09-20 15:31:32.542,120.13089745,30.27130559,11.88,0.31,8,295.4,417,-88.02,-0.31,411;423;429,-88.52;-93.37;-96.04,411;423,-88.52;-93.37
	2026-09-20 15:31:32.722,120.13088948,30.27131224,11.61,0.27,12,301.4,411,-88.77,0.65,417;429;423,-90.72;-97.25;-98.80,417;429,-90.72;-97.25
	2026-09-20 15:31:32.910,120.13088526,30.27131221,11.62,0.38,8,330.9,411,-89.63,-0.02,417;423;429,-91.23;-95.14;-95.61,417;423,-91.23;-95.14
	2026-09-20 15:31:33.100,120.13090102,30.27131048,12.02,0.67,8,255.2,411,-87.94,1.04,417;429;423,-89.95;-95.68;-96.74,417;429,-89.95;-95.68
	2026-09-20 15:31:33.294,120.13088708,30.27131191,11.73,1.25,11,147.2,411,-91.32,2.30,417;423;429,-92.93;-94.57;-95.22,417;423,-92.93;-94.57
	2026-09-20 15:31:33.601,120.13089928,30.27131350,12.11,0.63,8,49.4,417,-89.38,1.72,411;429;423,-89.71;-95.64;-95.69,411;429,-89.71;-95.64
	2026-09-20 15:31:33.868,120.13090288,30.27130298,11.59,0.89,8,231.6,417,-88.57,1.21,411;429;423,-90.55;-95.28;-95.34,411;429,-90.55;-95.28
	2026-09-20 15:31:34.178,120.13089875,30.27132177,12.02,0.48,9,359.5,411,-89.17,-0.93,417;429;423,-90.22;-95.78;-96.25,417;429,-90.22;-95.78
	2026-09-20 15:31:34.384,120.13088936,30.27130267,11.53,1.24,14,180.0,411,-89.90,0.73,417;429;423,-92.83;-95.47;-95.89,417;429,-92.83;-95.47
	2026-09-20 15:31:34.660,120.13089406,30.27130352,12.36,0.81,9,75.2,417,-88.46,0.72,411;423;429,-91.06;-97.90;-100.24,411;423,-91.06;-97.90
	2026-09-20 15:31:34.898,120.13089453,30.27131772,12.46,1.15,14,326.4,417,-90.63,-1.27,411;429;423,-90.72;-94.87;-98.40,411;429,-90.72;-94.87
	2026-09-20 15:31:35.126,120.13090531,30.27131323,12.18,0.86,12,324.1,411,-90.46,-2.11,417;429;423,-90.47;-96.14;-96.70,417;429,-90.47;-96.14
	2026-09-20 15:31:35.419,120.13090595,30.27131872,12.28,0.22,12,289.5,417,-88.83,0.37,411;429;423,-89.98;-96.67;-97.38,411;429,-89.98;-96.67
	2026-09-20 15:31:35.615,120.13089490,30.27130292,11.68,0.32,9,271.1,411,-87.86,2.08,417;423;429,-91.04;-95.30;-97.37,417;423,-91.04;-95.30
	2026-09-20 15:31:35.860,120.13092014,30.27131557,11.96,0.40,14,17.1,417,-88.04,3.50,411;429;423,-91.23;-94.21;-97.31,411;429,-91.23;-94.21
	2026-09-20 15:31:36.179,120.13089864,30.27130936,11.95,1.10,8,114.1,411,-89.35,1.10,417;429;423,-92.89;-96.14;-97.03,417;429,-92.89;-96.14
	2026-09-20 15:31:36.452,120.13090100,30.27130766,11.59,0.80,10,109.8,417,-87.42,0.51,411;423;429,-88.13;-95.44;-96.75,411;423,-88.13;-95.44
	2026-09-20 15:31:36.637,120.13091587,30.27131462,11.67,0.81,8,246.9,417,-89.74,2.00,411;429;423,-93.43;-95.45;-95.84,411;429,-93.43;-95.45
	2026-09-20 15:31:36.903,120.13092530,30.27130646,12.30,0.39,11,32.2,411,-89.99,1.40,417;429;423,-92.26;-96.06;-96.21,417;429,-92.26;-96.06
	2026-09-20 15:31:37.098,120.13092721,30.27131164,12.11,1.18,8,196.4,417,-89.87,0.16,411;429;423,-91.05;-92.33;-95.06,411;429,-91.05;-92.33
	2026-09-20 15:31:37.396,120.13091117,30.27130121,11.94,1.30,14,20.6,411,-88.42,-2.09,417;423;429,-88.70;-93.69;-95.11,417;423,-88.70;-93.69
	2026-09-20 15:31:37.694,120.13091532,30.27130997,12.42,1.20,13,64.3,411,-89.48,1.21,417;423;429,-90.62;-95.31;-98.78,417;423,-90.62;-95.31
	2026-09-20 15:31:37.945,120.13091650,30.27131760,11.71,1.15,14,214.9,417,-88.09,-0.79,411;423;429,-88.87;-94.37;-98.16,411;423,-88.87;-94.37
	2026-09-20 15:31:38.127,120.13092005,30.27130452,11.75,1.09,11,305.6,417,-90.62,1.49,411;429;423,-92.20;-92.77;-96.22,411;429,-92.20;-92.77
	2026-09-20 15:31:38.344,120.13092139,30.27132155,11.76,1.09,9,359.6,411,-88.06,2.31,417;423;429,-90.26;-93.76;-95.26,417;423,-90.26;-93.76
	2026-09-20 15:31:38.628,120.13092941,30.27130365,12.13,0.64,10,163.5,411,-90.24,-0.04,417;423;429,-91.53;-94.69;-95.40,417;423,-91.53;-94.69
	2026-09-20 15:31:38.907,120.13093151,30.27131596,11.63,0.26,11,283.3,417,-89.10,0.81,411;429;423,-92.49;-95.15;-97.05,411;429,-92.49;-95.15
	2026-09-20 15:31:39.150,120.13092409,30.27130964,12.01,0.34,13,330.5,411,-88.53,-0.41,417;429;423,-89.77;-92.86;-96.14,417;429,-89.77;-92.86
	2026-09-20 15:31:39.396,120.13094098,30.27130751,11.75,1.08,9,84.4,417,-88.92,1.46,411;429;423,-91.19;-95.91;-96.36,411;429,-91.19;-95.91
	2026-09-20 15:31:39.713,120.13093406,30.27131888,11.80,0.41,14,256.3,411,-91.80,-0.39,417;429;423,-91.99;-95.95;-97.33,417;429,-91.99;-95.95
	2026-09-20 15:31:40.020,120.13093580,30.27131870,11.88,0.98,9,275.5,417,-87.47,2.65,423;411;429,-92.24;-93.11;-94.77,423;411,-92.24;-93.11
	2026-09-20 15:31:40.251,120.13092547,30.27131188,11.58,0.35,14,133.8,417,-87.82,1.22,411;429;423,-90.44;-94.51;-95.45,411;429,-90.44;-94.51
	2026-09-20 15:31:40.495,120.13094052,30.27132253,12.07,0.78,14,75.2,411,-88.26,0.86,417;423;429,-89.68;-96.95;-97.55,417;423,-89.68;-96.95
	2026-09-20 15:31:40.713,120.13095142,30.27130529,11.93,0.26,8,296.1,417,-89.31,0.65,411;423;429,-91.43;-93.29;-96.47,411;423,-91.43;-93.29
	2026-09-20 15:31:41.006,120.13093060,30.27130878,12.49,1.04,9,53.4,417,-88.22,2.77,411;429;423,-91.43;-93.77;-96.72,411;429,-91.43;-93.77
	2026-09-20 15:31:41.234,120.13093101,30.27131506,12.42,0.25,8,99.7,417,-90.56,1.40,411;423;429,-91.62;-93.34;-95.00,411;423,-91.62;-93.34
	2026-09-20 15:31:41.519,120.13093596,30.27130504,12.07,0.52,14,349.4,417,-89.50,0.63,411;423;429,-90.84;-95.48;-96.32,411;423,-90.84;-95.48
	2026-09-20 15:31:41.766,120.13095094,30.27131090,11.86,0.78,9,254.7,411,-89.43,-2.62,417;429;423,-89.95;-92.52;-97.08,417;429,-89.95;-92.52
	2026-09-20 15:31:42.029,120.13095404,30.27132135,11.87,1.19,14,226.1,411,-89.26,0.09,417;429;423,-90.36;-96.68;-97.05,417;429,-90.36;-96.68
	2026-09-20 15:31:42.346,120.13094009,30.27130349,12.02,0.98,11,146.7,417,-90.03,-0.58,411;429;423,-90.54;-92.71;-95.64,411;429,-90.54;-92.71
	2026-09-20 15:31:42.567,120.13095057,30.27130826,12.28,1.25,11,42.6,411,-91.79,-1.37,417;429;423,-92.90;-95.51;-99.00,417;429,-92.90;-95.51
	2026-09-20 15:31:42.825,120.13094463,30.27130996,11.98,0.21,9,334.4,411,-86.55,0.36,417;423;429,-88.31;-95.47;-97.62,417;423,-88.31;-95.47
	2026-09-20 15:31:43.020,120.13096565,30.27130802,11.99,1.21,10,109.6,417,-90.02,2.09,411;423;429,-92.87;-97.39;-97.80,411;423,-92.87;-97.39
	2026-09-20 15:31:43.205,120.13096206,30.27130691,12.38,0.33,9,37.6,417,-88.09,0.84,411;429;423,-90.20;-94.64;-96.74,411;429,-90.20;-94.64
	2026-09-20 15:31:43.398,120.13096404,30.27132029,11.91,1.38,11,142.3,417,-90.23,-0.56,411;423;429,-90.57;-95.15;-96.69,411;423,-90.57;-95.15
	2026-09-20 15:31:43.700,120.13095667,30.27130837,12.42,0.81,13,67.5,417,-89.93,1.81,411;423;429,-90.44;-95.75;-96.90,411;423,-90.44;-95.75
	2026-09-20 15:31:43.893,120.13094912,30.27130526,12.25,0.44,10,218.1,417,-87.34,2.81,411;429;423,-91.62;-96.86;-98.61,411;429,-91.62;-96.86
	2026-09-20 15:31:44.076,120.13096019,30.27130615,12.17,0.41,13,106.9,417,-89.41,0.81,411;429;423,-90.39;-94.12;-95.73,411;429,-90.39;-94.12
	2026-09-20 15:31:44.311,120.13096439,30.27130757,12.31,0.31,11,13.9,417,-89.28,-0.87,411;429;423,-90.29;-95.40;-96.34,411;429,-90.29;-95.40
	2026-09-20 15:31:44.587,120.13096008,30.27131567,12.18,1.17,9,212.7,411,-92.20,-1.31,417;423;429,-92.63;-95.87;-97.09,417;423,-92.63;-95.87
	2026-09-20 15:31:44.834,120.13097152,30.27131585,12.42,0.45,9,66.2,411,-89.93,-2.11,417;429;423,-90.22;-91.73;-98.14,417;429,-90.22;-91.73
	2026-09-20 15:31:45.136,120.13096369,30.27130956,12.27,1.11,9,158.6,417,-88.88,0.82,411;423;429,-91.09;-92.88;-96.04,411;423,-91.09;-92.88
	2026-09-20 15:31:45.355,120.13097329,30.27131771,11.56,0.33,11,28.0,417,-91.07,-1.36,411;429;423,-92.17;-95.41;-96.56,411;429,-92.17;-95.41
	2026-09-20 15:31:45.598,120.13097825,30.27130450,12.09,1.12,8,147.7,417,-88.26,2.71,411;423;429,-89.42;-96.10;-97.33,411;423,-89.42;-96.10
	2026-09-20 15:31:45.819,120.13098085,30.27131527,12.24,1.08,8,148.4,417,-88.30,-0.09,411;423;429,-90.31;-95.19;-95.96,411;423,-90.31;-95.19
	2026-09-20 15:31:46.129,120.13097086,30.27130117,11.99,1.25,13,271.9,417,-87.72,3.23,411;423;429,-90.75;-93.31;-94.95,411;423,-90.75;-93.31
	2026-09-20 15:31:46.436,120.13098596,30.27130737,11.82,1.36,13,188.0,417,-87.02,2.58,411;429;423,-90.57;-93.09;-93.60,411;429,-90.57;-93.09
	2026-09-20 15:31:46.726,120.13098393,30.27130511,11.96,0.36,14,18.9,417,-88.73,1.18,411;429;423,-91.57;-91.69;-93.71,411;429,-91.57;-91.69
	2026-09-20 15:31:46.957,120.13097989,30.27132201,12.07,1.37,11,101.4,417,-88.37,-0.23,411;423;429,-90.49;-95.71;-96.03,411;423,-90.49;-95.71
	2026-09-20 15:31:47.272,120.13099115,30.27130310,12.07,1.27,11,26.5,417,-86.95,-0.49,411;429;423,-88.13;-93.87;-97.56,411;429,-88.13;-93.87
	2026-09-20 15:31:47.557,120.13097660,30.27131041,11.53,0.36,11,251.2,417,-90.16,-0.35,411;423;429,-90.25;-94.75;-97.40,411;423,-90.25;-94.75
	2026-09-20 15:31:47.833,120.13098939,30.27132259,11.63,0.44,14,281.6,417,-87.01,3.94,423;411;429,-92.38;-93.92;-94.75,423;411,-92.38;-93.92
	2026-09-20 15:31:48.118,120.13098069,30.27132063,12.10,0.62,8,349.1,417,-88.14,1.44,411;429;423,-90.05;-95.93;-98.74,411;429,-90.05;-95.93
	2026-09-20 15:31:48.301,120.13099161,30.27130878,12.35,0.79,9,297.8,417,-88.25,3.34,411;429;423,-93.59;-94.12;-96.91,411;429,-93.59;-94.12
	2026-09-20 15:31:48.593,120.13100077,30.27132030,11.57,0.82,14,142.8,411,-91.65,-0.84,417;423;429,-92.33;-95.44;-95.80,417;423,-92.33;-95.44
	2026-09-20 15:31:48.819,120.13100240,30.27130408,11.74,0.31,10,251.5,417,-88.83,-0.58,411;429;423,-89.39;-97.37;-97.80,411;429,-89.39;-97.37
	2026-09-20 15:31:49.035,120.13098913,30.27130713,12.26,0.46,8,209.4,417,-89.14,-0.20,411;429;423,-89.57;-96.05;-96.43,411;429,-89.57;-96.05
	2026-09-20 15:31:49.313,120.13100715,30.27130134,11.70,1.13,13,291.1,411,-89.30,-0.90,417;429;423,-89.60;-94.99;-96.46,417;429,-89.60;-94.99
	2026-09-20 15:31:49.495,120.13100336,30.27131786,12.48,0.91,8,116.8,417,-85.62,8.88,429;411;423,-93.42;-94.50;-97.15,429;411,-93.42;-94.50
	2026-09-20 15:31:49.709,120.13099565,30.27130736,12.25,1.16,13,158.4,417,-87.56,-1.15,411;423;429,-88.69;-94.99;-97.30,411;423,-88.69;-94.99
	2026-09-20 15:31:50.003,120.13100793,30.27131664,12.10,0.57,9,117.9,417,-87.67,3.16,411;429;423,-90.89;-94.05;-97.44,411;429,-90.89;-94.05
	2026-09-20 15:31:50.317,120.13100686,30.27131621,12.23,1.21,14,331.7,417,-88.40,5.17,411;429;423,-95.39;-96.26;-99.33,411;429,-95.39;-96.26
	2026-09-20 15:31:50.512,120.13101494,30.27131034,12.03,0.98,13,141.4,417,-90.64,-0.42,411;429;423,-91.35;-95.55;-96.88,411;429,-91.35;-95.55
	2026-09-20 15:31:50.736,120.13100194,30.27131242,12.08,0.91,11,159.6,417,-88.84,1.47,411;423;429,-91.05;-94.88;-96.08,411;423,-91.05;-94.88
	2026-09-20 15:31:51.010,120.13101407,30.27131977,11.55,1.13,12,93.0,417,-85.30,5.30,411;423;429,-90.98;-95.61;-97.72,411;423,-90.98;-95.61
	2026-09-20 15:31:51.224,120.13100715,30.27131557,12.42,0.60,11,270.9,417,-88.38,-0.98,411;423;429,-91.08;-93.61;-95.36,411;423,-91.08;-93.61
	2026-09-20 15:31:51.451,120.13102323,30.27130418,12.06,1.18,10,73.5,417,-87.57,0.93,411;429;423,-90.34;-95.39;-96.23,411;429,-90.34;-95.39
	2026-09-20 15:31:51.709,120.13100436,30.27130943,11.79,0.59,9,220.5,417,-87.40,5.81,411;423;429,-92.27;-95.09;-96.29,411;423,-92.27;-95.09
	2026-09-20 15:31:51.904,120.13101205,30.27130967,12.24,0.34,14,124.8,417,-87.95,1.95,411;429;423,-91.73;-95.39;-95.66,411;429,-91.73;-95.39
	2026-09-20 15:31:52.153,120.13101610,30.27132113,11.98,1.18,9,208.6,417,-89.00,3.88,411;429;423,-90.75;-93.13;-94.26,411;429,-90.75;-93.13
	2026-09-20 15:31:52.335,120.13100698,30.27130624,12.12,0.25,8,133.4,411,-91.55,1.26,417;429;423,-92.23;-95.10;-96.36,417;429,-92.23;-95.10
	2026-09-20 15:31:52.644,120.13100763,30.27130726,11.51,0.60,14,78.5,417,-88.35,-0.28,411;429;423,-91.25;-94.57;-96.11,411;429,-91.25;-94.57
	2026-09-20 15:31:52.907,120.13102317,30.27132085,12.46,0.60,8,22.6,417,-86.75,3.65,411;429;423,-91.26;-96.94;-97.91,411;429,-91.26;-96.94
	2026-09-20 15:31:53.098,120.13101048,30.27132194,12.23,0.28,12,305.4,417,-86.82,6.71,411;429;423,-93.86;-95.10;-96.78,411;429,-93.86;-95.10
	2026-09-20 15:31:53.405,120.13102139,30.27131863,12.13,0.55,10,310.8,417,-86.08,5.67,411;429;423,-90.72;-91.93;-98.77,411;429,-90.72;-91.93
	2026-09-20 15:31:53.700,120.13103547,30.27131051,11.98,1.15,11,168.8,417,-87.86,0.51,411;429;513,-90.26;-94.56;-98.24,411;429,-90.26;-94.56
	2026-09-20 15:31:53.983,120.13101747,30.27131399,11.78,0.52,11,270.2,417,-89.29,1.87,411;423;429,-91.42;-93.06;-95.98,411;423,-91.42;-93.06
	2026-09-20 15:31:54.196,120.13104025,30.27131925,12.11,0.43,14,203.4,417,-87.36,7.70,429;411;423,-94.74;-94.77;-97.77,429;411,-94.74;-94.77
	2026-09-20 15:31:54.461,120.13103127,30.27131406,11.69,1.38,8,241.3,417,-89.82,3.77,411;429;423,-93.27;-94.44;-97.89,411;429,-93.27;-94.44
	2026-09-20 15:31:54.682,120.13103296,30.27131214,12.47,0.73,14,141.8,417,-87.82,3.29,411;429;423,-91.51;-95.10;-97.83,411;429,-91.51;-95.10
	2026-09-20 15:31:54.941,120.13102552,30.27130769,12.23,0.24,14,59.4,417,-89.27,-0.56,411;429;423,-90.02;-93.76;-96.37,411;429,-90.02;-93.76
	2026-09-20 15:31:55.122,120.13104701,30.27131185,12.01,1.33,12,23.9,417,-88.04,2.67,411;429;423,-91.74;-93.67;-96.51,411;429,-91.74;-93.67
	2026-09-20 15:31:55.361,120.13104655,30.27131188,12.29,0.38,12,9.8,411,-89.93,0.74,417;423;429,-91.60;-93.51;-95.40,417;423,-91.60;-93.51
	2026-09-20 15:31:55.655,120.13103861,30.27130459,12.07,1.29,13,131.2,417,-88.45,1.71,411;423;429,-91.57;-95.13;-96.66,411;423,-91.57;-95.13
	2026-09-20 15:31:55.875,120.13104653,30.27130973,12.13,0.63,8,188.5,417,-85.75,5.64,411;423;429,-90.95;-96.39;-98.29,411;423,-90.95;-96.39
	2026-09-20 15:31:56.156,120.13104840,30.27130604,11.53,0.33,11,32.0,417,-86.43,6.30,411;429;423,-92.97;-93.00;-97.40,411;429,-92.97;-93.00
	2026-09-20 15:31:56.371,120.13105050,30.27130239,11.83,0.78,13,278.8,417,-89.36,0.92,411;423;429,-89.90;-96.69;-96.83,411;423,-89.90;-96.69
	2026-09-20 15:31:56.624,120.13104937,30.27131061,12.26,0.66,10,217.1,417,-84.98,6.28,411;429;423,-91.81;-95.32;-96.41,411;429,-91.81;-95.32
	2026-09-20 15:31:56.886,120.13105896,30.27130429,11.83,0.26,14,117.1,417,-86.12,6.54,411;423;429,-92.83;-94.75;-94.97,411;423,-92.83;-94.75
	2026-09-20 15:31:57.187,120.13103735,30.27131875,12.08,0.90,8,317.3,417,-88.57,4.39,411;429;423,-93.68;-98.06;-98.32,411;429,-93.68;-98.06
	2026-09-20 15:31:57.377,120.13104690,30.27131990,12.28,1.10,11,79.6,417,-89.16,1.35,411;423;429,-90.12;-94.43;-96.84,411;423,-90.12;-94.43
	2026-09-20 15:31:57.652,120.13105346,30.27130387,12.38,1.26,13,158.3,417,-88.42,4.36,423;411;429,-93.29;-93.51;-96.13,423;411,-93.29;-93.51
	2026-09-20 15:31:57.916,120.13105409,30.27130111,11.60,1.11,10,83.8,417,-88.42,4.91,411;423;429,-93.52;-94.61;-98.23,411;423,-93.52;-94.61
	2026-09-20 15:31:58.195,120.13106762,30.27132235,11.90,1.03,12,254.1,417,-86.87,2.55,411;423;429,-89.19;-93.72;-94.54,411;423,-89.19;-93.72
	2026-09-20 15:31:58.436,120.13106684,30.27131379,11.91,0.28,13,142.9,417,-84.71,7.80,411;423;429,-93.08;-97.26;-97.29,411;423,-93.08;-97.26
	2026-09-20 15:31:58.698,120.13106845,30.27131936,11.78,1.21,14,198.7,417,-89.61,-0.21,411;423;429,-91.65;-95.06;-96.37,411;423,-91.65;-95.06
	2026-09-20 15:31:58.995,120.13105637,30.27131506,12.31,1.26,10,185.5,417,-87.10,2.85,411;429;423,-92.54;-95.09;-98.10,411;429,-92.54;-95.09
	2026-09-20 15:31:59.185,120.13107397,30.27131554,11.73,1.20,8,116.4,417,-88.62,4.30,411;429;423,-94.06;-94.66;-96.44,411;429,-94.06;-94.66
	2026-09-20 15:31:59.438,120.13106703,30.27131533,12.15,1.11,9,311.6,417,-87.27,0.80,411;423;429,-92.17;-94.03;-96.04,411;423,-92.17;-94.03
	2026-09-20 15:31:59.710,120.13106231,30.27130191,12.34,0.95,14,219.9,417,-89.40,0.69,411;423;429,-91.26;-95.08;-95.34,411;423,-91.26;-95.08
	2026-09-20 15:31:59.990,120.13106580,30.27130973,12.05,1.29,12,114.2,417,-88.19,3.18,411;429;423,-91.83;-95.03;-97.08,411;429,-91.83;-95.03
	2026-09-20 15:32:00.254,120.13107934,30.27131218,11.63,1.14,13,100.7,417,-85.22,4.66,411;429;423,-91.90;-94.17;-96.94,411;429,-91.90;-94.17
	2026-09-20 15:32:00.501,120.13106319,30.27131882,11.95,1.22,11,267.1,417,-87.73,-0.03,411;429;423,-89.18;-95.32;-95.82,411;429,-89.18;-95.32
	2026-09-20 15:32:00.785,120.13106374,30.27131678,12.12,0.64,8,158.2,417,-86.36,1.83,411;429;423,-89.63;-97.42;-97.81,411;429,-89.63;-97.42
	2026-09-20 15:32:01.064,120.13107918,30.27130308,11.53,0.87,13,42.5,417,-86.33,6.38,423;411;429,-93.99;-94.06;-94.17,423;411,-93.99;-94.06
	2026-09-20 15:32:01.356,120.13108518,30.27131864,12.27,0.75,12,201.4,417,-85.99,5.04,411;429;423,-93.44;-95.47;-96.94,411;429,-93.44;-95.47
	2026-09-20 15:32:01.577,120.13107724,30.27132017,12.03,1.21,11,66.4,417,-88.82,-0.87,411;429;423,-89.70;-96.71;-99.28,411;429,-89.70;-96.71
	2026-09-20 15:32:01.804,120.13107517,30.27131269,12.24,1.14,12,165.3,417,-86.89,7.62,411;423;513,-95.09;-97.44;-98.74,411;423,-95.09;-97.44
	2026-09-20 15:32:02.056,120.13108262,30.27132228,11.67,0.83,13,273.8,417,-89.72,-0.26,411;429;423,-90.25;-94.36;-96.20,411;429,-90.25;-94.36
	2026-09-20 15:32:02.359,120.13108642,30.27130293,12.06,0.26,8,296.9,417,-84.98,6.96,411;423;429,-94.11;-94.43;-96.61,411;423,-94.11;-94.43
	2026-09-20 15:32:02.544,120.13108544,30.27131879,12.34,0.72,12,41.6,417,-87.13,-0.08,411;429;423,-89.39;-95.22;-95.61,411;429,-89.39;-95.22
	2026-09-20 15:32:02.781,120.13107933,30.27130969,11.54,1.10,12,46.1,417,-85.27,6.79,411;429;423,-92.93;-93.90;-98.03,411;429,-92.93;-93.90
	2026-09-20 15:32:03.035,120.13107628,30.27131892,11.62,0.49,11,300.5,417,-88.96,6.64,429;411;423,-94.94;-95.26;-96.21,429;411,-94.94;-95.26
	2026-09-20 15:32:03.239,120.13109558,30.27131297,12.00,0.30,8,326.8,417,-85.47,5.84,411;423;429,-91.58;-93.41;-95.06,411;423,-91.58;-93.41
	2026-09-20 15:32:03.470,120.13108604,30.27131199,11.88,0.49,9,245.6,417,-88.09,3.40,411;429;423,-92.21;-94.97;-96.37,411;429,-92.21;-94.97
	2026-09-20 15:32:03.660,120.13108602,30.27130315,12.47,1.06,10,347.1,417,-86.75,5.63,429;411;423,-93.98;-94.60;-97.48,429;411,-93.98;-94.60
	2026-09-20 15:32:03.924,120.13108821,30.27131976,11.76,1.26,11,36.3,417,-86.91,3.61,411;429;423,-92.84;-95.26;-96.19,411;429,-92.84;-95.26
	2026-09-20 15:32:04.199,120.13109033,30.27131211,11.69,0.26,14,217.9,417,-87.31,4.77,411;423;429,-92.69;-93.78;-96.72,411;423,-92.69;-93.78
	2026-09-20 15:32:04.488,120.13110509,30.27131088,12.42,0.85,11,120.9,417,-85.08,7.86,411;423;429,-93.79;-94.30;-98.02,411;423,-93.79;-94.30
	2026-09-20 15:32:04.754,120.13110682,30.27131428,12.35,0.95,13,61.4,417,-87.92,3.13,411;429;423,-93.04;-94.78;-95.68,411;429,-93.04;-94.78
	2026-09-20 15:32:05.024,120.13110255,30.27130212,12.47,0.49,13,181.8,417,-88.65,1.38,411;423;429,-91.58;-96.54;-97.83,411;423,-91.58;-96.54
	2026-09-20 15:32:05.212,120.13110435,30.27130170,11.96,0.39,13,253.7,417,-85.35,3.10,411;423;429,-90.35;-94.81;-97.52,411;423,-90.35;-94.81
	2026-09-20 15:32:05.446,120.13109622,30.27130820,12.09,1.19,12,353.9,417,-86.09,2.77,411;423;429,-90.60;-94.48;-94.82,411;423,-90.60;-94.48
	2026-09-20 15:32:05.648,120.13110543,30.27132271,12.33,0.44,14,73.4,417,-89.18,-0.18,411;423;429,-91.69;-95.86;-99.23,411;423,-91.69;-95.86
	2026-09-20 15:32:05.915,120.13111518,30.27130638,11.95,0.75,10,348.5,417,-86.69,1.78,411;429;423,-89.15;-93.79;-94.10,411;429,-89.15;-93.79
	2026-09-20 15:32:06.098,120.13109918,30.27132017,11.56,0.37,14,177.0,417,-87.63,7.04,411;423;429,-94.13;-94.53;-97.83,411;423,-94.13;-94.53
	2026-09-20 15:32:06.278,120.13110246,30.27130638,12.44,0.31,9,45.3,417,-86.20,4.96,411;429;423,-92.42;-94.49;-97.02,411;429,-92.42;-94.49
	2026-09-20 15:32:06.478,120.13110887,30.27132151,11.99,1.13,13,131.2,417,-85.88,8.77,411;423;429,-94.92;-96.17;-98.93,411;423,-94.92;-96.17
	2026-09-20 15:32:06.712,120.13111727,30.27131113,11.60,0.92,8,336.5,417,-85.47,5.90,411;423;429,-91.95;-94.74;-98.06,411;423,-91.95;-94.74
	2026-09-20 15:32:06.980,120.13112422,30.27132232,11.98,0.70,10,81.4,417,-85.42,5.45,411;423;429,-94.58;-95.83;-96.44,411;423,-94.58;-95.83
	2026-09-20 15:32:07.280,120.13111482,30.27130532,11.89,1.12,9,91.2,417,-86.47,2.17,411;429;423,-90.63;-96.18;-97.27,411;429,-90.63;-96.18
	2026-09-20 15:32:07.533,120.13110776,30.27130791,12.34,1.32,12,47.7,417,-86.52,4.88,411;429;423,-93.37;-95.83;-97.36,411;429,-93.37;-95.83
	2026-09-20 15:32:07.825,120.13113044,30.27130759,12.16,1.26,9,165.4,417,-90.22,2.49,429;411;423,-92.39;-92.68;-98.34,429;411,-92.39;-92.68
	2026-09-20 15:32:08.143,120.13113203,30.27132177,12.48,1.10,10,114.9,417,-86.57,7.98,411;423;429,-93.86;-94.39;-99.35,411;423,-93.86;-94.39
	2026-09-20 15:32:08.331,120.13112721,30.27131270,12.46,0.50,12,79.6,417,-85.96,5.00,411;423;429,-92.27;-95.65;-95.82,411;423,-92.27;-95.65
	2026-09-20 15:32:08.618,120.13112394,30.27132096,11.97,1.38,9,155.6,417,-85.26,5.86,411;429;423,-93.14;-95.83;-96.33,411;429,-93.14;-95.83
	2026-09-20 15:32:08.822,120.13112540,30.27131974,12.04,0.91,14,107.0,417,-87.01,4.89,411;429;423,-92.20;-94.74;-94.91,411;429,-92.20;-94.74
	2026-09-20 15:32:09.024,120.13113746,30.27130434,11.63,0.75,10,276.1,417,-83.90,8.58,411;429;423,-93.72;-95.48;-96.93,411;429,-93.72;-95.48
	2026-09-20 15:32:09.218,120.13112630,30.27131024,11.55,0.38,10,10.5,417,-85.25,9.32,411;429;423,-95.21;-95.78;-97.53,411;429,-95.21;-95.78
	2026-09-20 15:32:09.430,120.13113836,30.27131861,11.70,0.56,14,143.8,417,-86.85,4.96,411;429;423,-92.44;-93.66;-94.82,411;429,-92.44;-93.66
	2026-09-20 15:32:09.652,120.13114235,30.27131325,11.60,0.52,11,97.1,417,-85.99,6.94,423;411;429,-92.96;-93.79;-95.41,423;411,-92.96;-93.79
	2026-09-20 15:32:09.911,120.13112554,30.27130638,12.11,1.29,8,112.2,417,-86.69,3.13,411;429;423,-91.79;-93.86;-96.72,411;429,-91.79;-93.86
	2026-09-20 15:32:10.182,120.13113611,30.27131231,11.70,0.75,8,66.9,417,-87.37,4.65,411;423;429,-92.30;-95.48;-96.31,411;423,-92.30;-95.48
	2026-09-20 15:32:10.445,120.13114165,30.27130180,12.32,1.10,11,59.8,417,-85.57,7.67,429;411;423,-94.26;-94.41;-96.36,429;411,-94.26;-94.41
	2026-09-20 15:32:10.742,120.13112992,30.27130300,12.46,0.72,9,299.8,417,-86.84,5.49,429;411;423,-93.20;-94.47;-98.58,429;411,-93.20;-94.47
	2026-09-20 15:32:10.993,120.13115013,30.27131684,12.01,1.27,10,31.8,417,-84.30,8.75,411;423;429,-93.21;-95.75;-97.09,411;423,-93.21;-95.75
	2026-09-20 15:32:11.253,120.13114496,30.27131853,11.83,1.36,11,183.3,417,-85.22,6.35,411;429;423,-93.36;-93.99;-94.79,411;429,-93.36;-93.99
	2026-09-20 15:32:11.543,120.13115508,30.27130554,12.42,0.72,10,149.5,417,-84.12,7.11,411;429;423,-92.56;-95.52;-96.74,411;429,-92.56;-95.52
	2026-09-20 15:32:11.792,120.13114813,30.27130676,12.19,0.93,10,202.0,417,-85.74,6.63,411;429;423,-92.96;-96.91;-97.31,411;429,-92.96;-96.91
	2026-09-20 15:32:12.019,120.13113944,30.27131817,12.21,0.77,13,57.4,417,-86.58,3.77,411;429;423,-91.75;-99.49;-99.56,411;429,-91.75;-99.49
	2026-09-20 15:32:12.210,120.13114779,30.27130509,12.00,0.64,8,208.4,417,-86.11,7.11,411;423;429,-93.74;-94.94;-95.40,411;423,-93.74;-94.94
	2026-09-20 15:32:12.487,120.13114755,30.27132062,11.60,0.24,12,175.9,417,-87.81,2.40,411;429;423,-92.47;-96.97;-97.09,411;429,-92.47;-96.97
	2026-09-20 15:32:12.713,120.13114895,30.27131607,12.48,1.34,8,299.6,417,-85.25,8.84,411;423;429,-94.60;-96.86;-97.92,411;423,-94.60;-96.86
	2026-09-20 15:32:12.992,120.13116344,30.27131518,12.07,1.24,14,222.6,417,-84.73,8.07,411;423;429,-92.76;-95.18;-96.11,411;423,-92.76;-95.18
	2026-09-20 15:32:13.305,120.13116247,30.27131903,12.29,1.27,13,90.9,417,-85.40,5.49,411;423;429,-91.74;-95.04;-96.28,411;423,-91.74;-95.04
	2026-09-20 15:32:13.521,120.13115109,30.27131389,12.35,1.06,13,197.4,417,-87.83,6.51,411;429;423,-94.81;-95.10;-96.08,411;429,-94.81;-95.10
	2026-09-20 15:32:13.750,120.13115192,30.27131618,12.41,0.22,12,346.8,417,-85.35,7.12,411;429;423,-93.76;-95.20;-96.48,411;429,-93.76;-95.20
	2026-09-20 15:32:13.965,120.13114946,30.27130664,11.86,0.53,11,312.2,417,-86.04,3.58,411;429;423,-92.35;-96.42;-97.49,411;429,-92.35;-96.42
	2026-09-20 15:32:14.210,120.13116837,30.27130587,12.24,0.83,9,282.2,417,-84.08,6.79,411;429;423,-93.20;-94.09;-95.67,411;429,-93.20;-94.09
	2026-09-20 15:32:14.440,120.13115480,30.27130841,11.69,0.44,14,230.0,417,-83.60,7.33,411;429;423,-92.23;-95.21;-99.27,411;429,-92.23;-95.21
	2026-09-20 15:32:14.680,120.13115898,30.27131266,11.78,0.30,10,112.5,417,-84.45,10.57,423;411;429,-94.31;-94.46;-94.90,423;411,-94.31;-94.46
	2026-09-20 15:32:14.994,120.13117643,30.27131112,12.18,0.26,10,249.6,417,-84.56,10.24,411;429;423,-94.79;-95.16;-95.95,411;429,-94.79;-95.16
	2026-09-20 15:32:15.185,120.13117555,30.27130812,11.64,1.10,11,261.1,417,-85.71,4.08,411;423;429,-90.50;-94.55;-97.33,411;423,-90.50;-94.55
	2026-09-20 15:32:15.489,120.13116747,30.27130560,11.55,0.38,9,120.8,417,-84.66,7.49,411;429;423,-93.10;-93.96;-95.58,411;429,-93.10;-93.96
	2026-09-20 15:32:15.745,120.13117851,30.27130489,12.36,0.25,12,254.3,417,-86.86,4.87,411;423;429,-91.73;-93.42;-94.77,411;423,-91.73;-93.42
	2026-09-20 15:32:16.062,120.13118034,30.27131642,11.67,0.66,12,223.8,417,-87.94,5.84,411;423;429,-93.92;-95.42;-96.07,411;423,-93.92;-95.42
	2026-09-20 15:32:16.292,120.13118508,30.27130222,12.06,0.25,14,242.5,417,-87.52,5.24,411;423;429,-93.39;-95.48;-95.82,411;423,-93.39;-95.48
	2026-09-20 15:32:16.495,120.13117603,30.27130946,11.85,0.85,13,86.3,417,-84.04,4.35,411;423;429,-88.93;-97.06;-98.53,411;423,-88.93;-97.06
	2026-09-20 15:32:16.710,120.13117781,30.27130887,12.03,0.90,12,207.7,417,-84.81,6.79,411;423;429,-94.07;-96.37;-96.67,411;423,-94.07;-96.37
	2026-09-20 15:32:17.015,120.13118878,30.27131507,11.94,1.06,8,25.2,417,-83.76,7.47,411;429;423,-92.68;-94.67;-95.93,411;429,-92.68;-94.67
	2026-09-20 15:32:17.283,120.13118485,30.27130442,11.81,0.83,12,164.9,417,-86.34,5.47,411;423;429,-92.00;-96.56;-97.01,411;423,-92.00;-96.56
	2026-09-20 15:32:17.475,120.13118704,30.27132038,12.43,1.09,8,91.5,417,-82.66,8.66,411;429;423,-91.55;-95.48;-97.09,411;429,-91.55;-95.48
	2026-09-20 15:32:17.738,120.13117491,30.27131580,11.78,0.74,13,226.3,417,-86.26,6.44,411;429;423,-91.79;-96.01;-97.97,411;429,-91.79;-96.01
	2026-09-20 15:32:17.984,120.13119054,30.27131961,11.63,1.18,12,100.7,417,-84.00,5.10,411;429;423,-91.96;-95.25;-96.38,411;429,-91.96;-95.25
	2026-09-20 15:32:18.259,120.13119640,30.27130766,12.18,0.32,11,193.0,417,-86.63,6.22,411;429;423,-93.73;-95.14;-97.29,411;429,-93.73;-95.14
	2026-09-20 15:32:18.469,120.13118258,30.27130839,11.63,1.08,11,288.2,417,-84.74,7.38,411;429;423,-93.08;-94.44;-97.82,411;429,-93.08;-94.44
	2026-09-20 15:32:18.772,120.13119025,30.27132165,11.99,1.20,10,335.2,417,-84.99,9.85,429;411;423,-94.63;-94.73;-95.84,429;411,-94.63;-94.73
	2026-09-20 15:32:19.032,120.13119762,30.27131453,11.52,1.11,13,1.1,417,-85.74,5.70,411;429;423,-92.56;-94.24;-99.34,411;429,-92.56;-94.24
	2026-09-20 15:32:19.265,120.13118373,30.27130260,12.22,0.49,9,252.6,417,-84.33,7.01,411;429;423,-92.83;-94.84;-98.96,411;429,-92.83;-94.84
	2026-09-20 15:32:19.578,120.13120176,30.27131578,12.42,0.42,9,353.4,417,-85.80,6.34,411;423;429,-92.54;-97.31;-97.42,411;423,-92.54;-97.31
	2026-09-20 15:32:19.894,120.13118822,30.27131430,12.16,1.21,10,177.4,417,-83.54,12.00,411;423;429,-95.17;-95.49;-96.89,411;423,-95.17;-95.49
	2026-09-20 15:32:20.080,120.13120897,30.27132054,12.06,1.15,9,310.2,417,-81.12,12.00,411;423;429,-93.70;-94.41;-95.12,411;423,-93.70;-94.41
	2026-09-20 15:32:20.328,120.13120421,30.27131474,11.51,0.26,8,181.3,417,-83.34,10.57,429;411;423,-95.08;-95.11;-100.85,429;411,-95.08;-95.11
	2026-09-20 15:32:20.637,120.13119477,30.27130967,12.15,0.95,12,184.1,417,-83.14,9.35,429;411;423,-94.24;-95.52;-95.91,429;411,-94.24;-95.52
	2026-09-20 15:32:20.895,120.13120295,30.27131546,12.43,0.22,10,28.2,417,-84.97,6.33,411;423;429,-92.07;-93.90;-97.51,411;423,-92.07;-93.90
	2026-09-20 15:32:21.199,120.13119755,30.27131208,12.27,0.80,12,307.4,417,-85.43,5.02,411;429;423,-90.52;-93.65;-95.32,411;429,-90.52;-93.65
	2026-09-20 15:32:21.496,120.13121890,30.27130476,12.35,1.06,10,247.1,417,-84.03,9.01,411;429;423,-94.02;-96.64;-97.56,411;429,-94.02;-96.64
	2026-09-20 15:32:21.784,120.13121214,30.27130538,11.81,1.21,13,240.7,417,-83.77,5.37,411;423;429,-92.00;-94.75;-96.44,411;423,-92.00;-94.75
	2026-09-20 15:32:22.025,120.13121363,30.27132094,11.74,1.36,9,36.7,417,-84.32,9.74,411;423;429,-94.86;-95.58;-96.58,411;423,-94.86;-95.58
	2026-09-20 15:32:22.227,120.13121081,30.27131291,11.65,1.22,14,332.9,417,-81.65,12.00,423;411;429,-94.15;-94.73;-97.01,423;411,-94.15;-94.73
	2026-09-20 15:32:22.440,120.13120386,30.27132150,11.89,0.68,8,197.2,417,-84.10,6.22,411;429;423,-92.09;-95.94;-96.11,411;429,-92.09;-95.94
	2026-09-20 15:32:22.644,120.13121034,30.27131513,11.76,1.20,8,310.3,417,-84.86,10.23,411;429;423,-94.72;-95.26;-95.47,411;429,-94.72;-95.26
	2026-09-20 15:32:22.850,120.13120955,30.27132228,11.54,0.79,8,200.9,417,-85.99,8.73,429;411;423,-95.58;-96.88;-97.45,429;411,-95.58;-96.88
	2026-09-20 15:32:23.063,120.13121049,30.27131426,11.51,0.91,10,46.8,417,-82.44,9.35,411;423;429,-91.40;-95.39;-96.19,411;423,-91.40;-95.39
	2026-09-20 15:32:23.318,120.13122315,30.27130944,11.98,1.04,9,23.3,417,-84.05,10.55,411;423;429,-93.76;-94.73;-96.56,411;423,-93.76;-94.73
	2026-09-20 15:32:23.506,120.13122839,30.27131838,11.89,0.33,14,271.1,417,-84.38,8.23,411;423;429,-93.56;-97.33;-98.41,411;423,-93.56;-97.33
	2026-09-20 15:32:23.769,120.13122832,30.27130797,12.22,0.76,11,52.1,417,-86.64,2.27,411;429;423,-91.47;-93.60;-97.75,411;429,-91.47;-93.60
	2026-09-20 15:32:24.036,120.13121554,30.27131371,11.87,0.76,10,349.5,417,-83.86,7.66,411;423;429,-93.94;-96.59;-98.09,411;423,-93.94;-96.59
	2026-09-20 15:32:24.342,120.13123541,30.27131062,11.89,0.93,12,348.9,417,-86.44,4.97,411;429;423,-92.98;-96.00;-98.53,411;429,-92.98;-96.00
	2026-09-20 15:32:24.537,120.13121919,30.27130402,12.25,0.92,8,246.6,417,-83.15,6.42,411;429;423,-89.33;-94.65;-97.97,411;429,-89.33;-94.65
	2026-09-20 15:32:24.754,120.13123133,30.27131840,12.47,0.93,9,42.8,417,-84.30,7.26,429;411;423,-91.37;-93.88;-97.38,429;411,-91.37;-93.88
	2026-09-20 15:32:25.004,120.13122907,30.27130188,12.36,1.21,9,216.0,417,-82.62,9.41,411;429;423,-92.76;-93.79;-95.25,411;429,-92.76;-93.79
	2026-09-20 15:32:25.280,120.13122483,30.27131382,11.86,0.26,8,146.2,417,-84.28,10.05,411;429;423,-95.21;-96.22;-97.55,411;429,-95.21;-96.22
	2026-09-20 15:32:25.595,120.13123008,30.27130159,12.06,0.99,8,299.3,417,-84.51,8.17,411;429;423,-94.54;-94.79;-97.08,411;429,-94.54;-94.79
	2026-09-20 15:32:25.828,120.13123585,30.27132045,12.09,0.60,9,324.0,417,-84.00,6.58,411;429;423,-91.34;-93.33;-97.49,411;429,-91.34;-93.33
	2026-09-20 15:32:26.127,120.13123827,30.27131884,12.40,0.99,13,237.7,417,-81.30,12.00,411;429;423,-95.34;-95.94;-96.42,411;429,-95.34;-95.94
	2026-09-20 15:32:26.322,120.13123548,30.27131633,11.97,1.08,13,224.4,417,-83.78,9.10,429;411;423,-93.40;-93.53;-96.82,429;411,-93.40;-93.53
	2026-09-20 15:32:26.630,120.13125068,30.27132252,11.57,0.60,9,357.3,417,-83.80,7.68,411;429;423,-92.81;-93.84;-95.47,411;429,-92.81;-93.84
	2026-09-20 15:32:26.884,120.13123555,30.27130800,12.41,0.72,13,169.5,417,-85.47,8.92,411;429;423,-95.63;-97.23;-97.72,411;429,-95.63;-97.23
	2026-09-20 15:32:27.106,120.13124523,30.27130778,12.14,0.36,9,57.1,417,-86.00,7.39,423;429;411,-96.12;-96.17;-97.19,423;429,-96.12;-96.17
	2026-09-20 15:32:27.424,120.13125263,30.27131369,12.15,0.25,9,6.7,417,-85.66,5.33,411;429;423,-93.45;-95.86;-96.98,411;429,-93.45;-95.86
	2026-09-20 15:32:27.653,120.13124403,30.27131751,12.21,0.75,11,193.1,417,-83.13,9.98,411;429;423,-94.53;-96.19;-97.06,411;429,-94.53;-96.19
	2026-09-20 15:32:27.839,120.13126044,30.27132203,12.08,0.84,9,87.3,417,-83.37,10.45,411;423;429,-94.44;-94.74;-97.39,411;423,-94.44;-94.74
	2026-09-20 15:32:28.100,120.13124041,30.27132210,12.14,1.40,12,256.8,417,-81.44,12.00,423;429;411,-94.40;-96.21;-97.48,423;429,-94.40;-96.21
	2026-09-20 15:32:28.330,120.13125176,30.27131604,12.02,0.67,10,101.0,417,-82.80,10.95,411;429;423,-94.91;-95.97;-98.12,411;429,-94.91;-95.97
	2026-09-20 15:32:28.614,120.13124379,30.27131587,11.51,0.70,13,191.5,417,-81.32,11.68,411;423;429,-92.11;-96.40;-97.88,411;423,-92.11;-96.40
	2026-09-20 15:32:28.883,120.13126499,30.27130635,11.67,0.55,12,150.5,417,-85.87,7.90,411;429;423,-95.29;-98.10;-99.99,411;429,-95.29;-98.10
	2026-09-20 15:32:29.178,120.13124959,30.27130464,11.78,0.53,12,38.5,417,-83.79,11.21,411;429;423,-93.75;-96.19;-97.49,411;429,-93.75;-96.19
	2026-09-20 15:32:29.486,120.13126964,30.27131335,11.97,0.37,10,351.8,417,-81.03,9.97,423;429;411,-93.25;-95.48;-96.53,423;429,-93.25;-95.48
	2026-09-20 15:32:29.713,120.13125486,30.27130684,11.67,0.96,12,2.3,417,-83.83,11.55,411;429;423,-94.86;-95.44;-96.78,411;429,-94.86;-95.44
	2026-09-20 15:32:29.913,120.13125872,30.27131526,12.33,0.81,11,349.1,417,-82.14,9.80,429;411;423,-93.02;-95.92;-100.25,429;411,-93.02;-95.92
	2026-09-20 15:32:30.175,120.13127546,30.27132150,11.58,0.98,10,312.8,417,-84.48,12.00,411;429;423,-96.05;-97.82;-98.64,411;429,-96.05;-97.82
	2026-09-20 15:32:30.449,120.13127860,30.27132074,11.91,0.78,11,82.4,417,-83.16,8.40,411;429;423,-92.68;-96.81;-97.98,411;429,-92.68;-96.81
	2026-09-20 15:32:30.685,120.13126792,30.27130267,11.85,0.45,12,30.1,417,-81.51,12.00,429;423;411,-95.44;-97.01;-97.77,429;423,-95.44;-97.01
	2026-09-20 15:32:30.902,120.13127052,30.27131224,11.50,0.59,12,320.8,417,-84.35,9.20,411;429;423,-94.97;-96.54;-98.09,411;429,-94.97;-96.54
	2026-09-20 15:32:31.197,120.13126884,30.27131315,11.96,0.31,14,78.3,417,-83.58,8.79,411;423;429,-92.15;-94.76;-96.02,411;423,-92.15;-94.76
	2026-09-20 15:32:31.502,120.13127089,30.27131229,11.98,1.08,13,43.0,417,-82.59,9.57,423;411;429,-94.25;-96.68;-97.18,423;411,-94.25;-96.68
	2026-09-20 15:32:31.695,120.13126760,30.27131585,11.53,0.73,9,182.1,417,-83.39,9.05,411;429;423,-93.11;-94.62;-96.93,411;429,-93.11;-94.62
	2026-09-20 15:32:32.002,120.13128350,30.27130338,12.34,0.40,9,143.0,417,-83.70,8.46,411;429;423,-93.36;-93.55;-96.54,411;429,-93.36;-93.55
	2026-09-20 15:32:32.196,120.13128678,30.27131691,12.20,1.08,9,25.4,417,-81.51,10.26,429;411;423,-93.45;-95.35;-95.98,429;411,-93.45;-95.35
	2026-09-20 15:32:32.453,120.13127677,30.27131543,11.77,1.36,9,281.5,417,-82.63,10.75,411;423;429,-93.20;-95.68;-97.25,411;423,-93.20;-95.68
	2026-09-20 15:32:32.720,120.13128254,30.27131639,11.96,0.43,14,311.2,417,-81.77,12.00,411;423;429,-94.98;-95.91;-95.94,411;423,-94.98;-95.91
	2026-09-20 15:32:32.981,120.13129364,30.27130584,11.79,0.80,12,92.3,417,-83.25,9.98,429;423;411,-94.47;-95.26;-96.14,429;423,-94.47;-95.26
	2026-09-20 15:32:33.176,120.13127450,30.27132095,11.96,1.35,14,135.0,417,-85.68,6.90,411;423;429,-93.32;-93.89;-96.42,411;423,-93.32;-93.89
	2026-09-20 15:32:33.360,120.13129778,30.27131135,12.25,0.51,8,160.8,417,-84.02,8.36,411;429;423,-93.44;-95.13;-97.00,411;429,-93.44;-95.13
	2026-09-20 15:32:33.622,120.13128680,30.27131203,12.13,0.70,10,270.3,417,-80.33,11.65,411;429;423,-92.72;-97.69;-98.36,411;429,-92.72;-97.69
	2026-09-20 15:32:33.874,120.13129592,30.27131598,12.50,0.60,14,76.8,417,-83.38,10.94,411;423;429,-95.75;-97.27;-98.96,411;423,-95.75;-97.27
	2026-09-20 15:32:34.103,120.13128683,30.27132221,12.12,0.60,8,128.0,417,-85.02,7.20,411;423;429,-94.60;-98.08;-98.19,411;423,-94.60;-98.08
	2026-09-20 15:32:34.288,120.13129200,30.27130291,12.07,0.23,11,154.0,417,-83.51,11.09,411;423;429,-95.51;-96.16;-97.69,411;423,-95.51;-96.16
	2026-09-20 15:32:34.530,120.13130391,30.27131706,11.73,0.63,12,311.8,417,-83.74,6.71,411;429;423,-91.56;-95.56;-98.16,411;429,-91.56;-95.56
	2026-09-20 15:32:34.718,120.13130086,30.27130726,12.36,0.45,10,308.9,417,-84.31,7.52,411;423;429,-93.78;-96.35;-98.70,411;423,-93.78;-96.35
	2026-09-20 15:32:34.974,120.13129895,30.27131161,11.56,1.37,8,84.9,417,-82.61,7.25,411;423;429,-91.22;-95.61;-97.36,411;423,-91.22;-95.61
	2026-09-20 15:32:35.208,120.13129537,30.27130947,11.89,0.83,8,251.3,417,-82.20,8.49,411;423;429,-91.24;-96.92;-97.63,411;423,-91.24;-96.92
	2026-09-20 15:32:35.525,120.13130645,30.27132071,11.75,0.57,13,225.1,417,-86.37,5.61,411;423;429,-92.76;-95.37;-95.73,411;423,-92.76;-95.37
	2026-09-20 15:32:35.718,120.13130848,30.27132010,11.92,1.24,8,316.2,417,-81.25,12.00,429;411;423,-94.93;-96.11;-97.69,429;411,-94.93;-96.11
	2026-09-20 15:32:36.005,120.13131332,30.27131168,11.79,0.85,14,123.1,417,-80.68,11.69,429;411;423,-93.78;-96.08;-97.67,429;411,-93.78;-96.08
	2026-09-20 15:32:36.283,120.13130062,30.27130235,11.54,1.36,14,214.0,417,-80.44,11.11,411;429;507,-92.09;-93.82;-98.24,411;429,-92.09;-93.82
	2026-09-20 15:32:36.603,120.13132126,30.27130229,12.32,1.22,8,224.9,417,-84.91,7.13,429;411;423,-93.04;-94.31;-97.33,429;411,-93.04;-94.31
	2026-09-20 15:32:36.892,120.13131066,30.27130698,11.64,0.50,10,304.0,417,-84.11,10.74,411;423;429,-96.21;-97.09;-97.24,411;423,-96.21;-97.09
	2026-09-20 15:32:37.173,120.13132175,30.27131860,11.76,1.14,14,223.8,417,-78.85,12.00,411;429;423,-94.21;-97.73;-97.90,411;429,-94.21;-97.73
	2026-09-20 15:32:37.478,120.13130727,30.27131227,12.00,0.85,9,143.1,417,-83.54,10.78,411;429;423,-93.17;-94.00;-96.46,411;429,-93.17;-94.00
	2026-09-20 15:32:37.788,120.13132106,30.27131826,12.34,0.27,11,158.9,417,-81.91,12.00,429;423;411,-94.40;-94.65;-98.81,429;423,-94.40;-94.65
	2026-09-20 15:32:38.090,120.13130509,30.27131325,11.57,0.85,12,273.3,417,-84.68,8.39,411;423;429,-93.11;-93.66;-97.66,411;423,-93.11;-93.66
	2026-09-20 15:32:38.336,120.13131322,30.27130701,11.69,0.59,9,108.2,417,-83.71,10.27,411;429;423,-95.73;-96.30;-96.39,411;429,-95.73;-96.30
	2026-09-20 15:32:38.593,120.13132428,30.27131878,11.51,0.98,9,171.1,417,-82.78,8.79,411;429;423,-93.84;-96.77;-97.04,411;429,-93.84;-96.77
	2026-09-20 15:32:38.905,120.13132120,30.27132130,11.68,0.92,14,350.9,417,-82.51,10.84,411;423;429,-95.38;-96.08;-96.65,411;423,-95.38;-96.08
	2026-09-20 15:32:39.088,120.13131876,30.27131485,11.85,1.21,13,300.0,417,-85.65,6.62,423;411;429,-94.63;-97.37;-97.65,423;411,-94.63;-97.37
	2026-09-20 15:32:39.391,120.13133677,30.27130377,12.45,0.97,12,143.4,417,-83.47,9.47,429;411;423,-95.78;-96.14;-97.71,429;411,-95.78;-96.14
	2026-09-20 15:32:39.701,120.13132007,30.27131461,12.15,0.93,12,17.8,417,-83.08,10.47,429;411;423,-95.81;-97.41;-97.61,429;411,-95.81;-97.41
	2026-09-20 15:32:39.990,120.13134007,30.27131761,11.81,1.00,14,318.5,417,-82.45,10.87,411;429;423,-93.26;-95.82;-98.48,411;429,-93.26;-95.82
	2026-09-20 15:32:40.207,120.13133666,30.27130206,12.45,0.66,12,224.1,417,-82.19,10.56,411;429;423,-93.68;-94.21;-97.73,411;429,-93.68;-94.21
	2026-09-20 15:32:40.450,120.13134403,30.27130942,12.04,0.23,12,26.3,417,-84.56,9.06,429;411;423,-94.18;-97.05;-98.41,429;411,-94.18;-97.05
	2026-09-20 15:32:40.744,120.13133763,30.27130390,11.55,0.57,11,124.5,417,-81.73,12.00,411;429;423,-93.88;-95.67;-96.75,411;429,-93.88;-95.67
	2026-09-20 15:32:40.935,120.13133380,30.27131705,12.19,0.63,10,110.0,417,-82.26,11.95,411;423;429,-94.18;-95.15;-95.50,411;423,-94.18;-95.15
	2026-09-20 15:32:41.230,120.13133256,30.27131322,12.24,1.02,8,3.6,417,-81.45,12.00,411;429;423,-95.95;-96.10;-96.43,411;429,-95.95;-96.10
	2026-09-20 15:32:41.516,120.13134510,30.27131926,11.80,1.28,9,183.9,417,-84.33,9.12,411;429;423,-94.11;-96.80;-98.19,411;429,-94.11;-96.80
	2026-09-20 15:32:41.771,120.13135096,30.27131669,12.06,0.62,12,185.7,417,-83.39,8.41,411;429;423,-94.31;-96.34;-98.90,411;429,-94.31;-96.34
	2026-09-20 15:32:42.029,120.13135351,30.27132026,11.93,0.49,12,195.9,417,-79.58,12.00,429;411;423,-94.12;-95.17;-95.49,429;411,-94.12;-95.17
	2026-09-20 15:32:42.218,120.13133938,30.27130596,12.15,1.02,11,234.7,417,-79.71,11.09,429;411;423,-92.62;-95.10;-96.31,429;411,-92.62;-95.10
	2026-09-20 15:32:42.458,120.13134816,30.27132152,12.01,0.52,8,154.4,417,-84.58,7.69,429;411;423,-92.56;-94.49;-97.10,429;411,-92.56;-94.49
	2026-09-20 15:32:42.696,120.13133855,30.27131838,11.98,1.23,8,328.0,417,-79.35,12.00,429;411;423,-95.20;-96.05;-97.85,429;411,-95.20;-96.05
	2026-09-20 15:32:42.920,120.13133830,30.27132216,11.87,0.31,14,4.4,417,-82.07,10.48,411;429;423,-94.13;-96.07;-98.16,411;429,-94.13;-96.07
	2026-09-20 15:32:43.109,120.13134783,30.27130485,11.90,1.40,12,224.8,417,-82.17,11.57,429;411;423,-94.90;-96.92;-98.48,429;411,-94.90;-96.92
	2026-09-20 15:32:43.366,120.13134657,30.27130569,11.95,0.54,10,200.1,417,-85.53,6.25,411;429;423,-93.13;-95.66;-97.91,411;429,-93.13;-95.66
	2026-09-20 15:32:43.648,120.13135682,30.27131002,11.67,1.30,13,145.6,417,-83.15,12.00,429;423;411,-97.92;-99.50;-99.92,429;423,-97.92;-99.50
	2026-09-20 15:32:43.953,120.13134989,30.27131953,12.26,0.70,9,132.9,417,-79.37,12.00,411;423;429,-97.75;-97.88;-98.76,411;423,-97.75;-97.88
	2026-09-20 15:32:44.240,120.13135650,30.27131872,11.82,0.78,14,189.5,417,-82.23,12.00,429;411;423,-96.16;-96.88;-100.13,429;411,-96.16;-96.88
	2026-09-20 15:32:44.546,120.13134832,30.27130707,12.37,0.52,14,183.3,417,-82.94,11.12,429;411;423,-94.80;-97.83;-98.67,429;411,-94.80;-97.83
	2026-09-20 15:32:44.804,120.13136289,30.27131876,12.06,0.95,11,166.1,417,-80.32,12.00,429;423;411,-94.85;-98.76;-98.96,429;423,-94.85;-98.76
	2026-09-20 15:32:45.033,120.13136862,30.27131365,12.07,0.34,13,343.9,417,-82.07,12.00,429;411;423,-94.58;-95.66;-97.18,429;411,-94.58;-95.66
	2026-09-20 15:32:45.223,120.13136900,30.27130204,11.88,0.55,10,148.6,417,-82.46,11.36,429;411;423,-94.61;-96.15;-98.86,429;411,-94.61;-96.15
	2026-09-20 15:32:45.418,120.13135863,30.27132002,11.79,0.34,9,311.2,417,-81.33,11.95,411;429;423,-92.96;-94.80;-98.36,411;429,-92.96;-94.80
	2026-09-20 15:32:45.733,120.13136732,30.27130958,11.51,0.23,10,147.2,417,-82.67,12.00,411;423;429,-95.28;-96.64;-97.00,411;423,-95.28;-96.64
	2026-09-20 15:32:45.947,120.13135678,30.27131457,11.76,0.51,12,228.4,417,-81.86,12.00,411;423;429,-96.17;-97.25;-97.44,411;423,-96.17;-97.25
	2026-09-20 15:32:46.208,120.13137921,30.27132048,11.95,0.90,8,105.8,417,-81.37,12.00,423;429;411,-96.28;-97.68;-97.77,423;429,-96.28;-97.68
	2026-09-20 15:32:46.425,120.13136059,30.27131274,12.33,1.29,14,61.2,417,-83.79,9.71,429;411;423,-94.87;-95.00;-96.27,429;411,-94.87;-95.00
	2026-09-20 15:32:46.675,120.13137555,30.27131189,11.96,1.32,8,134.9,417,-79.84,12.00,423;411;429,-95.49;-96.21;-97.18,423;411,-95.49;-96.21
	2026-09-20 15:32:46.882,120.13137088,30.27130871,12.10,1.10,11,258.5,417,-81.54,10.22,429;411;423,-92.80;-96.02;-96.23,429;411,-92.80;-96.02
	2026-09-20 15:32:47.132,120.13136624,30.27130605,12.38,0.87,14,243.7,417,-82.49,12.00,411;429;423,-94.89;-96.77;-97.02,411;429,-94.89;-96.77
	2026-09-20 15:32:47.329,120.13137276,30.27132211,12.20,1.31,8,228.6,417,-78.21,12.00,423;411;429,-95.80;-96.06;-97.28,423;411,-95.80;-96.06
	2026-09-20 15:32:47.563,120.13138041,30.27131284,11.80,0.87,9,138.2,417,-81.93,12.00,423;429;411,-95.08;-95.17;-96.34,423;429,-95.08;-95.17
	2026-09-20 15:32:47.852,120.13137718,30.27132038,11.93,1.24,9,109.6,417,-80.60,11.88,411;429;423,-93.94;-96.90;-98.26,411;429,-93.94;-96.90
	2026-09-20 15:32:48.082,120.13138878,30.27132131,11.66,1.21,10,17.7,417,-81.67,12.00,411;423;429,-95.66;-96.32;-96.65,411;423,-95.66;-96.32
	2026-09-20 15:32:48.264,120.13138662,30.27130622,11.80,1.34,11,111.3,417,-81.48,10.02,423;411;429,-93.47;-95.46;-99.15,423;411,-93.47;-95.46
	2026-09-20 15:32:48.578,120.13137944,30.27130998,11.50,1.02,14,288.7,417,-82.19,12.00,423;411;429,-95.88;-97.43;-98.38,423;411,-95.88;-97.43
	2026-09-20 15:32:48.898,120.13139951,30.27130144,11.63,0.80,10,109.4,417,-79.29,12.00,423;411;429,-95.58;-97.03;-97.08,423;411,-95.58;-97.03
	2026-09-20 15:32:49.172,120.13140168,30.27131580,11.75,0.80,12,48.1,417,-83.03,12.00,423;411;429,-95.77;-96.28;-97.34,423;411,-95.77;-96.28
	2026-09-20 15:32:49.370,120.13138810,30.27130254,12.11,0.32,12,254.5,417,-83.04,9.22,423;429;411,-95.19;-96.61;-96.64,423;429,-95.19;-96.61
	2026-09-20 15:32:49.636,120.13138590,30.27132097,12.16,1.05,14,332.2,417,-82.01,11.54,411;429;423,-94.90;-95.51;-97.18,411;429,-94.90;-95.51
	2026-09-20 15:32:49.878,120.13140258,30.27132147,11.65,1.35,8,331.4,417,-81.83,9.19,411;423;429,-93.38;-94.98;-97.90,411;423,-93.38;-94.98
	2026-09-20 15:32:50.070,120.13139972,30.27131742,12.33,0.84,9,306.3,417,-81.17,10.96,411;429;423,-92.46;-94.64;-97.32,411;429,-92.46;-94.64
	2026-09-20 15:32:50.332,120.13140520,30.27130505,12.33,0.89,8,275.5,417,-83.98,10.75,411;429;423,-95.43;-97.08;-97.23,411;429,-95.43;-97.08
	2026-09-20 15:32:50.598,120.13138747,30.27131821,12.20,0.45,9,42.2,417,-80.29,12.00,411;429;423,-94.76;-95.42;-98.42,411;429,-94.76;-95.42
	2026-09-20 15:32:50.908,120.13140308,30.27130754,12.46,0.36,11,196.1,417,-83.62,9.39,411;423;429,-95.20;-95.96;-97.71,411;423,-95.20;-95.96
	2026-09-20 15:32:51.097,120.13141145,30.27130632,12.42,0.97,12,186.5,417,-80.01,12.00,429;411;423,-93.60;-94.59;-97.68,429;411,-93.60;-94.59
	2026-09-20 15:32:51.324,120.13139244,30.27132102,11.57,0.77,13,203.2,417,-79.00,12.00,411;423;429,-95.28;-96.25;-99.34,411;423,-95.28;-96.25
	2026-09-20 15:32:51.522,120.13140170,30.27130915,12.44,0.26,12,140.3,417,-85.07,8.69,411;429;423,-94.46;-95.15;-98.96,411;429,-94.46;-95.15
	2026-09-20 15:32:51.717,120.13139526,30.27131393,12.30,0.90,14,351.1,417,-79.63,12.00,411;423;429,-95.28;-96.01;-97.01,411;423,-95.28;-96.01
	2026-09-20 15:32:52.023,120.13139913,30.27130297,12.41,1.21,9,308.5,417,-81.52,11.87,429;423;411,-94.92;-96.32;-97.20,429;423,-94.92;-96.32
	2026-09-20 15:32:52.219,120.13140575,30.27131190,11.54,0.33,9,67.8,417,-82.00,8.66,429;411;423,-92.96;-96.73;-97.96,429;411,-92.96;-96.73
	2026-09-20 15:32:52.466,120.13140788,30.27130787,12.32,0.89,11,340.5,417,-81.92,11.87,423;411;429,-94.65;-97.08;-97.59,423;411,-94.65;-97.08
	2026-09-20 15:32:52.656,120.13141246,30.27131986,12.06,0.98,13,78.3,417,-83.88,7.50,411;423;429,-93.18;-96.70;-97.42,411;423,-93.18;-96.70
	2026-09-20 15:32:52.935,120.13140755,30.27130375,12.31,1.00,14,264.0,417,-83.15,11.31,423;429;411,-96.81;-97.25;-98.35,423;429,-96.81;-97.25
	2026-09-20 15:32:53.231,120.13140886,30.27130701,12.20,0.65,12,319.2,417,-81.65,11.01,411;429;423,-93.83;-96.48;-97.78,411;429,-93.83;-96.48
	2026-09-20 15:32:53.445,120.13140895,30.27132131,12.38,0.44,11,244.4,417,-79.06,12.00,411;423;429,-94.16;-96.48;-96.87,411;423,-94.16;-96.48
	2026-09-20 15:32:53.719,120.13141913,30.27132176,11.85,0.88,11,32.4,417,-81.19,12.00,411;423;429,-94.98;-95.73;-98.06,411;423,-94.98;-95.73
	2026-09-20 15:32:54.035,120.13142029,30.27131366,12.36,1.07,11,265.0,417,-81.48,11.85,429;411;423,-94.93;-95.84;-97.70,429;411,-94.93;-95.84
	2026-09-20 15:32:54.215,120.13141696,30.27131894,11.85,0.63,14,347.8,417,-78.97,12.00,411;429;423,-97.07;-98.49;-98.86,411;429,-97.07;-98.49
	2026-09-20 15:32:54.466,120.13141071,30.27131171,12.28,1.01,12,346.7,417,-84.31,8.21,429;411;423,-94.06;-95.58;-96.78,429;411,-94.06;-95.58
	2026-09-20 15:32:54.757,120.13141350,30.27130090,11.90,0.84,14,289.8,417,-82.83,11.29,411;429;423,-95.05;-96.37;-96.48,411;429,-95.05;-96.37
	2026-09-20 15:32:54.971,120.13142090,30.27130443,12.08,1.38,12,114.7,417,-84.37,8.08,429;411;423,-93.85;-95.92;-97.33,429;411,-93.85;-95.92
	2026-09-20 15:32:55.249,120.13141352,30.27130604,11.77,0.85,14,75.1,417,-81.05,9.96,429;423;411,-93.46;-97.68;-98.64,429;423,-93.46;-97.68
	2026-09-20 15:32:55.547,120.13141924,30.27131187,11.68,0.54,8,116.5,417,-80.67,12.00,411;429;423,-93.44;-96.05;-97.56,411;429,-93.44;-96.05
	2026-09-20 15:32:55.861,120.13141771,30.27130355,12.28,1.37,13,346.1,417,-81.59,12.00,411;423;429,-94.71;-96.48;-97.17,411;423,-94.71;-96.48
	2026-09-20 15:32:56.110,120.13142726,30.27130085,11.88,0.97,9,86.0,417,-81.16,12.00,429;411;423,-95.95;-96.57;-99.20,429;411,-95.95;-96.57
	2026-09-20 15:32:56.297,120.13142089,30.27130532,11.80,1.06,9,216.7,417,-83.49,8.97,423;429;411,-94.21;-96.32;-96.50,423;429,-94.21;-96.32
	2026-09-20 15:32:56.573,120.13142043,30.27129495,12.19,0.67,9,105.8,417,-83.03,10.43,411;429;423,-94.50;-95.11;-96.21,411;429,-94.50;-95.11
	2026-09-20 15:32:56.763,120.13143283,30.27128761,12.47,1.20,12,331.4,417,-82.16,9.56,429;411;423,-93.05;-96.42;-97.55,429;411,-93.05;-96.42
	2026-09-20 15:32:56.960,120.13141857,30.27129307,12.29,0.76,11,314.6,417,-85.24,8.40,411;423;429,-94.96;-96.25;-96.37,411;423,-94.96;-96.25
	2026-09-20 15:32:57.252,120.13141838,30.27128507,12.33,1.07,10,192.1,417,-82.73,10.36,429;411;423,-93.81;-94.71;-96.50,429;411,-93.81;-94.71
	2026-09-20 15:32:57.469,120.13143247,30.27129716,12.32,0.66,9,281.4,417,-82.12,10.43,429;411;423,-93.85;-94.93;-98.23,429;411,-93.85;-94.93
	2026-09-20 15:32:57.738,120.13143340,30.27129133,12.47,0.58,10,29.9,417,-83.33,12.00,411;423;429,-95.75;-98.10;-98.24,411;423,-95.75;-98.10
	2026-09-20 15:32:58.055,120.13142552,30.27128797,12.45,0.94,10,159.6,417,-84.78,7.56,429;411;423,-91.46;-94.58;-95.88,429;411,-91.46;-94.58
	2026-09-20 15:32:58.316,120.13143327,30.27128786,12.18,0.52,14,202.2,417,-81.61,12.00,411;423;429,-95.89;-96.25;-97.80,411;423,-95.89;-96.25
	2026-09-20 15:32:58.542,120.13141007,30.27128569,11.67,0.94,8,178.8,417,-81.78,12.00,423;411;429,-95.37;-95.45;-96.84,423;411,-95.37;-95.45
	2026-09-20 15:32:58.841,120.13142644,30.27127869,12.01,0.81,10,323.3,417,-83.44,12.00,429;411;423,-96.37;-97.53;-99.20,429;411,-96.37;-97.53
	2026-09-20 15:32:59.128,120.13141795,30.27127306,11.56,1.31,14,331.0,417,-83.25,11.51,411;429;423,-93.99;-97.47;-99.66,411;429,-93.99;-97.47
	2026-09-20 15:32:59.328,120.13142401,30.27127069,12.21,0.51,13,228.1,417,-82.66,11.74,429;423;411,-94.27;-95.43;-96.19,429;423,-94.27;-95.43
	2026-09-20 15:32:59.622,120.13141397,30.27127762,11.93,0.87,13,300.0,417,-83.30,11.31,429;423;411,-95.62;-96.68;-96.94,429;423,-95.62;-96.68
	2026-09-20 15:32:59.846,120.13143247,30.27127505,12.31,0.34,12,338.0,417,-84.21,9.31,411;423;429,-95.43;-97.28;-97.36,411;423,-95.43;-97.28
	2026-09-20 15:33:00.036,120.13143436,30.27127572,11.87,0.33,12,346.9,417,-85.49,8.09,411;429;423,-95.16;-95.40;-97.14,411;429,-95.16;-95.40
	2026-09-20 15:33:00.241,120.13142988,30.27126838,12.15,1.24,9,191.9,417,-85.44,7.53,429;411;423,-93.92;-94.55;-96.15,429;411,-93.92;-94.55
	2026-09-20 15:33:00.460,120.13142602,30.27126928,12.01,0.91,11,139.0,417,-87.38,4.04,429;423;411,-92.15;-95.94;-97.96,429;423,-92.15;-95.94
	2026-09-20 15:33:00.771,120.13142315,30.27127685,12.02,0.92,10,118.5,417,-85.02,9.66,429;411;423,-95.70;-96.22;-97.33,429;411,-95.70;-96.22
	2026-09-20 15:33:01.065,120.13141554,30.27126782,11.82,0.67,12,328.4,417,-84.13,8.70,423;411;429,-95.56;-96.01;-97.65,423;411,-95.56;-96.01
	2026-09-20 15:33:01.335,120.13141966,30.27126855,12.21,0.52,13,274.7,417,-83.72,12.00,411;429;423,-95.69;-96.19;-96.22,411;429,-95.69;-96.19
	2026-09-20 15:33:01.555,120.13141586,30.27127196,11.90,0.53,12,249.3,417,-88.08,7.96,423;429;411,-95.48;-95.64;-97.03,423;429,-95.48;-95.64
	2026-09-20 15:33:01.737,120.13142688,30.27126676,11.81,1.03,8,330.8,417,-82.23,12.00,411;423;429,-95.98;-96.04;-98.62,411;423,-95.98;-96.04
	2026-09-20 15:33:01.961,120.13142585,30.27127501,12.15,0.94,8,93.8,417,-83.77,10.93,429;411;423,-95.25;-97.40;-98.00,429;411,-95.25;-97.40
	2026-09-20 15:33:02.243,120.13141259,30.27125487,11.69,1.07,11,202.3,417,-86.70,9.02,423;411;429,-95.57;-95.74;-96.95,423;411,-95.57;-95.74
	2026-09-20 15:33:02.513,120.13143285,30.27125631,11.86,0.37,9,2.1,417,-83.80,9.74,429;423;411,-96.05;-96.97;-97.46,429;423,-96.05;-96.97
	2026-09-20 15:33:02.781,120.13142117,30.27126799,11.96,0.44,14,86.8,417,-83.98,11.95,429;411;423,-96.81;-96.91;-98.26,429;411,-96.81;-96.91
	2026-09-20 15:33:03.076,120.13142975,30.27125362,11.58,1.18,10,291.3,417,-81.22,12.00,429;411;423,-96.04;-96.31;-96.34,429;411,-96.04;-96.31
	2026-09-20 15:33:03.268,120.13142987,30.27124969,11.75,0.57,13,274.7,417,-86.88,5.33,411;429;423,-93.54;-97.01;-97.03,411;429,-93.54;-97.01
	2026-09-20 15:33:03.466,120.13143375,30.27125210,12.47,0.28,8,5.4,417,-83.37,9.24,411;429;423,-94.37;-94.78;-96.45,411;429,-94.37;-94.78
	2026-09-20 15:33:03.776,120.13141119,30.27126139,11.58,0.71,14,359.1,417,-82.40,11.25,429;423;411,-95.09;-95.62;-97.45,429;423,-95.09;-95.62
	2026-09-20 15:33:03.975,120.13142986,30.27125388,12.27,0.83,10,193.2,417,-86.58,7.89,429;411;423,-94.15;-94.34;-96.18,429;411,-94.15;-94.34
	2026-09-20 15:33:04.271,120.13140973,30.27125807,11.79,1.20,8,237.7,417,-84.59,11.86,411;423;429,-95.83;-96.63;-97.05,411;423,-95.83;-96.63
	2026-09-20 15:33:04.467,120.13142708,30.27124815,12.48,0.33,13,270.2,417,-86.92,6.00,423;429;411,-93.96;-95.20;-98.37,423;429,-93.96;-95.20
	2026-09-20 15:33:04.663,120.13143247,30.27125566,11.81,0.36,9,355.3,417,-81.62,11.89,423;429;411,-96.05;-96.20;-99.18,423;429,-96.05;-96.20
	2026-09-20 15:33:04.856,120.13141056,30.27124312,11.77,0.96,14,160.8,417,-87.24,6.93,429;411;423,-94.85;-96.30;-96.54,429;411,-94.85;-96.30
	2026-09-20 15:33:05.045,120.13141169,30.27124001,11.62,1.26,14,261.1,417,-83.42,8.83,411;429;423,-93.94;-94.62;-97.14,411;429,-93.94;-94.62
	2026-09-20 15:33:05.345,120.13143355,30.27124703,12.27,0.95,12,311.6,417,-83.93,10.78,429;411;423,-96.38;-96.87;-98.07,429;411,-96.38;-96.87
	2026-09-20 15:33:05.536,120.13143164,30.27123659,12.42,0.59,8,347.2,417,-82.74,7.85,429;423;411,-92.54;-96.19;-96.83,429;423,-92.54;-96.19
	2026-09-20 15:33:05.790,120.13142982,30.27124087,11.92,1.06,9,89.6,417,-85.18,6.50,423;429;411,-93.11;-95.72;-97.24,423;429,-93.11;-95.72
	2026-09-20 15:33:06.055,120.13143293,30.27123396,12.34,0.51,8,104.3,417,-84.70,10.33,411;423;429,-93.18;-95.17;-97.73,411;423,-93.18;-95.17
	2026-09-20 15:33:06.250,120.13142406,30.27124072,11.65,1.38,10,168.9,417,-83.65,11.77,411;429;423,-94.93;-96.54;-96.79,411;429,-94.93;-96.54
	2026-09-20 15:33:06.551,120.13142195,30.27123224,11.80,0.52,10,36.4,417,-85.85,9.27,411;423;429,-96.14;-96.44;-97.65,411;423,-96.14;-96.44
	2026-09-20 15:33:06.859,120.13141103,30.27122999,11.81,1.32,9,261.3,417,-85.38,10.04,423;429;411,-94.63;-96.22;-97.40,423;429,-94.63;-96.22
	2026-09-20 15:33:07.077,120.13142158,30.27124287,12.00,1.18,14,78.7,417,-87.85,3.89,429;411;423,-92.43;-92.46;-98.41,429;411,-92.43;-92.46
	2026-09-20 15:33:07.370,120.13141921,30.27123528,12.16,0.41,12,308.5,417,-85.74,8.06,429;411;423,-93.96;-95.45;-98.21,429;411,-93.96;-95.45
	2026-09-20 15:33:07.636,120.13141690,30.27122250,11.83,0.76,12,145.2,417,-83.04,11.74,429;411;423,-95.53;-96.72;-97.15,429;411,-95.53;-96.72
	2026-09-20 15:33:07.901,120.13141216,30.27124059,11.76,0.76,13,144.9,417,-85.41,9.24,423;411;429,-94.51;-95.45;-96.04,423;411,-94.51;-95.45
	2026-09-20 15:33:08.142,120.13142311,30.27122846,11.92,0.72,10,18.4,417,-85.48,7.34,411;429;423,-94.68;-95.14;-95.30,411;429,-94.68;-95.14
	2026-09-20 15:33:08.441,120.13141053,30.27122106,12.02,0.37,12,63.6,417,-84.23,8.78,429;411;423,-94.08;-95.27;-96.50,429;411,-94.08;-95.27
	2026-09-20 15:33:08.760,120.13141906,30.27122652,11.87,0.41,10,233.2,417,-86.81,9.19,423;411;429,-95.80;-96.76;-96.92,423;411,-95.80;-96.76
	2026-09-20 15:33:08.977,120.13140993,30.27122562,11.54,0.32,10,114.1,417,-84.23,9.54,411;429;423,-94.72;-97.21;-98.75,411;429,-94.72;-97.21
	2026-09-20 15:33:09.181,120.13142777,30.27123023,12.34,1.07,9,113.3,417,-83.58,11.60,423;411;429,-95.40;-96.35;-98.41,423;411,-95.40;-96.35
	2026-09-20 15:33:09.474,120.13141385,30.27121202,12.02,0.79,10,236.9,417,-84.27,8.06,411;429;423,-92.22;-94.29;-99.11,411;429,-92.22;-94.29
	2026-09-20 15:33:09.737,120.13141615,30.27121068,12.17,0.31,8,15.4,417,-88.00,6.42,429;411;423,-94.82;-95.07;-95.35,429;411,-94.82;-95.07
	2026-09-20 15:33:09.963,120.13142501,30.27121143,12.12,0.58,10,240.7,417,-85.65,5.78,429;411;423,-93.35;-94.22;-96.59,429;411,-93.35;-94.22
	2026-09-20 15:33:10.255,120.13142962,30.27120767,11.84,0.78,12,139.4,417,-86.86,4.81,411;429;423,-93.21;-94.29;-96.40,411;429,-93.21;-94.29
	2026-09-20 15:33:10.445,120.13142956,30.27122335,11.84,0.25,14,139.3,417,-86.35,7.72,411;429;423,-93.20;-94.21;-97.43,411;429,-93.20;-94.21
	2026-09-20 15:33:10.644,120.13141682,30.27120665,11.84,1.05,9,318.3,417,-87.94,5.28,411;423;429,-94.70;-94.88;-96.17,411;423,-94.70;-94.88
	2026-09-20 15:33:10.917,120.13142855,30.27122460,12.22,0.48,13,13.3,417,-85.24,9.38,423;411;429,-94.02;-96.46;-96.92,423;411,-94.02;-96.46
	2026-09-20 15:33:11.113,120.13141838,30.27121166,12.13,0.95,12,354.0,417,-86.87,8.87,411;429;423,-96.02;-96.10;-96.39,411;429,-96.02;-96.10
	2026-09-20 15:33:11.324,120.13143129,30.27121147,12.34,1.15,10,8.8,417,-85.93,8.42,429;411;423,-95.68;-96.27;-97.84,429;411,-95.68;-96.27
	2026-09-20 15:33:11.541,120.13141959,30.27121805,11.98,0.29,11,315.2,417,-87.54,6.09,429;423;411,-95.56;-95.70;-97.66,429;423,-95.56;-95.70
	2026-09-20 15:33:11.760,120.13142639,30.27120862,11.50,0.79,9,233.4,417,-86.69,8.15,423;411;429,-95.39;-95.95;-96.20,423;411,-95.39;-95.95
	2026-09-20 15:33:12.028,120.13143110,30.27121677,12.38,1.15,13,344.3,417,-87.34,6.09,429;423;411,-93.21;-94.01;-98.72,429;423,-93.21;-94.01
	2026-09-20 15:33:12.347,120.13142128,30.27121142,12.19,1.13,11,11.0,417,-84.55,8.78,423;411;429,-94.83;-95.06;-95.37,423;411,-94.83;-95.06
	2026-09-20 15:33:12.560,120.13142995,30.27119677,11.70,0.87,12,120.2,417,-89.21,3.56,429;411;423,-93.88;-96.13;-96.42,429;411,-93.88;-96.13
	2026-09-20 15:33:12.823,120.13142510,30.27120748,11.80,0.37,9,282.7,417,-84.99,10.04,411;423;429,-95.71;-95.85;-97.36,411;423,-95.71;-95.85
	2026-09-20 15:33:13.077,120.13141028,30.27119314,11.93,0.40,11,12.3,417,-87.81,5.41,429;411;423,-94.29;-95.34;-96.32,429;411,-94.29;-95.34
	2026-09-20 15:33:13.366,120.13141800,30.27121003,12.32,0.67,11,159.8,417,-88.87,4.13,423;429;411,-93.28;-95.61;-97.14,423;429,-93.28;-95.61
	2026-09-20 15:33:13.565,120.13140968,30.27119170,11.97,0.93,9,256.7,417,-82.05,12.00,411;429;423,-94.54;-95.12;-97.20,411;429,-94.54;-95.12
	2026-09-20 15:33:13.757,120.13141308,30.27119928,12.36,1.09,9,150.0,417,-85.89,5.35,429;423;411,-92.56;-93.64;-95.82,429;423,-92.56;-93.64
	2026-09-20 15:33:14.011,120.13142111,30.27119724,12.40,1.24,12,154.5,417,-88.94,6.42,411;429;423,-94.21;-97.46;-98.49,411;429,-94.21;-97.46
	2026-09-20 15:33:14.285,120.13141285,30.27119941,11.88,0.81,10,121.9,417,-84.40,9.35,411;423;429,-94.56;-94.78;-98.34,411;423,-94.56;-94.78
	2026-09-20 15:33:14.497,120.13141566,30.27118848,11.51,0.36,14,257.7,417,-86.76,5.16,411;429;423,-93.56;-96.02;-96.67,411;429,-93.56;-96.02
	2026-09-20 15:33:14.687,120.13142907,30.27118955,12.41,0.58,13,234.5,417,-85.30,7.17,429;423;411,-93.94;-95.37;-95.57,429;423,-93.94;-95.37
	2026-09-20 15:33:14.893,120.13142030,30.27119575,12.30,1.29,8,92.6,417,-86.93,5.18,429;411;423,-94.42;-94.89;-96.36,429;411,-94.42;-94.89
	2026-09-20 15:33:15.203,120.13142892,30.27119041,12.05,0.79,8,338.8,417,-87.34,4.23,429;411;423,-92.45;-95.56;-97.04,429;411,-92.45;-95.56
	2026-09-20 15:33:15.512,120.13141047,30.27119745,12.02,0.99,8,114.5,417,-84.25,6.90,429;411;423,-93.11;-95.79;-96.63,429;411,-93.11;-95.79
	2026-09-20 15:33:15.720,120.13141926,30.27119362,11.59,1.20,11,343.1,417,-85.88,8.23,429;411;423,-93.82;-93.87;-97.92,429;411,-93.82;-93.87
	2026-09-20 15:33:15.933,120.13141400,30.27118977,12.38,0.33,8,130.0,417,-87.50,7.61,429;411;423,-94.26;-95.50;-95.81,429;411,-94.26;-95.50
	2026-09-20 15:33:16.233,120.13142152,30.27118760,11.79,1.11,12,26.9,417,-87.89,5.46,411;429;423,-93.88;-95.90;-96.38,411;429,-93.88;-95.90
	2026-09-20 15:33:16.470,120.13143222,30.27118744,11.91,0.99,10,35.2,417,-85.98,4.48,429;411;423,-92.31;-95.40;-95.56,429;411,-92.31;-95.40
	2026-09-20 15:33:16.651,120.13142966,30.27118029,11.60,1.33,13,281.1,417,-87.19,2.79,429;423;411,-91.85;-96.03;-96.72,429;423,-91.85;-96.03
	2026-09-20 15:33:16.881,120.13142307,30.27118774,11.70,0.94,11,84.8,417,-87.40,6.34,411;423;429,-94.54;-95.90;-98.17,411;423,-94.54;-95.90
	2026-09-20 15:33:17.093,120.13143089,30.27118212,11.91,1.21,14,270.8,417,-88.67,3.69,411;423;429,-92.87;-95.40;-96.48,411;423,-92.87;-95.40
	2026-09-20 15:33:17.401,120.13142660,30.27117897,11.75,1.00,12,29.7,417,-86.85,7.87,423;411;429,-95.15;-95.80;-97.27,423;411,-95.15;-95.80
	2026-09-20 15:33:17.689,120.13141920,30.27117415,11.53,1.01,14,164.8,417,-86.88,6.74,429;423;411,-93.66;-97.12;-97.43,429;423,-93.66;-97.12
	2026-09-20 15:33:17.961,120.13143012,30.27117621,12.38,1.06,13,359.9,417,-85.51,7.32,429;423;411,-94.38;-95.89;-96.08,429;423,-94.38;-95.89
	2026-09-20 15:33:18.158,120.13141362,30.27116988,11.92,1.03,12,287.5,417,-88.43,4.59,429;411;423,-93.60;-95.92;-96.57,429;411,-93.60;-95.92
	2026-09-20 15:33:18.358,120.13141676,30.27116538,12.23,0.57,13,285.2,417,-86.34,5.95,411;429;423,-94.30;-95.70;-96.31,411;429,-94.30;-95.70
	2026-09-20 15:33:18.589,120.13142208,30.27117694,12.05,1.00,14,184.1,417,-87.45,4.92,411;429;423,-94.25;-94.27;-94.79,411;429,-94.25;-94.27
	2026-09-20 15:33:18.890,120.13141834,30.27115895,11.73,0.90,14,201.4,417,-88.78,3.56,429;423;411,-93.21;-94.25;-95.36,429;423,-93.21;-94.25
	2026-09-20 15:33:19.166,120.13142310,30.27117500,12.14,0.83,13,169.9,417,-87.93,6.19,429;411;423,-93.27;-95.08;-95.94,429;411,-93.27;-95.08
	2026-09-20 15:33:19.392,120.13141778,30.27116683,11.70,1.18,12,285.0,417,-87.74,6.27,411;423;429,-95.00;-96.83;-96.89,411;423,-95.00;-96.83
	2026-09-20 15:33:19.672,120.13141752,30.27115419,12.02,1.29,8,144.6,417,-88.22,4.58,429;411;423,-93.35;-93.46;-94.96,429;411,-93.35;-93.46
	2026-09-20 15:33:19.941,120.13141734,30.27115534,11.64,0.75,10,306.0,417,-88.00,3.18,429;411;423,-91.93;-92.41;-97.30,429;411,-91.93;-92.41
	2026-09-20 15:33:20.132,120.13142398,30.27116818,11.97,0.78,9,106.3,417,-86.14,4.45,429;423;411,-92.59;-94.85;-97.16,429;423,-92.59;-94.85
	2026-09-20 15:33:20.382,120.13143267,30.27115023,11.86,1.07,13,220.1,417,-88.87,0.81,429;423;411,-90.92;-94.09;-96.85,429;423,-90.92;-94.09
	2026-09-20 15:33:20.581,120.13141306,30.27115285,12.44,1.21,9,63.8,417,-87.65,4.44,423;429;411,-92.26;-95.06;-98.89,423;429,-92.26;-95.06
	2026-09-20 15:33:20.858,120.13143114,30.27115142,12.16,1.22,8,168.8,417,-86.94,7.07,429;411;423,-93.79;-93.92;-94.27,429;411,-93.79;-93.92
	2026-09-20 15:33:21.078,120.13142111,30.27115248,12.27,0.25,9,110.6,417,-91.18,1.14,423;429;411,-92.20;-95.01;-96.74,423;429,-92.20;-95.01
	2026-09-20 15:33:21.397,120.13142341,30.27116063,12.23,0.70,13,127.1,417,-88.08,7.57,411;429;423,-96.00;-96.61;-97.78,411;429,-96.00;-96.61
	2026-09-20 15:33:21.686,120.13141195,30.27114203,12.46,0.23,9,278.6,417,-87.38,4.51,411;423;429,-91.91;-94.47;-94.73,411;423,-91.91;-94.47
	2026-09-20 15:33:21.920,120.13141647,30.27114607,12.21,0.29,8,121.9,417,-88.75,6.21,429;411;423,-94.82;-95.17;-98.48,429;411,-94.82;-95.17
	2026-09-20 15:33:22.187,120.13142939,30.27115333,11.95,0.51,9,34.1,417,-86.05,6.53,429;423;411,-92.48;-96.28;-97.52,429;423,-92.48;-96.28
	2026-09-20 15:33:22.416,120.13142542,30.27114111,12.19,1.40,11,67.9,417,-84.67,8.34,411;429;423,-94.75;-94.92;-97.12,411;429,-94.75;-94.92
	2026-09-20 15:33:22.673,120.13142153,30.27114102,11.54,1.28,8,281.7,417,-88.96,2.95,423;429;411,-94.52;-94.99;-96.29,423;429,-94.52;-94.99
	2026-09-20 15:33:22.925,120.13141952,30.27115219,12.00,0.72,10,201.9,417,-85.69,7.03,411;429;423,-93.96;-95.40;-96.79,411;429,-93.96;-95.40
	2026-09-20 15:33:23.231,120.13143113,30.27114346,11.83,0.95,9,258.2,417,-89.78,2.14,429;411;423,-92.70;-94.22;-96.95,429;411,-92.70;-94.22
	2026-09-20 15:33:23.415,120.13141312,30.27115068,11.89,1.01,8,348.0,417,-89.50,0.33,429;423;411,-90.91;-95.06;-95.14,429;423,-90.91;-95.06
	2026-09-20 15:33:23.674,120.13141971,30.27113004,11.89,0.61,13,151.6,417,-90.74,-0.41,411;429;423,-92.67;-92.77;-94.06,411;429,-92.67;-92.77
	2026-09-20 15:33:23.967,120.13143266,30.27114577,12.21,0.68,10,137.4,417,-86.90,4.36,429;411;423,-93.21;-97.39;-98.52,429;411,-93.21;-97.39
	2026-09-20 15:33:24.268,120.13143171,30.27112631,11.63,0.87,9,199.1,417,-90.26,3.46,423;429;411,-93.86;-94.91;-95.07,423;429,-93.86;-94.91
	2026-09-20 15:33:24.486,120.13143170,30.27112676,11.58,0.24,13,280.4,417,-89.46,1.33,423;411;429,-92.60;-93.87;-94.87,423;411,-92.60;-93.87
	2026-09-20 15:33:24.716,120.13143064,30.27113116,12.10,1.35,12,321.9,417,-89.69,2.64,411;429;423,-95.26;-95.75;-95.94,411;429,-95.26;-95.75
	2026-09-20 15:33:24.897,120.13142311,30.27112503,12.27,0.45,13,300.8,417,-89.23,2.61,429;411;423,-93.76;-95.24;-96.83,429;411,-93.76;-95.24
	2026-09-20 15:33:25.201,120.13142301,30.27112804,11.73,0.89,9,306.9,417,-89.29,3.09,411;429;423,-94.12;-94.34;-96.46,411;429,-94.12;-94.34
	2026-09-20 15:33:25.448,120.13142618,30.27112746,11.67,1.05,8,6.3,417,-88.64,5.89,429;423;411,-96.05;-97.02;-98.41,429;423,-96.05;-97.02
	2026-09-20 15:33:25.648,120.13142171,30.27112970,12.44,1.29,13,107.9,417,-89.92,3.85,423;429;411,-94.39;-94.55;-94.78,423;429,-94.39;-94.55
	2026-09-20 15:33:25.842,120.13141258,30.27112937,11.97,0.88,11,231.0,417,-87.64,6.98,429;411;423,-93.99;-94.42;-96.62,429;411,-93.99;-94.42
	2026-09-20 15:33:26.085,120.13141970,30.27112564,12.37,0.58,11,137.5,417,-88.95,3.41,429;423;411,-93.76;-94.06;-94.12,429;423,-93.76;-94.06
	2026-09-20 15:33:26.380,120.13143120,30.27113044,12.06,1.06,13,359.9,417,-88.45,4.83,429;423;411,-94.11;-95.95;-97.55,429;423,-94.11;-95.95
	2026-09-20 15:33:26.615,120.13142180,30.27112093,11.83,0.69,9,208.4,417,-87.68,4.34,429;411;423,-93.29;-95.51;-96.30,429;411,-93.29;-95.51
	2026-09-20 15:33:26.906,120.13141045,30.27111123,12.26,1.03,9,109.7,417,-90.96,2.34,429;423;411,-95.06;-95.07;-96.19,429;423,-95.06;-95.07
	2026-09-20 15:33:27.179,120.13142712,30.27111028,12.17,0.38,9,38.6,417,-89.89,3.87,429;411;423,-94.04;-94.67;-95.22,429;411,-94.04;-94.67
	2026-09-20 15:33:27.452,120.13141891,30.27112545,11.67,1.01,9,340.8,417,-90.58,0.79,411;429;423,-92.69;-93.82;-96.30,411;429,-92.69;-93.82
	2026-09-20 15:33:27.721,120.13141706,30.27111195,11.68,0.23,8,271.3,417,-89.26,1.53,429;411;423,-91.46;-93.18;-96.60,429;411,-91.46;-93.18
	2026-09-20 15:33:27.961,120.13142903,30.27112104,11.68,1.25,13,191.2,417,-88.34,2.84,423;429;411,-93.31;-95.80;-97.00,423;429,-93.31;-95.80
	2026-09-20 15:33:28.223,120.13143272,30.27110889,12.01,1.32,12,265.6,417,-88.25,4.97,423;429;411,-93.09;-94.05;-96.53,423;429,-93.09;-94.05
	2026-09-20 15:33:28.404,120.13142163,30.27111154,12.23,0.42,14,232.3,417,-87.89,2.14,429;423;411,-91.08;-93.14;-95.96,429;423,-91.08;-93.14
	2026-09-20 15:33:28.632,120.13141464,30.27111009,12.31,1.39,11,182.0,417,-88.98,5.33,429;423;411,-94.50;-95.95;-95.97,429;423,-94.50;-95.95
	2026-09-20 15:33:28.853,120.13141246,30.27110557,12.05,1.09,8,259.3,417,-88.95,5.53,429;423;411,-93.80;-95.54;-95.56,429;423,-93.80;-95.54
	2026-09-20 15:33:29.153,120.13141787,30.27111495,11.77,0.26,13,1.1,417,-90.15,3.20,429;423;411,-94.78;-95.06;-96.27,429;423,-94.78;-95.06
	2026-09-20 15:33:29.347,120.13141156,30.27109589,11.88,0.43,13,183.8,417,-87.80,3.64,429;411;423,-92.79;-94.75;-96.26,429;411,-92.79;-94.75
	2026-09-20 15:33:29.547,120.13142941,30.27111132,11.92,1.25,8,313.8,417,-87.97,0.89,429;423;411,-89.66;-93.58;-95.01,429;423,-89.66;-93.58
	2026-09-20 15:33:29.762,120.13142855,30.27109715,12.38,0.79,14,198.8,417,-90.85,3.44,429;423;411,-94.33;-95.39;-95.99,429;423,-94.33;-95.39
	2026-09-20 15:33:30.057,120.13142956,30.27111109,12.21,0.89,10,286.8,417,-85.82,6.63,411;429;423,-93.58;-94.64;-96.63,411;429,-93.58;-94.64
	2026-09-20 15:33:30.273,120.13141769,30.27109810,12.46,1.37,14,133.9,417,-90.68,-0.31,429;423;411,-92.84;-94.06;-96.61,429;423,-92.84;-94.06
	2026-09-20 15:33:30.565,120.13141298,30.27109094,12.29,1.04,8,266.0,417,-93.54,1.07,429;411;423,-94.46;-96.52;-97.79,429;411,-94.46;-96.52
	2026-09-20 15:33:30.861,120.13143369,30.27109518,12.19,0.28,11,104.3,417,-90.39,2.28,429;411;423,-92.01;-95.86;-97.58,429;411,-92.01;-95.86
	2026-09-20 15:33:31.112,120.13141044,30.27110704,12.25,1.18,8,66.2,417,-89.19,1.01,429;411;423,-91.47;-95.70;-96.19,429;411,-91.47;-95.70
	2026-09-20 15:33:31.418,120.13142986,30.27108673,12.03,0.47,13,87.5,417,-90.47,2.64,429;411;423,-93.79;-94.50;-98.17,429;411,-93.79;-94.50
	2026-09-20 15:33:31.734,120.13143175,30.27110097,11.53,1.24,14,234.6,417,-89.31,2.83,411;429;423,-93.59;-94.32;-94.59,411;429,-93.59;-94.32
	2026-09-20 15:33:31.970,120.13142581,30.27109540,12.29,1.23,11,93.9,417,-88.90,2.93,429;423;411,-92.78;-96.18;-97.50,429;423,-92.78;-96.18
	2026-09-20 15:33:32.276,120.13142439,30.27110070,11.66,0.73,11,227.2,417,-91.69,1.05,429;423;411,-93.81;-95.16;-98.57,429;423,-93.81;-95.16
	2026-09-20 15:33:32.548,120.13141856,30.27108546,12.48,1.34,10,94.9,417,-88.59,3.23,429;411;423,-92.62;-96.99;-97.13,429;411,-92.62;-96.99
	2026-09-20 15:33:32.761,120.13142859,30.27109632,11.67,0.26,8,14.8,429,-91.58,-0.61,417;423;411,-92.04;-95.81;-98.29,417;423,-92.04;-95.81
	2026-09-20 15:33:32.964,120.13142630,30.27109093,12.15,1.32,13,65.9,417,-87.56,5.06,429;411;423,-92.21;-96.07;-96.10,429;411,-92.21;-96.07
	2026-09-20 15:33:33.224,120.13141189,30.27108728,12.29,0.81,8,167.8,417,-91.17,1.63,429;423;411,-93.09;-95.63;-96.25,429;423,-93.09;-95.63
	2026-09-20 15:33:33.499,120.13141325,30.27107748,11.70,1.19,14,185.8,417,-88.95,5.37,429;411;423,-95.42;-96.16;-97.46,429;411,-95.42;-96.16
	2026-09-20 15:33:33.808,120.13141387,30.27107728,12.27,1.22,14,291.5,417,-87.73,5.91,429;411;423,-93.23;-96.08;-99.67,429;411,-93.23;-96.08
	2026-09-20 15:33:34.086,120.13141855,30.27107641,12.28,0.39,14,237.4,417,-90.86,-0.86,429;411;423,-92.56;-93.86;-94.09,429;411,-92.56;-93.86
	2026-09-20 15:33:34.268,120.13141557,30.27107101,11.75,1.13,14,22.6,417,-88.42,4.13,429;423;411,-91.80;-93.13;-94.81,429;423,-91.80;-93.13
	2026-09-20 15:33:34.540,120.13142862,30.27108082,12.11,1.16,9,63.2,429,-90.44,-0.91,417;411;423,-91.56;-95.01;-95.42,417;411,-91.56;-95.01
	2026-09-20 15:33:34.766,120.13141234,30.27107323,12.22,0.85,13,137.8,417,-88.56,3.13,429;423;411,-93.35;-94.68;-97.16,429;423,-93.35;-94.68
	2026-09-20 15:33:34.973,120.13141503,30.27106873,11.61,0.57,8,131.2,417,-90.10,1.60,429;411;423,-93.02;-94.47;-95.92,429;411,-93.02;-94.47
	2026-09-20 15:33:35.160,120.13142048,30.27107713,12.49,0.79,8,94.3,417,-90.30,2.47,429;411;423,-92.88;-92.98;-96.22,429;411,-92.88;-92.98
	2026-09-20 15:33:35.437,120.13143194,30.27106726,11.90,1.21,12,271.1,429,-91.90,0.72,417;423;411,-92.19;-97.18;-97.78,417;423,-92.19;-97.18
	2026-09-20 15:33:35.750,120.13143401,30.27108108,12.26,0.79,14,176.7,417,-89.60,1.15,429;423;411,-93.68;-95.22;-96.15,429;423,-93.68;-95.22
	2026-09-20 15:33:35.938,120.13142038,30.27107725,12.40,0.90,13,114.0,417,-90.16,1.84,429;411;423,-93.10;-94.77;-96.67,429;411,-93.10;-94.77
	2026-09-20 15:33:36.203,120.13142026,30.27107196,11.71,0.66,10,321.7,417,-89.67,4.20,429;423;411,-93.94;-95.17;-98.91,429;423,-93.94;-95.17
	2026-09-20 15:33:36.517,120.13141040,30.27106367,12.47,1.27,8,240.0,417,-90.89,-0.20,429;423;411,-91.46;-94.66;-96.16,429;423,-91.46;-94.66
	2026-09-20 15:33:36.810,120.13141749,30.27107061,12.00,0.31,10,129.2,429,-91.38,-0.72,417;423;411,-92.42;-94.38;-97.94,417;423,-92.42;-94.38
	2026-09-20 15:33:37.016,120.13141303,30.27106524,11.53,0.63,8,294.3,417,-89.15,1.96,429;411;423,-93.37;-94.11;-94.53,429;411,-93.37;-94.11
	2026-09-20 15:33:37.330,120.13141397,30.27107067,11.92,0.47,14,9.5,417,-87.97,4.26,423;429;411,-93.37;-94.71;-97.68,423;429,-93.37;-94.71
	2026-09-20 15:33:37.513,120.13141072,30.27105844,12.37,1.39,10,58.3,417,-90.98,2.47,429;423;411,-92.72;-95.51;-96.22,429;423,-92.72;-95.51
	2026-09-20 15:33:37.696,120.13141035,30.27105225,12.34,0.49,8,284.1,429,-91.46,-1.17,417;411;423,-91.66;-93.24;-95.52,417;411,-91.66;-93.24
	2026-09-20 15:33:37.967,120.13143167,30.27104943,12.31,0.63,10,318.0,423,-90.94,2.01,429;417;411,-92.02;-93.36;-96.82,429;417,-92.02;-93.36
	2026-09-20 15:33:38.224,120.13142728,30.27105103,12.35,0.58,14,142.1,417,-90.09,2.09,429;411;423,-92.37;-94.65;-94.72,429;411,-92.37;-94.65
	2026-09-20 15:33:38.511,120.13142185,30.27106060,11.93,0.42,8,53.6,417,-90.20,1.22,429;411;423,-90.68;-95.67;-97.75,429;411,-90.68;-95.67
	2026-09-20 15:33:38.721,120.13142359,30.27106228,12.48,0.38,8,303.8,417,-90.78,-0.22,429;423;411,-91.70;-95.11;-96.53,429;423,-91.70;-95.11
	2026-09-20 15:33:38.961,120.13142309,30.27105330,12.02,0.51,8,235.6,417,-90.30,-0.67,429;411;423,-90.95;-95.95;-96.06,429;411,-90.95;-95.95
	2026-09-20 15:33:39.203,120.13141967,30.27104718,11.68,1.18,8,216.9,429,-89.44,2.44,417;411;423,-91.29;-95.38;-97.94,417;411,-91.29;-95.38
	2026-09-20 15:33:39.520,120.13143029,30.27104117,11.93,0.32,10,159.6,417,-90.01,-0.11,429;411;423,-91.31;-95.19;-95.35,429;411,-91.31;-95.19
	2026-09-20 15:33:39.805,120.13143022,30.27105794,12.13,0.22,13,117.8,417,-88.53,1.82,411;429;423,-92.54;-93.20;-95.94,411;429,-92.54;-93.20
	2026-09-20 15:33:40.120,120.13143026,30.27103821,12.25,0.24,8,350.4,417,-92.19,1.99,429;423;411,-94.54;-95.47;-96.08,429;423,-94.54;-95.47
	2026-09-20 15:33:40.436,120.13141890,30.27103537,11.70,0.36,14,167.1,417,-88.55,1.92,423;429;411,-90.85;-92.08;-97.53,423;429,-90.85;-92.08
	2026-09-20 15:33:40.726,120.13143056,30.27104215,12.43,0.94,8,164.1,417,-91.51,1.41,429;423;411,-93.94;-94.78;-95.51,429;423,-93.94;-94.78
	2026-09-20 15:33:40.985,120.13142607,30.27104981,11.98,0.57,13,188.4,429,-92.87,1.16,417;411;423,-93.33;-95.02;-97.98,417;411,-93.33;-95.02
	2026-09-20 15:33:41.210,120.13141155,30.27103688,12.11,0.43,13,61.6,417,-93.60,0.07,429;411;423,-95.37;-95.37;-95.38,429;411,-95.37;-95.37
	2026-09-20 15:33:41.402,120.13143172,30.27104365,11.66,1.23,10,219.0,417,-90.46,-1.71,429;423;411,-90.51;-95.77;-96.16,429;423,-90.51;-95.77
	2026-09-20 15:33:41.597,120.13143130,30.27104317,12.39,0.81,9,336.9,417,-93.36,-1.27,423;429;411,-94.33;-96.03;-96.52,423;429,-94.33;-96.03
	2026-09-20 15:33:41.793,120.13142776,30.27104377,11.62,0.71,12,296.6,417,-89.02,0.93,429;423;411,-90.61;-96.40;-96.60,429;423,-90.61;-96.40
	2026-09-20 15:33:42.069,120.13142321,30.27104028,12.37,0.88,10,20.7,417,-89.35,4.14,429;423;411,-93.03;-93.42;-96.32,429;423,-93.03;-93.42
	2026-09-20 15:33:42.285,120.13141068,30.27104364,11.77,0.58,13,279.6,429,-91.57,-0.71,417;411;423,-92.62;-94.20;-95.12,417;411,-92.62;-94.20
	2026-09-20 15:33:42.475,120.13142654,30.27104017,11.66,0.24,9,319.0,417,-87.85,0.96,429;411;423,-90.85;-92.25;-94.82,429;411,-90.85;-92.25
	2026-09-20 15:33:42.706,120.13142997,30.27102696,11.54,1.33,11,343.0,417,-91.98,-0.86,411;429;423,-92.89;-93.21;-96.29,411;429,-92.89;-93.21
	2026-09-20 15:33:42.996,120.13142355,30.27102050,12.23,0.29,9,63.3,429,-92.86,-1.67,417;423;411,-93.66;-96.07;-97.74,417;423,-93.66;-96.07
	2026-09-20 15:33:43.256,120.13142153,30.27103208,12.22,0.80,13,20.0,417,-89.93,5.40,429;411;423,-95.01;-95.78;-97.36,429;411,-95.01;-95.78
	2026-09-20 15:33:43.491,120.13142280,30.27101760,12.39,0.23,13,189.9,429,-90.84,1.10,417;411;423,-93.07;-94.04;-95.86,417;411,-93.07;-94.04
	2026-09-20 15:33:43.795,120.13143249,30.27103028,11.81,1.13,14,179.4,429,-90.37,0.81,417;411;423,-90.71;-92.03;-93.05,417;411,-90.71;-92.03
	2026-09-20 15:33:43.992,120.13141293,30.27103389,12.39,0.57,11,192.1,429,-88.61,-1.46,417;411;423,-89.41;-95.08;-96.21,417;411,-89.41;-95.08
	2026-09-20 15:33:44.256,120.13142680,30.27101335,11.84,1.33,11,275.8,429,-89.54,-0.47,417;423;411,-90.60;-95.38;-96.45,417;423,-90.60;-95.38
	2026-09-20 15:33:44.470,120.13143267,30.27102226,12.49,0.53,13,315.4,429,-90.03,-0.07,417;423;411,-91.35;-98.61;-98.86,417;423,-91.35;-98.61
	2026-09-20 15:33:44.761,120.13143137,30.27101543,12.25,1.38,10,184.8,429,-89.02,0.41,417;423;411,-91.31;-94.28;-97.31,417;423,-91.31;-94.28
	2026-09-20 15:33:44.996,120.13141508,30.27102207,11.96,0.74,14,218.0,417,-90.84,-0.20,423;429;411,-91.35;-91.99;-94.64,423;429,-91.35;-91.99
	2026-09-20 15:33:45.195,120.13141329,30.27101314,11.78,0.60,12,82.3,417,-92.06,0.78,429;411;423,-92.80;-96.01;-98.42,429;411,-92.80;-96.01
	2026-09-20 15:33:45.437,120.13140989,30.27102466,11.65,0.53,12,235.5,429,-93.39,0.55,417;411;423,-93.58;-94.72;-95.99,417;411,-93.58;-94.72
	2026-09-20 15:33:45.679,120.13142622,30.27100484,12.05,0.94,14,118.4,417,-92.52,0.86,429;411;423,-93.22;-96.99;-98.03,429;411,-93.22;-96.99
	2026-09-20 15:33:45.933,120.13142386,30.27101159,11.68,1.10,13,170.7,417,-90.52,0.25,429;411;423,-91.91;-95.86;-98.02,429;411,-91.91;-95.86
	2026-09-20 15:33:46.215,120.13142659,30.27100236,12.24,0.24,14,121.1,417,-90.91,-0.07,429;411;423,-92.61;-93.50;-95.27,429;411,-92.61;-93.50
	2026-09-20 15:33:46.443,120.13141760,30.27101525,11.92,1.04,12,263.9,417,-91.61,1.54,429;423;411,-93.18;-94.37;-96.06,429;423,-93.18;-94.37
	2026-09-20 15:33:46.705,120.13142954,30.27100761,12.03,0.30,12,289.8,417,-90.98,2.38,429;411;423,-92.87;-94.66;-96.21,429;411,-92.87;-94.66
	2026-09-20 15:33:47.023,120.13141654,30.27101144,12.00,0.98,10,41.1,429,-91.29,1.51,417;411;423,-93.41;-94.23;-94.70,417;411,-93.41;-94.23
	2026-09-20 15:33:47.324,120.13143148,30.27101197,11.80,0.71,11,272.9,429,-90.75,-0.12,417;411;423,-92.58;-95.85;-96.86,417;411,-92.58;-95.85
	2026-09-20 15:33:47.609,120.13141781,30.27099766,12.29,0.38,13,237.2,429,-90.57,-0.76,417;411;423,-90.77;-93.23;-93.82,417;411,-90.77;-93.23
	2026-09-20 15:33:47.858,120.13141373,30.27100850,12.15,1.22,10,148.0,417,-89.39,1.07,429;411;423,-91.20;-93.57;-94.69,429;411,-91.20;-93.57
	2026-09-20 15:33:48.131,120.13141137,30.27099981,12.37,0.47,14,307.4,423,-91.57,-0.14,429;417;411,-91.61;-92.85;-95.93,429;417,-91.61;-92.85
	2026-09-20 15:33:48.408,120.13141365,30.27098897,11.85,0.40,11,297.3,417,-89.10,-0.73,429;423;411,-91.23;-92.55;-95.61,429;423,-91.23;-92.55
	2026-09-20 15:33:48.618,120.13143018,30.27100712,11.64,1.14,14,243.2,417,-89.78,1.50,429;423;411,-92.26;-94.73;-96.13,429;423,-92.26;-94.73
	2026-09-20 15:33:48.875,120.13142177,30.27098805,11.78,0.95,8,65.8,429,-91.04,-0.49,417;423;411,-91.85;-95.35;-97.24,417;423,-91.85;-95.35
	2026-09-20 15:33:49.111,120.13142920,30.27100007,11.51,0.93,10,40.0,417,-88.75,-0.02,429;411;423,-90.75;-92.54;-95.98,429;411,-90.75;-92.54
	2026-09-20 15:33:49.347,120.13143306,30.27099745,12.38,0.72,10,167.7,429,-92.67,-0.72,417;411;423,-93.47;-94.53;-96.06,417;411,-93.47;-94.53
	2026-09-20 15:33:49.553,120.13142413,30.27099160,12.25,0.89,9,97.7,429,-90.56,1.32,417;423;411,-93.00;-96.78;-97.11,417;423,-93.00;-96.78
	2026-09-20 15:33:49.739,120.13141239,30.27099608,11.93,1.06,10,308.7,417,-92.35,-0.43,429;423;411,-93.46;-94.19;-96.74,429;423,-93.46;-94.19
	2026-09-20 15:33:49.934,120.13142469,30.27098955,12.35,0.70,8,289.4,423,-92.00,1.92,411;429;417,-94.86;-95.02;-96.01,411;429,-94.86;-95.02
	2026-09-20 15:33:50.218,120.13141620,30.27098113,11.74,0.45,10,35.4,429,-92.11,1.12,423;411;417,-93.39;-93.67;-93.70,423;411,-93.39;-93.67
	2026-09-20 15:33:50.511,120.13142234,30.27099244,12.44,1.30,12,102.8,417,-90.17,3.53,429;423;411,-94.10;-94.64;-97.25,429;423,-94.10;-94.64
	2026-09-20 15:33:50.714,120.13142684,30.27097790,12.09,0.71,10,136.8,417,-90.61,1.57,429;423;411,-91.65;-95.01;-95.48,429;423,-91.65;-95.01
	2026-09-20 15:33:51.005,120.13141307,30.27099076,11.66,0.90,11,336.8,417,-92.56,-0.11,429;411;423,-93.01;-95.12;-95.59,429;411,-93.01;-95.12
	2026-09-20 15:33:51.297,120.13142200,30.27097501,11.84,1.07,13,122.6,429,-90.08,1.07,417;423;411,-91.02;-93.73;-99.01,417;423,-91.02;-93.73
	2026-09-20 15:33:51.489,120.13141465,30.27097636,12.21,0.84,8,166.3,429,-92.12,1.29,417;411;423,-93.17;-95.19;-95.73,417;411,-93.17;-95.19
	2026-09-20 15:33:51.709,120.13141621,30.27097243,12.21,1.37,11,71.4,417,-90.54,1.30,429;423;411,-92.66;-93.18;-95.38,429;423,-92.66;-93.18
	2026-09-20 15:33:52.001,120.13142888,30.27098625,11.85,0.68,10,263.6,417,-90.16,-0.34,429;423;411,-91.73;-93.29;-96.05,429;423,-91.73;-93.29
	2026-09-20 15:33:52.314,120.13142731,30.27098604,11.98,1.13,9,288.1,429,-92.15,-0.02,411;417;423,-92.64;-94.19;-94.67,411;417,-92.64;-94.19
	2026-09-20 15:33:52.524,120.13142323,30.27096715,11.74,0.95,8,72.4,429,-87.54,0.86,417;423;411,-89.76;-94.83;-96.73,417;423,-89.76;-94.83
	2026-09-20 15:33:52.839,120.13142748,30.27096896,11.53,1.04,10,346.7,417,-91.02,-0.37,429;423;411,-91.17;-95.03;-95.15,429;423,-91.17;-95.03
	2026-09-20 15:33:53.097,120.13142010,30.27097148,11.85,0.51,12,147.0,429,-89.88,1.68,417;423;411,-92.35;-92.38;-95.17,417;423,-92.35;-92.38
	2026-09-20 15:33:53.299,120.13142946,30.27096215,11.66,0.82,11,100.0,429,-90.39,1.87,417;411;423,-92.61;-94.80;-94.81,417;411,-92.61;-94.80
	2026-09-20 15:33:53.498,120.13141401,30.27096807,12.14,0.25,10,355.5,429,-90.46,1.29,417;411;423,-92.52;-95.53;-97.00,417;411,-92.52;-95.53
	2026-09-20 15:33:53.718,120.13142655,30.27096480,11.97,1.03,13,50.1,417,-90.60,-0.05,429;423;411,-91.54;-95.00;-97.29,429;423,-91.54;-95.00
	2026-09-20 15:33:53.987,120.13141605,30.27096623,12.41,0.46,9,231.1,429,-89.54,3.02,417;411;423,-93.47;-93.61;-97.71,417;411,-93.47;-93.61
	2026-09-20 15:33:54.207,120.13141553,30.27095722,11.66,0.80,10,290.7,429,-90.64,-0.19,417;411;423,-91.27;-95.07;-96.21,417;411,-91.27;-95.07
	2026-09-20 15:33:54.463,120.13142384,30.27095812,12.12,1.37,9,114.8,411,-92.65,-0.02,417;429;423,-93.00;-94.72;-94.91,417;429,-93.00;-94.72
	2026-09-20 15:33:54.714,120.13143335,30.27095717,12.47,0.99,13,301.8,429,-90.28,2.06,417;423;411,-93.27;-95.00;-97.19,417;423,-93.27;-95.00
	2026-09-20 15:33:54.920,120.13142427,30.27096094,11.57,0.37,14,64.4,429,-91.27,1.18,417;411;423,-92.91;-94.77;-96.15,417;411,-92.91;-94.77
	2026-09-20 15:33:55.240,120.13141365,30.27096220,11.52,0.27,8,135.0,417,-90.16,-0.27,429;411;423,-91.11;-94.67;-98.19,429;411,-91.11;-94.67
	2026-09-20 15:33:55.421,120.13142813,30.27096433,11.61,1.03,13,59.6,429,-91.12,0.38,417;411;423,-94.19;-94.62;-96.20,417;411,-94.19;-94.62
	2026-09-20 15:33:55.638,120.13141441,30.27095338,11.81,0.72,12,326.1,429,-89.60,2.10,417;411;423,-92.18;-95.05;-95.72,417;411,-92.18;-95.05
	2026-09-20 15:33:55.833,120.13142098,30.27096233,11.55,0.42,8,98.4,429,-89.53,-0.19,423;411;417,-92.28;-93.62;-94.45,423;411,-92.28;-93.62
	2026-09-20 15:33:56.088,120.13141073,30.27095238,12.12,0.25,9,193.7,429,-88.91,1.95,417;423;411,-91.40;-93.35;-98.26,417;423,-91.40;-93.35
	2026-09-20 15:33:56.342,120.13142197,30.27094480,12.24,1.13,8,267.8,429,-88.88,-0.56,417;411;423,-89.65;-97.37;-97.68,417;411,-89.65;-97.37
	2026-09-20 15:33:56.556,120.13142790,30.27094513,12.49,1.10,13,41.5,417,-90.61,4.17,429;423;411,-92.57;-93.91;-97.45,429;423,-92.57;-93.91
	2026-09-20 15:33:56.759,120.13143380,30.27094268,12.42,0.77,14,213.2,417,-90.66,-0.96,429;423;411,-91.00;-92.20;-94.01,429;423,-91.00;-92.20
	2026-09-20 15:33:57.042,120.13142467,30.27094504,12.30,0.91,12,151.4,429,-87.59,1.59,417;411;423,-90.74;-94.21;-94.90,417;411,-90.74;-94.21
	2026-09-20 15:33:57.319,120.13141730,30.27094545,12.24,1.16,12,9.3,429,-90.91,0.16,417;423;411,-92.77;-94.30;-94.77,417;423,-92.77;-94.30
	2026-09-20 15:33:57.575,120.13143295,30.27094627,11.70,1.00,12,115.3,429,-89.37,2.26,417;423;411,-93.06;-93.65;-95.99,417;423,-93.06;-93.65
	2026-09-20 15:33:57.792,120.13142199,30.27094513,12.14,0.96,10,23.3,429,-89.47,2.13,417;423;411,-91.20;-95.10;-95.68,417;423,-91.20;-95.10
	2026-09-20 15:33:58.061,120.13142345,30.27094502,11.54,1.08,13,60.8,429,-90.59,-0.74,417;411;423,-93.17;-95.29;-96.09,417;411,-93.17;-95.29
	2026-09-20 15:33:58.305,120.13140999,30.27093943,11.57,0.37,13,287.1,429,-88.71,2.90,417;423;411,-92.05;-94.06;-96.68,417;423,-92.05;-94.06
	2026-09-20 15:33:58.589,120.13141988,30.27093529,11.60,0.26,12,248.1,429,-91.61,0.12,417;423;411,-92.49;-93.85;-97.63,417;423,-92.49;-93.85
	2026-09-20 15:33:58.857,120.13142326,30.27093978,12.26,0.88,12,19.8,429,-91.20,2.14,423;417;411,-93.52;-93.61;-93.72,423;417,-93.52;-93.61
	2026-09-20 15:33:59.087,120.13141810,30.27093133,12.29,1.22,13,36.5,429,-91.08,1.07,417;411;423,-93.42;-94.20;-96.55,417;411,-93.42;-94.20
	2026-09-20 15:33:59.401,120.13142504,30.27094039,12.16,0.60,10,123.1,429,-89.61,2.47,417;423;411,-91.97;-93.66;-95.24,417;423,-91.97;-93.66
	2026-09-20 15:33:59.692,120.13142852,30.27092831,12.24,1.26,12,73.2,429,-88.81,1.78,417;423;411,-91.60;-95.70;-96.23,417;423,-91.60;-95.70
	2026-09-20 15:34:00.010,120.13143269,30.27093879,11.52,0.64,14,30.9,429,-89.93,3.96,423;411;417,-93.76;-94.63;-95.30,423;411,-93.76;-94.63
	2026-09-20 15:34:00.220,120.13142786,30.27093055,12.00,0.87,14,151.0,429,-91.28,-0.50,417;423;411,-91.74;-93.68;-95.68,417;423,-91.74;-93.68
	2026-09-20 15:34:00.448,120.13141259,30.27093965,12.35,0.35,12,43.4,429,-90.26,3.20,417;423;411,-93.15;-93.64;-93.90,417;423,-93.15;-93.64
	2026-09-20 15:34:00.706,120.13142075,30.27092798,12.00,0.84,14,353.0,429,-92.83,-1.50,417;411;423,-93.24;-95.48;-97.02,417;411,-93.24;-95.48
	2026-09-20 15:34:00.925,120.13141817,30.27092268,11.63,1.13,9,283.1,417,-88.81,-0.88,429;411;423,-89.39;-96.80;-97.32,429;411,-89.39;-96.80
	2026-09-20 15:34:01.239,120.13142316,30.27092689,11.80,0.68,12,53.8,429,-89.22,5.75,423;417;411,-94.50;-95.76;-96.06,423;417,-94.50;-95.76
	2026-09-20 15:34:01.509,120.13142714,30.27092993,11.91,1.11,11,323.3,429,-86.92,7.01,423;417;411,-93.19;-93.33;-94.91,423;417,-93.19;-93.33
	2026-09-20 15:34:01.747,120.13142655,30.27092235,12.35,1.20,9,13.0,429,-88.85,6.20,417;411;423,-94.35;-95.57;-97.21,417;411,-94.35;-95.57
	2026-09-20 15:34:01.947,120.13142975,30.27091525,11.78,0.77,8,215.4,429,-89.98,1.47,411;417;423,-92.13;-93.15;-93.19,411;417,-92.13;-93.15
	2026-09-20 15:34:02.191,120.13143021,30.27092185,11.99,0.79,14,105.0,429,-89.09,1.72,417;423;411,-92.05;-94.91;-95.61,417;423,-92.05;-94.91
	2026-09-20 15:34:02.378,120.13141031,30.27092781,12.50,0.33,9,293.0,429,-89.20,1.67,423;417;411,-92.02;-92.64;-94.62,423;417,-92.02;-92.64
	2026-09-20 15:34:02.671,120.13142058,30.27091373,12.00,0.55,13,102.4,429,-89.36,4.17,417;423;411,-92.79;-93.07;-94.90,417;423,-92.79;-93.07
	2026-09-20 15:34:02.962,120.13142592,30.27091668,12.39,0.80,9,333.5,429,-89.76,2.14,417;411;423,-93.83;-94.05;-96.21,417;411,-93.83;-94.05
	2026-09-20 15:34:03.226,120.13143135,30.27090381,11.83,1.00,12,293.2,429,-86.75,8.05,423;417;411,-95.00;-95.06;-97.75,423;417,-95.00;-95.06
	2026-09-20 15:34:03.446,120.13143117,30.27090890,11.71,1.38,14,161.0,429,-88.72,4.00,417;411;423,-93.54;-93.56;-96.88,417;411,-93.54;-93.56
	2026-09-20 15:34:03.694,120.13141843,30.27091904,11.71,0.78,14,328.5,429,-89.45,-0.89,417;423;411,-90.64;-97.30;-97.86,417;423,-90.64;-97.30
	2026-09-20 15:34:03.897,120.13141251,30.27091831,12.44,0.43,10,90.0,429,-90.99,-1.90,417;411;423,-91.64;-94.76;-95.88,417;411,-91.64;-94.76
	2026-09-20 15:34:04.077,120.13142575,30.27091493,11.79,0.28,10,111.0,429,-90.63,0.30,417;423;411,-92.78;-94.10;-94.20,417;423,-92.78;-94.10
	2026-09-20 15:34:04.353,120.13143273,30.27091174,12.11,0.59,14,19.5,429,-89.71,-0.67,417;411;423,-89.80;-95.25;-95.61,417;411,-89.80;-95.25
	2026-09-20 15:34:04.656,120.13143000,30.27090626,12.34,0.82,14,151.6,429,-90.11,2.68,417;411;423,-93.84;-94.59;-94.64,417;411,-93.84;-94.59
	2026-09-20 15:34:04.955,120.13142785,30.27090529,12.20,1.10,8,181.3,417,-92.01,-1.06,429;411;423,-92.07;-95.44;-96.18,429;411,-92.07;-95.44
	2026-09-20 15:34:05.234,120.13141581,30.27089972,11.69,0.93,14,181.8,429,-87.67,7.83,417;423;411,-95.86;-95.99;-96.57,417;423,-95.86;-95.99
	2026-09-20 15:34:05.485,120.13143403,30.27089713,11.59,0.36,10,209.2,429,-86.75,4.00,423;417;411,-92.01;-95.09;-95.98,423;417,-92.01;-95.09
	2026-09-20 15:34:05.702,120.13143052,30.27089012,12.43,0.53,8,356.0,429,-88.41,1.65,417;411;423,-91.13;-93.92;-94.62,417;411,-91.13;-93.92
	2026-09-20 15:34:05.914,120.13141295,30.27089527,12.02,0.57,11,279.3,429,-87.04,4.15,417;423;411,-91.39;-93.53;-96.33,417;423,-91.39;-93.53
	2026-09-20 15:34:06.183,120.13141409,30.27089207,11.54,1.34,12,277.0,429,-90.22,0.14,423;411;417,-91.15;-94.44;-94.62,423;411,-91.15;-94.44
	2026-09-20 15:34:06.378,120.13142740,30.27088717,12.28,1.03,8,70.1,429,-91.30,-0.16,417;423;411,-93.22;-94.22;-97.49,417;423,-93.22;-94.22
	2026-09-20 15:34:06.621,120.13141207,30.27089519,12.12,1.35,9,71.9,429,-91.36,2.99,423;417;411,-93.89;-95.75;-97.27,423;417,-93.89;-95.75
	2026-09-20 15:34:06.820,120.13142598,30.27088349,11.94,0.41,14,167.8,423,-90.78,-2.40,429;417;411,-90.80;-92.36;-97.55,429;417,-90.80;-92.36
	2026-09-20 15:34:07.030,120.13141520,30.27089780,11.82,0.35,14,208.8,429,-90.16,2.26,417;423;411,-93.29;-93.86;-95.09,417;423,-93.29;-93.86
	2026-09-20 15:34:07.305,120.13142798,30.27088367,11.78,0.70,11,169.5,429,-87.86,4.12,423;417;411,-93.68;-94.50;-95.00,423;417,-93.68;-94.50
	2026-09-20 15:34:07.557,120.13142890,30.27088171,11.51,0.22,14,326.9,429,-87.59,5.69,417;423;411,-93.49;-94.60;-96.71,417;423,-93.49;-94.60
	2026-09-20 15:34:07.746,120.13142936,30.27088541,12.29,1.27,8,332.5,429,-89.73,0.49,417;423;411,-91.38;-93.95;-96.56,417;423,-91.38;-93.95
	2026-09-20 15:34:08.010,120.13142206,30.27088024,12.09,0.41,12,123.8,429,-91.79,1.36,423;417;411,-94.16;-94.19;-95.09,423;417,-94.16;-94.19
	2026-09-20 15:34:08.297,120.13141311,30.27087315,11.63,0.31,11,233.8,429,-87.08,2.23,423;411;417,-90.15;-91.46;-91.91,423;411,-90.15;-91.46
	2026-09-20 15:34:08.499,120.13142021,30.27087954,12.35,0.73,10,273.3,429,-87.34,3.52,417;423;411,-91.21;-94.53;-96.86,417;423,-91.21;-94.53
	2026-09-20 15:34:08.790,120.13142482,30.27087101,11.77,1.23,13,140.7,429,-90.40,2.22,411;423;417,-94.16;-94.76;-95.71,411;423,-94.16;-94.76
	2026-09-20 15:34:09.012,120.13143006,30.27088129,11.96,0.37,10,328.0,429,-89.16,-0.09,417;423;411,-90.87;-95.55;-97.51,417;423,-90.87;-95.55
	2026-09-20 15:34:09.323,120.13141994,30.27086742,12.37,0.33,11,306.4,429,-89.44,4.83,417;423;507,-94.51;-95.66;-97.61,417;423,-94.51;-95.66
	2026-09-20 15:34:09.637,120.13143166,30.27088649,12.24,0.39,13,117.4,429,-87.52,3.96,417;423;411,-92.20;-93.76;-97.09,417;423,-92.20;-93.76
	2026-09-20 15:34:09.876,120.13141599,30.27087300,11.93,0.77,14,185.1,429,-91.19,0.25,417;411;507,-93.02;-94.15;-96.93,417;411,-93.02;-94.15
	2026-09-20 15:34:10.187,120.13141192,30.27087713,12.28,0.69,12,298.8,429,-87.62,7.48,417;411;423,-94.25;-94.67;-95.41,417;411,-94.25;-94.67
	2026-09-20 15:34:10.382,120.13141435,30.27087286,12.03,1.33,8,0.7,429,-88.48,0.91,417;411;423,-91.42;-95.21;-96.23,417;411,-91.42;-95.21
	2026-09-20 15:34:10.603,120.13142606,30.27086421,11.81,0.97,12,234.9,429,-85.86,8.93,423;411;417,-94.23;-94.76;-95.69,423;411,-94.23;-94.76
	2026-09-20 15:34:10.862,120.13141473,30.27086580,12.38,1.10,10,301.7,429,-87.16,4.71,411;417;423,-92.66;-94.74;-94.82,411;417,-92.66;-94.74
	2026-09-20 15:34:11.113,120.13142387,30.27086231,12.01,1.16,9,19.2,429,-88.77,2.32,417;423;411,-91.16;-96.00;-96.73,417;423,-91.16;-96.00
	2026-09-20 15:34:11.341,120.13143145,30.27085549,12.47,0.39,12,312.3,429,-85.75,6.66,423;417;411,-94.24;-94.75;-96.74,423;417,-94.24;-94.75
	2026-09-20 15:34:11.589,120.13143444,30.27086488,11.56,0.21,12,124.7,429,-86.38,1.82,417;423;411,-90.01;-93.29;-95.27,417;423,-90.01;-93.29
	2026-09-20 15:34:11.887,120.13142074,30.27085335,11.88,0.51,14,48.7,429,-87.99,3.65,417;411;423,-92.71;-96.01;-96.03,417;411,-92.71;-96.01
	2026-09-20 15:34:12.108,120.13142174,30.27086688,11.76,1.31,8,46.5,429,-88.58,1.69,417;423;411,-92.28;-96.55;-98.15,417;423,-92.28;-96.55
	2026-09-20 15:34:12.349,120.13142021,30.27086339,12.03,0.57,8,212.1,429,-87.39,4.49,417;423;411,-91.91;-94.83;-96.34,417;423,-91.91;-94.83
	2026-09-20 15:34:12.667,120.13143354,30.27085186,11.98,0.67,10,100.9,429,-89.07,6.39,423;417;411,-95.28;-95.34;-95.98,423;417,-95.28;-95.34
	2026-09-20 15:34:12.906,120.13143348,30.27085472,12.19,0.40,9,77.1,429,-91.65,-0.03,417;423;411,-92.93;-94.75;-97.38,417;423,-92.93;-94.75
	2026-09-20 15:34:13.112,120.13141305,30.27085373,11.67,0.48,13,291.2,429,-88.38,6.00,417;423;411,-94.91;-96.37;-96.68,417;423,-94.91;-96.37
	2026-09-20 15:34:13.358,120.13143454,30.27084432,12.03,0.61,10,270.3,429,-84.90,5.35,417;423;411,-91.49;-93.29;-94.31,417;423,-91.49;-93.29
	2026-09-20 15:34:13.596,120.13141941,30.27085754,12.34,1.32,8,35.5,429,-86.95,8.00,417;423;507,-92.91;-94.58;-95.59,417;423,-92.91;-94.58
	2026-09-20 15:34:13.833,120.13141235,30.27084856,11.92,1.26,14,223.7,429,-86.71,5.64,417;423;411,-92.64;-93.15;-96.44,417;423,-92.64;-93.15
	2026-09-20 15:34:14.072,120.13143045,30.27085003,11.95,1.07,13,313.0,429,-87.47,6.55,423;417;411,-94.82;-95.30;-96.74,423;417,-94.82;-95.30
	2026-09-20 15:34:14.314,120.13141015,30.27083913,12.43,0.54,11,126.0,429,-86.88,6.18,417;411;423,-92.93;-95.02;-95.37,417;411,-92.93;-95.02
	2026-09-20 15:34:14.516,120.13143154,30.27084516,11.57,1.18,12,160.7,429,-90.87,5.49,417;411;423,-96.51;-97.04;-98.58,417;411,-96.51;-97.04
	2026-09-20 15:34:14.829,120.13141744,30.27083565,12.18,0.87,11,265.9,429,-88.57,6.38,411;417;423,-95.82;-95.97;-97.55,411;417,-95.82;-95.97
	2026-09-20 15:34:15.059,120.13142032,30.27084152,11.60,0.80,10,274.1,429,-87.59,4.67,417;411;423,-92.95;-95.13;-95.97,417;411,-92.95;-95.13
	2026-09-20 15:34:15.272,120.13142935,30.27083343,11.51,0.42,10,269.6,429,-87.04,3.57,417;423;411,-92.31;-96.00;-96.44,417;423,-92.31;-96.00
	2026-09-20 15:34:15.517,120.13143370,30.27083346,11.65,1.11,8,45.0,429,-91.18,1.32,423;417;411,-93.25;-94.10;-96.97,423;417,-93.25;-94.10
	2026-09-20 15:34:15.836,120.13142332,30.27083745,11.99,0.30,10,170.2,429,-88.36,5.31,423;417;411,-94.64;-95.54;-96.37,423;417,-94.64;-95.54
	2026-09-20 15:34:16.075,120.13141024,30.27083232,12.10,0.24,12,23.9,429,-87.96,3.30,423;417;507,-92.25;-92.38;-98.04,423;417,-92.25;-92.38
	2026-09-20 15:34:16.386,120.13141292,30.27083138,11.54,0.27,9,290.7,429,-88.36,3.87,417;423;411,-94.51;-97.10;-99.13,417;423,-94.51;-97.10
	2026-09-20 15:34:16.573,120.13142034,30.27082583,12.06,0.42,12,314.7,429,-86.36,5.73,417;423;411,-93.42;-95.23;-95.42,417;423,-93.42;-95.23
	2026-09-20 15:34:16.814,120.13141940,30.27083954,12.13,1.12,14,288.2,429,-86.45,6.74,417;423;507,-93.32;-95.97;-97.57,417;423,-93.32;-95.97
	2026-09-20 15:34:17.075,120.13142783,30.27083784,11.53,0.44,14,57.6,429,-88.84,6.05,423;417;411,-94.20;-96.20;-96.44,423;417,-94.20;-96.20
	2026-09-20 15:34:17.307,120.13142073,30.27082289,12.44,1.24,12,140.1,429,-86.49,9.37,423;411;417,-95.34;-96.40;-96.78,423;411,-95.34;-96.40
	2026-09-20 15:34:17.610,120.13142668,30.27082574,12.37,1.31,9,219.4,429,-89.58,2.55,423;411;417,-92.72;-94.44;-95.64,423;411,-92.72;-94.44
	2026-09-20 15:34:17.877,120.13142869,30.27082999,12.17,0.50,14,56.6,429,-86.83,7.11,423;411;417,-94.80;-96.25;-97.37,423;411,-94.80;-96.25
	2026-09-20 15:34:18.168,120.13141859,30.27083241,12.14,0.59,9,255.8,429,-87.47,6.28,423;417;411,-93.78;-95.16;-95.86,423;417,-93.78;-95.16
	2026-09-20 15:34:18.454,120.13143428,30.27082601,12.06,0.73,10,15.4,429,-88.31,4.34,417;423;411,-94.27;-94.88;-96.62,417;423,-94.27;-94.88
	2026-09-20 15:34:18.752,120.13142299,30.27083464,11.51,1.10,14,14.2,429,-91.10,1.88,417;423;507,-93.60;-94.97;-97.36,417;423,-93.60;-94.97
	2026-09-20 15:34:18.974,120.13141540,30.27081418,11.94,1.26,13,260.9,429,-86.83,4.88,417;423;411,-93.34;-93.73;-96.87,417;423,-93.34;-93.73
	2026-09-20 15:34:19.192,120.13143250,30.27082064,11.51,0.23,8,40.8,429,-89.60,3.74,417;423;507,-92.74;-95.83;-96.88,417;423,-92.74;-95.83
	2026-09-20 15:34:19.379,120.13141734,30.27082153,12.24,0.92,9,213.6,429,-86.84,7.19,417;411;423,-94.13;-95.28;-95.60,417;411,-94.13;-95.28
	2026-09-20 15:34:19.659,120.13142613,30.27081815,11.75,1.14,10,136.2,429,-86.68,7.33,423;417;411,-93.37;-93.96;-96.46,423;417,-93.37;-93.96
	2026-09-20 15:34:19.933,120.13141761,30.27081805,12.13,1.36,13,323.8,429,-88.82,4.43,417;411;423,-93.22;-94.72;-95.86,417;411,-93.22;-94.72
	2026-09-20 15:34:20.137,120.13141912,30.27080542,12.40,0.87,11,29.8,429,-83.60,7.43,417;423;411,-92.03;-95.96;-96.21,417;423,-92.03;-95.96
	2026-09-20 15:34:20.380,120.13141243,30.27081067,11.72,0.22,12,318.9,429,-84.98,8.09,423;507;411,-95.18;-95.78;-95.97,423;507,-95.18;-95.78
	2026-09-20 15:34:20.680,120.13142290,30.27081043,12.49,0.82,10,267.6,429,-87.02,8.36,411;417;423,-95.80;-95.97;-97.08,411;417,-95.80;-95.97
	2026-09-20 15:34:20.938,120.13141529,30.27081785,12.37,0.97,11,160.0,429,-86.89,6.26,417;423;411,-94.51;-94.78;-96.96,417;423,-94.51;-94.78
	2026-09-20 15:34:21.211,120.13142445,30.27081071,12.42,0.58,9,83.5,429,-87.07,3.10,423;417;411,-91.45;-96.11;-97.11,423;417,-91.45;-96.11
	2026-09-20 15:34:21.466,120.13143351,30.27081939,12.46,1.37,13,188.6,429,-87.40,4.96,417;423;411,-92.90;-95.52;-95.53,417;423,-92.90;-95.52
	2026-09-20 15:34:21.773,120.13142023,30.27081695,12.47,0.91,13,170.5,429,-89.80,2.21,411;417;423,-93.42;-93.59;-97.23,411;417,-93.42;-93.59
	2026-09-20 15:34:22.045,120.13141657,30.27080642,12.07,0.71,10,345.4,429,-87.17,7.73,423;417;411,-95.13;-95.55;-97.91,423;417,-95.13;-95.55
	2026-09-20 15:34:22.250,120.13141535,30.27080462,12.14,0.65,8,276.6,429,-82.95,12.00,417;411;423,-93.64;-94.99;-95.08,417;411,-93.64;-94.99
	2026-09-20 15:34:22.547,120.13142624,30.27079937,11.86,0.82,14,47.0,429,-85.12,5.92,411;423;417,-92.49;-94.02;-95.60,411;423,-92.49;-94.02
	2026-09-20 15:34:22.767,120.13143187,30.27079227,12.02,1.36,11,251.0,429,-85.14,5.86,423;417;411,-92.09;-95.15;-96.96,423;417,-92.09;-95.15
	2026-09-20 15:34:22.969,120.13141712,30.27078968,11.86,0.22,9,93.5,429,-84.85,5.14,423;417;411,-91.94;-94.92;-95.67,423;417,-91.94;-94.92
	2026-09-20 15:34:23.281,120.13141102,30.27079198,11.69,0.94,8,348.3,429,-87.65,1.51,423;411;417,-91.65;-94.73;-95.32,423;411,-91.65;-94.73
	2026-09-20 15:34:23.520,120.13142090,30.27079884,11.66,1.14,12,339.1,429,-86.29,7.21,423;417;411,-94.70;-97.08;-97.57,423;417,-94.70;-97.08
	2026-09-20 15:34:23.813,120.13141197,30.27080559,12.32,1.11,13,179.4,429,-86.92,10.33,417;423;411,-96.34;-96.42;-96.84,417;423,-96.34;-96.42
	2026-09-20 15:34:24.110,120.13142500,30.27080307,11.83,0.78,8,291.3,429,-86.34,5.34,423;417;411,-92.05;-96.70;-97.96,423;417,-92.05;-96.70
	2026-09-20 15:34:24.325,120.13141590,30.27078552,12.37,0.83,9,251.1,429,-87.30,6.59,423;411;417,-94.68;-94.94;-95.83,423;411,-94.68;-94.94
	2026-09-20 15:34:24.559,120.13141474,30.27080193,11.88,0.62,10,2.3,429,-86.99,7.95,417;423;411,-95.25;-96.63;-98.45,417;423,-95.25;-96.63
	2026-09-20 15:34:24.752,120.13141248,30.27078971,11.60,0.86,12,266.8,429,-84.60,7.65,423;417;411,-94.32;-95.09;-97.72,423;417,-94.32;-95.09
	2026-09-20 15:34:25.012,120.13142298,30.27078044,12.35,0.66,11,277.0,429,-85.74,7.75,423;411;417,-94.16;-94.64;-95.69,423;411,-94.16;-94.64
	2026-09-20 15:34:25.260,120.13143100,30.27077677,12.49,0.76,8,345.8,429,-82.72,9.93,417;423;411,-92.31;-93.82;-97.98,417;423,-92.31;-93.82
	2026-09-20 15:34:25.547,120.13143283,30.27079250,11.92,1.07,13,163.5,429,-82.79,12.00,417;423;411,-95.70;-96.33;-97.27,417;423,-95.70;-96.33
	2026-09-20 15:34:25.815,120.13141188,30.27077779,11.91,0.24,12,172.3,429,-85.76,7.72,423;417;411,-92.87;-94.53;-98.07,423;417,-92.87;-94.53
	2026-09-20 15:34:26.055,120.13141505,30.27077234,11.91,0.37,12,162.8,429,-88.85,1.23,417;411;423,-92.56;-95.25;-96.95,417;411,-92.56;-95.25
	2026-09-20 15:34:26.265,120.13142010,30.27077356,11.62,0.67,13,323.7,429,-87.84,5.21,423;417;507,-94.39;-94.92;-97.46,423;417,-94.39;-94.92
	2026-09-20 15:34:26.502,120.13141305,30.27077331,11.93,0.49,11,239.2,429,-84.26,9.62,417;423;411,-94.02;-94.54;-95.52,417;423,-94.02;-94.54
	2026-09-20 15:34:26.816,120.13141672,30.27078501,12.38,1.16,14,96.1,429,-88.21,6.89,423;417;411,-94.74;-95.70;-97.54,423;417,-94.74;-95.70
	2026-09-20 15:34:27.134,120.13142334,30.27078780,12.38,1.09,9,301.9,429,-87.99,4.21,423;417;411,-92.96;-93.84;-94.82,423;417,-92.96;-93.84
	2026-09-20 15:34:27.382,120.13141401,30.27077015,12.50,1.38,14,37.7,429,-86.14,7.42,423;411;417,-95.46;-97.08;-97.26,423;411,-95.46;-97.08
	2026-09-20 15:34:27.608,120.13142873,30.27078345,11.72,0.91,13,174.2,429,-85.72,7.47,423;411;417,-93.42;-94.61;-96.00,423;411,-93.42;-94.61
	2026-09-20 15:34:27.927,120.13143145,30.27077682,12.21,0.67,9,268.0,429,-84.53,7.96,411;423;417,-94.84;-95.33;-98.65,411;423,-94.84;-95.33
	2026-09-20 15:34:28.131,120.13143386,30.27077538,11.84,1.13,11,66.7,429,-84.95,8.22,411;417;423,-93.51;-94.92;-96.17,411;417,-93.51;-94.92
	2026-09-20 15:34:28.370,120.13142931,30.27076309,12.01,0.79,9,186.3,429,-84.64,9.60,423;417;411,-93.65;-95.55;-95.87,423;417,-93.65;-95.55
	2026-09-20 15:34:28.608,120.13142033,30.27076769,12.02,0.63,14,23.0,429,-83.82,8.33,423;417;411,-93.03;-95.60;-97.99,423;417,-93.03;-95.60
	2026-09-20 15:34:28.881,120.13143224,30.27077776,11.53,0.73,10,305.6,429,-86.16,9.30,423;417;411,-95.38;-97.17;-98.61,423;417,-95.38;-97.17
	2026-09-20 15:34:29.133,120.13142817,30.27077481,11.61,1.34,12,296.9,429,-84.54,11.19,423;417;411,-95.84;-96.28;-96.95,423;417,-95.84;-96.28
	2026-09-20 15:34:29.320,120.13142418,30.27076982,11.96,1.23,10,57.3,429,-84.28,6.45,417;423;411,-93.25;-94.16;-96.47,417;423,-93.25;-94.16
	2026-09-20 15:34:29.590,120.13142802,30.27076288,11.94,1.35,9,72.4,429,-85.42,8.06,423;411;417,-94.70;-95.47;-96.34,423;411,-94.70;-95.47
	2026-09-20 15:34:29.852,120.13141046,30.27075608,12.02,0.35,9,89.0,429,-84.65,10.68,423;411;417,-94.41;-97.50;-97.53,423;411,-94.41;-97.50
	2026-09-20 15:34:30.097,120.13141689,30.27075180,12.23,1.30,11,234.3,429,-83.39,11.02,417;411;507,-95.19;-96.12;-96.58,417;411,-95.19;-96.12
	2026-09-20 15:34:30.397,120.13142562,30.27075772,12.38,1.32,13,4.4,429,-86.73,4.64,423;411;417,-93.49;-97.43;-99.81,423;411,-93.49;-97.43
	2026-09-20 15:34:30.593,120.13143440,30.27075878,12.42,1.08,14,151.5,429,-85.39,8.76,423;411;507,-95.62;-96.51;-97.61,423;411,-95.62;-96.51
	2026-09-20 15:34:30.857,120.13141783,30.27074697,11.91,1.17,12,244.0,429,-87.50,1.59,411;417;423,-91.49;-93.99;-96.92,411;417,-91.49;-93.99
	2026-09-20 15:34:31.147,120.13143240,30.27076324,12.04,0.95,11,291.0,429,-84.73,9.70,423;417;411,-95.52;-96.31;-96.40,423;417,-95.52;-96.31
	2026-09-20 15:34:31.383,120.13141954,30.27075858,12.21,1.26,14,207.5,429,-86.84,7.34,423;417;411,-94.81;-95.56;-96.28,423;417,-94.81;-95.56
	2026-09-20 15:34:31.682,120.13143100,30.27074848,11.55,0.71,13,267.4,429,-86.62,7.78,417;411;423,-94.50;-96.50;-97.53,417;411,-94.50;-96.50
	2026-09-20 15:34:31.871,120.13142447,30.27075253,12.08,0.32,11,160.9,429,-85.74,9.84,423;417;411,-95.17;-97.49;-98.73,423;417,-95.17;-97.49
	2026-09-20 15:34:32.163,120.13141850,30.27074509,12.01,0.59,10,7.0,429,-85.74,6.82,423;417;411,-92.97;-93.56;-94.05,423;417,-92.97;-93.56
	2026-09-20 15:34:32.423,120.13142842,30.27073796,11.97,0.68,10,36.7,429,-81.89,9.09,411;423;417,-92.31;-92.85;-97.21,411;423,-92.31;-92.85
	2026-09-20 15:34:32.730,120.13142541,30.27074034,11.73,1.22,9,221.5,429,-83.89,12.00,423;417;411,-96.93;-97.74;-98.64,423;417,-96.93;-97.74
	2026-09-20 15:34:33.035,120.13142861,30.27074040,12.17,0.64,8,103.3,429,-85.40,8.93,423;417;411,-95.06;-95.55;-96.37,423;417,-95.06;-95.55
	2026-09-20 15:34:33.308,120.13141445,30.27074041,11.92,0.40,12,281.0,429,-81.99,10.87,423;417;411,-94.29;-95.35;-96.63,423;417,-94.29;-95.35
	2026-09-20 15:34:33.619,120.13141150,30.27074180,11.53,0.50,8,18.4,429,-83.54,8.88,417;423;411,-92.97;-94.51;-95.01,417;423,-92.97;-94.51
	2026-09-20 15:34:33.842,120.13143355,30.27073443,11.78,1.36,11,113.9,429,-85.29,10.60,423;417;411,-97.26;-97.73;-97.87,423;417,-97.26;-97.73
	2026-09-20 15:34:34.062,120.13141202,30.27072990,11.86,0.76,13,16.3,429,-85.82,10.16,411;423;417,-96.48;-96.51;-97.48,411;423,-96.48;-96.51
	2026-09-20 15:34:34.287,120.13142136,30.27073428,11.72,0.45,11,115.9,429,-83.24,10.27,417;423;411,-95.46;-95.58;-95.77,417;423,-95.46;-95.58
	2026-09-20 15:34:34.586,120.13142267,30.27073710,11.58,0.59,11,208.2,429,-83.32,9.49,423;417;411,-94.79;-94.83;-95.39,423;417,-94.79;-94.83
	2026-09-20 15:34:34.797,120.13143162,30.27072809,12.09,1.08,11,121.9,429,-84.45,8.29,417;411;423,-93.85;-94.13;-97.15,417;411,-93.85;-94.13
	2026-09-20 15:34:34.980,120.13141564,30.27072386,12.12,0.29,14,181.0,429,-82.44,11.20,411;423;417,-94.10;-96.59;-98.10,411;423,-94.10;-96.59
	2026-09-20 15:34:35.279,120.13141851,30.27073984,12.34,0.86,13,167.8,429,-82.20,11.21,423;417;411,-95.88;-96.15;-96.50,423;417,-95.88;-96.15
	2026-09-20 15:34:35.501,120.13143110,30.27072094,11.65,1.20,9,298.1,429,-86.25,4.56,423;411;417,-92.09;-97.37;-97.45,423;411,-92.09;-97.37
	2026-09-20 15:34:35.790,120.13141825,30.27072029,12.39,1.37,8,127.5,429,-83.07,12.00,423;417;411,-95.63;-96.47;-97.56,423;417,-95.63;-96.47
	2026-09-20 15:34:36.024,120.13141391,30.27072690,12.49,0.91,9,28.0,429,-84.36,10.58,423;417;411,-94.50;-96.93;-98.48,423;417,-94.50;-96.93
	2026-09-20 15:34:36.299,120.13142202,30.27071957,11.70,1.33,8,244.3,429,-87.35,6.99,417;411;423,-95.75;-96.60;-97.15,417;411,-95.75;-96.60
	2026-09-20 15:34:36.588,120.13142441,30.27073020,11.64,0.76,11,332.0,429,-83.06,7.54,423;411;417,-91.59;-97.20;-97.75,423;411,-91.59;-97.20
	2026-09-20 15:34:36.805,120.13141470,30.27072651,11.58,0.47,13,155.8,429,-86.84,6.77,423;417;411,-94.98;-95.94;-97.61,423;417,-94.98;-95.94
	2026-09-20 15:34:37.079,120.13142812,30.27072282,11.89,0.87,14,282.0,429,-84.80,6.39,423;417;411,-93.42;-97.24;-98.84,423;417,-93.42;-97.24
	2026-09-20 15:34:37.353,120.13142961,30.27070980,11.63,0.40,12,253.9,429,-81.23,9.25,423;417;411,-94.74;-96.21;-98.96,423;417,-94.74;-96.21
	2026-09-20 15:34:37.598,120.13142107,30.27071890,11.71,0.44,13,21.3,429,-85.94,6.06,423;417;411,-93.69;-95.81;-95.90,423;417,-93.69;-95.81
	2026-09-20 15:34:37.842,120.13142606,30.27071495,11.64,1.21,13,347.9,429,-84.07,10.88,423;417;411,-94.90;-96.48;-98.48,423;417,-94.90;-96.48
	2026-09-20 15:34:38.106,120.13141547,30.27070578,12.12,0.48,13,55.1,429,-85.10,7.37,423;417;411,-92.98;-93.39;-97.11,423;417,-92.98;-93.39
	2026-09-20 15:34:38.301,120.13143317,30.27071267,12.11,0.88,14,4.9,429,-82.24,11.73,423;411;417,-96.45;-97.05;-98.43,423;411,-96.45;-97.05
	2026-09-20 15:34:38.596,120.13142953,30.27070524,12.43,1.27,10,124.8,429,-83.27,10.89,423;417;411,-94.38;-95.63;-98.79,423;417,-94.38;-95.63
	2026-09-20 15:34:38.850,120.13142077,30.27070238,12.44,0.45,14,238.7,429,-81.80,12.00,423;411;417,-95.36;-96.08;-97.04,423;411,-95.36;-96.08
	2026-09-20 15:34:39.065,120.13142612,30.27071091,12.02,1.22,10,209.9,429,-84.54,9.33,423;417;411,-93.18;-96.64;-97.10,423;417,-93.18;-96.64
	2026-09-20 15:34:39.374,120.13141116,30.27071008,11.71,0.83,14,293.1,429,-84.65,9.74,423;411;417,-94.33;-96.96;-96.96,423;411,-94.33;-96.96
	2026-09-20 15:34:39.669,120.13141339,30.27071104,11.69,0.34,11,70.7,429,-81.92,10.75,423;417;507,-95.07;-96.35;-97.41,423;417,-95.07;-96.35
	2026-09-20 15:34:39.973,120.13142419,30.27070237,11.66,0.34,14,90.5,429,-82.83,12.00,423;417;411,-95.11;-95.61;-98.16,423;417,-95.11;-95.61
	2026-09-20 15:34:40.161,120.13142455,30.27071366,11.59,0.50,11,315.7,429,-84.85,7.10,423;417;411,-93.73;-95.07;-98.30,423;417,-93.73;-95.07
	2026-09-20 15:34:40.442,120.13142946,30.27070567,11.57,0.45,14,34.8,429,-81.52,12.00,411;417;423,-94.80;-96.03;-97.52,411;417,-94.80;-96.03
	2026-09-20 15:34:40.733,120.13142321,30.27069260,11.91,0.24,8,119.1,429,-84.69,9.19,417;423;411,-94.79;-96.09;-97.51,417;423,-94.79;-96.09
	2026-09-20 15:34:40.979,120.13141148,30.27069697,12.31,0.63,8,353.5,429,-82.54,11.67,417;411;423,-94.71;-96.13;-97.77,417;411,-94.71;-96.13
	2026-09-20 15:34:41.180,120.13142600,30.27070525,11.85,1.34,8,293.2,429,-81.81,12.00,423;417;411,-94.09;-95.00;-96.26,423;417,-94.09;-95.00
	2026-09-20 15:34:41.488,120.13143050,30.27069758,12.15,1.30,8,101.9,429,-81.66,12.00,417;423;411,-94.70;-94.98;-97.38,417;423,-94.70;-94.98
	2026-09-20 15:34:41.789,120.13143228,30.27070314,11.94,0.48,14,126.3,429,-80.96,12.00,417;423;411,-96.34;-96.66;-99.05,417;423,-96.34;-96.66
	2026-09-20 15:34:42.064,120.13141437,30.27068611,12.05,1.31,11,184.9,429,-80.65,12.00,423;417;411,-95.86;-98.21;-99.61,423;417,-95.86;-98.21
	2026-09-20 15:34:42.341,120.13141520,30.27070338,11.91,0.48,8,147.3,429,-85.10,9.72,411;423;417,-94.49;-94.68;-96.37,411;423,-94.49;-94.68
	2026-09-20 15:34:42.545,120.13142216,30.27070147,12.10,0.30,14,28.9,429,-83.26,9.47,417;423;411,-92.77;-95.16;-99.12,417;423,-92.77;-95.16
	2026-09-20 15:34:42.856,120.13141575,30.27069168,12.02,0.85,13,27.4,429,-82.02,10.37,423;417;411,-93.46;-94.47;-96.77,423;417,-93.46;-94.47
	2026-09-20 15:34:43.062,120.13142015,30.27068683,11.60,0.79,13,194.3,429,-82.66,8.80,423;411;417,-93.06;-95.54;-99.07,423;411,-93.06;-95.54
	2026-09-20 15:34:43.290,120.13141776,30.27069281,11.67,0.29,11,302.2,429,-82.04,11.71,417;411;423,-93.54;-95.52;-95.92,417;411,-93.54;-95.52
	2026-09-20 15:34:43.545,120.13141676,30.27069026,12.04,0.58,8,354.3,429,-82.37,12.00,423;417;411,-95.41;-96.85;-97.65,423;417,-95.41;-96.85
	2026-09-20 15:34:43.811,120.13141183,30.27068912,12.32,1.07,13,114.6,429,-81.54,12.00,411;423;417,-96.41;-96.54;-96.61,411;423,-96.41;-96.54
	2026-09-20 15:34:44.040,120.13142669,30.27067545,11.58,0.51,9,355.9,429,-82.20,7.98,423;417;411,-93.18;-97.75;-99.21,423;417,-93.18;-97.75
	2026-09-20 15:34:44.256,120.13142634,30.27067897,11.79,0.33,14,226.8,429,-81.59,7.84,423;417;411,-91.00;-97.34;-97.70,423;417,-91.00;-97.34
	2026-09-20 15:34:44.479,120.13142453,30.27067349,11.99,1.09,14,107.9,429,-84.23,9.33,423;417;507,-94.30;-96.36;-97.08,423;417,-94.30;-96.36
	2026-09-20 15:34:44.759,120.13142708,30.27067677,12.43,1.39,9,139.2,429,-79.44,12.00,423;417;411,-94.16;-95.16;-98.05,423;417,-94.16;-95.16
	2026-09-20 15:34:45.004,120.13142517,30.27067523,12.20,0.43,12,251.7,429,-79.92,12.00,423;411;417,-95.37;-97.68;-98.26,423;411,-95.37;-97.68
	2026-09-20 15:34:45.243,120.13141294,30.27067314,12.00,0.58,13,153.6,429,-81.37,12.00,417;411;423,-96.00;-96.55;-97.21,417;411,-96.00;-96.55
	2026-09-20 15:34:45.527,120.13141328,30.27067328,11.54,1.03,11,142.4,429,-81.92,9.55,423;417;411,-93.62;-96.08;-96.51,423;417,-93.62;-96.08
	2026-09-20 15:34:45.753,120.13142927,30.27067305,12.06,1.10,11,177.8,429,-80.09,12.00,423;411;417,-95.56;-98.27;-99.39,423;411,-95.56;-98.27
	2026-09-20 15:34:45.970,120.13142114,30.27066647,12.21,1.20,10,254.7,429,-82.14,12.00,411;417;423,-94.49;-97.25;-98.06,411;417,-94.49;-97.25
	2026-09-20 15:34:46.260,120.13140965,30.27066775,12.03,1.33,9,331.5,429,-80.35,12.00,417;423;411,-94.53;-97.17;-97.74,417;423,-94.53;-97.17
	2026-09-20 15:34:46.513,120.13141783,30.27067555,12.47,0.79,10,113.2,429,-80.85,11.08,417;423;411,-93.64;-95.43;-96.80,417;423,-93.64;-95.43
	2026-09-20 15:34:46.755,120.13142232,30.27066915,11.95,0.69,8,80.6,429,-81.42,11.60,423;417;411,-94.05;-96.23;-97.53,423;417,-94.05;-96.23
	2026-09-20 15:34:46.942,120.13141807,30.27067566,12.46,0.41,9,116.1,429,-81.58,10.33,423;417;411,-93.73;-95.69;-96.90,423;417,-93.73;-95.69
	2026-09-20 15:34:47.196,120.13141178,30.27067328,12.31,0.51,9,358.7,429,-81.06,8.19,423;417;411,-91.07;-95.53;-97.15,423;417,-91.07;-95.53
	2026-09-20 15:34:47.400,120.13141007,30.27065665,11.86,0.83,10,257.3,429,-80.09,12.00,423;417;411,-94.35;-95.71;-97.64,423;417,-94.35;-95.71
	2026-09-20 15:34:47.703,120.13141336,30.27066049,12.29,0.55,11,128.1,429,-81.34,12.00,423;417;411,-95.76;-97.08;-98.55,423;417,-95.76;-97.08
	2026-09-20 15:34:48.001,120.13141353,30.27065474,12.37,0.92,9,48.6,429,-80.93,11.13,417;423;411,-94.85;-95.37;-98.57,417;423,-94.85;-95.37
	2026-09-20 15:34:48.271,120.13141509,30.27065366,12.07,0.51,9,277.1,429,-81.14,12.00,423;411;417,-96.82;-97.45;-97.56,423;411,-96.82;-97.45
	2026-09-20 15:34:48.534,120.13141635,30.27064961,12.28,1.20,11,183.7,429,-80.69,11.10,423;417;411,-94.04;-97.14;-98.89,423;417,-94.04;-97.14
	2026-09-20 15:34:48.771,120.13142359,30.27065172,11.50,0.94,14,4.5,429,-81.77,12.00,423;411;417,-94.96;-96.50;-98.36,423;411,-94.96;-96.50
	2026-09-20 15:34:49.017,120.13141240,30.27066365,12.48,0.95,11,138.7,429,-79.71,12.00,417;423;411,-93.92;-95.49;-100.56,417;423,-93.92;-95.49
	2026-09-20 15:34:49.318,120.13142830,30.27064742,11.69,1.17,10,324.3,429,-77.97,12.00,423;417;411,-94.27;-96.09;-96.93,423;417,-94.27;-96.09
	2026-09-20 15:34:49.587,120.13141636,30.27065986,12.24,0.99,13,283.7,429,-82.73,9.07,423;411;507,-92.91;-96.80;-96.89,423;411,-92.91;-96.80
	2026-09-20 15:34:49.791,120.13141141,30.27064858,11.53,0.50,9,36.5,429,-82.03,12.00,423;411;417,-95.72;-96.02;-98.74,423;411,-95.72;-96.02
	2026-09-20 15:34:50.041,120.13142657,30.27065328,12.04,0.68,12,318.9,429,-82.04,10.36,423;417;411,-93.25;-95.91;-96.49,423;417,-93.25;-95.91
	2026-09-20 15:34:50.225,120.13141284,30.27064415,12.43,0.99,8,333.5,429,-81.70,12.00,423;417;411,-94.17;-96.16;-99.20,423;417,-94.17;-96.16
	2026-09-20 15:34:50.525,120.13142184,30.27064593,12.11,0.63,13,333.9,429,-80.48,12.00,423;411;507,-95.37;-96.36;-98.89,423;411,-95.37;-96.36
	2026-09-20 15:34:50.815,120.13143224,30.27063435,12.22,0.27,9,261.9,429,-79.28,11.63,423;417;411,-92.32;-96.00;-96.05,423;417,-92.32;-96.00
	2026-09-20 15:34:51.106,120.13142174,30.27064674,12.47,0.60,14,218.1,429,-82.70,10.99,423;417;411,-95.44;-96.70;-97.18,423;417,-95.44;-96.70
	2026-09-20 15:34:51.318,120.13141673,30.27063700,11.88,1.32,10,310.9,429,-80.18,12.00,423;417;411,-95.19;-96.60;-98.15,423;417,-95.19;-96.60
	2026-09-20 15:34:51.604,120.13141108,30.27063889,12.40,0.84,14,282.7,429,-81.93,12.00,417;423;411,-96.08;-96.89;-98.51,417;423,-96.08;-96.89
	2026-09-20 15:34:51.884,120.13141846,30.27063964,12.17,1.21,13,176.9,429,-77.99,12.00,411;423;417,-95.31;-96.83;-96.96,411;423,-95.31;-96.83
	2026-09-20 15:34:52.159,120.13142801,30.27064070,12.26,0.39,9,165.6,429,-79.85,12.00,423;417;411,-94.56;-95.82;-96.72,423;417,-94.56;-95.82
	2026-09-20 15:34:52.366,120.13141001,30.27063433,11.79,0.55,12,262.8,429,-77.52,12.00,411;423;417,-96.27;-96.45;-99.09,411;423,-96.27;-96.45
	2026-09-20 15:34:52.546,120.13143233,30.27064463,11.82,0.59,8,294.6,429,-78.57,12.00,417;423;507,-93.77;-97.15;-100.16,417;423,-93.77;-97.15
	2026-09-20 15:34:52.744,120.13141922,30.27063696,12.22,1.15,13,172.1,429,-80.91,12.00,423;417;411,-95.47;-97.39;-100.25,423;417,-95.47;-97.39
	2026-09-20 15:34:52.981,120.13143048,30.27063109,12.07,0.35,10,176.3,429,-80.72,10.56,423;417;411,-94.19;-96.12;-96.63,423;417,-94.19;-96.12
	2026-09-20 15:34:53.263,120.13143033,30.27062986,12.07,0.29,9,143.0,429,-80.24,12.00,423;411;417,-93.57;-96.64;-97.61,423;411,-93.57;-96.64
	2026-09-20 15:34:53.530,120.13143190,30.27062452,11.61,0.52,8,193.3,429,-82.85,11.69,417;423;411,-95.57;-97.47;-97.81,417;423,-95.57;-97.47
	2026-09-20 15:34:53.788,120.13141696,30.27061596,11.84,0.63,9,85.3,429,-78.55,12.00,423;411;417,-95.36;-96.21;-97.18,423;411,-95.36;-96.21
	2026-09-20 15:34:54.068,120.13142551,30.27062486,12.02,0.32,14,200.0,429,-78.62,12.00,423;411;417,-94.84;-96.48;-97.96,423;411,-94.84;-96.48
	2026-09-20 15:34:54.285,120.13141696,30.27062888,12.40,0.66,9,286.1,429,-78.68,12.00,423;417;411,-93.30;-96.03;-98.47,423;417,-93.30;-96.03
	2026-09-20 15:34:54.522,120.13143067,30.27062773,11.74,0.79,12,203.5,429,-78.30,12.00,423;417;411,-95.22;-96.94;-97.38,423;417,-95.22;-96.94
	2026-09-20 15:34:54.789,120.13142292,30.27061782,12.09,0.82,11,165.7,429,-81.47,12.00,417;411;423,-94.13;-96.23;-96.84,417;411,-94.13;-96.23
	2026-09-20 15:34:55.083,120.13142568,30.27062366,12.10,1.02,9,322.1,429,-79.48,12.00,423;411;417,-96.33;-97.83;-98.68,423;411,-96.33;-97.83
	2026-09-20 15:34:55.376,120.13142145,30.27062264,12.05,0.55,14,131.6,429,-78.69,12.00,423;417;411,-95.24;-97.40;-98.47,423;417,-95.24;-97.40
	2026-09-20 15:34:55.690,120.13142708,30.27061926,12.12,0.46,10,145.8,429,-82.07,12.00,423;417;411,-95.51;-98.47;-99.24,423;417,-95.51;-98.47
	2026-09-20 15:34:55.893,120.13143065,30.27061832,12.14,0.93,9,161.1,429,-80.28,12.00,423;411;417,-96.80;-97.90;-98.64,423;411,-96.80;-97.90
	2026-09-20 15:34:56.163,120.13141434,30.27061759,11.98,1.15,11,97.8,429,-82.31,11.63,423;411;417,-95.38;-97.70;-99.54,423;411,-95.38;-97.70
	2026-09-20 15:34:56.478,120.13142374,30.27061247,12.34,1.17,11,19.8,429,-78.86,12.00,423;417;411,-94.65;-97.13;-98.15,423;417,-94.65;-97.13
	2026-09-20 15:34:56.719,120.13142542,30.27060051,12.25,1.21,9,6.5,429,-76.41,12.00,417;423;411,-94.71;-96.18;-99.48,417;423,-94.71;-96.18
	2026-09-20 15:34:56.933,120.13141460,30.27060055,12.29,0.69,8,276.9,429,-79.28,12.00,423;417;411,-94.45;-95.00;-97.89,423;417,-94.45;-95.00
	2026-09-20 15:34:57.123,120.13142282,30.27061601,11.97,1.36,8,219.5,429,-77.54,12.00,417;423;411,-93.66;-95.69;-97.72,417;423,-93.66;-95.69
	2026-09-20 15:34:57.388,120.13141045,30.27059621,11.87,0.65,11,350.5,429,-79.17,12.00,423;417;411,-95.55;-98.19;-98.68,423;417,-95.55;-98.19
	2026-09-20 15:34:57.595,120.13142200,30.27060958,11.53,1.30,13,279.9,429,-77.21,12.00,423;417;411,-93.99;-97.02;-97.21,423;417,-93.99;-97.02
	2026-09-20 15:34:57.779,120.13141377,30.27060544,11.74,1.22,11,308.0,429,-78.78,12.00,423;411;417,-95.12;-97.71;-99.36,423;411,-95.12;-97.71
	2026-09-20 15:34:58.083,120.13141579,30.27061264,12.47,0.90,12,330.3,429,-78.35,12.00,423;507;411,-95.33;-98.89;-99.13,423;507,-95.33;-98.89
	2026-09-20 15:34:58.314,120.13141122,30.27059931,11.57,0.90,9,96.5,429,-81.92,12.00,411;423;417,-95.05;-96.60;-99.47,411;423,-95.05;-96.60
	2026-09-20 15:34:58.558,120.13142252,30.27060553,12.30,1.08,9,330.2,429,-81.84,11.87,423;417;411,-93.94;-97.41;-98.50,423;417,-93.94;-97.41
	2026-09-20 15:34:58.743,120.13141264,30.27059631,12.28,0.97,13,176.5,429,-78.56,12.00,417;423;411,-95.66;-96.96;-97.19,417;423,-95.66;-96.96
	2026-09-20 15:34:58.985,120.13141221,30.27059318,12.25,0.77,11,354.1,429,-78.18,12.00,423;411;417,-97.75;-98.38;-98.86,423;411,-97.75;-98.38
	2026-09-20 15:34:59.170,120.13141206,30.27058897,11.93,0.63,13,95.3,429,-75.36,12.00,423;417;411,-96.70;-98.01;-99.27,423;417,-96.70;-98.01
	2026-09-20 15:34:59.443,120.13142107,30.27060124,11.82,0.64,14,13.0,429,-77.95,12.00,423;411;417,-96.44;-97.08;-97.41,423;411,-96.44;-97.08
	2026-09-20 15:34:59.628,120.13141283,30.27060223,11.64,0.95,10,289.6,429,-79.07,10.60,423;417;411,-92.15;-95.48;-96.54,423;417,-92.15;-95.48
	2026-09-20 15:34:59.922,120.13141279,30.27058517,12.35,1.16,12,40.1,429,-75.78,12.00,423;411;417,-95.36;-96.13;-96.36,423;411,-95.36;-96.13
	2026-09-20 15:35:00.211,120.13141815,30.27059678,12.17,1.08,11,305.4,429,-78.99,12.00,417;423;411,-96.43;-98.74;-99.53,417;423,-96.43;-98.74
	2026-09-20 15:35:00.421,120.13143091,30.27058248,12.36,0.51,9,21.3,429,-78.97,12.00,423;417;411,-96.42;-97.69;-98.21,423;417,-96.42;-97.69
	2026-09-20 15:35:00.605,120.13142017,30.27059009,11.72,0.45,14,188.0,429,-80.42,12.00,411;423;417,-95.47;-96.54;-101.20,411;423,-95.47;-96.54
	2026-09-20 15:35:00.809,120.13140633,30.27058325,11.71,1.18,8,295.3,429,-76.27,12.00,411;417;423,-95.79;-96.37;-97.41,411;417,-95.79;-96.37
	2026-09-20 15:35:01.098,120.13140661,30.27059193,12.34,0.54,14,245.5,429,-77.62,12.00,423;417;411,-96.77;-97.93;-98.80,423;417,-96.77;-97.93
	2026-09-20 15:35:01.357,120.13142502,30.27059311,11.55,0.32,12,256.2,429,-75.30,12.00,423;417;411,-94.50;-96.60;-97.48,423;417,-94.50;-96.60
	2026-09-20 15:35:01.595,120.13140731,30.27058785,11.74,0.61,9,330.8,429,-77.44,12.00,411;423;417,-95.76;-96.89;-96.89,411;423,-95.76;-96.89
	2026-09-20 15:35:01.911,120.13140289,30.27058318,12.15,0.62,13,61.0,429,-76.08,12.00,423;411;417,-94.75;-98.09;-98.29,423;411,-94.75;-98.09
	2026-09-20 15:35:02.093,120.13140560,30.27058244,12.24,1.26,10,11.6,429,-76.14,12.00,423;417;411,-94.81;-98.71;-99.04,423;417,-94.81;-98.71
	2026-09-20 15:35:02.407,120.13141865,30.27059778,11.69,0.56,8,12.3,429,-78.98,12.00,423;417;411,-93.61;-96.40;-97.18,423;417,-93.61;-96.40
	2026-09-20 15:35:02.651,120.13140686,30.27058656,11.69,1.04,11,69.1,429,-79.65,11.70,423;411;417,-93.69;-97.47;-99.16,423;411,-93.69;-97.47
	2026-09-20 15:35:02.936,120.13141386,30.27057998,12.47,0.35,10,287.3,429,-76.21,12.00,423;411;507,-93.05;-97.74;-99.63,423;411,-93.05;-97.74
	2026-09-20 15:35:03.253,120.13139459,30.27058941,12.04,0.38,10,216.1,429,-81.48,11.52,423;411;417,-93.51;-97.50;-101.20,423;411,-93.51;-97.50
	2026-09-20 15:35:03.519,120.13139824,30.27058444,12.49,0.42,10,324.9,429,-78.20,12.00,423;411;417,-93.27;-96.90;-100.14,423;411,-93.27;-96.90
	2026-09-20 15:35:03.822,120.13140080,30.27059897,12.19,1.19,8,66.7,429,-76.90,12.00,423;417;411,-96.03;-96.39;-98.75,423;417,-96.03;-96.39
	2026-09-20 15:35:04.086,120.13140427,30.27058135,11.88,1.15,13,336.6,429,-78.86,12.00,423;411;417,-93.55;-96.80;-97.14,423;411,-93.55;-96.80
	2026-09-20 15:35:04.289,120.13139345,30.27059379,11.64,0.84,8,194.6,429,-77.82,12.00,417;411;423,-95.61;-97.51;-98.33,417;411,-95.61;-97.51
	2026-09-20 15:35:04.594,120.13140480,30.27058813,11.63,1.40,9,15.2,429,-81.30,11.18,423;411;417,-93.26;-94.71;-98.76,423;411,-93.26;-94.71
	2026-09-20 15:35:04.873,120.13138636,30.27058993,12.35,0.59,10,286.6,429,-77.52,12.00,411;423;507,-96.08;-96.94;-99.77,411;423,-96.08;-96.94
	2026-09-20 15:35:05.172,120.13138408,30.27059167,12.25,0.86,8,142.4,429,-79.11,12.00,423;417;411,-95.73;-97.42;-97.62,423;417,-95.73;-97.42
	2026-09-20 15:35:05.478,120.13139436,30.27058244,12.12,0.46,10,100.4,429,-78.18,12.00,423;411;417,-91.80;-97.60;-98.10,423;411,-91.80;-97.60
	2026-09-20 15:35:05.797,120.13137844,30.27059612,11.86,0.92,13,104.1,429,-81.37,12.00,423;417;411,-96.39;-96.59;-99.74,423;417,-96.39;-96.59
	2026-09-20 15:35:06.035,120.13138831,30.27058867,11.94,0.71,11,270.0,429,-81.62,10.64,423;411;417,-93.64;-95.25;-97.35,423;411,-93.64;-95.25
	2026-09-20 15:35:06.355,120.13138987,30.27058650,12.36,0.61,10,281.9,429,-79.70,12.00,423;417;411,-97.24;-98.82;-99.27,423;417,-97.24;-98.82
	2026-09-20 15:35:06.559,120.13137191,30.27059680,11.80,0.54,13,203.2,429,-81.89,10.09,411;423;417,-93.75;-95.86;-99.02,411;423,-93.75;-95.86
	2026-09-20 15:35:06.834,120.13138942,30.27059094,11.93,0.20,9,41.6,429,-80.10,12.00,423;417;507,-95.10;-97.85;-98.36,423;417,-95.10;-97.85
	2026-09-20 15:35:07.140,120.13139025,30.27057853,12.32,0.53,10,165.8,429,-80.03,12.00,423;417;411,-93.99;-96.61;-97.22,423;417,-93.99;-96.61
	2026-09-20 15:35:07.366,120.13138605,30.27059061,11.76,1.02,9,293.3,429,-78.34,12.00,423;411;417,-93.55;-97.62;-99.04,423;411,-93.55;-97.62
	2026-09-20 15:35:07.646,120.13137880,30.27058162,12.36,0.58,13,217.5,429,-81.88,9.89,423;411;417,-94.19;-95.70;-96.85,423;411,-94.19;-95.70
	2026-09-20 15:35:07.954,120.13136661,30.27058262,12.00,0.66,13,75.4,429,-80.21,12.00,423;417;411,-94.08;-98.48;-98.77,423;417,-94.08;-98.48
	2026-09-20 15:35:08.234,120.13136669,30.27059560,11.91,0.33,14,69.5,429,-80.71,12.00,423;411;417,-93.08;-98.38;-99.84,423;411,-93.08;-98.38
	2026-09-20 15:35:08.526,120.13138047,30.27057815,12.32,0.60,8,267.6,429,-79.76,12.00,423;417;411,-95.64;-98.95;-99.30,423;417,-95.64;-98.95
	2026-09-20 15:35:08.795,120.13138050,30.27058240,12.38,0.78,13,74.9,429,-82.47,11.60,423;417;411,-95.25;-96.71;-98.27,423;417,-95.25;-96.71
	2026-09-20 15:35:08.985,120.13137502,30.27059810,11.68,0.80,9,149.8,429,-80.13,12.00,411;423;417,-94.70;-95.29;-98.80,411;423,-94.70;-95.29
	2026-09-20 15:35:09.196,120.13135968,30.27057785,12.24,0.48,10,166.5,429,-82.51,10.44,423;411;417,-94.19;-98.64;-99.73,423;411,-94.19;-98.64
	2026-09-20 15:35:09.388,120.13137662,30.27058722,11.64,1.19,9,227.4,429,-79.53,12.00,423;411;417,-96.56;-97.21;-97.77,423;411,-96.56;-97.21
	2026-09-20 15:35:09.699,120.13136775,30.27059869,12.23,0.37,11,223.8,429,-78.62,12.00,423;417;411,-95.39;-96.42;-100.77,423;417,-95.39;-96.42
	2026-09-20 15:35:09.956,120.13135790,30.27059538,12.07,0.79,8,181.4,429,-79.42,12.00,423;417;411,-93.01;-96.27;-99.14,423;417,-93.01;-96.27
	2026-09-20 15:35:10.141,120.13136412,30.27058057,12.07,1.27,10,327.9,429,-80.23,12.00,417;423;411,-96.17;-96.69;-99.83,417;423,-96.17;-96.69
	2026-09-20 15:35:10.421,120.13136500,30.27059180,12.02,0.72,10,153.1,429,-79.56,12.00,423;411;417,-95.35;-95.98;-97.90,423;411,-95.35;-95.98
	2026-09-20 15:35:10.638,120.13136487,30.27057773,11.80,1.33,9,6.4,429,-78.85,12.00,423;411;417,-93.75;-97.10;-98.61,423;411,-93.75;-97.10
	2026-09-20 15:35:10.856,120.13135570,30.27057931,11.98,1.13,8,15.4,429,-78.71,12.00,423;417;411,-93.42;-96.66;-97.76,423;417,-93.42;-96.66
	2026-09-20 15:35:11.139,120.13136354,30.27058374,12.35,0.73,13,294.7,429,-80.63,11.80,417;423;411,-95.12;-95.50;-97.84,417;423,-95.12;-95.50
	2026-09-20 15:35:11.327,120.13134909,30.27059502,12.27,0.94,11,215.6,429,-81.25,12.00,423;411;417,-94.67;-96.97;-97.86,423;411,-94.67;-96.97
	2026-09-20 15:35:11.557,120.13134642,30.27057981,12.10,1.39,8,323.6,429,-83.30,10.05,423;411;417,-94.97;-96.96;-98.12,423;411,-94.97;-96.96
	2026-09-20 15:35:11.787,120.13135391,30.27059565,12.24,0.42,9,108.6,429,-81.21,10.98,423;411;417,-93.61;-94.14;-97.22,423;411,-93.61;-94.14
	2026-09-20 15:35:12.034,120.13133708,30.27058727,12.21,1.04,14,189.9,429,-82.51,12.00,423;417;411,-96.39;-96.83;-98.70,423;417,-96.39;-96.83
	2026-09-20 15:35:12.233,120.13133472,30.27058331,11.76,0.90,14,160.9,429,-79.82,12.00,423;411;417,-93.24;-96.05;-96.66,423;411,-93.24;-96.05
	2026-09-20 15:35:12.491,120.13133556,30.27059715,11.76,0.72,11,221.0,429,-80.52,11.20,423;411;417,-93.18;-96.72;-97.47,423;411,-93.18;-96.72
	2026-09-20 15:35:12.676,120.13133628,30.27059408,12.17,0.81,14,335.1,429,-79.59,12.00,423;417;411,-93.83;-98.36;-99.23,423;417,-93.83;-98.36
	2026-09-20 15:35:12.929,120.13134482,30.27059776,11.81,0.41,8,276.2,429,-80.66,12.00,423;417;411,-93.67;-96.72;-97.37,423;417,-93.67;-96.72
	2026-09-20 15:35:13.133,120.13134584,30.27059743,11.68,0.29,9,132.5,429,-81.13,12.00,423;417;411,-94.18;-95.60;-97.49,423;417,-94.18;-95.60
	2026-09-20 15:35:13.427,120.13133877,30.27058601,12.34,1.29,14,2.4,429,-81.21,12.00,423;417;411,-95.61;-97.61;-98.65,423;417,-95.61;-97.61
	2026-09-20 15:35:13.724,120.13134516,30.27058274,12.08,0.30,10,86.6,429,-79.30,12.00,423;411;417,-93.12;-98.02;-98.70,423;411,-93.12;-98.02
	2026-09-20 15:35:14.017,120.13134232,30.27058065,11.61,0.61,14,14.2,429,-82.01,12.00,417;423;411,-94.89;-95.24;-98.23,417;423,-94.89;-95.24
	2026-09-20 15:35:14.200,120.13132424,30.27059756,12.20,1.27,13,121.6,429,-84.36,10.41,423;411;417,-95.07;-99.39;-99.64,423;411,-95.07;-99.39
	2026-09-20 15:35:14.500,120.13133823,30.27057809,12.07,0.66,9,311.2,429,-79.73,12.00,423;417;411,-94.46;-97.17;-99.22,423;417,-94.46;-97.17
	2026-09-20 15:35:14.799,120.13133271,30.27058899,11.70,1.08,12,237.4,429,-82.82,10.32,423;417;411,-93.75;-97.08;-98.61,423;417,-93.75;-97.08
	2026-09-20 15:35:15.073,120.13133178,30.27058227,12.28,0.22,14,145.0,429,-80.82,10.37,423;417;411,-91.03;-96.54;-100.30,423;417,-91.03;-96.54
	2026-09-20 15:35:15.314,120.13132418,30.27059181,11.83,0.43,9,39.8,429,-80.68,10.57,423;417;411,-93.64;-97.89;-99.33,423;417,-93.64;-97.89
	2026-09-20 15:35:15.633,120.13132904,30.27058325,11.56,0.91,10,160.4,429,-81.23,11.25,417;423;411,-94.54;-95.27;-96.54,417;423,-94.54;-95.27
	2026-09-20 15:35:15.921,120.13133134,30.27058815,12.20,0.82,9,284.1,429,-81.03,11.64,423;411;417,-93.49;-99.54;-100.14,423;411,-93.49;-99.54
	2026-09-20 15:35:16.203,120.13132556,30.27058155,12.13,0.74,13,340.4,429,-82.20,12.00,423;417;507,-94.19;-97.08;-97.46,423;417,-94.19;-97.08
	2026-09-20 15:35:16.465,120.13132335,30.27058807,12.47,0.66,14,108.9,429,-84.68,7.67,423;411;417,-92.10;-94.87;-97.27,423;411,-92.10;-94.87
	2026-09-20 15:35:16.704,120.13131558,30.27059285,11.57,1.27,11,277.7,429,-82.13,10.68,423;417;411,-93.69;-96.68;-98.56,423;417,-93.69;-96.68
	2026-09-20 15:35:16.959,120.13132053,30.27058192,11.82,0.77,12,145.9,429,-82.83,12.00,417;423;411,-94.97;-95.25;-99.61,417;423,-94.97;-95.25
	2026-09-20 15:35:17.185,120.13132308,30.27059294,12.32,0.71,10,212.7,429,-82.64,11.74,423;411;417,-93.90;-94.09;-98.07,423;411,-93.90;-94.09
	2026-09-20 15:35:17.452,120.13132381,30.27058965,12.50,1.12,10,221.2,429,-79.71,12.00,417;423;411,-94.53;-96.28;-96.33,417;423,-94.53;-96.28
	2026-09-20 15:35:17.662,120.13132038,30.27057798,12.19,0.35,9,280.2,429,-82.27,11.24,423;411;417,-94.32;-96.30;-98.71,423;411,-94.32;-96.30
	2026-09-20 15:35:17.969,120.13130249,30.27059598,11.89,1.37,12,118.1,429,-83.99,7.29,423;411;417,-93.63;-97.37;-97.97,423;411,-93.63;-97.37
	2026-09-20 15:35:18.262,120.13132075,30.27058387,11.73,0.43,14,140.6,429,-82.30,10.95,423;411;417,-95.11;-97.43;-97.77,423;411,-95.11;-97.43
	2026-09-20 15:35:18.542,120.13129633,30.27057785,12.03,0.24,12,330.1,429,-82.47,8.74,423;411;417,-91.78;-94.12;-97.84,423;411,-91.78;-94.12
	2026-09-20 15:35:18.859,120.13130815,30.27057812,11.72,0.22,8,299.2,429,-84.18,5.93,423;411;417,-92.37;-96.95;-98.43,423;411,-92.37;-96.95
	2026-09-20 15:35:19.171,120.13129287,30.27058654,11.88,0.49,13,95.1,429,-81.69,12.00,423;417;411,-96.51;-97.84;-98.43,423;417,-96.51;-97.84
	2026-09-20 15:35:19.375,120.13129148,30.27058756,12.36,1.32,12,182.9,429,-82.61,7.19,423;411;417,-91.04;-98.16;-99.63,423;411,-91.04;-98.16
	2026-09-20 15:35:19.596,120.13130045,30.27059117,12.15,0.81,14,55.1,429,-81.42,12.00,411;417;423,-94.56;-94.93;-95.95,411;417,-94.56;-94.93
	2026-09-20 15:35:19.898,120.13129739,30.27059617,11.51,0.39,13,194.8,429,-81.92,11.26,417;423;411,-94.87;-96.12;-98.31,417;423,-94.87;-96.12
	2026-09-20 15:35:20.144,120.13130264,30.27057787,11.93,1.16,9,225.2,429,-85.65,7.11,423;417;411,-93.52;-95.01;-96.78,423;417,-93.52;-95.01
	2026-09-20 15:35:20.348,120.13130478,30.27058983,12.47,0.42,8,244.4,429,-80.26,12.00,423;411;417,-95.48;-96.83;-98.53,423;411,-95.48;-96.83
	2026-09-20 15:35:20.623,120.13129594,30.27059575,11.92,0.30,12,44.8,429,-83.99,9.19,423;411;417,-93.97;-95.31;-95.63,423;411,-93.97;-95.31
	2026-09-20 15:35:20.821,120.13130040,30.27057863,12.05,1.13,9,45.3,429,-81.45,12.00,423;417;411,-95.62;-97.34;-97.59,423;417,-95.62;-97.34
	2026-09-20 15:35:21.123,120.13129023,30.27059861,11.58,1.00,14,192.0,429,-83.12,12.00,417;411;423,-95.75;-95.93;-96.70,417;411,-95.75;-95.93
	2026-09-20 15:35:21.342,120.13129329,30.27059883,11.58,1.19,14,3.0,429,-83.59,10.01,423;411;417,-94.07;-94.33;-97.39,423;411,-94.07;-94.33
	2026-09-20 15:35:21.526,120.13129816,30.27059835,12.45,0.74,10,349.4,429,-84.19,6.62,423;411;417,-91.59;-95.37;-99.85,423;411,-91.59;-95.37
	2026-09-20 15:35:21.833,120.13129133,30.27059291,11.92,1.21,8,203.7,429,-84.53,7.69,423;411;417,-91.82;-96.70;-98.98,423;411,-91.82;-96.70
	2026-09-20 15:35:22.055,120.13127694,30.27058356,11.56,1.11,14,274.7,429,-81.18,11.64,423;417;411,-92.10;-97.80;-98.37,423;417,-92.10;-97.80
	2026-09-20 15:35:22.258,120.13129348,30.27058568,12.30,0.86,10,68.0,429,-83.71,9.40,423;417;411,-92.95;-95.61;-99.81,423;417,-92.95;-95.61
	2026-09-20 15:35:22.442,120.13128939,30.27058498,12.37,0.98,13,92.2,429,-81.29,8.99,423;411;417,-92.58;-95.28;-97.88,423;411,-92.58;-95.28
	2026-09-20 15:35:22.758,120.13127091,30.27058727,11.73,0.78,14,341.3,429,-80.43,11.34,423;417;411,-93.43;-98.74;-99.34,423;417,-93.43;-98.74
	2026-09-20 15:35:22.992,120.13128590,30.27058865,12.17,0.40,14,80.4,429,-85.14,7.65,423;417;411,-92.98;-98.74;-98.82,423;417,-92.98;-98.74
	2026-09-20 15:35:23.201,120.13127689,30.27058597,11.82,0.31,11,117.3,429,-82.56,10.52,417;423;411,-95.31;-96.20;-98.58,417;423,-95.31;-96.20
	2026-09-20 15:35:23.513,120.13127844,30.27058544,11.73,0.83,14,244.5,429,-82.37,12.00,423;411;417,-94.44;-95.22;-96.95,423;411,-94.44;-95.22
	2026-09-20 15:35:23.711,120.13127937,30.27057842,12.06,0.87,9,285.9,429,-83.13,10.56,423;417;411,-94.06;-96.20;-98.62,423;417,-94.06;-96.20
	2026-09-20 15:35:23.973,120.13126415,30.27059234,11.88,0.59,8,25.4,429,-82.38,12.00,423;417;411,-96.69;-96.70;-96.71,423;417,-96.69;-96.70
	2026-09-20 15:35:24.269,120.13126136,30.27058133,11.87,0.44,8,207.5,429,-84.71,6.39,423;417;411,-92.42;-96.91;-97.50,423;417,-92.42;-96.91
	2026-09-20 15:35:24.551,120.13126709,30.27058773,11.94,0.69,10,85.8,429,-85.09,9.49,417;423;411,-95.50;-96.88;-97.02,417;423,-95.50;-96.88
	2026-09-20 15:35:24.793,120.13126244,30.27058544,11.56,1.19,11,201.3,429,-82.00,12.00,423;411;417,-95.00;-95.82;-97.70,423;411,-95.00;-95.82
	2026-09-20 15:35:25.066,120.13125651,30.27059183,11.54,0.24,11,239.6,429,-83.39,10.99,423;417;411,-94.13;-95.22;-98.54,423;417,-94.13;-95.22
	2026-09-20 15:35:25.315,120.13125608,30.27058231,12.37,0.85,8,95.3,429,-84.32,7.57,423;417;411,-93.12;-96.91;-98.68,423;417,-93.12;-96.91
	2026-09-20 15:35:25.618,120.13126970,30.27057751,12.09,0.71,14,74.9,429,-85.65,6.59,411;423;417,-93.50;-95.33;-97.49,411;423,-93.50;-95.33
	2026-09-20 15:35:25.907,120.13125337,30.27058734,11.75,1.32,10,101.1,429,-85.72,8.77,423;417;411,-95.27;-95.80;-98.40,423;417,-95.27;-95.80
	2026-09-20 15:35:26.130,120.13125289,30.27059589,12.04,1.35,9,165.7,429,-81.94,7.14,423;417;411,-90.54;-95.81;-97.33,423;417,-90.54;-95.81
	2026-09-20 15:35:26.414,120.13126815,30.27059507,11.50,1.00,9,168.5,429,-82.94,10.00,423;417;507,-93.30;-97.08;-99.93,423;417,-93.30;-97.08
	2026-09-20 15:35:26.687,120.13124771,30.27058161,11.83,0.25,9,269.9,429,-83.54,7.39,423;417;411,-91.32;-97.06;-98.46,423;417,-91.32;-97.06
	2026-09-20 15:35:27.004,120.13125617,30.27059374,12.36,1.11,12,127.0,429,-85.50,7.27,423;417;411,-94.42;-95.82;-97.49,423;417,-94.42;-95.82
	2026-09-20 15:35:27.187,120.13125043,30.27058958,11.61,0.64,10,208.5,429,-84.29,5.10,423;417;411,-91.39;-96.41;-97.50,423;417,-91.39;-96.41
	2026-09-20 15:35:27.498,120.13124570,30.27058852,11.74,1.06,13,245.2,429,-84.36,10.86,423;411;417,-96.04;-96.63;-96.69,423;411,-96.04;-96.63
	2026-09-20 15:35:27.711,120.13124230,30.27058211,12.39,1.25,13,97.2,429,-86.15,8.13,411;423;417,-94.99;-95.27;-97.52,411;423,-94.99;-95.27
	2026-09-20 15:35:27.950,120.13124157,30.27059088,11.75,1.32,10,98.5,429,-81.23,9.87,423;417;411,-92.88;-93.21;-98.50,423;417,-92.88;-93.21
	2026-09-20 15:35:28.150,120.13123529,30.27058069,11.90,0.27,10,265.5,429,-85.50,8.90,423;417;411,-94.02;-95.73;-98.67,423;417,-94.02;-95.73
	2026-09-20 15:35:28.447,120.13124703,30.27059465,11.88,1.29,14,359.2,429,-83.70,8.17,423;417;411,-92.19;-93.30;-98.37,423;417,-92.19;-93.30
	2026-09-20 15:35:28.662,120.13123244,30.27058929,11.74,0.54,9,81.2,429,-86.07,5.49,423;417;411,-92.52;-96.82;-99.33,423;417,-92.52;-96.82
	2026-09-20 15:35:28.864,120.13123317,30.27059747,11.70,0.94,12,18.9,429,-79.18,12.00,423;411;417,-93.14;-95.16;-97.49,423;411,-93.14;-95.16
	2026-09-20 15:35:29.116,120.13123283,30.27058230,11.83,0.70,12,48.3,429,-84.22,7.71,423;417;411,-90.55;-95.09;-98.94,423;417,-90.55;-95.09
	2026-09-20 15:35:29.419,120.13124608,30.27059535,12.18,1.23,14,153.4,429,-82.99,11.12,423;417;411,-94.38;-95.76;-98.31,423;417,-94.38;-95.76
	2026-09-20 15:35:29.607,120.13124625,30.27059891,12.14,1.06,10,284.2,429,-84.40,10.22,423;417;411,-95.36;-98.43;-98.82,423;417,-95.36;-98.43
	2026-09-20 15:35:29.923,120.13123403,30.27059656,11.85,0.77,8,278.8,429,-84.34,5.76,423;417;411,-92.15;-95.22;-97.92,423;417,-92.15;-95.22
	2026-09-20 15:35:30.236,120.13123931,30.27058127,11.66,0.93,9,275.8,429,-86.46,4.05,423;417;411,-91.28;-98.76;-99.45,423;417,-91.28;-98.76
	2026-09-20 15:35:30.485,120.13122411,30.27057914,12.44,1.33,8,158.2,429,-84.79,7.67,423;411;417,-93.06;-96.41;-96.49,423;411,-93.06;-96.41
	2026-09-20 15:35:30.686,120.13122439,30.27059748,11.62,0.85,14,7.9,429,-84.95,6.50,423;411;417,-92.33;-98.40;-98.59,423;411,-92.33;-98.40
	2026-09-20 15:35:30.921,120.13121667,30.27058266,11.77,0.27,14,182.0,429,-87.26,4.36,423;411;417,-92.40;-95.05;-97.86,423;411,-92.40;-95.05
	2026-09-20 15:35:31.190,120.13122502,30.27058500,12.36,1.26,10,194.4,429,-84.10,9.38,423;417;411,-95.44;-98.07;-99.05,423;417,-95.44;-98.07
	2026-09-20 15:35:31.470,120.13122517,30.27058514,12.18,1.10,8,230.1,429,-85.98,8.08,423;417;411,-96.20;-96.74;-97.65,423;417,-96.20;-96.74
	2026-09-20 15:35:31.745,120.13122526,30.27059313,11.58,0.46,14,126.1,429,-83.01,7.81,423;417;411,-92.73;-98.69;-99.10,423;417,-92.73;-98.69
	2026-09-20 15:35:31.948,120.13122831,30.27059398,11.73,0.95,14,79.3,429,-83.67,9.07,423;411;417,-94.50;-97.28;-98.70,423;411,-94.50;-97.28
	2026-09-20 15:35:32.177,120.13121006,30.27059455,12.18,0.30,8,334.4,429,-85.09,8.08,423;417;411,-94.09;-94.56;-97.25,423;417,-94.09;-94.56
	2026-09-20 15:35:32.367,120.13121650,30.27059365,11.71,0.94,13,265.5,429,-83.52,7.66,423;417;411,-92.22;-98.58;-98.73,423;417,-92.22;-98.58
	2026-09-20 15:35:32.630,120.13121242,30.27058880,11.71,0.69,8,63.9,429,-84.16,8.15,423;417;411,-93.02;-96.45;-97.91,423;417,-93.02;-96.45
	2026-09-20 15:35:32.949,120.13121079,30.27058344,11.68,1.22,13,131.6,429,-84.12,8.91,423;411;417,-93.42;-96.31;-99.52,423;411,-93.42;-96.31
	2026-09-20 15:35:33.249,120.13120763,30.27059296,11.91,1.19,8,109.3,429,-85.70,5.33,423;417;411,-90.91;-95.67;-97.09,423;417,-90.91;-95.67
	2026-09-20 15:35:33.494,120.13121290,30.27058998,12.10,0.77,8,228.7,429,-86.34,4.18,423;411;417,-91.17;-95.01;-98.55,423;411,-91.17;-95.01
	2026-09-20 15:35:33.802,120.13119776,30.27059029,12.46,1.39,9,189.2,429,-83.29,6.73,423;417;411,-93.66;-97.51;-98.66,423;417,-93.66;-97.51
	2026-09-20 15:35:34.098,120.13119978,30.27059146,12.48,1.15,11,33.9,429,-84.32,9.26,423;411;417,-93.72;-95.10;-99.29,423;411,-93.72;-95.10
	2026-09-20 15:35:34.374,120.13120430,30.27058792,11.56,0.63,9,226.8,429,-86.48,4.29,423;411;417,-92.79;-96.10;-97.66,423;411,-92.79;-96.10
	2026-09-20 15:35:34.631,120.13119847,30.27058021,11.53,0.96,10,276.8,429,-85.09,8.68,423;411;417,-93.13;-96.16;-98.05,423;411,-93.13;-96.16
	2026-09-20 15:35:34.844,120.13121188,30.27058257,11.63,0.89,8,70.6,429,-85.08,7.96,423;417;411,-94.05;-96.05;-100.10,423;417,-94.05;-96.05
	2026-09-20 15:35:35.140,120.13120316,30.27058662,11.74,0.21,11,56.6,429,-87.62,5.43,423;411;417,-94.05;-96.57;-97.66,423;411,-94.05;-96.57
	2026-09-20 15:35:35.458,120.13121036,30.27059072,12.14,0.75,13,297.5,429,-83.37,7.97,423;417;411,-92.22;-93.81;-98.01,423;417,-92.22;-93.81
	2026-09-20 15:35:35.686,120.13118620,30.27059186,12.28,0.77,10,140.7,429,-88.00,4.42,423;417;411,-92.62;-97.24;-97.41,423;417,-92.62;-97.24
	2026-09-20 15:35:35.880,120.13118774,30.27058765,11.66,0.29,11,233.9,429,-85.80,6.26,423;417;411,-92.20;-98.33;-100.03,423;417,-92.20;-98.33
	2026-09-20 15:35:36.088,120.13118103,30.27058226,12.29,1.33,8,339.4,429,-85.74,6.40,423;417;411,-93.15;-98.41;-100.64,423;417,-93.15;-98.41
	2026-09-20 15:35:36.289,120.13119664,30.27059668,11.83,0.60,10,315.8,429,-85.01,7.84,423;417;411,-94.04;-96.63;-99.39,423;417,-94.04;-96.63
	2026-09-20 15:35:36.584,120.13119225,30.27058753,11.56,0.29,11,86.8,429,-87.82,3.95,423;411;417,-93.64;-93.75;-96.99,423;411,-93.64;-93.75
	2026-09-20 15:35:36.857,120.13118631,30.27058055,11.91,0.34,12,304.0,429,-83.60,5.97,423;411;417,-91.12;-94.44;-95.82,423;411,-91.12;-94.44
	2026-09-20 15:35:37.038,120.13118176,30.27057923,12.01,0.71,11,189.3,429,-86.17,3.92,423;417;411,-91.87;-95.50;-100.88,423;417,-91.87;-95.50
	2026-09-20 15:35:37.275,120.13117273,30.27058898,11.94,0.65,8,188.2,429,-86.43,7.76,417;423;411,-96.26;-96.48;-96.92,417;423,-96.26;-96.48
	2026-09-20 15:35:37.485,120.13119201,30.27059764,12.03,0.32,14,158.2,429,-85.55,4.58,423;417;411,-91.92;-94.91;-100.15,423;417,-91.92;-94.91
	2026-09-20 15:35:37.777,120.13119019,30.27059138,12.06,0.25,8,349.1,429,-85.52,7.36,423;411;417,-94.72;-97.06;-98.47,423;411,-94.72;-97.06
	2026-09-20 15:35:38.091,120.13117818,30.27058631,11.57,1.22,11,338.3,429,-85.48,4.68,423;411;417,-92.30;-97.83;-98.35,423;411,-92.30;-97.83
	2026-09-20 15:35:38.384,120.13116696,30.27059477,11.57,0.72,8,284.9,429,-86.77,5.04,411;423;417,-94.64;-95.14;-96.65,411;423,-94.64;-95.14
	2026-09-20 15:35:38.669,120.13116614,30.27058995,11.76,0.24,11,44.3,429,-86.88,2.77,423;411;417,-90.25;-95.81;-96.32,423;411,-90.25;-95.81
	2026-09-20 15:35:38.914,120.13117096,30.27058137,11.82,0.95,10,40.6,429,-87.20,7.55,423;411;417,-94.12;-96.95;-97.29,423;411,-94.12;-96.95
	2026-09-20 15:35:39.162,120.13118416,30.27059482,11.80,0.40,13,96.7,429,-87.10,2.70,423;417;411,-91.79;-97.50;-98.01,423;417,-91.79;-97.50
	2026-09-20 15:35:39.363,120.13115930,30.27059482,11.79,0.56,12,118.8,429,-84.47,6.91,423;411;417,-92.06;-96.79;-98.97,423;411,-92.06;-96.79
	2026-09-20 15:35:39.556,120.13117898,30.27058717,11.65,1.40,9,275.6,429,-86.19,5.53,423;417;411,-92.00;-94.88;-98.48,423;417,-92.00;-94.88
	2026-09-20 15:35:39.862,120.13117352,30.27059247,11.56,0.46,8,151.1,429,-86.07,7.17,423;417;411,-93.91;-96.13;-99.00,423;417,-93.91;-96.13
	2026-09-20 15:35:40.084,120.13117168,30.27058308,12.17,1.10,11,273.5,429,-88.85,-0.18,423;411;417,-91.53;-98.49;-98.59,423;411,-91.53;-98.49
	2026-09-20 15:35:40.329,120.13115545,30.27059444,12.12,0.57,9,326.4,429,-88.93,0.20,423;417;411,-91.43;-93.82;-98.06,423;417,-91.43;-93.82
	2026-09-20 15:35:40.547,120.13116213,30.27059542,12.24,1.08,9,149.6,429,-81.97,4.41,423;417;411,-89.84;-95.41;-96.72,423;417,-89.84;-95.41
	2026-09-20 15:35:40.781,120.13115582,30.27059095,12.11,1.11,12,301.1,429,-85.05,5.79,423;417;411,-92.39;-94.42;-95.79,423;417,-92.39;-94.42
	2026-09-20 15:35:41.026,120.13116274,30.27058307,12.50,0.47,12,292.6,429,-85.90,1.96,423;411;417,-90.35;-96.16;-96.41,423;411,-90.35;-96.16
	2026-09-20 15:35:41.266,120.13114901,30.27057991,12.41,0.76,9,94.3,429,-85.27,5.98,423;411;417,-90.90;-97.86;-98.12,423;411,-90.90;-97.86
	2026-09-20 15:35:41.527,120.13115574,30.27057907,12.45,0.55,9,100.4,429,-85.55,2.98,423;417;411,-91.03;-95.77;-96.19,423;417,-91.03;-95.77
	2026-09-20 15:35:41.845,120.13115544,30.27057898,11.84,0.26,8,289.8,429,-86.23,5.90,423;411;417,-93.81;-96.09;-96.60,423;411,-93.81;-96.09
	2026-09-20 15:35:42.112,120.13115302,30.27058185,11.87,1.13,10,348.2,429,-86.20,9.92,423;417;411,-95.53;-96.88;-98.13,423;417,-95.53;-96.88
	2026-09-20 15:35:42.338,120.13114164,30.27058334,12.15,1.07,11,209.4,429,-84.40,5.58,423;411;417,-91.27;-94.43;-95.98,423;411,-91.27;-94.43
	2026-09-20 15:35:42.650,120.13115210,30.27059703,11.63,0.80,11,1.4,429,-84.48,9.27,423;417;411,-92.82;-94.50;-98.71,423;417,-92.82;-94.50
	2026-09-20 15:35:42.886,120.13115758,30.27059729,12.03,0.79,8,41.3,429,-86.75,4.48,423;417;411,-92.19;-94.53;-95.89,423;417,-92.19;-94.53
	2026-09-20 15:35:43.152,120.13114906,30.27058475,11.50,0.43,8,133.5,429,-88.63,2.78,423;417;411,-91.24;-94.49;-96.08,423;417,-91.24;-94.49
	2026-09-20 15:35:43.361,120.13115326,30.27059218,11.74,0.21,13,307.0,429,-86.14,3.67,423;411;417,-91.63;-98.60;-98.67,423;411,-91.63;-98.60
	2026-09-20 15:35:43.604,120.13114008,30.27058252,11.97,0.26,12,164.6,429,-88.14,0.26,423;411;417,-90.92;-97.60;-98.44,423;411,-90.92;-97.60
	2026-09-20 15:35:43.815,120.13113768,30.27057868,11.53,0.67,13,134.6,429,-86.90,3.44,423;417;411,-91.20;-94.09;-99.48,423;417,-91.20;-94.09
	2026-09-20 15:35:44.124,120.13114081,30.27059105,11.87,0.21,12,45.2,429,-88.95,1.33,423;417;411,-90.71;-94.38;-96.03,423;417,-90.71;-94.38
	2026-09-20 15:35:44.358,120.13114141,30.27058423,11.62,0.46,10,345.8,429,-87.89,1.37,423;417;411,-89.80;-95.80;-96.60,423;417,-89.80;-95.80
	2026-09-20 15:35:44.611,120.13113120,30.27059298,11.81,1.19,14,65.6,429,-87.77,0.55,423;411;417,-89.49;-96.68;-98.57,423;411,-89.49;-96.68
	2026-09-20 15:35:44.825,120.13113456,30.27058162,12.03,0.27,11,281.8,429,-84.25,4.50,423;417;411,-89.47;-98.66;-98.98,423;417,-89.47;-98.66
	2026-09-20 15:35:45.055,120.13114336,30.27059199,12.08,0.98,8,339.5,429,-84.88,7.65,423;417;411,-93.89;-96.39;-96.97,423;417,-93.89;-96.39
	2026-09-20 15:35:45.299,120.13114264,30.27059085,11.98,0.56,9,191.3,429,-88.79,2.85,423;417;411,-93.52;-95.41;-97.32,423;417,-93.52;-95.41
	2026-09-20 15:35:45.519,120.13112010,30.27059577,11.59,0.79,12,33.0,429,-85.90,1.91,423;411;417,-90.94;-98.82;-99.05,423;411,-90.94;-98.82
	2026-09-20 15:35:45.705,120.13112712,30.27059537,12.02,1.18,12,264.7,429,-86.88,5.31,423;411;417,-93.71;-97.12;-97.19,423;411,-93.71;-97.12
	2026-09-20 15:35:45.906,120.13111639,30.27059127,12.36,0.95,10,304.6,429,-88.90,2.92,423;411;417,-91.02;-96.44;-97.34,423;411,-91.02;-96.44
	2026-09-20 15:35:46.105,120.13112751,30.27059162,12.29,0.51,8,189.9,429,-88.00,2.51,423;417;411,-91.32;-93.54;-98.95,423;417,-91.32;-93.54
	2026-09-20 15:35:46.317,120.13111268,30.27058968,11.70,0.28,9,212.9,429,-86.86,1.41,423;411;417,-90.75;-94.44;-96.70,423;411,-90.75;-94.44
	2026-09-20 15:35:46.524,120.13111631,30.27059079,12.03,0.72,13,235.1,429,-83.94,8.74,423;417;411,-93.54;-94.89;-95.54,423;417,-93.54;-94.89
	2026-09-20 15:35:46.829,120.13111483,30.27059282,12.39,0.21,8,184.4,429,-90.08,2.34,423;411;417,-94.12;-95.50;-97.13,423;411,-94.12;-95.50
	2026-09-20 15:35:47.054,120.13112888,30.27059505,11.54,0.53,13,88.6,429,-88.49,2.29,423;417;411,-91.75;-96.94;-98.04,423;417,-91.75;-96.94
	2026-09-20 15:35:47.362,120.13112765,30.27058578,12.09,0.48,9,53.3,429,-87.02,2.83,423;411;417,-92.11;-96.34;-97.29,423;411,-92.11;-96.34
	2026-09-20 15:35:47.637,120.13112296,30.27058687,12.03,0.62,11,229.0,429,-89.43,3.36,423;417;411,-92.04;-97.56;-98.30,423;417,-92.04;-97.56
	2026-09-20 15:35:47.954,120.13112113,30.27059717,12.25,0.57,14,225.2,429,-86.95,4.12,423;417;411,-92.60;-95.28;-95.49,423;417,-92.60;-95.28
	2026-09-20 15:35:48.245,120.13111035,30.27058665,12.47,0.45,10,16.4,429,-86.55,8.07,423;411;417,-95.58;-97.33;-100.03,423;411,-95.58;-97.33
	2026-09-20 15:35:48.503,120.13112159,30.27058656,12.23,0.32,9,99.1,429,-88.68,5.60,423;417;411,-94.59;-96.99;-97.56,423;417,-94.59;-96.99
	2026-09-20 15:35:48.787,120.13110634,30.27059434,12.40,0.24,14,201.2,429,-85.53,5.06,423;417;411,-92.91;-98.30;-98.79,423;417,-92.91;-98.30
	2026-09-20 15:35:48.985,120.13110340,30.27058195,11.62,1.25,11,317.3,429,-89.21,0.32,423;411;417,-91.71;-96.22;-99.51,423;411,-91.71;-96.22
	2026-09-20 15:35:49.168,120.13111284,30.27058626,12.46,0.27,13,232.0,429,-86.25,3.72,423;411;417,-90.79;-97.77;-98.46,423;411,-90.79;-97.77
	2026-09-20 15:35:49.448,120.13109274,30.27058371,11.56,1.08,10,276.8,429,-87.34,1.49,423;411;417,-90.32;-95.51;-98.66,423;411,-90.32;-95.51
	2026-09-20 15:35:49.640,120.13111208,30.27059552,11.50,0.58,8,42.5,429,-90.99,1.09,423;411;417,-93.80;-98.05;-99.74,423;411,-93.80;-98.05
	2026-09-20 15:35:49.921,120.13110661,30.27059656,12.05,0.68,9,6.9,429,-87.20,4.43,423;417;411,-94.20;-94.32;-96.46,423;417,-94.20;-94.32
	2026-09-20 15:35:50.139,120.13108866,30.27058677,11.51,0.46,9,224.5,429,-90.41,-0.97,423;411;417,-91.04;-99.65;-100.23,423;411,-91.04;-99.65
	2026-09-20 15:35:50.322,120.13108555,30.27057942,12.19,0.59,8,83.1,429,-85.86,6.26,423;411;417,-92.17;-96.34;-97.43,423;411,-92.17;-96.34
	2026-09-20 15:35:50.554,120.13108792,30.27059423,12.47,0.31,11,346.2,429,-88.62,4.91,423;417;411,-92.63;-94.92;-97.41,423;417,-92.63;-94.92
	2026-09-20 15:35:50.778,120.13108956,30.27059306,11.94,0.73,10,312.5,429,-86.39,5.34,423;417;411,-92.95;-96.96;-100.07,423;417,-92.95;-96.96
	2026-09-20 15:35:50.976,120.13108240,30.27058336,12.49,0.60,11,332.8,429,-89.58,2.54,423;411;417,-93.29;-96.69;-98.26,423;411,-93.29;-96.69
	2026-09-20 15:35:51.275,120.13108850,30.27058457,11.74,0.81,13,228.4,429,-88.27,2.67,423;417;411,-90.79;-96.95;-99.03,423;417,-90.79;-96.95
	2026-09-20 15:35:51.497,120.13109978,30.27058216,12.48,0.41,12,135.9,429,-89.12,2.21,423;411;417,-92.23;-95.37;-96.76,423;411,-92.23;-95.37
	2026-09-20 15:35:51.777,120.13109044,30.27059195,12.13,0.22,11,134.5,423,-90.89,-0.30,429;411;417,-91.79;-97.18;-97.57,429;411,-91.79;-97.18
	2026-09-20 15:35:52.082,120.13107468,30.27059033,11.53,1.03,10,279.4,429,-88.68,2.50,423;417;411,-92.31;-96.25;-101.20,423;417,-92.31;-96.25
	2026-09-20 15:35:52.380,120.13109521,30.27059127,12.06,1.24,9,129.7,429,-88.28,0.50,423;417;411,-90.05;-96.50;-97.98,423;417,-90.05;-96.50
	2026-09-20 15:35:52.621,120.13109445,30.27059755,12.48,0.30,10,272.2,423,-86.68,1.73,429;417;411,-89.39;-96.67;-97.63,429;417,-89.39;-96.67
	2026-09-20 15:35:52.910,120.13109091,30.27059290,12.10,0.95,13,205.3,429,-87.46,5.04,423;411;417,-92.92;-96.59;-99.91,423;411,-92.92;-96.59
	2026-09-20 15:35:53.134,120.13107839,30.27058349,12.02,0.26,8,356.2,423,-89.72,-2.08,429;417;411,-89.90;-96.72;-99.10,429;417,-89.90;-96.72
	2026-09-20 15:35:53.364,120.13108405,30.27059130,12.34,1.29,10,260.8,429,-89.29,5.02,423;417;411,-93.32;-95.63;-99.20,423;417,-93.32;-95.63
	2026-09-20 15:35:53.604,120.13107018,30.27057981,11.71,0.49,10,169.2,429,-88.16,1.50,423;417;411,-89.50;-96.43;-100.44,423;417,-89.50;-96.43
	2026-09-20 15:35:53.791,120.13107262,30.27058557,12.29,0.70,8,19.0,429,-89.39,2.92,423;417;411,-93.21;-97.12;-98.02,423;417,-93.21;-97.12
	2026-09-20 15:35:54.095,120.13107883,30.27058763,12.21,1.22,14,110.8,429,-88.53,2.00,423;411;417,-91.32;-96.85;-98.39,423;411,-91.32;-96.85
	2026-09-20 15:35:54.346,120.13107852,30.27059891,12.15,0.66,8,127.1,429,-85.98,4.81,423;417;411,-89.90;-96.86;-98.72,423;417,-89.90;-96.86
	2026-09-20 15:35:54.662,120.13106478,30.27058134,12.04,0.95,8,238.8,429,-88.63,4.62,423;417;411,-93.05;-96.55;-98.61,423;417,-93.05;-96.55
	2026-09-20 15:35:54.955,120.13105587,30.27059057,12.21,0.74,12,257.8,429,-89.73,1.01,423;417;411,-91.22;-96.00;-96.23,423;417,-91.22;-96.00
	2026-09-20 15:35:55.223,120.13106023,30.27059459,12.42,0.35,12,264.2,423,-89.71,0.61,429;411;417,-90.25;-96.12;-98.16,429;411,-90.25;-96.12
	2026-09-20 15:35:55.471,120.13107571,30.27057966,12.25,0.63,14,112.9,429,-89.48,1.40,423;417;411,-93.40;-97.56;-97.84,423;417,-93.40;-97.56
	2026-09-20 15:35:55.762,120.13106047,30.27058775,11.88,0.57,8,91.2,429,-88.89,1.76,423;417;411,-92.64;-97.49;-101.09,423;417,-92.64;-97.49
	2026-09-20 15:35:56.005,120.13105691,30.27059252,11.60,0.51,13,88.0,429,-89.41,1.94,423;411;417,-91.97;-97.31;-97.60,423;411,-91.97;-97.31
	2026-09-20 15:35:56.241,120.13105568,30.27058054,12.00,0.83,9,32.6,429,-87.23,5.28,423;417;411,-92.25;-97.11;-100.53,423;417,-92.25;-97.11
	2026-09-20 15:35:56.511,120.13105490,30.27058033,11.57,1.06,11,358.4,429,-87.37,4.81,423;411;417,-92.40;-93.64;-97.87,423;411,-92.40;-93.64
	2026-09-20 15:35:56.752,120.13105185,30.27059568,11.70,1.31,9,47.2,423,-88.77,-0.51,429;411;417,-91.05;-94.10;-97.08,429;411,-91.05;-94.10
	2026-09-20 15:35:57.003,120.13105798,30.27059768,12.48,1.07,8,322.4,423,-89.93,-0.63,429;417;411,-89.96;-92.30;-97.48,429;417,-89.96;-92.30
	2026-09-20 15:35:57.253,120.13104329,30.27058245,11.72,1.30,9,48.6,429,-88.02,2.02,423;411;417,-91.49;-96.54;-97.74,423;411,-91.49;-96.54
	2026-09-20 15:35:57.563,120.13105604,30.27058097,12.30,0.67,13,140.1,429,-86.45,1.63,423;417;411,-87.83;-95.95;-97.61,423;417,-87.83;-95.95
	2026-09-20 15:35:57.819,120.13104484,30.27059106,11.65,1.14,13,345.5,429,-89.66,4.23,423;417;411,-94.69;-95.55;-96.37,423;417,-94.69;-95.55
	2026-09-20 15:35:58.011,120.13104002,30.27058058,12.46,0.87,14,11.5,429,-87.50,1.34,423;411;417,-89.87;-96.60;-98.80,423;411,-89.87;-96.60
	2026-09-20 15:35:58.204,120.13105575,30.27059439,11.66,1.20,13,25.8,429,-89.28,1.74,423;411;417,-90.45;-96.13;-97.21,423;411,-90.45;-96.13
	2026-09-20 15:35:58.388,120.13104124,30.27058186,11.57,0.24,11,13.1,429,-86.91,3.52,423;411;417,-91.29;-96.30;-97.77,423;411,-91.29;-96.30
	2026-09-20 15:35:58.622,120.13103093,30.27058991,12.17,0.57,9,71.8,429,-90.40,-2.07,423;417;411,-90.85;-96.42;-96.47,423;417,-90.85;-96.42
	2026-09-20 15:35:58.910,120.13104783,30.27059277,11.83,0.26,10,270.9,423,-91.76,0.66,429;417;411,-93.11;-93.74;-98.71,429;417,-93.11;-93.74
	2026-09-20 15:35:59.099,120.13103045,30.27059588,12.08,0.65,10,304.4,429,-88.01,-1.23,423;411;417,-89.51;-95.88;-99.15,423;411,-89.51;-95.88
	2026-09-20 15:35:59.304,120.13103103,30.27059858,11.78,0.39,11,265.6,423,-90.34,0.19,429;411;417,-90.52;-94.21;-96.05,429;411,-90.52;-94.21
	2026-09-20 15:35:59.509,120.13102513,30.27059578,12.29,0.70,13,1.3,429,-89.66,-1.09,423;411;417,-90.59;-95.56;-96.20,423;411,-90.59;-95.56
	2026-09-20 15:35:59.810,120.13104077,30.27059073,12.38,1.26,12,236.8,429,-90.42,-0.50,423;417;411,-90.51;-95.80;-97.09,423;417,-90.51;-95.80
	2026-09-20 15:36:00.086,120.13102449,30.27059389,12.38,0.55,13,104.1,423,-88.80,1.39,429;417;411,-90.42;-94.79;-96.64,429;417,-90.42;-94.79
	2026-09-20 15:36:00.302,120.13102988,30.27058874,12.38,0.74,13,283.4,429,-88.48,1.61,423;417;411,-90.89;-96.81;-97.68,423;417,-90.89;-96.81
	2026-09-20 15:36:00.571,120.13102402,30.27058468,11.76,0.98,9,207.5,423,-90.19,-0.68,429;417;411,-90.59;-95.96;-99.16,429;417,-90.59;-95.96
	2026-09-20 15:36:00.792,120.13103099,30.27059716,12.12,0.87,14,346.0,423,-87.60,-0.22,429;417;411,-89.40;-96.27;-98.33,429;417,-89.40;-96.27
	2026-09-20 15:36:01.019,120.13102045,30.27059250,11.83,1.11,8,53.3,429,-90.85,-0.04,423;411;417,-91.88;-95.75;-97.50,423;411,-91.88;-95.75
	2026-09-20 15:36:01.213,120.13103731,30.27058279,11.83,0.92,12,95.8,429,-87.18,0.67,423;417;411,-88.91;-97.00;-98.25,423;417,-88.91;-97.00
	2026-09-20 15:36:01.416,120.13101998,30.27058543,11.57,0.88,8,17.5,429,-89.14,2.75,423;417;411,-91.89;-97.92;-98.41,423;417,-91.89;-97.92
	2026-09-20 15:36:01.689,120.13101320,30.27057967,11.91,0.65,14,13.1,429,-88.72,0.62,423;411;417,-91.28;-94.36;-96.16,423;411,-91.28;-94.36
	2026-09-20 15:36:01.959,120.13102729,30.27058936,12.31,0.21,8,67.3,429,-87.61,-0.41,423;417;411,-88.48;-95.72;-97.53,423;417,-88.48;-95.72
	2026-09-20 15:36:02.206,120.13103053,30.27058254,11.76,0.45,14,248.4,423,-89.78,0.87,429;417;411,-92.59;-96.70;-97.30,429;417,-92.59;-96.70
	2026-09-20 15:36:02.450,120.13101701,30.27059784,12.08,1.05,8,227.6,429,-89.39,3.77,423;417;411,-92.89;-95.80;-97.85,423;417,-92.89;-95.80
	2026-09-20 15:36:02.677,120.13101649,30.27059358,11.83,1.12,9,71.1,429,-87.48,5.34,423;411;417,-92.14;-93.56;-96.60,423;411,-92.14;-93.56
	2026-09-20 15:36:02.989,120.13101116,30.27058358,11.53,0.33,10,82.3,429,-88.31,1.98,423;417;411,-91.68;-96.33;-97.48,423;417,-91.68;-96.33
	2026-09-20 15:36:03.286,120.13100734,30.27057913,11.84,0.76,14,329.5,423,-88.85,3.25,429;411;417,-91.04;-94.43;-95.60,429;411,-91.04;-94.43
	2026-09-20 15:36:03.466,120.13101063,30.27057777,11.74,1.35,12,327.9,429,-89.22,2.94,423;417;411,-92.07;-96.27;-98.37,423;417,-92.07;-96.27
	2026-09-20 15:36:03.768,120.13100723,30.27059412,11.85,0.40,10,261.2,429,-89.70,-0.88,423;417;411,-90.26;-96.30;-96.32,423;417,-90.26;-96.30
	2026-09-20 15:36:04.053,120.13101356,30.27059697,12.44,0.59,11,6.5,429,-88.02,0.02,423;417;411,-88.35;-95.32;-99.36,423;417,-88.35;-95.32
	2026-09-20 15:36:04.297,120.13100204,30.27058028,11.89,1.18,8,332.8,429,-86.54,6.04,423;411;417,-93.56;-97.19;-98.35,423;411,-93.56;-97.19
	2026-09-20 15:36:04.507,120.13100080,30.27057980,12.00,0.39,11,288.2,429,-88.75,5.46,423;417;411,-95.50;-97.46;-98.57,423;417,-95.50;-97.46
	2026-09-20 15:36:04.814,120.13100951,30.27058675,11.83,0.58,11,310.8,429,-88.37,-0.47,423;411;417,-88.38;-96.28;-98.20,423;411,-88.38;-96.28
	2026-09-20 15:36:05.079,120.13101097,30.27058267,12.13,0.84,14,109.1,429,-90.15,2.84,423;417;411,-93.74;-97.58;-97.78,423;417,-93.74;-97.58
	2026-09-20 15:36:05.362,120.13100727,30.27059440,12.00,1.23,8,350.4,429,-89.04,1.31,423;411;417,-89.97;-95.13;-95.37,423;411,-89.97;-95.13
	2026-09-20 15:36:05.592,120.13100236,30.27058974,11.97,0.67,13,22.2,423,-87.09,3.30,429;417;411,-90.78;-96.04;-98.90,429;417,-90.78;-96.04
	2026-09-20 15:36:05.846,120.13100107,30.27058427,12.30,0.74,8,354.6,429,-90.17,0.86,423;417;411,-90.61;-96.15;-98.17,423;417,-90.61;-96.15
	2026-09-20 15:36:06.132,120.13098932,30.27058493,12.21,0.66,14,352.7,429,-89.76,-1.17,423;417;411,-89.94;-96.31;-96.71,423;417,-89.94;-96.31
	2026-09-20 15:36:06.399,120.13099216,30.27059841,11.99,1.37,10,282.3,429,-88.86,0.09,423;411;417,-91.12;-96.05;-97.15,423;411,-91.12;-96.05
	2026-09-20 15:36:06.613,120.13100203,30.27058783,11.86,0.62,9,12.2,429,-89.44,-1.25,423;411;417,-89.62;-94.47;-95.65,423;411,-89.62;-94.47
	2026-09-20 15:36:06.803,120.13097778,30.27059497,12.17,0.28,11,41.6,423,-89.00,0.63,429;411;417,-90.25;-95.31;-96.35,429;411,-90.25;-95.31
	2026-09-20 15:36:07.100,120.13099258,30.27058179,12.24,0.85,14,273.0,429,-89.55,0.11,423;411;417,-90.86;-96.04;-98.45,423;411,-90.86;-96.04
	2026-09-20 15:36:07.359,120.13099096,30.27059719,12.48,0.66,12,81.3,429,-91.44,-0.49,423;417;411,-91.94;-95.39;-100.56,423;417,-91.94;-95.39
	2026-09-20 15:36:07.655,120.13097784,30.27058945,11.51,0.62,8,141.1,429,-89.47,-0.31,423;417;411,-89.54;-97.59;-98.57,423;417,-89.54;-97.59
	2026-09-20 15:36:07.843,120.13098505,30.27058606,12.30,0.91,12,350.2,429,-89.94,1.17,423;411;417,-90.42;-94.03;-94.27,423;411,-90.42;-94.03
	2026-09-20 15:36:08.059,120.13098245,30.27059682,11.65,1.34,10,202.3,423,-89.74,-0.29,429;417;411,-89.83;-96.97;-99.32,429;417,-89.83;-96.97
	2026-09-20 15:36:08.341,120.13096768,30.27059721,11.54,1.20,12,217.0,429,-90.04,-0.35,423;411;417,-91.26;-94.72;-97.22,423;411,-91.26;-94.72
	2026-09-20 15:36:08.649,120.13096717,30.27059171,12.48,0.73,10,323.1,423,-87.67,4.34,429;417;411,-91.47;-96.02;-97.73,429;417,-91.47;-96.02
	2026-09-20 15:36:08.832,120.13098809,30.27058672,12.19,1.07,9,64.7,429,-87.82,1.15,423;417;411,-91.20;-95.52;-97.09,423;417,-91.20;-95.52
	2026-09-20 15:36:09.151,120.13096947,30.27058537,12.07,1.37,10,346.9,423,-87.13,2.27,429;417;411,-88.99;-98.18;-99.06,429;417,-88.99;-98.18
	2026-09-20 15:36:09.337,120.13097318,30.27058834,12.26,0.49,9,203.3,423,-90.06,-0.13,429;417;411,-91.71;-97.01;-97.20,429;417,-91.71;-97.01
	2026-09-20 15:36:09.609,120.13098145,30.27059325,12.25,0.22,13,306.8,429,-88.18,-0.17,423;417;411,-89.00;-94.47;-95.92,423;417,-89.00;-94.47
	2026-09-20 15:36:09.866,120.13097951,30.27058531,11.51,1.29,8,313.7,423,-86.82,3.22,429;411;417,-91.35;-97.56;-98.81,429;411,-91.35;-97.56
	2026-09-20 15:36:10.169,120.13096173,30.27058399,11.70,1.18,14,218.6,423,-89.39,1.67,429;417;411,-92.97;-96.03;-98.80,429;417,-92.97;-96.03
	2026-09-20 15:36:10.364,120.13095468,30.27058555,11.50,0.50,14,295.7,423,-89.84,0.90,429;411;417,-91.35;-97.65;-99.53,429;411,-91.35;-97.65
	2026-09-20 15:36:10.649,120.13095523,30.27058476,12.48,0.53,14,239.3,429,-87.51,2.82,423;417;411,-92.11;-97.91;-99.18,423;417,-92.11;-97.91
	2026-09-20 15:36:10.963,120.13096263,30.27058503,12.04,0.55,13,294.2,423,-89.08,3.48,417;429;411,-92.66;-95.33;-98.05,417;429,-92.66;-95.33
	2026-09-20 15:36:11.273,120.13096925,30.27058870,11.96,1.12,8,233.7,423,-89.23,-0.73,429;417;411,-90.22;-96.65;-98.79,429;417,-90.22;-96.65
	2026-09-20 15:36:11.520,120.13096894,30.27059870,12.02,1.05,12,120.5,429,-86.83,2.77,423;417;411,-89.18;-95.27;-96.47,423;417,-89.18;-95.27
	2026-09-20 15:36:11.821,120.13095636,30.27057776,12.47,0.57,14,340.4,429,-87.95,0.87,423;417;411,-88.15;-95.51;-97.26,423;417,-88.15;-95.51
	2026-09-20 15:36:12.004,120.13095140,30.27059475,11.68,1.25,13,75.5,423,-87.82,1.03,429;417;411,-90.64;-94.19;-94.63,429;417,-90.64;-94.19
	2026-09-20 15:36:12.318,120.13096081,30.27059074,11.96,0.90,10,226.2,423,-90.20,0.45,429;411;417,-91.34;-96.97;-98.42,429;411,-91.34;-96.97
	2026-09-20 15:36:12.551,120.13095802,30.27059791,11.66,1.06,14,117.7,423,-88.15,-0.34,429;417;411,-88.91;-95.82;-97.10,429;417,-88.91;-95.82
	2026-09-20 15:36:12.800,120.13093881,30.27058549,12.36,1.19,11,351.6,423,-88.27,2.46,429;411;417,-91.28;-97.99;-98.21,429;411,-91.28;-97.99
	2026-09-20 15:36:13.069,120.13095589,30.27058401,11.81,0.34,8,172.0,423,-90.62,0.57,429;411;417,-90.89;-95.16;-98.53,429;411,-90.89;-95.16
	2026-09-20 15:36:13.359,120.13094142,30.27058955,11.82,0.88,10,243.4,423,-90.21,3.60,429;411;417,-93.27;-95.17;-96.28,429;411,-93.27;-95.17
	2026-09-20 15:36:13.566,120.13095407,30.27058661,11.59,0.84,13,341.2,423,-89.96,-1.57,429;417;411,-89.98;-96.05;-96.78,429;417,-89.98;-96.05
	2026-09-20 15:36:13.752,120.13094549,30.27058528,11.59,1.13,8,199.2,423,-88.55,0.71,429;411;417,-90.57;-95.11;-97.86,429;411,-90.57;-95.11
	2026-09-20 15:36:14.061,120.13094994,30.27059896,12.28,0.42,8,149.5,423,-88.49,2.52,429;417;411,-90.84;-95.58;-98.52,429;417,-90.84;-95.58
	2026-09-20 15:36:14.259,120.13095147,30.27058919,11.94,0.24,9,244.8,423,-89.49,1.48,429;417;411,-91.37;-95.08;-99.35,429;417,-91.37;-95.08
	2026-09-20 15:36:14.486,120.13093134,30.27059502,11.79,0.33,9,37.8,423,-88.12,1.19,429;411;417,-90.37;-94.59;-95.10,429;411,-90.37;-94.59
	2026-09-20 15:36:14.686,120.13093294,30.27058018,11.75,1.27,11,76.5,423,-90.40,0.29,429;411;417,-91.49;-95.09;-96.37,429;411,-91.49;-95.09
	2026-09-20 15:36:14.959,120.13092781,30.27058456,12.42,0.43,10,151.7,423,-84.78,5.64,429;411;417,-90.50;-98.37;-98.56,429;411,-90.50;-98.37
	2026-09-20 15:36:15.211,120.13092275,30.27059256,12.40,0.96,10,286.2,423,-89.67,0.90,429;417;411,-91.95;-95.73;-96.62,429;417,-91.95;-95.73
	2026-09-20 15:36:15.515,120.13093463,30.27059560,12.13,1.34,8,242.3,423,-90.09,1.61,429;417;411,-91.72;-94.50;-99.03,429;417,-91.72;-94.50
	2026-09-20 15:36:15.708,120.13094235,30.27057957,11.71,1.22,10,166.6,423,-86.66,0.93,429;417;411,-88.27;-96.43;-98.30,429;417,-88.27;-96.43
	2026-09-20 15:36:15.979,120.13092519,30.27058245,12.24,0.23,8,154.2,423,-89.95,1.21,429;411;417,-92.00;-97.36;-97.92,429;411,-92.00;-97.36
	2026-09-20 15:36:16.287,120.13093790,30.27058432,12.33,1.30,14,346.0,423,-89.69,-2.16,429;411;417,-89.96;-95.83;-96.05,429;411,-89.96;-95.83
	2026-09-20 15:36:16.546,120.13093497,30.27058385,11.75,0.70,9,204.8,423,-89.52,0.62,429;411;417,-89.72;-96.54;-96.97,429;411,-89.72;-96.54
	2026-09-20 15:36:16.822,120.13093394,30.27059249,12.36,0.29,9,242.3,423,-86.94,5.53,429;411;417,-92.67;-97.25;-98.54,429;411,-92.67;-97.25
	2026-09-20 15:36:17.039,120.13093278,30.27057928,11.68,0.41,14,37.4,423,-89.70,2.24,429;417;411,-91.96;-94.78;-94.81,429;417,-91.96;-94.78
	2026-09-20 15:36:17.336,120.13093045,30.27058462,12.20,0.96,12,168.7,423,-87.50,3.66,429;417;411,-92.63;-96.44;-97.10,429;417,-92.63;-96.44
	2026-09-20 15:36:17.656,120.13092389,30.27057884,11.56,0.97,14,313.4,429,-90.30,0.22,423;417;411,-90.98;-97.19;-99.67,423;417,-90.98;-97.19
	2026-09-20 15:36:17.891,120.13092601,30.27058309,11.65,1.12,14,13.8,423,-90.27,-1.78,429;417;411,-92.03;-95.33;-95.96,429;417,-92.03;-95.33
	2026-09-20 15:36:18.188,120.13090806,30.27057907,11.51,0.85,8,350.0,423,-90.42,3.00,429;411;417,-94.75;-96.65;-98.52,429;411,-94.75;-96.65
	2026-09-20 15:36:18.473,120.13090422,30.27059603,11.93,1.15,10,123.4,423,-89.88,0.06,429;417;411,-93.62;-95.66;-97.28,429;417,-93.62;-95.66
	2026-09-20 15:36:18.744,120.13092173,30.27059161,12.14,0.49,9,194.8,423,-87.80,1.90,429;411;417,-90.00;-97.68;-98.55,429;411,-90.00;-97.68
	2026-09-20 15:36:18.924,120.13091134,30.27059142,12.30,1.29,10,251.5,423,-88.99,2.03,429;411;417,-92.36;-94.37;-97.21,429;411,-92.36;-94.37
	2026-09-20 15:36:19.155,120.13091664,30.27059864,11.52,0.27,9,16.8,423,-89.06,4.50,429;417;411,-93.57;-93.86;-98.59,429;417,-93.57;-93.86
	2026-09-20 15:36:19.362,120.13090176,30.27059070,11.79,0.31,8,87.7,423,-87.38,4.58,429;417;411,-94.01;-95.26;-98.85,429;417,-94.01;-95.26
	2026-09-20 15:36:19.580,120.13090751,30.27058783,12.18,0.39,14,147.3,423,-89.22,2.65,429;417;411,-92.76;-97.01;-98.92,429;417,-92.76;-97.01
	2026-09-20 15:36:19.814,120.13091071,30.27059429,12.39,0.79,10,312.6,429,-89.90,0.96,423;411;417,-92.15;-94.47;-95.03,423;411,-92.15;-94.47
	2026-09-20 15:36:20.049,120.13090271,30.27057967,11.72,0.64,10,105.3,423,-88.49,6.08,429;417;411,-93.28;-95.68;-95.94,429;417,-93.28;-95.68
	2026-09-20 15:36:20.267,120.13090607,30.27058001,12.40,1.07,11,123.6,423,-88.35,2.60,429;411;417,-91.60;-98.99;-99.62,429;411,-91.60;-98.99
	2026-09-20 15:36:20.464,120.13089673,30.27059644,11.65,0.98,13,170.8,429,-88.71,0.41,423;417;411,-90.07;-95.86;-96.63,423;417,-90.07;-95.86
	2026-09-20 15:36:20.701,120.13089952,30.27058779,11.55,0.42,9,283.6,423,-89.69,1.90,429;417;411,-91.52;-95.47;-98.64,429;417,-91.52;-95.47
	2026-09-20 15:36:20.929,120.13089958,30.27058267,12.33,0.24,12,290.7,423,-88.58,3.03,429;411;417,-92.11;-94.69;-95.09,429;411,-92.11;-94.69
	2026-09-20 15:36:21.162,120.13089305,30.27057973,12.30,0.62,12,176.9,429,-89.74,1.70,423;417;411,-90.60;-94.50;-96.22,423;417,-90.60;-94.50
	2026-09-20 15:36:21.411,120.13088979,30.27059850,12.15,0.35,8,43.0,423,-87.60,3.48,429;417;411,-91.63;-97.31;-98.96,429;417,-91.63;-97.31
	2026-09-20 15:36:21.610,120.13089067,30.27058752,11.88,0.66,8,260.2,423,-91.84,-1.33,429;411;417,-91.97;-95.55;-96.34,429;411,-91.97;-95.55
	2026-09-20 15:36:21.809,120.13090103,30.27058763,12.17,1.39,12,285.1,423,-86.11,4.60,429;417;411,-90.13;-93.82;-98.54,429;417,-90.13;-93.82
	2026-09-20 15:36:22.115,120.13087992,30.27058348,11.63,1.11,14,161.8,423,-85.32,2.93,429;411;417,-90.12;-94.38;-98.41,429;411,-90.12;-94.38
	2026-09-20 15:36:22.420,120.13089552,30.27058392,12.01,0.67,8,69.6,423,-89.14,-0.42,429;417;411,-89.81;-95.18;-98.29,429;417,-89.81;-95.18
	2026-09-20 15:36:22.625,120.13089264,30.27059296,11.70,0.40,13,242.3,423,-90.18,-1.33,429;411;417,-91.88;-95.72;-95.79,429;411,-91.88;-95.72
	2026-09-20 15:36:22.830,120.13088976,30.27059722,12.01,0.25,13,140.1,423,-88.53,3.86,429;417;411,-92.39;-93.58;-96.07,429;417,-92.39;-93.58
	2026-09-20 15:36:23.031,120.13089174,30.27059836,11.66,0.28,9,219.2,423,-86.51,1.84,429;411;417,-89.70;-96.39;-97.50,429;411,-89.70;-96.39
	2026-09-20 15:36:23.241,120.13089169,30.27058152,11.61,0.93,11,260.6,423,-90.39,-0.57,429;417;411,-90.91;-96.42;-98.14,429;417,-90.91;-96.42
	2026-09-20 15:36:23.534,120.13087434,30.27059178,12.34,0.36,10,72.2,423,-88.86,3.76,429;411;417,-94.02;-95.84;-96.53,429;411,-94.02;-95.84
	2026-09-20 15:36:23.741,120.13087832,30.27058563,11.52,0.51,11,184.3,423,-88.54,1.94,429;417;411,-91.55;-95.15;-97.68,429;417,-91.55;-95.15
	2026-09-20 15:36:23.985,120.13088474,30.27059784,11.90,0.89,9,132.5,423,-88.37,0.51,429;411;417,-90.58;-96.80;-97.05,429;411,-90.58;-96.80
	2026-09-20 15:36:24.299,120.13087297,30.27059717,11.69,1.23,11,226.3,423,-87.85,-0.51,429;417;411,-89.75;-97.42;-97.55,429;417,-89.75;-97.42
	2026-09-20 15:36:24.546,120.13088109,30.27058693,11.93,0.26,10,74.4,423,-86.77,6.88,429;411;417,-93.79;-97.28;-97.49,429;411,-93.79;-97.28
	2026-09-20 15:36:24.790,120.13088178,30.27059090,11.89,0.89,8,352.3,423,-89.10,1.84,429;417;411,-91.52;-95.60;-100.17,429;417,-91.52;-95.60
	2026-09-20 15:36:25.016,120.13086818,30.27059081,11.95,0.25,10,112.5,423,-88.86,1.12,429;417;411,-90.88;-97.38;-99.15,429;417,-90.88;-97.38
	2026-09-20 15:36:25.325,120.13085765,30.27059883,11.92,0.62,12,79.8,423,-87.25,4.21,429;417;411,-92.59;-95.16;-98.18,429;417,-92.59;-95.16
	2026-09-20 15:36:25.528,120.13087212,30.27059058,12.00,1.04,8,242.8,423,-89.06,4.05,429;417;411,-92.35;-93.83;-97.03,429;417,-92.35;-93.83
	2026-09-20 15:36:25.807,120.13087377,30.27057769,11.76,0.73,13,324.5,423,-85.49,3.30,429;411;417,-90.82;-96.90;-97.57,429;411,-90.82;-96.90
	2026-09-20 15:36:26.032,120.13086902,30.27057843,11.96,0.67,10,78.9,423,-86.21,5.85,429;411;417,-92.09;-96.60;-98.34,429;411,-92.09;-96.60
	2026-09-20 15:36:26.280,120.13086559,30.27057737,11.56,0.39,8,77.6,423,-85.84,5.23,429;417;411,-91.11;-95.19;-97.02,429;417,-91.11;-95.19
	2026-09-20 15:36:26.500,120.13085898,30.27059293,11.63,0.86,9,227.8,423,-85.77,6.95,429;411;417,-93.73;-95.09;-96.00,429;411,-93.73;-95.09
	2026-09-20 15:36:26.818,120.13085126,30.27058328,11.63,0.93,9,284.7,423,-84.50,5.84,429;417;411,-91.28;-97.02;-98.47,429;417,-91.28;-97.02
	2026-09-20 15:36:27.076,120.13085530,30.27058641,11.73,1.18,9,158.8,423,-88.69,1.15,429;411;417,-90.46;-97.45;-99.12,429;411,-90.46;-97.45
	2026-09-20 15:36:27.359,120.13084154,30.27058598,11.71,0.92,11,280.6,423,-86.71,4.94,429;417;411,-91.93;-96.20;-99.20,429;417,-91.93;-96.20
	2026-09-20 15:36:27.567,120.13086319,30.27059622,12.47,1.16,13,271.8,423,-88.11,5.54,429;411;417,-95.65;-98.56;-98.92,429;411,-95.65;-98.56
	2026-09-20 15:36:27.873,120.13085523,30.27059770,12.18,0.22,13,255.2,423,-88.00,3.50,429;417;411,-90.49;-95.68;-95.86,429;417,-90.49;-95.68
	2026-09-20 15:36:28.155,120.13085025,30.27059629,12.06,0.25,14,358.5,423,-85.70,5.62,429;417;411,-93.00;-95.52;-97.61,429;417,-93.00;-95.52
	2026-09-20 15:36:28.346,120.13085058,30.27058439,12.41,1.27,14,191.8,423,-87.78,2.13,429;417;411,-90.38;-96.13;-97.69,429;417,-90.38;-96.13
	2026-09-20 15:36:28.589,120.13085572,30.27057944,11.79,0.42,11,329.9,423,-88.27,5.28,429;411;417,-93.70;-96.30;-98.87,429;411,-93.70;-96.30
	2026-09-20 15:36:28.817,120.13084419,30.27058808,11.99,1.08,9,322.3,423,-89.58,-1.57,429;417;411,-90.16;-96.27;-97.98,429;417,-90.16;-96.27
	2026-09-20 15:36:29.090,120.13084300,30.27058740,11.90,1.19,12,103.0,423,-86.73,4.42,429;417;411,-92.58;-94.93;-96.95,429;417,-92.58;-94.93
	2026-09-20 15:36:29.399,120.13084658,30.27059793,11.92,1.15,9,177.4,429,-90.93,-3.92,423;411;417,-91.25;-95.31;-97.60,423;411,-91.25;-95.31
	2026-09-20 15:36:29.639,120.13084673,30.27057934,12.33,0.45,14,31.9,423,-86.34,5.07,429;417;411,-93.94;-97.12;-98.30,429;417,-93.94;-97.12
	2026-09-20 15:36:29.829,120.13083627,30.27058702,12.01,0.88,10,319.8,423,-89.51,1.73,429;411;417,-91.82;-94.74;-96.78,429;411,-91.82;-94.74
	2026-09-20 15:36:30.011,120.13083320,30.27058817,12.07,1.21,11,56.9,423,-86.11,4.43,429;417;411,-92.09;-96.52;-97.35,429;417,-92.09;-96.52
	2026-09-20 15:36:30.270,120.13083739,30.27058112,12.47,0.31,8,289.8,423,-85.19,4.41,429;417;411,-91.38;-94.81;-98.66,429;417,-91.38;-94.81
	2026-09-20 15:36:30.555,120.13082680,30.27058887,11.98,1.11,10,332.2,423,-86.85,1.77,429;411;417,-89.65;-95.93;-96.85,429;411,-89.65;-95.93
	2026-09-20 15:36:30.849,120.13082805,30.27057996,12.48,1.17,14,323.0,423,-84.77,4.38,429;411;417,-91.42;-97.59;-98.99,429;411,-91.42;-97.59
	2026-09-20 15:36:31.055,120.13082772,30.27059707,12.32,1.12,13,289.2,423,-83.50,5.65,429;417;411,-89.46;-93.17;-99.33,429;417,-89.46;-93.17
	2026-09-20 15:36:31.343,120.13082487,30.27059886,11.81,0.35,11,238.6,423,-86.40,3.47,429;417;411,-90.91;-98.16;-98.49,429;417,-90.91;-98.16
	2026-09-20 15:36:31.619,120.13083665,30.27059425,11.91,0.38,10,290.4,423,-87.76,1.20,429;411;417,-90.48;-96.19;-97.32,429;411,-90.48;-96.19
	2026-09-20 15:36:31.839,120.13081860,30.27057803,11.74,0.22,9,289.2,423,-87.70,2.44,429;411;417,-90.71;-95.96;-96.84,429;411,-90.71;-95.96
	2026-09-20 15:36:32.105,120.13081640,30.27058299,12.17,1.35,13,115.5,423,-86.87,5.23,429;417;411,-93.27;-98.12;-99.73,429;417,-93.27;-98.12
	2026-09-20 15:36:32.425,120.13081486,30.27057972,11.51,0.82,13,359.2,423,-88.04,4.27,429;417;411,-94.54;-97.95;-99.11,429;417,-94.54;-97.95
	2026-09-20 15:36:32.610,120.13081359,30.27059039,11.66,0.70,14,18.2,423,-84.05,8.08,429;411;417,-93.34;-98.31;-98.66,429;411,-93.34;-98.31
	2026-09-20 15:36:32.866,120.13080786,30.27059813,11.64,1.10,9,132.6,423,-85.14,6.55,429;417;411,-95.15;-96.67;-97.23,429;417,-95.15;-96.67
	2026-09-20 15:36:33.170,120.13081070,30.27057875,11.82,0.21,11,337.3,423,-84.54,10.08,429;411;417,-96.17;-97.92;-98.06,429;411,-96.17;-97.92
	2026-09-20 15:36:33.445,120.13082306,30.27058345,12.21,1.04,10,224.5,423,-88.57,-0.73,429;411;417,-89.70;-96.04;-98.05,429;411,-89.70;-96.04
	2026-09-20 15:36:33.709,120.13081832,30.27058968,11.81,0.60,12,311.8,423,-84.91,5.27,429;411;417,-91.78;-95.92;-97.08,429;411,-91.78;-95.92
	2026-09-20 15:36:33.894,120.13080126,30.27058133,11.84,0.59,11,140.5,423,-83.26,7.32,429;417;411,-91.08;-97.41;-98.40,429;417,-91.08;-97.41
	2026-09-20 15:36:34.087,120.13080771,30.27058682,12.42,1.17,11,30.6,423,-87.35,3.49,429;411;417,-92.70;-96.21;-97.24,429;411,-92.70;-96.21
	2026-09-20 15:36:34.272,120.13080610,30.27058221,12.16,0.80,10,186.4,423,-87.35,4.73,429;411;417,-94.34;-96.63;-97.92,429;411,-94.34;-96.63
	2026-09-20 15:36:34.502,120.13079766,30.27058974,12.46,0.38,9,270.4,423,-87.56,5.68,429;417;411,-93.45;-95.10;-97.59,429;417,-93.45;-95.10
	2026-09-20 15:36:34.698,120.13080744,30.27058233,11.97,0.30,13,158.0,423,-87.30,6.23,429;411;417,-93.81;-97.48;-99.56,429;411,-93.81;-97.48
	2026-09-20 15:36:34.960,120.13080113,30.27059129,11.53,0.29,14,296.7,423,-85.38,5.64,429;411;417,-91.60;-96.76;-98.49,429;411,-91.60;-96.76
	2026-09-20 15:36:35.211,120.13080721,30.27058052,12.13,0.37,8,141.1,423,-85.58,9.12,429;411;417,-93.84;-96.54;-99.22,429;411,-93.84;-96.54
	2026-09-20 15:36:35.525,120.13080613,30.27057758,11.52,0.54,11,37.7,423,-85.52,5.45,429;411;417,-91.29;-97.48;-98.69,429;411,-91.29;-97.48
	2026-09-20 15:36:35.740,120.13079677,30.27059300,12.37,0.53,14,22.8,423,-87.64,4.55,429;417;411,-91.97;-93.93;-100.04,429;417,-91.97;-93.93
	2026-09-20 15:36:35.988,120.13078460,30.27059704,11.63,0.89,10,259.3,423,-87.29,6.03,429;411;417,-93.23;-98.21;-99.87,429;411,-93.23;-98.21
	2026-09-20 15:36:36.201,120.13079737,30.27058975,12.02,0.26,10,69.4,423,-86.07,1.48,429;417;411,-89.55;-95.89;-96.01,429;417,-89.55;-95.89
	2026-09-20 15:36:36.467,120.13078902,30.27059375,12.14,0.77,8,281.8,423,-83.68,5.61,429;411;417,-92.47;-95.24;-96.45,429;411,-92.47;-95.24
	2026-09-20 15:36:36.767,120.13079135,30.27058756,11.94,0.59,8,116.9,423,-86.81,6.59,429;411;417,-94.73;-95.84;-97.69,429;411,-94.73;-95.84
	2026-09-20 15:36:37.087,120.13078187,30.27057822,12.02,0.62,14,235.7,423,-85.62,6.56,429;417;411,-92.31;-96.59;-99.77,429;417,-92.31;-96.59
	2026-09-20 15:36:37.342,120.13079761,30.27058631,12.11,0.84,10,146.3,423,-84.48,7.62,429;411;417,-92.41;-95.15;-95.47,429;411,-92.41;-95.15
	2026-09-20 15:36:37.577,120.13079863,30.27058658,12.35,0.79,14,321.1,423,-86.03,3.74,429;417;411,-92.10;-96.91;-97.13,429;417,-92.10;-96.91
	2026-09-20 15:36:37.816,120.13078594,30.27059729,12.44,1.31,13,252.6,423,-83.73,7.99,429;417;411,-90.47;-96.32;-98.92,429;417,-90.47;-96.32
	2026-09-20 15:36:38.030,120.13079439,30.27059076,11.56,1.22,11,69.9,423,-86.48,1.28,429;417;411,-89.99;-95.94;-96.15,429;417,-89.99;-95.94
	2026-09-20 15:36:38.293,120.13078667,30.27059811,11.57,0.85,8,127.8,423,-85.38,8.08,429;411;417,-93.75;-98.19;-98.35,429;411,-93.75;-98.19
	2026-09-20 15:36:38.489,120.13077969,30.27057922,12.25,1.03,11,232.3,423,-88.47,1.00,429;417;411,-91.23;-96.68;-97.64,429;417,-91.23;-96.68
	2026-09-20 15:36:38.746,120.13077670,30.27059482,11.71,0.57,10,324.9,423,-85.95,4.74,429;417;411,-91.95;-96.41;-100.20,429;417,-91.95;-96.41
	2026-09-20 15:36:38.970,120.13076610,30.27059066,12.29,1.00,9,121.1,423,-85.74,5.72,429;411;417,-93.07;-97.78;-97.93,429;411,-93.07;-97.78
	2026-09-20 15:36:39.172,120.13076889,30.27059252,11.59,0.82,8,132.9,423,-84.83,5.32,429;411;417,-91.05;-97.43;-97.76,429;411,-91.05;-97.43
	2026-09-20 15:36:39.479,120.13077882,30.27058495,11.63,1.31,11,280.5,423,-86.21,3.04,429;417;411,-89.50;-94.38;-95.97,429;417,-89.50;-94.38
	2026-09-20 15:36:39.693,120.13077630,30.27058282,12.31,0.24,14,102.0,423,-85.00,4.86,429;417;411,-90.18;-94.90;-98.78,429;417,-90.18;-94.90
	2026-09-20 15:36:39.996,120.13077880,30.27058395,11.57,0.62,8,74.5,423,-84.20,6.09,429;417;411,-90.66;-96.84;-97.24,429;417,-90.66;-96.84
	2026-09-20 15:36:40.285,120.13076177,30.27057949,12.11,0.57,11,59.9,423,-85.03,3.81,429;417;411,-91.52;-92.42;-93.61,429;417,-91.52;-92.42
	2026-09-20 15:36:40.572,120.13077132,30.27059040,11.72,0.44,14,308.9,423,-88.94,4.70,429;411;417,-94.33;-96.66;-98.42,429;411,-94.33;-96.66
	2026-09-20 15:36:40.759,120.13075476,30.27059604,12.21,0.52,13,323.5,423,-84.55,7.90,429;417;411,-94.20;-96.38;-99.92,429;417,-94.20;-96.38
	2026-09-20 15:36:40.988,120.13077520,30.27059861,11.71,0.36,8,92.8,423,-86.81,5.88,429;417;411,-93.59;-96.22;-96.77,429;417,-93.59;-96.22
	2026-09-20 15:36:41.221,120.13075085,30.27059221,11.87,0.57,11,353.4,423,-85.27,9.67,429;411;417,-93.80;-97.23;-97.25,429;411,-93.80;-97.23
	2026-09-20 15:36:41.453,120.13074888,30.27058124,11.99,0.88,9,94.8,423,-86.57,4.18,429;417;411,-92.52;-97.79;-98.12,429;417,-92.52;-97.79
	2026-09-20 15:36:41.771,120.13075115,30.27059380,12.07,0.63,9,126.7,423,-85.98,3.60,429;411;417,-90.45;-98.06;-99.23,429;411,-90.45;-98.06
	2026-09-20 15:36:42.015,120.13075380,30.27059247,12.43,0.25,10,234.8,423,-85.19,2.11,429;417;411,-90.41;-96.84;-96.95,429;417,-90.41;-96.84
	2026-09-20 15:36:42.246,120.13075289,30.27059259,11.65,1.13,10,131.7,423,-85.99,5.45,429;417;411,-91.92;-98.00;-98.31,429;417,-91.92;-98.00
	2026-09-20 15:36:42.565,120.13075910,30.27057857,12.05,0.42,13,227.1,423,-85.15,10.80,429;417;411,-94.95;-97.29;-98.59,429;417,-94.95;-97.29
	2026-09-20 15:36:42.770,120.13073936,30.27058253,11.56,0.53,9,236.3,423,-86.92,6.41,429;411;417,-94.88;-96.65;-99.96,429;411,-94.88;-96.65
	2026-09-20 15:36:43.034,120.13074258,30.27057813,11.93,0.39,13,161.2,423,-84.09,9.76,411;429;417,-93.94;-94.05;-97.08,411;429,-93.94;-94.05
	2026-09-20 15:36:43.223,120.13075496,30.27057795,12.20,0.93,12,131.1,423,-86.36,5.73,429;417;411,-93.42;-97.71;-98.34,429;417,-93.42;-97.71
	2026-09-20 15:36:43.536,120.13074479,30.27059639,11.93,0.76,13,18.0,423,-88.09,3.93,429;417;411,-92.81;-95.65;-97.53,429;417,-92.81;-95.65
	2026-09-20 15:36:43.726,120.13073662,30.27057853,12.47,0.59,11,297.7,423,-83.67,8.01,429;411;417,-92.76;-97.78;-97.93,429;411,-92.76;-97.78
	2026-09-20 15:36:43.949,120.13074906,30.27058445,11.56,1.05,12,112.2,423,-84.71,7.83,429;417;411,-93.45;-95.63;-97.12,429;417,-93.45;-95.63
	2026-09-20 15:36:44.264,120.13075024,30.27057821,12.43,0.87,11,357.3,423,-87.92,5.01,429;411;417,-92.39;-96.77;-97.76,429;411,-92.39;-96.77
	2026-09-20 15:36:44.546,120.13073359,30.27058779,12.36,0.62,12,95.5,423,-83.47,11.73,429;411;417,-94.24;-96.93;-99.08,429;411,-94.24;-96.93
	2026-09-20 15:36:44.843,120.13073231,30.27058327,12.45,0.39,10,84.5,423,-85.82,8.58,417;429;411,-95.85;-96.03;-98.30,417;429,-95.85;-96.03
	2026-09-20 15:36:45.026,120.13073029,30.27059313,12.08,0.78,10,193.8,423,-83.04,11.22,429;411;417,-94.98;-96.96;-97.06,429;411,-94.98;-96.96
	2026-09-20 15:36:45.229,120.13073954,30.27058465,11.59,0.64,12,32.1,423,-82.70,10.60,429;417;411,-93.12;-97.81;-98.21,429;417,-93.12;-97.81
	2026-09-20 15:36:45.429,120.13072823,30.27058468,11.95,0.69,12,90.5,423,-84.54,8.78,429;411;417,-94.17;-96.90;-98.75,429;411,-94.17;-96.90
	2026-09-20 15:36:45.691,120.13072811,30.27058358,11.80,1.35,12,261.6,423,-86.45,9.53,417;429;411,-96.60;-97.22;-101.20,417;429,-96.60;-97.22
	2026-09-20 15:36:45.925,120.13072666,30.27058852,12.20,0.93,14,119.0,423,-84.26,9.70,429;417;411,-93.00;-97.40;-97.93,429;417,-93.00;-97.40
	2026-09-20 15:36:46.116,120.13072259,30.27057829,11.52,0.86,9,74.6,423,-82.17,10.56,429;417;411,-93.46;-96.97;-97.76,429;417,-93.46;-96.97
	2026-09-20 15:36:46.303,120.13071707,30.27059805,11.81,0.51,11,34.9,423,-84.76,8.48,417;429;411,-94.65;-95.71;-100.13,417;429,-94.65;-95.71
	2026-09-20 15:36:46.497,120.13071455,30.27058774,12.23,0.56,12,357.7,423,-82.51,12.00,417;429;411,-95.69;-95.74;-96.84,417;429,-95.69;-95.74
	2026-09-20 15:36:46.754,120.13071428,30.27059683,11.53,1.18,13,31.5,423,-84.06,9.33,429;417;411,-94.97;-96.79;-98.15,429;417,-94.97;-96.79
	2026-09-20 15:36:47.007,120.13071191,30.27059792,12.43,1.03,8,111.0,423,-86.94,6.21,429;417;411,-93.42;-97.75;-98.45,429;417,-93.42;-97.75
	2026-09-20 15:36:47.269,120.13071227,30.27057999,12.31,0.68,8,56.0,423,-82.31,12.00,417;429;411,-97.12;-97.38;-97.84,417;429,-97.12;-97.38
	2026-09-20 15:36:47.580,120.13071614,30.27059170,11.59,1.01,8,259.8,423,-82.04,11.52,417;429;411,-93.15;-95.46;-98.28,417;429,-93.15;-95.46
	2026-09-20 15:36:47.830,120.13070820,30.27058020,11.88,0.44,14,278.9,423,-85.36,10.22,429;417;411,-94.59;-94.96;-99.20,429;417,-94.59;-94.96
	2026-09-20 15:36:48.072,120.13072306,30.27059182,11.54,0.27,10,126.3,423,-86.47,5.05,429;411;417,-93.97;-96.82;-97.15,429;411,-93.97;-96.82
	2026-09-20 15:36:48.307,120.13071614,30.27058379,12.49,1.13,12,119.6,423,-86.05,7.11,429;417;411,-94.13;-99.47;-99.67,429;417,-94.13;-99.47
	2026-09-20 15:36:48.585,120.13070812,30.27058304,12.45,1.30,10,20.2,423,-84.89,9.26,429;411;417,-94.99;-95.18;-97.20,429;411,-94.99;-95.18
	2026-09-20 15:36:48.805,120.13070982,30.27059613,11.93,0.93,12,301.3,423,-83.29,6.55,429;411;417,-91.33;-95.73;-97.06,429;411,-91.33;-95.73
	2026-09-20 15:36:49.015,120.13071363,30.27058132,12.47,0.65,9,131.4,423,-84.68,8.85,429;417;411,-94.58;-96.27;-98.72,429;417,-94.58;-96.27
	2026-09-20 15:36:49.249,120.13070614,30.27059130,12.47,1.38,10,346.5,423,-85.91,6.36,429;417;411,-92.30;-94.91;-96.87,429;417,-92.30;-94.91
	2026-09-20 15:36:49.497,120.13070929,30.27059369,11.64,0.91,11,32.9,423,-85.13,5.88,429;417;411,-91.74;-94.75;-96.03,429;417,-91.74;-94.75
	2026-09-20 15:36:49.804,120.13071432,30.27057936,12.45,0.85,14,288.7,423,-86.25,7.00,429;417;411,-93.72;-95.61;-97.01,429;417,-93.72;-95.61
	2026-09-20 15:36:50.119,120.13069495,30.27058544,11.99,0.82,13,309.2,423,-82.08,10.84,429;411;417,-92.29;-94.69;-98.96,429;411,-92.29;-94.69
	2026-09-20 15:36:50.332,120.13069956,30.27058078,12.20,1.26,8,97.9,423,-84.61,8.29,429;411;417,-95.06;-96.65;-97.51,429;411,-95.06;-96.65
	2026-09-20 15:36:50.544,120.13068967,30.27058245,12.10,0.43,12,63.7,423,-83.26,11.99,429;411;417,-96.19;-96.74;-98.15,429;411,-96.19;-96.74
	2026-09-20 15:36:50.821,120.13070935,30.27059778,12.48,0.64,10,109.3,423,-82.23,10.09,429;411;417,-93.78;-95.97;-97.22,429;411,-93.78;-95.97
	2026-09-20 15:36:51.023,120.13069105,30.27059611,12.20,1.23,12,64.0,423,-83.45,6.44,429;417;411,-90.65;-95.76;-96.17,429;417,-90.65;-95.76
	2026-09-20 15:36:51.270,120.13070219,30.27058171,11.54,0.52,13,40.9,423,-85.50,7.06,429;411;417,-93.75;-96.50;-98.65,429;411,-93.75;-96.50
	2026-09-20 15:36:51.574,120.13070058,30.27058866,11.78,1.38,13,18.6,423,-83.08,12.00,411;417;429,-95.73;-97.43;-97.50,411;417,-95.73;-97.43
	2026-09-20 15:36:51.854,120.13068157,30.27059329,11.95,1.26,9,120.2,423,-86.61,4.63,429;411;417,-92.24;-94.72;-98.04,429;411,-92.24;-94.72
	2026-09-20 15:36:52.069,120.13068442,30.27059265,12.12,0.46,11,260.5,423,-84.91,8.20,417;429;411,-93.65;-94.52;-98.67,417;429,-93.65;-94.52
	2026-09-20 15:36:52.317,120.13069672,30.27058600,11.87,0.64,9,270.0,423,-83.18,9.15,429;411;417,-94.59;-94.61;-96.26,429;411,-94.59;-94.61
	2026-09-20 15:36:52.568,120.13067630,30.27059623,12.29,1.06,8,165.3,423,-86.93,6.75,429;411;417,-94.02;-96.87;-97.33,429;411,-94.02;-96.87
	2026-09-20 15:36:52.830,120.13069566,30.27058974,12.35,0.71,14,242.5,423,-82.93,12.00,429;411;417,-96.72;-97.04;-98.46,429;411,-96.72;-97.04
	2026-09-20 15:36:53.098,120.13067374,30.27058279,11.55,0.58,13,247.2,423,-86.28,7.24,429;417;411,-94.48;-96.58;-97.66,429;417,-94.48;-96.58
	2026-09-20 15:36:53.341,120.13068292,30.27058189,11.89,0.69,9,110.8,423,-85.80,7.05,429;411;417,-93.14;-97.25;-97.30,429;411,-93.14;-97.25
	2026-09-20 15:36:53.587,120.13068341,30.27059838,11.74,0.28,9,187.8,423,-82.77,8.04,429;417;411,-92.89;-97.01;-101.17,429;417,-92.89;-97.01
	2026-09-20 15:36:53.853,120.13069012,30.27059857,12.15,0.82,11,143.0,423,-81.78,10.11,429;411;417,-93.14;-95.50;-96.72,429;411,-93.14;-95.50
	2026-09-20 15:36:54.170,120.13067678,30.27058845,12.20,0.33,11,255.1,423,-83.28,10.79,429;411;417,-94.16;-95.13;-96.49,429;411,-94.16;-95.13
	2026-09-20 15:36:54.469,120.13068453,30.27059512,11.81,0.96,11,172.1,423,-82.80,10.06,429;411;417,-93.59;-98.27;-98.30,429;411,-93.59;-98.27
	2026-09-20 15:36:54.657,120.13067387,30.27058510,11.58,0.38,12,288.6,423,-83.91,9.88,429;411;417,-95.39;-97.40;-97.64,429;411,-95.39;-97.40
	2026-09-20 15:36:54.945,120.13066995,30.27059373,11.71,1.09,12,304.8,423,-83.33,10.00,429;411;417,-92.99;-97.04;-97.60,429;411,-92.99;-97.04
	2026-09-20 15:36:55.177,120.13067875,30.27058265,11.53,0.80,11,189.8,423,-82.64,9.60,429;411;417,-93.85;-96.02;-96.46,429;411,-93.85;-96.02
	2026-09-20 15:36:55.365,120.13067931,30.27059153,11.95,1.24,12,102.9,423,-85.42,6.37,429;411;417,-93.01;-95.78;-96.45,429;411,-93.01;-95.78
	2026-09-20 15:36:55.568,120.13066993,30.27058561,11.88,0.93,14,133.3,423,-86.68,4.87,429;417;411,-92.02;-98.39;-99.92,429;417,-92.02;-98.39
	2026-09-20 15:36:55.840,120.13066194,30.27058317,11.68,1.01,14,213.2,423,-82.53,12.00,429;411;417,-95.43;-95.52;-97.42,429;411,-95.43;-95.52
	2026-09-20 15:36:56.097,120.13067050,30.27059460,12.35,1.04,11,65.7,423,-82.70,9.47,429;417;411,-93.38;-94.02;-97.61,429;417,-93.38;-94.02
	2026-09-20 15:36:56.383,120.13067322,30.27059034,11.61,0.54,12,124.6,423,-84.69,5.67,429;417;411,-92.81;-96.35;-98.77,429;417,-92.81;-96.35
	2026-09-20 15:36:56.666,120.13067029,30.27058290,12.26,0.75,10,181.7,423,-80.78,12.00,429;411;417,-94.49;-97.23;-98.33,429;411,-94.49;-97.23
	2026-09-20 15:36:56.874,120.13065793,30.27058918,12.43,0.22,8,243.4,423,-84.65,8.30,429;417;411,-93.71;-94.51;-98.66,429;417,-93.71;-94.51
	2026-09-20 15:36:57.061,120.13065762,30.27057876,12.32,0.28,10,0.4,423,-82.29,10.89,429;417;411,-94.24;-98.37;-98.44,429;417,-94.24;-98.37
	2026-09-20 15:36:57.340,120.13065747,30.27058099,12.34,0.72,9,67.6,423,-81.76,11.24,429;417;411,-92.86;-95.25;-97.01,429;417,-92.86;-95.25
	2026-09-20 15:36:57.586,120.13064298,30.27058309,12.02,0.90,13,144.9,423,-81.70,12.00,429;417;411,-95.45;-96.39;-99.32,429;417,-95.45;-96.39
	2026-09-20 15:36:57.904,120.13064091,30.27057770,12.14,0.42,9,204.4,423,-81.27,10.14,429;411;417,-92.81;-94.53;-95.91,429;411,-92.81;-94.53
	2026-09-20 15:36:58.085,120.13064102,30.27058504,11.89,0.89,9,34.7,423,-83.90,9.39,429;417;411,-93.68;-96.65;-100.10,429;417,-93.68;-96.65
	2026-09-20 15:36:58.386,120.13064871,30.27059629,12.41,0.61,11,137.3,423,-84.72,7.73,417;429;411,-93.38;-95.44;-99.36,417;429,-93.38;-95.44
	2026-09-20 15:36:58.573,120.13064377,30.27058095,11.95,1.03,10,83.8,423,-82.06,9.74,429;417;411,-93.78;-96.02;-96.49,429;417,-93.78;-96.02
	2026-09-20 15:36:58.753,120.13065193,30.27057991,11.55,0.59,11,19.6,423,-80.85,12.00,429;417;411,-94.01;-96.32;-100.16,429;417,-94.01;-96.32
	2026-09-20 15:36:59.043,120.13064563,30.27059518,11.79,1.12,9,161.9,423,-82.56,10.38,429;411;417,-94.82;-97.73;-99.04,429;411,-94.82;-97.73
	2026-09-20 15:36:59.289,120.13064509,30.27058432,12.27,0.37,14,42.7,423,-83.00,8.82,429;417;411,-93.78;-96.74;-97.66,429;417,-93.78;-96.74
	2026-09-20 15:36:59.540,120.13065044,30.27059741,12.25,0.76,8,66.2,423,-79.77,12.00,417;429;411,-94.99;-96.19;-97.16,417;429,-94.99;-96.19
	2026-09-20 15:36:59.731,120.13064180,30.27058479,11.54,0.86,9,203.8,423,-82.16,8.69,429;417;411,-92.34;-98.69;-99.17,429;417,-92.34;-98.69
	2026-09-20 15:36:59.964,120.13063123,30.27058850,12.33,0.83,13,343.3,423,-83.41,12.00,429;411;417,-97.60;-99.14;-99.53,429;411,-97.60;-99.14
	2026-09-20 15:37:00.275,120.13064358,30.27058507,12.49,0.96,8,100.8,423,-82.53,9.52,429;411;417,-92.57;-94.87;-97.60,429;411,-92.57;-94.87
	2026-09-20 15:37:00.504,120.13062263,30.27058763,11.68,0.72,11,269.8,423,-80.66,11.89,417;411;429,-94.78;-95.98;-96.45,417;411,-94.78;-95.98
	2026-09-20 15:37:00.702,120.13062774,30.27059705,12.22,1.28,10,163.9,423,-80.18,12.00,417;429;411,-95.84;-97.99;-99.32,417;429,-95.84;-97.99
	2026-09-20 15:37:00.979,120.13063363,30.27058512,12.39,1.27,9,90.5,423,-82.13,12.00,429;411;417,-94.95;-96.92;-99.16,429;411,-94.95;-96.92
	2026-09-20 15:37:01.294,120.13062339,30.27058230,12.23,0.43,13,61.8,423,-83.09,8.95,429;417;411,-92.39;-98.43;-99.82,429;417,-92.39;-98.43
	2026-09-20 15:37:01.540,120.13062617,30.27058113,12.08,0.71,9,99.6,423,-83.20,10.75,429;417;411,-95.33;-95.93;-99.21,429;417,-95.33;-95.93
	2026-09-20 15:37:01.735,120.13063620,30.27059212,12.24,0.28,14,73.9,423,-81.29,12.00,429;411;417,-94.35;-98.01;-100.08,429;411,-94.35;-98.01
	2026-09-20 15:37:01.970,120.13062709,30.27058095,11.81,1.33,9,182.7,423,-82.68,12.00,429;411;417,-95.14;-95.19;-97.31,429;411,-95.14;-95.19
	2026-09-20 15:37:02.240,120.13061047,30.27058870,12.11,1.31,8,308.6,423,-82.19,12.00,429;417;411,-96.45;-99.64;-100.98,429;417,-96.45;-99.64
	2026-09-20 15:37:02.455,120.13061100,30.27058866,12.30,1.01,11,165.4,423,-77.35,12.00,429;417;411,-94.34;-96.60;-97.78,429;417,-94.34;-96.60
	2026-09-20 15:37:02.653,120.13062230,30.27059601,12.49,0.90,8,149.3,423,-83.56,10.25,429;411;417,-93.70;-95.78;-97.28,429;411,-93.70;-95.78
	2026-09-20 15:37:02.945,120.13060835,30.27058912,11.64,1.33,9,174.9,423,-82.61,9.39,429;411;417,-92.27;-97.35;-99.92,429;411,-92.27;-97.35
	2026-09-20 15:37:03.145,120.13062499,30.27059080,11.63,0.30,11,35.4,423,-82.05,12.00,429;411;417,-94.27;-99.19;-99.41,429;411,-94.27;-99.19
	2026-09-20 15:37:03.334,120.13060562,30.27058562,11.94,0.40,8,334.2,423,-81.62,12.00,429;417;411,-94.94;-98.09;-100.53,429;417,-94.94;-98.09
	2026-09-20 15:37:03.546,120.13062018,30.27058376,11.75,1.05,9,12.5,423,-79.84,12.00,429;411;417,-93.85;-95.10;-97.13,429;411,-93.85;-95.10
	2026-09-20 15:37:03.757,120.13059844,30.27058246,12.17,0.31,12,40.5,423,-82.32,11.49,429;417;411,-94.00;-96.07;-98.63,429;417,-94.00;-96.07
	2026-09-20 15:37:04.040,120.13062091,30.27058205,12.21,1.32,14,41.2,423,-81.36,10.72,429;417;411,-94.37;-95.18;-99.28,429;417,-94.37;-95.18
	2026-09-20 15:37:04.332,120.13061322,30.27057991,12.02,0.78,10,19.6,423,-77.46,12.00,429;417;411,-96.55;-96.69;-98.36,429;417,-96.55;-96.69
	2026-09-20 15:37:04.609,120.13059902,30.27059019,11.62,1.35,9,163.3,423,-79.35,12.00,417;429;411,-95.07;-96.00;-96.19,417;429,-95.07;-96.00
	2026-09-20 15:37:04.925,120.13059720,30.27058430,12.20,0.94,14,96.9,423,-82.51,8.81,429;417;411,-92.73;-95.82;-97.13,429;417,-92.73;-95.82
	2026-09-20 15:37:05.164,120.13059560,30.27057767,11.56,0.68,14,302.8,423,-80.80,12.00,429;411;417,-95.16;-98.00;-98.42,429;411,-95.16;-98.00
	2026-09-20 15:37:05.352,120.13059571,30.27058708,12.49,0.90,8,279.8,423,-84.50,12.00,429;417;411,-96.11;-96.15;-97.68,429;417,-96.11;-96.15
	2026-09-20 15:37:05.647,120.13060609,30.27058895,12.31,0.32,11,293.4,423,-81.12,12.00,429;411;417,-95.63;-97.50;-99.33,429;411,-95.63;-97.50
	2026-09-20 15:37:05.835,120.13060854,30.27058857,12.24,0.70,8,257.4,423,-82.74,12.00,429;411;417,-95.00;-95.71;-97.70,429;411,-95.00;-95.71
	2026-09-20 15:37:06.047,120.13059606,30.27058986,12.39,0.35,14,233.1,423,-77.83,12.00,429;411;417,-92.39;-94.18;-99.91,429;411,-92.39;-94.18
	2026-09-20 15:37:06.260,120.13058593,30.27058587,11.88,1.19,12,28.1,423,-83.43,12.00,417;429;411,-97.06;-97.24;-98.10,417;429,-97.06;-97.24
	2026-09-20 15:37:06.524,120.13059823,30.27059611,12.00,1.04,9,209.6,423,-81.17,9.44,429;417;411,-90.55;-96.59;-98.74,429;417,-90.55;-96.59
	2026-09-20 15:37:06.820,120.13059585,30.27059782,12.40,0.76,12,265.9,423,-82.48,12.00,429;417;411,-96.34;-97.23;-98.26,429;417,-96.34;-97.23
	2026-09-20 15:37:07.047,120.13057825,30.27059347,12.26,1.20,13,129.9,423,-82.58,10.37,417;429;411,-94.91;-97.79;-100.85,417;429,-94.91;-97.79
	2026-09-20 15:37:07.366,120.13059244,30.27058679,11.77,0.23,12,142.9,423,-81.60,10.53,429;417;411,-92.51;-93.74;-99.12,429;417,-92.51;-93.74
	2026-09-20 15:37:07.576,120.13057799,30.27058856,11.74,0.46,11,133.4,423,-83.37,8.96,429;417;411,-93.20;-94.94;-97.62,429;417,-93.20;-94.94
	2026-09-20 15:37:07.795,120.13058918,30.27059046,12.20,1.17,14,359.0,423,-79.95,12.00,429;411;417,-95.09;-95.87;-96.58,429;411,-95.09;-95.87
	2026-09-20 15:37:08.010,120.13057291,30.27058925,12.19,0.69,12,250.0,423,-82.79,12.00,417;429;411,-95.94;-97.70;-98.35,417;429,-95.94;-97.70
	2026-09-20 15:37:08.250,120.13057121,30.27059799,12.07,0.96,8,148.8,423,-82.17,12.00,429;417;411,-94.81;-95.90;-98.24,429;417,-94.81;-95.90
	2026-09-20 15:37:08.456,120.13057217,30.27059364,11.89,0.27,12,215.6,423,-82.08,11.04,429;411;417,-94.25;-98.53;-98.94,429;411,-94.25;-98.53
	2026-09-20 15:37:08.722,120.13058622,30.27058723,11.69,1.08,11,55.9,423,-80.75,12.00,429;411;417,-94.49;-94.52;-98.98,429;411,-94.49;-94.52
	2026-09-20 15:37:09.024,120.13056841,30.27059877,12.37,0.27,9,298.3,423,-79.68,12.00,429;417;411,-94.04;-97.67;-98.30,429;417,-94.04;-97.67
	2026-09-20 15:37:09.212,120.13057413,30.27059349,11.57,0.54,13,110.8,423,-82.57,10.68,429;411;417,-96.22;-96.99;-98.69,429;411,-96.22;-96.99
	2026-09-20 15:37:09.448,120.13057281,30.27059080,12.24,1.01,10,236.5,423,-83.50,11.79,429;411;417,-94.43;-96.52;-98.49,429;411,-94.43;-96.52
	2026-09-20 15:37:09.728,120.13056558,30.27057827,11.70,0.95,9,55.6,423,-78.00,12.00,429;411;417,-95.51;-98.65;-99.72,429;411,-95.51;-98.65
	2026-09-20 15:37:09.933,120.13056673,30.27058580,11.57,1.01,11,222.5,423,-81.04,12.00,429;411;417,-94.62;-94.63;-97.85,429;411,-94.62;-94.63
	2026-09-20 15:37:10.206,120.13056864,30.27059344,12.02,1.18,10,118.1,423,-81.18,12.00,429;417;411,-96.30;-96.76;-100.41,429;417,-96.30;-96.76
	2026-09-20 15:37:10.396,120.13057785,30.27059451,11.57,0.99,8,198.8,423,-79.91,12.00,417;429;411,-94.00;-96.06;-99.49,417;429,-94.00;-96.06
	2026-09-20 15:37:10.617,120.13057182,30.27059869,11.69,1.16,8,68.6,423,-82.21,12.00,429;417;411,-95.48;-96.48;-97.78,429;417,-95.48;-96.48
	2026-09-20 15:37:10.901,120.13056903,30.27059475,12.15,0.86,8,89.8,423,-80.95,12.00,429;417;411,-95.90;-96.24;-98.41,429;417,-95.90;-96.24
	2026-09-20 15:37:11.181,120.13055199,30.27059132,11.57,0.96,14,354.2,423,-82.80,12.00,417;411;429,-94.75;-95.37;-96.90,417;411,-94.75;-95.37
	2026-09-20 15:37:11.437,120.13055461,30.27059091,11.79,0.42,12,133.0,423,-80.82,12.00,429;417;411,-95.88;-96.83;-98.97,429;417,-95.88;-96.83
	2026-09-20 15:37:11.733,120.13055924,30.27059561,11.98,0.26,11,221.7,423,-80.38,12.00,429;417;411,-97.15;-97.74;-99.86,429;417,-97.15;-97.74
	2026-09-20 15:37:11.974,120.13054479,30.27059146,11.90,0.69,11,338.2,423,-80.86,12.00,429;411;417,-95.78;-96.25;-96.96,429;411,-95.78;-96.25
	2026-09-20 15:37:12.238,120.13055751,30.27058375,11.90,0.67,12,349.3,423,-81.46,12.00,429;417;411,-96.98;-98.50;-100.04,429;417,-96.98;-98.50
	2026-09-20 15:37:12.455,120.13055535,30.27057835,12.11,1.31,8,148.0,423,-81.54,9.99,429;411;417,-92.49;-99.32;-100.27,429;411,-92.49;-99.32
	2026-09-20 15:37:12.649,120.13056142,30.27058452,11.95,0.91,11,68.2,423,-79.72,12.00,429;411;417,-94.26;-98.66;-98.75,429;411,-94.26;-98.66
	2026-09-20 15:37:12.838,120.13055800,30.27058326,11.70,0.58,13,169.6,423,-82.78,11.59,429;411;417,-93.80;-95.64;-98.90,429;411,-93.80;-95.64
	2026-09-20 15:37:13.116,120.13053594,30.27058096,12.16,0.36,14,89.2,423,-79.50,12.00,429;417;411,-94.79;-97.93;-98.74,429;417,-94.79;-97.93
	2026-09-20 15:37:13.378,120.13055709,30.27059897,11.57,1.16,13,199.8,423,-82.64,12.00,429;417;411,-95.73;-96.05;-98.32,429;417,-95.73;-96.05
	2026-09-20 15:37:13.613,120.13054874,30.27058709,12.15,0.33,11,210.8,423,-81.86,12.00,411;429;417,-95.52;-96.09;-99.44,411;429,-95.52;-96.09
	2026-09-20 15:37:13.834,120.13054956,30.27058735,11.56,1.15,12,241.3,423,-79.41,12.00,417;429;411,-95.18;-95.67;-99.45,417;429,-95.18;-95.67
	2026-09-20 15:37:14.126,120.13053298,30.27059598,12.03,1.16,8,264.3,423,-80.69,12.00,429;417;411,-95.42;-97.35;-98.95,429;417,-95.42;-97.35
	2026-09-20 15:37:14.316,120.13053392,30.27059875,12.40,0.65,9,235.0,423,-82.29,10.38,429;411;417,-94.46;-97.39;-97.81,429;411,-94.46;-97.39
	2026-09-20 15:37:14.553,120.13053380,30.27059467,12.38,1.02,13,90.3,423,-81.91,12.00,417;411;429,-95.61;-97.04;-98.98,417;411,-95.61;-97.04
	2026-09-20 15:37:14.854,120.13053223,30.27058345,11.78,0.51,13,120.6,423,-81.58,12.00,429;417;411,-96.90;-98.64;-100.68,429;417,-96.90;-98.64
	2026-09-20 15:37:15.057,120.13052578,30.27058748,11.67,0.43,13,73.2,423,-81.27,11.10,429;417;411,-93.86;-95.93;-99.14,429;417,-93.86;-95.93
	2026-09-20 15:37:15.278,120.13053557,30.27059022,11.50,0.58,9,186.5,423,-81.25,12.00,429;417;411,-92.70;-96.19;-98.73,429;417,-92.70;-96.19
	2026-09-20 15:37:15.468,120.13052259,30.27058922,11.68,0.64,8,267.1,423,-79.31,12.00,411;417;429,-94.73;-95.94;-96.91,411;417,-94.73;-95.94
	2026-09-20 15:37:15.696,120.13053909,30.27058057,12.37,0.58,10,93.6,423,-82.05,12.00,417;429;411,-94.97;-95.14;-100.04,417;429,-94.97;-95.14
	2026-09-20 15:37:15.895,120.13051906,30.27058155,12.19,0.67,12,19.1,423,-82.01,11.10,429;417;411,-95.03;-98.28;-101.20,429;417,-95.03;-98.28
	2026-09-20 15:37:16.206,120.13051831,30.27059717,12.40,1.12,11,226.8,423,-79.89,11.69,429;417;411,-92.36;-97.02;-99.47,429;417,-92.36;-97.02
	2026-09-20 15:37:16.426,120.13051272,30.27058581,12.02,0.93,8,282.7,423,-80.13,10.68,429;411;417,-92.72;-97.66;-99.52,429;411,-92.72;-97.66
	2026-09-20 15:37:16.633,120.13052993,30.27058115,11.73,0.48,9,10.8,423,-81.29,10.80,429;411;501,-94.59;-98.70;-100.78,429;411,-94.59;-98.70
	2026-09-20 15:37:16.880,120.13053278,30.27059462,11.52,1.19,12,101.6,423,-80.61,12.00,429;411;417,-95.20;-97.67;-98.79,429;411,-95.20;-97.67
	2026-09-20 15:37:17.084,120.13051400,30.27058689,12.14,1.12,13,79.5,423,-81.68,12.00,429;417;411,-96.30;-96.92;-97.29,429;417,-96.30;-96.92
	2026-09-20 15:37:17.376,120.13051655,30.27058834,11.63,0.69,11,114.9,423,-80.99,12.00,429;417;411,-95.11;-95.41;-98.45,429;417,-95.11;-95.41
	2026-09-20 15:37:17.568,120.13052369,30.27058026,11.74,0.31,11,354.6,423,-81.35,12.00,417;429;411,-94.79;-95.11;-99.28,417;429,-94.79;-95.11
	2026-09-20 15:37:17.809,120.13052090,30.27058744,12.09,0.37,8,35.6,423,-80.56,12.00,429;417;411,-94.28;-96.51;-98.72,429;417,-94.28;-96.51
	2026-09-20 15:37:18.105,120.13051740,30.27058329,11.65,0.95,11,16.1,423,-83.25,11.62,417;411;429,-95.69;-96.69;-98.84,417;411,-95.69;-96.69
	2026-09-20 15:37:18.345,120.13050604,30.27059782,12.29,1.11,10,69.3,423,-80.52,12.00,417;411;429,-96.23;-96.79;-97.03,417;411,-96.23;-96.79
	2026-09-20 15:37:18.562,120.13050571,30.27058309,11.98,0.74,12,40.7,423,-79.55,12.00,417;429;411,-98.93;-99.36;-100.67,417;429,-98.93;-99.36
	2026-09-20 15:37:18.758,120.13051195,30.27059111,12.36,0.57,9,157.5,423,-77.77,12.00,429;417;411,-94.69;-96.55;-98.44,429;417,-94.69;-96.55
	2026-09-20 15:37:19.064,120.13051061,30.27059708,11.95,0.38,13,324.9,423,-77.22,12.00,429;411;417,-95.28;-96.90;-98.23,429;411,-95.28;-96.90
	2026-09-20 15:37:19.345,120.13050335,30.27057750,11.87,1.05,11,240.2,423,-80.64,12.00,429;417;411,-97.17;-98.30;-98.38,429;417,-97.17;-98.30
	2026-09-20 15:37:19.571,120.13051046,30.27058733,11.96,0.42,9,178.4,423,-82.60,12.00,429;417;411,-96.34;-97.51;-98.77,429;417,-96.34;-97.51
	2026-09-20 15:37:19.794,120.13050707,30.27058105,11.67,1.14,11,300.0,423,-76.64,12.00,417;429;411,-96.74;-98.68;-99.86,417;429,-96.74;-98.68
	2026-09-20 15:37:20.057,120.13050482,30.27059506,11.70,1.26,8,29.5,423,-80.45,12.00,429;417;411,-95.89;-95.92;-97.30,429;417,-95.89;-95.92
	2026-09-20 15:37:20.243,120.13050703,30.27059171,12.08,0.95,14,336.6,423,-80.28,12.00,429;417;411,-95.09;-96.93;-98.69,429;417,-95.09;-96.93
	2026-09-20 15:37:20.528,120.13050264,30.27058915,11.90,0.70,14,31.4,423,-80.06,10.53,429;417;411,-92.51;-96.08;-97.59,429;417,-92.51;-96.08
	2026-09-20 15:37:20.728,120.13049079,30.27058794,11.98,1.35,10,44.1,423,-78.27,12.00,429;417;411,-96.28;-96.91;-98.24,429;417,-96.28;-96.91
	2026-09-20 15:37:20.966,120.13049886,30.27057823,12.03,1.38,10,343.6,423,-79.10,12.00,429;417;411,-93.86;-95.64;-97.25,429;417,-93.86;-95.64
	2026-09-20 15:37:21.194,120.13049335,30.27058121,12.30,0.39,8,119.8,423,-79.20,12.00,429;417;411,-93.69;-96.46;-98.06,429;417,-93.69;-96.46
	2026-09-20 15:37:21.468,120.13050191,30.27058866,12.03,1.08,9,33.1,423,-78.98,12.00,411;429;417,-97.57;-97.79;-100.15,411;429,-97.57;-97.79
	2026-09-20 15:37:21.679,120.13048812,30.27059715,11.58,0.91,14,316.8,423,-80.54,12.00,429;417;411,-94.61;-96.21;-97.03,429;417,-94.61;-96.21
	2026-09-20 15:37:21.979,120.13049847,30.27059617,12.42,1.26,13,294.1,423,-79.84,12.00,429;411;417,-94.69;-97.73;-98.66,429;411,-94.69;-97.73
	2026-09-20 15:37:22.246,120.13049630,30.27059759,12.39,0.59,8,339.0,423,-78.27,12.00,429;411;417,-95.58;-97.30;-98.30,429;411,-95.58;-97.30
	2026-09-20 15:37:22.482,120.13047359,30.27057901,12.42,0.61,13,235.9,423,-80.08,12.00,411;429;417,-94.89;-95.58;-96.32,411;429,-94.89;-95.58
	2026-09-20 15:37:22.680,120.13047932,30.27059484,12.31,0.90,8,291.0,423,-80.87,12.00,429;417;411,-95.14;-97.63;-98.99,429;417,-95.14;-97.63
	2026-09-20 15:37:22.903,120.13049041,30.27057951,12.22,1.09,9,326.2,423,-80.93,12.00,429;417;411,-93.97;-95.27;-98.26,429;417,-93.97;-95.27
	2026-09-20 15:37:23.110,120.13046877,30.27059785,11.83,1.19,14,255.9,423,-81.43,12.00,429;417;411,-95.76;-97.91;-99.87,429;417,-95.76;-97.91
	2026-09-20 15:37:23.337,120.13047764,30.27058027,11.59,0.90,13,132.0,423,-83.18,12.00,429;411;417,-95.92;-96.38;-99.02,429;411,-95.92;-96.38
	2026-09-20 15:37:23.637,120.13047001,30.27059781,12.36,1.04,8,99.1,423,-77.89,12.00,429;417;411,-97.18;-99.57;-100.34,429;417,-97.18;-99.57
	2026-09-20 15:37:23.838,120.13047039,30.27057949,11.63,1.02,10,164.7,423,-80.64,12.00,429;417;411,-93.51;-97.23;-98.28,429;417,-93.51;-97.23
	2026-09-20 15:37:24.090,120.13047029,30.27059387,12.22,0.38,11,256.7,423,-81.01,12.00,429;417;411,-96.29;-97.34;-99.59,429;417,-96.29;-97.34
	2026-09-20 15:37:24.340,120.13047876,30.27059437,12.27,1.05,10,263.9,423,-83.56,12.00,429;411;417,-96.98;-97.08;-98.40,429;411,-96.98;-97.08
	2026-09-20 15:37:24.558,120.13047642,30.27059882,12.28,1.08,10,42.5,423,-81.77,12.00,417;429;411,-95.49;-95.64;-98.13,417;429,-95.49;-95.64
	2026-09-20 15:37:24.782,120.13047145,30.27058004,11.76,0.61,13,255.9,423,-79.79,12.00,411;429;417,-95.51;-96.95;-96.96,411;429,-95.51;-96.95
	2026-09-20 15:37:25.030,120.13047001,30.27059358,11.82,0.47,13,191.3,423,-82.76,12.00,411;417;429,-96.57;-97.62;-97.87,411;417,-96.57;-97.62
	2026-09-20 15:37:25.275,120.13046769,30.27057762,11.64,0.61,9,98.0,423,-77.70,12.00,411;429;417,-95.81;-98.38;-98.64,411;429,-95.81;-98.38
	2026-09-20 15:37:25.497,120.13046034,30.27059542,11.89,0.98,11,99.8,423,-80.32,12.00,429;417;411,-96.27;-96.67;-96.84,429;417,-96.27;-96.67
	2026-09-20 15:37:25.764,120.13047142,30.27059514,11.90,0.91,9,177.4,423,-79.65,12.00,429;417;411,-97.78;-97.92;-98.28,429;417,-97.78;-97.92
	2026-09-20 15:37:26.004,120.13046328,30.27057802,11.84,1.37,8,179.6,423,-79.96,12.00,429;411;417,-95.85;-98.57;-98.77,429;411,-95.85;-98.57
	2026-09-20 15:37:26.196,120.13046327,30.27058515,11.92,0.58,12,357.0,423,-81.06,12.00,429;411;417,-96.84;-98.33;-99.12,429;411,-96.84;-98.33
	2026-09-20 15:37:26.408,120.13046676,30.27058776,12.38,1.19,10,149.1,423,-82.14,12.00,417;411;429,-94.43;-98.79;-99.56,417;411,-94.43;-98.79
	2026-09-20 15:37:26.615,120.13044772,30.27059779,11.67,0.44,9,157.9,423,-79.40,12.00,429;417;411,-95.46;-97.69;-98.67,429;417,-95.46;-97.69
	2026-09-20 15:37:26.872,120.13044888,30.27059503,11.98,0.81,11,213.0,423,-82.10,12.00,429;417;411,-96.35;-97.62;-98.09,429;417,-96.35;-97.62
	2026-09-20 15:37:27.158,120.13044258,30.27058409,11.93,0.50,8,246.4,423,-80.48,12.00,417;429;411,-97.17;-98.17;-99.97,417;429,-97.17;-98.17
	2026-09-20 15:37:27.339,120.13044093,30.27058929,11.67,1.06,14,203.6,423,-77.49,12.00,417;429;411,-95.41;-96.88;-99.78,417;429,-95.41;-96.88
	2026-09-20 15:37:27.576,120.13044162,30.27057785,11.84,0.97,10,285.1,423,-80.99,12.00,429;417;411,-95.36;-98.80;-99.79,429;417,-95.36;-98.80
	2026-09-20 15:37:27.759,120.13044003,30.27059196,12.08,1.36,13,106.3,423,-78.34,12.00,417;429;411,-96.03;-99.12;-99.40,417;429,-96.03;-99.12
	2026-09-20 15:37:27.993,120.13044585,30.27057764,11.59,0.52,14,294.9,423,-80.13,12.00,417;429;411,-98.04;-98.95;-99.07,417;429,-98.04;-98.95
	2026-09-20 15:37:28.305,120.13043424,30.27058954,11.54,0.99,14,99.5,423,-82.31,11.17,429;417;411,-96.19;-96.27;-97.88,429;417,-96.19;-96.27
	2026-09-20 15:37:28.619,120.13043564,30.27058769,12.49,0.79,12,37.3,423,-81.67,12.00,417;429;411,-97.37;-97.43;-98.55,417;429,-97.37;-97.43
	2026-09-20 15:37:28.889,120.13042698,30.27059328,12.46,1.34,11,304.2,423,-79.90,12.00,429;411;417,-95.73;-97.26;-98.00,429;411,-95.73;-97.26
	2026-09-20 15:37:29.125,120.13044769,30.27058004,11.61,0.69,12,81.6,423,-77.23,12.00,417;429;411,-95.13;-95.54;-96.78,417;429,-95.13;-95.54
	2026-09-20 15:37:29.325,120.13044277,30.27058711,11.82,0.30,13,323.5,423,-79.32,12.00,429;417;411,-93.96;-97.93;-99.16,429;417,-93.96;-97.93
	2026-09-20 15:37:29.517,120.13042944,30.27059456,12.47,0.69,14,92.0,423,-79.42,12.00,429;411;417,-96.57;-97.76;-98.42,429;411,-96.57;-97.76
	2026-09-20 15:37:29.769,120.13044171,30.27059107,12.39,0.50,13,265.3,423,-81.58,12.00,429;417;411,-95.82;-96.36;-98.48,429;417,-95.82;-96.36
	2026-09-20 15:37:30.063,120.13043453,30.27059482,11.80,0.36,12,79.3,423,-81.10,12.00,417;429;411,-95.27;-96.75;-100.39,417;429,-95.27;-96.75
	2026-09-20 15:37:30.376,120.13041732,30.27059328,12.12,0.42,14,105.2,423,-80.30,12.00,429;417;411,-96.86;-97.01;-98.22,429;417,-96.86;-97.01
	2026-09-20 15:37:30.570,120.13042526,30.27059450,12.41,0.33,11,354.7,423,-79.77,12.00,429;417;411,-95.70;-96.07;-100.15,429;417,-95.70;-96.07
	2026-09-20 15:37:30.761,120.13042220,30.27058704,11.99,1.24,9,95.8,423,-82.01,12.00,417;411;429,-98.48;-98.84;-99.79,417;411,-98.48;-98.84
	2026-09-20 15:37:31.081,120.13041527,30.27059515,12.44,0.68,10,182.9,423,-78.19,12.00,429;411;417,-95.62;-96.66;-98.17,429;411,-95.62;-96.66
	2026-09-20 15:37:31.378,120.13043365,30.27058417,11.60,0.62,8,32.9,423,-77.58,12.00,417;411;429,-94.08;-96.05;-96.34,417;411,-94.08;-96.05
	2026-09-20 15:37:31.597,120.13042346,30.27057749,11.76,0.57,12,294.9,423,-80.13,11.07,417;429;411,-92.82;-96.26;-99.29,417;429,-92.82;-96.26
	2026-09-20 15:37:31.778,120.13043093,30.27057761,11.81,1.12,10,354.9,423,-80.83,12.00,429;417;411,-94.83;-96.32;-101.20,429;417,-94.83;-96.32
	2026-09-20 15:37:32.004,120.13041338,30.27057910,11.75,0.69,11,86.4,423,-79.10,12.00,417;429;411,-93.95;-97.61;-99.53,417;429,-93.95;-97.61
	2026-09-20 15:37:32.285,120.13042168,30.27058219,11.55,0.94,9,183.8,423,-80.58,12.00,417;429;411,-96.84;-99.27;-99.40,417;429,-96.84;-99.27
	2026-09-20 15:37:32.602,120.13042578,30.27059473,12.28,0.93,13,342.6,423,-79.70,12.00,417;411;429,-97.63;-98.15;-100.44,417;411,-97.63;-98.15
	2026-09-20 15:37:32.915,120.13042070,30.27058866,11.64,0.77,12,117.4,423,-79.94,12.00,429;417;411,-94.87;-97.25;-97.79,429;417,-94.87;-97.25
	2026-09-20 15:37:33.126,120.13041159,30.27057831,12.38,0.28,8,103.5,423,-78.34,12.00,417;411;429,-95.52;-96.13;-99.00,417;411,-95.52;-96.13
	2026-09-20 15:37:33.363,120.13041130,30.27059536,11.77,1.01,10,346.5,423,-83.31,12.00,429;417;411,-97.72;-98.94;-101.20,429;417,-97.72;-98.94
	2026-09-20 15:37:33.613,120.13040917,30.27058630,11.65,0.46,10,113.0,423,-81.23,12.00,417;411;429,-94.95;-97.49;-97.68,417;411,-94.95;-97.49
	2026-09-20 15:37:33.814,120.13041641,30.27058589,12.27,1.02,9,317.7,423,-79.27,12.00,429;417;411,-95.89;-96.67;-98.03,429;417,-95.89;-96.67
	2026-09-20 15:37:34.003,120.13039461,30.27058499,12.15,1.08,12,324.0,423,-81.40,12.00,429;417;411,-95.96;-97.03;-99.84,429;417,-95.96;-97.03
	2026-09-20 15:37:34.186,120.13039151,30.27057801,12.36,0.92,11,41.7,423,-80.47,12.00,429;411;417,-97.96;-98.43;-98.83,429;411,-97.96;-98.43
	2026-09-20 15:37:34.430,120.13039005,30.27057772,12.20,0.77,14,160.1,423,-77.67,12.00,417;429;411,-96.56;-97.24;-100.29,417;429,-96.56;-97.24
	2026-09-20 15:37:34.641,120.13041060,30.27059816,11.80,0.67,13,344.3,423,-81.18,12.00,429;417;411,-96.91;-97.92;-97.97,429;417,-96.91;-97.92
	2026-09-20 15:37:34.837,120.13038756,30.27058273,11.52,1.12,10,288.7,423,-81.45,12.00,429;417;411,-96.39;-97.91;-101.20,429;417,-96.39;-97.91
	2026-09-20 15:37:35.154,120.13040412,30.27059741,12.06,1.39,8,3.2,423,-79.81,12.00,429;411;417,-98.64;-98.82;-98.95,429;411,-98.64;-98.82
	2026-09-20 15:37:35.468,120.13038763,30.27059232,11.88,1.12,9,345.5,423,-82.60,11.92,429;411;417,-95.34;-98.25;-99.13,429;411,-95.34;-98.25
	2026-09-20 15:37:35.744,120.13038672,30.27058870,12.18,1.14,13,65.6,423,-80.96,12.00,429;411;417,-96.60;-98.35;-99.35,429;411,-96.60;-98.35
	2026-09-20 15:37:35.985,120.13040011,30.27059361,11.51,1.23,14,109.3,423,-81.23,12.00,417;411;429,-97.27;-98.02;-98.06,417;411,-97.27;-98.02
	2026-09-20 15:37:36.172,120.13037792,30.27059749,12.12,1.13,8,25.4,423,-81.07,12.00,429;417;411,-96.84;-98.61;-99.15,429;417,-96.84;-98.61
	2026-09-20 15:37:36.398,120.13037677,30.27059196,11.99,0.38,12,219.9,423,-82.50,10.57,429;417;411,-94.61;-96.46;-99.09,429;417,-94.61;-96.46
	2026-09-20 15:37:36.665,120.13038726,30.27059038,11.81,0.53,12,185.7,423,-83.93,10.95,429;411;417,-95.22;-96.81;-97.93,429;411,-95.22;-96.81
	2026-09-20 15:37:36.934,120.13037853,30.27058417,11.70,1.36,10,136.2,423,-82.21,12.00,429;417;411,-97.52;-98.06;-98.15,429;417,-97.52;-98.06
	2026-09-20 15:37:37.197,120.13037799,30.27058079,12.02,0.79,11,202.7,423,-79.01,12.00,411;429;417,-96.53;-97.86;-100.26,411;429,-96.53;-97.86
	2026-09-20 15:37:37.505,120.13036974,30.27058628,11.90,1.16,11,141.8,423,-84.81,10.39,417;429;411,-94.93;-98.86;-99.73,417;429,-94.93;-98.86
	2026-09-20 15:37:37.703,120.13037692,30.27059728,12.27,0.66,12,23.4,423,-81.20,12.00,429;417;411,-95.41;-95.74;-99.59,429;417,-95.41;-95.74
	2026-09-20 15:37:37.884,120.13036652,30.27058666,11.66,0.37,13,290.9,423,-81.64,12.00,417;429;411,-96.53;-97.65;-98.18,417;429,-96.53;-97.65
	2026-09-20 15:37:38.085,120.13037360,30.27059013,11.94,0.30,12,66.0,423,-82.79,11.55,429;411;417,-95.21;-97.56;-99.18,429;411,-95.21;-97.56
	2026-09-20 15:37:38.287,120.13037831,30.27059444,11.80,1.38,8,213.5,423,-78.12,12.00,417;429;411,-96.23;-97.30;-101.20,417;429,-96.23;-97.30
	2026-09-20 15:37:38.551,120.13037861,30.27058510,11.93,0.49,9,327.0,423,-80.37,12.00,417;429;411,-95.06;-96.81;-99.64,417;429,-95.06;-96.81
	2026-09-20 15:37:38.818,120.13036896,30.27059843,12.37,0.71,9,41.4,423,-82.05,12.00,429;417;411,-96.44;-97.81;-98.97,429;417,-96.44;-97.81
	2026-09-20 15:37:38.999,120.13038050,30.27057751,12.39,0.36,8,286.4,423,-76.22,12.00,417;429;411,-96.66;-97.29;-98.17,417;429,-96.66;-97.29
	2026-09-20 15:37:39.188,120.13036233,30.27059123,12.29,0.80,10,278.9,423,-79.68,12.00,417;429;411,-97.07;-98.43;-100.72,417;429,-97.07;-98.43
	2026-09-20 15:37:39.482,120.13037149,30.27057956,11.92,0.25,14,34.2,423,-79.20,12.00,417;429;411,-96.18;-98.34;-99.57,417;429,-96.18;-98.34
	2026-09-20 15:37:39.735,120.13035594,30.27057990,11.76,0.87,10,107.6,423,-81.03,12.00,417;429;411,-98.40;-99.18;-100.64,417;429,-98.40;-99.18
	2026-09-20 15:37:39.943,120.13037216,30.27059449,11.52,0.50,13,280.4,423,-83.73,10.34,417;429;411,-95.06;-95.15;-99.83,417;429,-95.06;-95.15
	2026-09-20 15:37:40.195,120.13034955,30.27059260,11.74,0.96,9,72.8,423,-82.58,12.00,417;429;411,-97.60;-100.16;-100.53,417;429,-97.60;-100.16
	2026-09-20 15:37:40.429,120.13034852,30.27057737,11.63,1.18,8,262.5,423,-80.06,12.00,429;417;411,-96.68;-97.72;-97.85,429;417,-96.68;-97.72
	2026-09-20 15:37:40.633,120.13035405,30.27059701,12.36,0.56,13,115.2,423,-82.28,12.00,429;417;411,-95.82;-97.81;-99.61,429;417,-95.82;-97.81
	2026-09-20 15:37:40.912,120.13035290,30.27059043,12.38,1.16,9,308.5,423,-81.61,12.00,429;417;411,-97.42;-98.67;-98.91,429;417,-97.42;-98.67
	2026-09-20 15:37:41.159,120.13034977,30.27058434,11.66,0.42,10,329.1,423,-81.14,12.00,417;429;411,-97.07;-100.91;-101.03,417;429,-97.07;-100.91
	2026-09-20 15:37:41.479,120.13035505,30.27058081,12.43,1.27,14,86.7,423,-81.08,12.00,429;417;411,-96.05;-98.34;-98.97,429;417,-96.05;-98.34
	2026-09-20 15:37:41.719,120.13034883,30.27059749,12.42,0.70,13,283.1,423,-80.52,12.00,429;411;417,-98.16;-98.68;-100.27,429;411,-98.16;-98.68
	2026-09-20 15:37:41.952,120.13033877,30.27059557,11.56,0.85,9,339.3,423,-83.68,12.00,417;411;429,-95.70;-96.39;-97.52,417;411,-95.70;-96.39
	2026-09-20 15:37:42.248,120.13034751,30.27058364,11.64,0.27,11,41.5,423,-82.86,12.00,417;429;411,-98.27;-98.70;-99.65,417;429,-98.27;-98.70
	2026-09-20 15:37:42.525,120.13034820,30.27058089,12.22,1.39,14,188.9,423,-83.46,12.00,429;411;417,-97.76;-99.04;-100.58,429;411,-97.76;-99.04
	2026-09-20 15:37:42.740,120.13034432,30.27059348,12.17,0.46,8,106.7,423,-83.53,10.50,417;429;411,-95.31;-97.97;-98.53,417;429,-95.31;-97.97
	2026-09-20 15:37:43.052,120.13034772,30.27059125,12.19,1.32,9,124.3,423,-81.37,12.00,429;417;411,-95.88;-96.39;-97.39,429;417,-95.88;-96.39
	2026-09-20 15:37:43.255,120.13033661,30.27058997,11.70,0.91,14,93.0,423,-83.20,12.00,417;429;411,-97.49;-97.98;-101.20,417;429,-97.49;-97.98
	2026-09-20 15:37:43.575,120.13033930,30.27059743,11.59,0.77,12,78.9,423,-83.66,11.70,411;429;417,-97.73;-99.23;-99.50,411;429,-97.73;-99.23
	2026-09-20 15:37:43.871,120.13034010,30.27058943,11.89,0.44,12,94.4,423,-83.19,12.00,417;429;411,-96.92;-98.00;-98.19,417;429,-96.92;-98.00
	2026-09-20 15:37:44.157,120.13033268,30.27059056,11.78,1.36,8,137.1,423,-82.28,12.00,429;411;417,-97.25;-98.25;-100.90,429;411,-97.25;-98.25
	2026-09-20 15:37:44.464,120.13033984,30.27057786,12.37,0.50,11,273.9,423,-82.59,8.27,429;411;417,-93.29;-98.76;-98.88,429;411,-93.29;-98.76
	2026-09-20 15:37:44.759,120.13033991,30.27059295,11.88,0.89,14,224.1,423,-82.35,12.00,417;429;411,-98.29;-98.85;-101.20,417;429,-98.29;-98.85
	2026-09-20 15:37:45.056,120.13033995,30.27058968,11.79,1.15,8,26.9,423,-78.69,12.00,429;417;411,-97.59;-97.78;-99.03,429;417,-97.59;-97.78
	2026-09-20 15:37:45.341,120.13031917,30.27059237,11.79,0.98,10,278.8,423,-83.53,11.46,417;429;411,-96.16;-96.77;-97.48,417;429,-96.16;-96.77
	2026-09-20 15:37:45.626,120.13032697,30.27058675,11.66,0.32,10,201.4,423,-83.27,10.42,417;429;411,-94.86;-96.69;-98.58,417;429,-94.86;-96.69
	2026-09-20 15:37:45.867,120.13031680,30.27058403,12.43,1.16,10,80.8,423,-84.77,7.45,417;429;411,-94.42;-97.84;-98.35,417;429,-94.42;-97.84
	2026-09-20 15:37:46.100,120.13032910,30.27058350,12.22,0.29,10,327.7,423,-81.56,12.00,417;411;429,-96.59;-99.09;-99.19,417;411,-96.59;-99.09
	2026-09-20 15:37:46.332,120.13033022,30.27059834,12.49,0.52,12,246.0,423,-84.52,10.69,417;429;411,-95.83;-96.73;-99.05,417;429,-95.83;-96.73
	2026-09-20 15:37:46.569,120.13032511,30.27059249,12.32,1.24,13,14.2,423,-83.44,12.00,429;417;411,-96.05;-99.40;-100.07,429;417,-96.05;-99.40
	2026-09-20 15:37:46.854,120.13032744,30.27059192,12.38,0.53,11,115.2,423,-84.73,10.91,429;417;411,-97.32;-97.72;-100.15,429;417,-97.32;-97.72
	2026-09-20 15:37:47.161,120.13031537,30.27058682,12.01,0.44,8,66.5,423,-84.52,11.64,429;417;411,-95.81;-96.61;-99.10,429;417,-95.81;-96.61
	2026-09-20 15:37:47.347,120.13030853,30.27057966,11.95,1.17,8,339.2,423,-84.68,12.00,417;429;411,-97.69;-100.16;-101.20,417;429,-97.69;-100.16
	2026-09-20 15:37:47.638,120.13031408,30.27058200,11.78,1.19,10,84.0,423,-82.31,12.00,429;417;411,-97.66;-98.14;-98.75,429;417,-97.66;-98.14
	2026-09-20 15:37:47.938,120.13032581,30.27058799,11.96,0.44,11,56.7,423,-84.25,8.66,417;411;429,-93.59;-96.38;-96.96,417;411,-93.59;-96.38
	2026-09-20 15:37:48.192,120.13032138,30.27058038,12.17,1.10,13,146.4,423,-81.20,12.00,417;429;411,-96.18;-99.28;-101.20,417;429,-96.18;-99.28
	2026-09-20 15:37:48.464,120.13032072,30.27059331,11.85,0.49,9,246.7,423,-82.72,12.00,417;429;411,-96.04;-97.05;-98.67,417;429,-96.04;-97.05
	2026-09-20 15:37:48.751,120.13031590,30.27058925,12.38,0.98,11,293.6,423,-85.13,10.14,411;429;417,-96.12;-97.84;-99.50,411;429,-96.12;-97.84
	2026-09-20 15:37:49.052,120.13029649,30.27059083,11.74,0.42,10,18.5,423,-82.16,11.25,417;429;411,-95.16;-95.30;-99.36,417;429,-95.16;-95.30
	2026-09-20 15:37:49.257,120.13031756,30.27058177,12.38,0.84,11,258.2,423,-84.01,10.52,417;429;411,-97.14;-97.46;-97.53,417;429,-97.14;-97.46
	2026-09-20 15:37:49.502,120.13030447,30.27059769,11.52,0.26,11,24.5,423,-86.06,9.94,429;417;411,-97.01;-97.59;-98.14,429;417,-97.01;-97.59
	2026-09-20 15:37:49.723,120.13029289,30.27058034,12.29,0.74,13,94.5,423,-86.03,10.57,417;429;411,-96.89;-99.38;-100.31,417;429,-96.89;-99.38
	2026-09-20 15:37:49.963,120.13029882,30.27058759,12.11,0.89,10,284.5,423,-83.96,12.00,429;411;417,-96.94;-98.39;-99.75,429;411,-96.94;-98.39
	2026-09-20 15:37:50.162,120.13028761,30.27059064,11.99,0.76,12,267.9,423,-85.49,11.30,429;417;411,-96.16;-99.87;-100.18,429;417,-96.16;-99.87
	2026-09-20 15:37:50.406,120.13029103,30.27058196,12.10,0.75,14,176.3,423,-83.59,12.00,417;429;411,-96.72;-98.32;-99.04,417;429,-96.72;-98.32
	2026-09-20 15:37:50.642,120.13029421,30.27059750,11.52,0.92,12,131.3,423,-86.04,7.99,429;417;411,-96.23;-99.01;-100.21,429;417,-96.23;-99.01
	2026-09-20 15:37:50.903,120.13029874,30.27058582,11.83,1.32,11,342.6,423,-83.90,12.00,417;429;411,-96.96;-97.21;-100.90,417;429,-96.96;-97.21
	2026-09-20 15:37:51.193,120.13028707,30.27058816,11.63,1.38,10,144.5,423,-84.54,11.99,417;429;411,-96.35;-98.08;-98.56,417;429,-96.35;-98.08
	2026-09-20 15:37:51.449,120.13028417,30.27057975,11.78,0.94,10,34.0,423,-83.72,12.00,429;417;411,-97.57;-97.62;-99.61,429;417,-97.57;-97.62
	2026-09-20 15:37:51.735,120.13028843,30.27058152,11.87,1.35,13,320.6,423,-84.49,10.61,417;429;411,-96.41;-99.17;-99.64,417;429,-96.41;-99.17
	2026-09-20 15:37:51.952,120.13029342,30.27058433,11.86,0.57,13,261.8,423,-84.95,12.00,417;429;411,-96.79;-97.87;-98.33,417;429,-96.79;-97.87
	2026-09-20 15:37:52.253,120.13028271,30.27059553,12.15,0.38,11,36.3,423,-83.99,11.73,429;417;411,-96.06;-97.41;-99.65,429;417,-96.06;-97.41
	2026-09-20 15:37:52.508,120.13027827,30.27058737,11.77,0.45,11,57.4,423,-84.68,12.00,417;429;411,-98.12;-98.96;-100.03,417;429,-98.12;-98.96
	2026-09-20 15:37:52.765,120.13029290,30.27058093,12.01,0.43,8,266.7,423,-81.82,12.00,417;429;501,-98.30;-98.56;-100.05,417;429,-98.30;-98.56
	2026-09-20 15:37:53.071,120.13026907,30.27058497,11.80,1.31,13,317.5,423,-85.72,10.04,417;429;411,-96.33;-98.55;-99.43,417;429,-96.33;-98.55
	2026-09-20 15:37:53.312,120.13028972,30.27059598,12.38,1.19,12,258.6,423,-86.30,10.56,417;429;411,-97.59;-97.75;-100.61,417;429,-97.59;-97.75
	2026-09-20 15:37:53.524,120.13027929,30.27059114,12.24,1.18,14,73.0,423,-84.40,8.23,417;429;411,-94.66;-96.36;-99.09,417;429,-94.66;-96.36
	2026-09-20 15:37:53.712,120.13027520,30.27059363,12.33,1.07,11,296.6,423,-85.91,11.13,429;417;411,-96.62;-97.72;-100.01,429;417,-96.62;-97.72
	2026-09-20 15:37:54.024,120.13028338,30.27059798,11.57,0.24,8,4.1,423,-82.57,11.21,429;417;411,-95.36;-98.23;-101.20,429;417,-95.36;-98.23
	2026-09-20 15:37:54.252,120.13028023,30.27059990,12.06,0.26,9,330.8,423,-83.62,10.45,417;429;411,-94.26;-96.54;-97.51,417;429,-94.26;-96.54
	2026-09-20 15:37:54.529,120.13027959,30.27058444,11.81,1.06,14,6.4,423,-80.82,12.00,429;411;417,-93.75;-96.35;-97.87,429;411,-93.75;-96.35
	2026-09-20 15:37:54.769,120.13028747,30.27058609,11.68,0.55,12,103.3,423,-84.37,11.75,417;429;411,-97.24;-97.70;-97.76,417;429,-97.24;-97.70
	2026-09-20 15:37:55.063,120.13027801,30.27060403,11.96,0.28,8,57.6,423,-83.35,11.50,417;429;411,-96.32;-97.94;-100.18,417;429,-96.32;-97.94
	2026-09-20 15:37:55.382,120.13028370,30.27059800,12.45,1.38,9,343.0,423,-85.31,7.46,417;429;411,-94.95;-97.27;-97.70,417;429,-94.95;-97.27
	2026-09-20 15:37:55.665,120.13028979,30.27060719,11.85,0.50,9,13.9,423,-85.61,9.94,429;411;417,-97.20;-98.67;-99.18,429;411,-97.20;-98.67
	2026-09-20 15:37:55.978,120.13028963,30.27059955,12.45,0.55,12,88.4,423,-83.51,12.00,429;417;411,-97.02;-98.37;-98.57,429;417,-97.02;-98.37
	2026-09-20 15:37:56.240,120.13027127,30.27060701,11.92,0.71,13,54.3,423,-83.82,11.54,417;429;411,-95.98;-97.95;-98.19,417;429,-95.98;-97.95
	2026-09-20 15:37:56.522,120.13028700,30.27060856,12.16,0.60,11,192.4,423,-84.41,12.00,411;417;429,-97.11;-98.21;-101.13,411;417,-97.11;-98.21
	2026-09-20 15:37:56.764,120.13026694,30.27059904,11.85,0.90,14,273.1,423,-87.64,8.69,417;429;411,-98.30;-98.31;-98.50,417;429,-98.30;-98.31
	2026-09-20 15:37:57.050,120.13028059,30.27059792,11.90,0.91,10,264.8,423,-84.03,11.23,429;417;411,-97.62;-98.35;-98.99,429;417,-97.62;-98.35
	2026-09-20 15:37:57.314,120.13026642,30.27060819,11.67,0.24,13,40.8,423,-85.94,8.30,417;429;411,-95.01;-96.98;-98.95,417;429,-95.01;-96.98
	2026-09-20 15:37:57.622,120.13027495,30.27060523,11.63,0.60,13,352.7,423,-88.51,8.67,411;429;417,-97.44;-97.56;-97.78,411;429,-97.44;-97.56
	2026-09-20 15:37:57.903,120.13026832,30.27060752,11.61,1.37,8,22.1,423,-87.28,6.57,429;417;411,-95.24;-97.79;-100.08,429;417,-95.24;-97.79
	2026-09-20 15:37:58.133,120.13028312,30.27060423,11.56,0.44,9,40.8,423,-84.87,10.52,429;411;417,-96.59;-97.51;-99.59,429;411,-96.59;-97.51
	2026-09-20 15:37:58.441,120.13029003,30.27060386,11.63,0.74,9,3.1,423,-86.49,10.00,417;429;411,-97.70;-98.38;-99.26,417;429,-97.70;-98.38
	2026-09-20 15:37:58.623,120.13027501,30.27061739,11.95,0.81,9,113.4,423,-87.36,8.93,417;411;429,-96.04;-97.76;-99.93,417;411,-96.04;-97.76
	2026-09-20 15:37:58.829,120.13027927,30.27061704,12.28,0.41,12,332.8,423,-85.25,12.00,411;429;417,-99.61;-99.89;-100.98,411;429,-99.61;-99.89
	2026-09-20 15:37:59.126,120.13028046,30.27062225,11.72,1.20,13,3.4,423,-84.27,9.24,429;411;417,-95.45;-98.88;-99.87,429;411,-95.45;-98.88
	2026-09-20 15:37:59.409,120.13026951,30.27061220,12.09,0.48,14,90.4,423,-86.23,8.02,429;411;417,-95.21;-96.51;-99.00,429;411,-95.21;-96.51
	2026-09-20 15:37:59.605,120.13027368,30.27062263,12.45,0.28,12,24.1,423,-87.66,6.37,417;429;411,-95.06;-96.69;-97.53,417;429,-95.06;-96.69
	2026-09-20 15:37:59.810,120.13028509,30.27062371,11.72,0.22,11,75.9,423,-83.42,12.00,411;417;429,-96.92;-99.18;-100.48,411;417,-96.92;-99.18
	2026-09-20 15:38:00.115,120.13026930,30.27061366,11.91,0.96,13,232.5,423,-85.81,11.05,429;411;417,-97.46;-99.75;-99.97,429;411,-97.46;-99.75
	2026-09-20 15:38:00.418,120.13026581,30.27061523,11.65,0.31,13,107.5,423,-88.96,6.40,429;417;411,-96.11;-98.21;-98.89,429;417,-96.11;-98.21
	2026-09-20 15:38:00.609,120.13027197,30.27063437,12.18,0.37,9,56.8,423,-85.00,9.37,417;411;429,-96.26;-98.17;-99.02,417;411,-96.26;-98.17
	2026-09-20 15:38:00.928,120.13028078,30.27063306,11.68,0.69,12,253.0,423,-88.96,8.01,411;429;417,-98.42;-98.48;-99.35,411;429,-98.42;-98.48
	2026-09-20 15:38:01.189,120.13027017,30.27063252,12.33,1.31,11,87.1,423,-86.88,11.18,417;429;411,-97.74;-97.99;-101.20,417;429,-97.74;-97.99
	2026-09-20 15:38:01.433,120.13028774,30.27062730,12.48,0.73,14,145.2,423,-85.10,11.01,429;417;411,-94.75;-96.88;-97.39,429;417,-94.75;-96.88
	2026-09-20 15:38:01.614,120.13028374,30.27062759,11.91,0.56,11,206.9,423,-86.75,9.15,429;417;411,-96.81;-98.41;-98.58,429;417,-96.81;-98.41
	2026-09-20 15:38:01.810,120.13028340,30.27063698,11.52,0.83,8,203.1,423,-88.23,7.18,411;417;429,-97.38;-97.75;-100.03,411;417,-97.38;-97.75
	2026-09-20 15:38:02.119,120.13028251,30.27064589,11.68,0.85,9,349.8,423,-87.99,4.75,429;411;417,-94.83;-99.12;-100.11,429;411,-94.83;-99.12
	2026-09-20 15:38:02.345,120.13028153,30.27064284,12.45,0.75,12,325.5,423,-87.94,2.99,417;429;501,-93.62;-98.43;-100.85,417;429,-93.62;-98.43
	2026-09-20 15:38:02.555,120.13027904,30.27062895,12.21,0.38,13,182.1,423,-88.28,6.89,429;417;411,-95.70;-98.02;-99.76,429;417,-95.70;-98.02
	2026-09-20 15:38:02.817,120.13028097,30.27063950,11.72,1.00,10,252.6,423,-88.06,6.29,429;411;417,-95.93;-96.46;-98.50,429;411,-95.93;-96.46
	2026-09-20 15:38:03.093,120.13028443,30.27063283,11.56,0.44,9,215.3,423,-86.33,10.19,411;429;417,-97.55;-98.33;-98.60,411;429,-97.55;-98.33
	2026-09-20 15:38:03.293,120.13026899,30.27064072,12.10,0.39,13,257.3,423,-85.59,12.00,417;429;411,-97.68;-98.07;-99.73,417;429,-97.68;-98.07
	2026-09-20 15:38:03.492,120.13026987,30.27065128,12.00,0.34,10,314.8,423,-90.21,3.52,411;429;417,-95.82;-96.08;-96.76,411;429,-95.82;-96.08
	2026-09-20 15:38:03.699,120.13028739,30.27064452,12.30,0.36,13,171.0,423,-85.84,10.41,417;411;429,-97.12;-98.73;-99.10,417;411,-97.12;-98.73
	2026-09-20 15:38:04.016,120.13028958,30.27064638,11.71,0.47,14,164.4,423,-87.27,6.59,417;411;429,-93.95;-96.99;-97.82,417;411,-93.95;-96.99
	2026-09-20 15:38:04.235,120.13027026,30.27065914,12.21,0.80,10,129.2,423,-88.59,3.70,417;429;411,-95.28;-96.99;-100.16,417;429,-95.28;-96.99
	2026-09-20 15:38:04.506,120.13027109,30.27065027,11.77,0.52,12,214.2,423,-86.03,9.99,429;417;411,-97.14;-97.83;-98.29,429;417,-97.14;-97.83
	2026-09-20 15:38:04.790,120.13028074,30.27064866,11.62,1.38,12,235.3,423,-83.50,11.77,429;411;417,-98.51;-99.18;-99.21,429;411,-98.51;-99.18
	2026-09-20 15:38:04.973,120.13028176,30.27064367,11.77,0.96,11,17.2,423,-86.17,8.82,417;411;429,-96.66;-96.67;-98.52,417;411,-96.66;-96.67
	2026-09-20 15:38:05.272,120.13027741,30.27066027,12.42,0.39,9,228.1,423,-91.29,3.42,417;411;429,-95.77;-97.33;-97.54,417;411,-95.77;-97.33
	2026-09-20 15:38:05.558,120.13027360,30.27066664,12.30,0.70,9,184.4,423,-85.87,10.80,417;429;411,-96.21;-97.24;-97.60,417;429,-96.21;-97.24
	2026-09-20 15:38:05.748,120.13027804,30.27065078,12.48,0.87,14,41.9,423,-87.75,3.85,429;417;411,-93.12;-95.95;-99.86,429;417,-93.12;-95.95
	2026-09-20 15:38:05.975,120.13026730,30.27066820,11.51,0.57,13,100.5,423,-85.76,11.24,411;417;429,-96.76;-96.95;-97.14,411;417,-96.76;-96.95
	2026-09-20 15:38:06.207,120.13027681,30.27066572,11.78,0.24,13,198.6,423,-85.46,11.53,411;429;417,-96.21;-97.41;-98.14,411;429,-96.21;-97.41
	2026-09-20 15:38:06.447,120.13026978,30.27065329,12.11,0.77,13,51.1,423,-87.05,6.72,417;429;411,-95.99;-96.87;-99.93,417;429,-95.99;-96.87
	2026-09-20 15:38:06.712,120.13027716,30.27065687,11.52,1.03,14,45.2,423,-85.40,11.06,429;411;417,-98.67;-98.86;-99.87,429;411,-98.67;-98.86
	2026-09-20 15:38:06.998,120.13026601,30.27065914,12.34,0.48,14,213.1,423,-87.34,6.78,417;411;429,-96.46;-97.05;-98.22,417;411,-96.46;-97.05
	2026-09-20 15:38:07.228,120.13028925,30.27066158,11.83,1.08,13,27.1,423,-84.96,11.91,429;417;411,-98.63;-99.33;-100.61,429;417,-98.63;-99.33
	2026-09-20 15:38:07.490,120.13027497,30.27067722,11.69,0.56,8,125.1,423,-92.16,2.18,411;429;417,-95.51;-96.20;-98.00,411;429,-95.51;-96.20
	2026-09-20 15:38:07.679,120.13027485,30.27066957,12.04,1.12,12,311.4,423,-89.36,4.65,429;411;417,-95.92;-96.03;-96.11,429;411,-95.92;-96.03
	2026-09-20 15:38:07.927,120.13028830,30.27067489,11.51,1.37,8,312.8,423,-85.35,9.49,411;429;417,-97.11;-98.82;-99.68,411;429,-97.11;-98.82
	2026-09-20 15:38:08.107,120.13028497,30.27068052,12.16,1.03,13,16.8,423,-88.48,6.74,417;411;429,-96.53;-97.75;-97.80,417;411,-96.53;-97.75
	2026-09-20 15:38:08.366,120.13028673,30.27067687,12.13,0.79,11,122.9,423,-85.25,11.67,417;429;411,-97.27;-97.55;-98.69,417;429,-97.27;-97.55
	2026-09-20 15:38:08.567,120.13027205,30.27067621,12.18,0.99,8,148.1,423,-90.87,5.70,429;411;417,-97.66;-97.66;-99.28,429;411,-97.66;-97.66
	2026-09-20 15:38:08.750,120.13028676,30.27068073,11.80,0.96,10,160.5,423,-90.34,2.96,417;429;411,-95.43;-96.66;-98.36,417;429,-95.43;-96.66
	2026-09-20 15:38:08.962,120.13028779,30.27067415,11.85,0.48,11,181.3,423,-88.76,4.65,417;429;411,-94.06;-98.36;-98.40,417;429,-94.06;-98.36
	2026-09-20 15:38:09.234,120.13027648,30.27068568,12.05,0.24,12,181.3,423,-88.44,6.14,429;417;411,-94.93;-97.96;-99.05,429;417,-94.93;-97.96
	2026-09-20 15:38:09.533,120.13028346,30.27067893,12.36,0.49,14,299.3,423,-89.52,6.91,411;429;417,-96.81;-98.87;-98.92,411;429,-96.81;-98.87
	2026-09-20 15:38:09.853,120.13028720,30.27067435,12.39,0.24,10,77.5,423,-86.90,6.33,429;417;411,-94.63;-97.81;-98.25,429;417,-94.63;-97.81
	2026-09-20 15:38:10.076,120.13026673,30.27068692,12.17,0.95,10,155.9,423,-85.15,10.51,429;417;411,-95.14;-95.70;-98.55,429;417,-95.14;-95.70
	2026-09-20 15:38:10.279,120.13027265,30.27068250,12.32,0.85,11,6.3,423,-87.60,5.77,411;417;429,-94.93;-97.07;-97.53,411;417,-94.93;-97.07
	2026-09-20 15:38:10.477,120.13028487,30.27068418,11.63,0.34,12,230.7,423,-87.02,9.43,411;429;417,-97.17;-99.22;-100.45,411;429,-97.17;-99.22
	2026-09-20 15:38:10.760,120.13027215,30.27068885,11.74,0.87,9,76.9,423,-89.66,6.43,429;417;501,-98.07;-98.82;-100.41,429;417,-98.07;-98.82
	2026-09-20 15:38:11.051,120.13026701,30.27069241,12.37,1.33,12,266.0,423,-89.32,5.43,429;417;411,-96.19;-96.67;-98.11,429;417,-96.19;-96.67
	2026-09-20 15:38:11.341,120.13026850,30.27068557,11.97,0.96,11,150.8,423,-90.55,4.51,417;429;411,-96.34;-97.55;-101.20,417;429,-96.34;-97.55
	2026-09-20 15:38:11.546,120.13027906,30.27068714,11.79,0.30,9,320.5,423,-89.31,6.17,411;429;417,-95.59;-97.41;-98.94,411;429,-95.59;-97.41
	2026-09-20 15:38:11.731,120.13027416,30.27068877,12.46,0.82,11,241.9,423,-83.22,12.00,411;429;417,-96.28;-96.74;-97.46,411;429,-96.28;-96.74
	2026-09-20 15:38:11.970,120.13027066,30.27068926,12.48,1.29,8,234.2,423,-87.81,7.22,411;417;501,-96.60;-96.88;-99.69,411;417,-96.60;-96.88
	2026-09-20 15:38:12.242,120.13026610,30.27069484,11.90,0.70,13,39.5,423,-87.94,7.38,429;411;417,-97.35;-97.63;-100.15,429;411,-97.35;-97.63
	2026-09-20 15:38:12.554,120.13026703,30.27068874,12.08,0.44,8,328.4,423,-88.90,8.05,417;429;411,-97.00;-97.86;-99.79,417;429,-97.00;-97.86
	2026-09-20 15:38:12.755,120.13027477,30.27069711,12.28,1.24,14,163.6,423,-87.82,9.26,429;417;411,-98.02;-98.30;-98.93,429;417,-98.02;-98.30
	2026-09-20 15:38:12.962,120.13028923,30.27069195,12.18,0.64,10,77.2,423,-87.15,9.36,429;417;411,-97.44;-97.87;-98.79,429;417,-97.44;-97.87
	2026-09-20 15:38:13.238,120.13026676,30.27069162,12.07,0.72,9,326.9,423,-86.01,11.30,429;411;417,-97.05;-97.47;-99.18,429;411,-97.05;-97.47
	2026-09-20 15:38:13.446,120.13027667,30.27070855,11.70,0.64,8,49.8,423,-87.73,6.06,429;417;411,-95.09;-95.86;-99.22,429;417,-95.09;-95.86
	2026-09-20 15:38:13.748,120.13028935,30.27070549,11.60,0.59,14,171.1,423,-86.41,6.66,411;417;429,-94.95;-98.69;-98.86,411;417,-94.95;-98.69
	2026-09-20 15:38:13.933,120.13027496,30.27070190,12.16,0.43,9,104.1,423,-89.05,7.24,429;417;411,-97.15;-97.66;-98.24,429;417,-97.15;-97.66
	2026-09-20 15:38:14.121,120.13028503,30.27070087,11.70,0.56,13,294.4,423,-90.36,4.99,429;417;411,-96.81;-97.14;-97.82,429;417,-96.81;-97.14
	2026-09-20 15:38:14.371,120.13027134,30.27070202,11.78,1.26,13,187.0,423,-90.61,4.71,411;417;429,-95.92;-96.62;-97.91,411;417,-95.92;-96.62
	2026-09-20 15:38:14.630,120.13028271,30.27071121,11.70,1.13,12,278.4,423,-89.66,4.56,429;411;417,-94.68;-97.35;-97.72,429;411,-94.68;-97.35
	2026-09-20 15:38:14.830,120.13026647,30.27071203,12.37,1.03,8,77.9,423,-89.99,2.06,429;417;411,-93.88;-96.12;-97.59,429;417,-93.88;-96.12
	2026-09-20 15:38:15.089,120.13027207,30.27071969,11.77,1.13,8,321.3,423,-90.38,5.17,429;411;417,-95.81;-96.53;-98.24,429;411,-95.81;-96.53
	2026-09-20 15:38:15.273,120.13027483,30.27070791,12.41,0.42,12,211.5,423,-90.38,4.68,411;417;429,-96.88;-96.88;-98.07,411;417,-96.88;-96.88
	2026-09-20 15:38:15.586,120.13027826,30.27071631,11.99,0.90,13,206.3,423,-87.94,7.76,417;411;429,-98.18;-99.09;-100.24,417;411,-98.18;-99.09
	2026-09-20 15:38:15.902,120.13028802,30.27071391,12.36,1.23,14,129.6,423,-90.27,3.22,411;417;429,-94.64;-97.16;-98.91,411;417,-94.64;-97.16
	2026-09-20 15:38:16.167,120.13028183,30.27072299,12.15,1.17,14,335.7,423,-92.29,1.80,429;411;417,-95.66;-96.39;-98.21,429;411,-95.66;-96.39
	2026-09-20 15:38:16.436,120.13029025,30.27071217,11.86,0.77,9,112.4,423,-89.58,7.06,429;417;411,-96.74;-97.07;-98.17,429;417,-96.74;-97.07
	2026-09-20 15:38:16.647,120.13028774,30.27071690,11.93,0.91,8,170.9,423,-86.74,8.34,411;429;417,-96.06;-97.04;-97.99,411;429,-96.06;-97.04
	2026-09-20 15:38:16.912,120.13028878,30.27072880,12.00,0.56,8,89.5,423,-89.79,5.69,429;411;417,-95.58;-97.05;-98.28,429;411,-95.58;-97.05
	2026-09-20 15:38:17.164,120.13026768,30.27072409,12.50,0.50,13,141.5,423,-90.41,5.96,429;417;411,-97.09;-98.70;-100.81,429;417,-97.09;-98.70
	2026-09-20 15:38:17.467,120.13026661,30.27072104,12.00,1.39,12,136.4,423,-89.71,2.61,411;417;429,-95.99;-97.97;-99.00,411;417,-95.99;-97.97
	2026-09-20 15:38:17.696,120.13028527,30.27072997,11.54,1.34,12,213.1,423,-87.34,4.22,429;411;417,-91.55;-95.96;-97.07,429;411,-91.55;-95.96
	2026-09-20 15:38:17.912,120.13027846,30.27072673,11.85,0.21,9,351.8,423,-89.67,2.96,417;429;411,-95.71;-99.25;-99.96,417;429,-95.71;-99.25
	2026-09-20 15:38:18.224,120.13028791,30.27072151,12.40,0.55,12,244.0,423,-87.20,6.97,417;411;429,-95.99;-96.69;-96.82,417;411,-95.99;-96.69
	2026-09-20 15:38:18.440,120.13027649,30.27074128,12.44,0.71,10,202.2,423,-89.25,6.57,417;429;411,-96.38;-98.23;-98.56,417;429,-96.38;-98.23
	2026-09-20 15:38:18.705,120.13027303,30.27072456,11.72,1.29,13,198.4,423,-92.50,3.62,417;429;411,-96.86;-98.61;-98.81,417;429,-96.86;-98.61
	2026-09-20 15:38:18.896,120.13027096,30.27072471,11.67,0.27,9,120.1,423,-92.04,4.86,429;411;417,-97.87;-98.56;-99.73,429;411,-97.87;-98.56
	2026-09-20 15:38:19.199,120.13029035,30.27073778,11.96,1.35,12,61.8,423,-91.52,3.11,417;429;411,-95.70;-97.57;-100.46,417;429,-95.70;-97.57
	2026-09-20 15:38:19.419,120.13027675,30.27073514,11.56,0.52,10,26.4,423,-88.65,4.57,411;429;417,-95.85;-98.25;-98.58,411;429,-95.85;-98.25
	2026-09-20 15:38:19.672,120.13028829,30.27074922,11.77,1.13,14,183.0,423,-89.46,5.46,417;429;411,-94.78;-95.79;-95.91,417;429,-94.78;-95.79
	2026-09-20 15:38:19.938,120.13026743,30.27073139,11.70,1.32,10,96.2,423,-88.29,8.20,417;429;411,-96.54;-97.74;-99.34,417;429,-96.54;-97.74
	2026-09-20 15:38:20.226,120.13027744,30.27073695,12.12,0.93,8,288.5,423,-88.75,5.59,411;417;429,-95.51;-96.39;-98.74,411;417,-95.51;-96.39
	2026-09-20 15:38:20.534,120.13027640,30.27074310,12.25,0.79,9,217.4,423,-88.51,6.40,417;411;429,-96.84;-96.94;-99.21,417;411,-96.84;-96.94
	2026-09-20 15:38:20.761,120.13028573,30.27073440,12.08,0.77,9,174.8,423,-89.79,5.90,417;429;411,-96.97;-97.50;-98.57,417;429,-96.97;-97.50
	2026-09-20 15:38:21.049,120.13026575,30.27075328,11.86,0.69,13,155.6,423,-90.52,2.86,417;411;429,-93.51;-97.24;-97.48,417;411,-93.51;-97.24
	2026-09-20 15:38:21.360,120.13027734,30.27073958,12.49,0.83,9,156.8,423,-89.00,8.25,429;417;411,-97.33;-98.91;-99.16,429;417,-97.33;-98.91
	2026-09-20 15:38:21.640,120.13027150,30.27074701,12.34,0.66,9,169.9,423,-89.29,9.20,417;411;429,-97.44;-97.57;-100.46,417;411,-97.44;-97.57
	2026-09-20 15:38:21.917,120.13028448,30.27074899,11.97,1.04,11,11.8,423,-89.74,5.76,411;417;429,-96.62;-97.41;-98.42,411;417,-96.62;-97.41
	2026-09-20 15:38:22.141,120.13027754,30.27076224,11.75,0.53,10,303.1,423,-90.67,1.02,429;417;411,-93.59;-94.77;-99.12,429;417,-93.59;-94.77
	2026-09-20 15:38:22.353,120.13028759,30.27075124,12.24,0.51,13,80.7,423,-92.00,4.86,429;411;417,-97.70;-98.78;-99.54,429;411,-97.70;-98.78
	2026-09-20 15:38:22.588,120.13026676,30.27075118,11.61,0.96,11,189.2,423,-90.76,6.53,411;417;501,-96.58;-96.72;-98.52,411;417,-96.58;-96.72
	2026-09-20 15:38:22.768,120.13028192,30.27075012,12.39,0.21,9,205.2,423,-89.30,6.88,417;429;411,-96.99;-97.46;-97.53,417;429,-96.99;-97.46
	2026-09-20 15:38:22.956,120.13027731,30.27075133,11.92,1.33,14,65.6,423,-92.94,2.59,411;417;429,-96.41;-97.43;-97.73,411;417,-96.41;-97.43
	2026-09-20 15:38:23.199,120.13027138,30.27075849,11.58,0.66,11,332.1,423,-90.15,4.50,411;417;429,-96.77;-97.45;-100.32,411;417,-96.77;-97.45
	2026-09-20 15:38:23.380,120.13028920,30.27076972,12.22,1.35,12,296.4,423,-90.31,4.72,417;411;429,-94.67;-95.28;-97.07,417;411,-94.67;-95.28
	2026-09-20 15:38:23.593,120.13028868,30.27077153,12.23,0.29,9,265.6,423,-90.41,3.81,411;417;429,-95.21;-95.41;-96.79,411;417,-95.21;-95.41
	2026-09-20 15:38:23.834,120.13027162,30.27075399,11.78,0.35,8,317.3,423,-89.47,6.28,429;417;411,-97.12;-98.70;-99.53,429;417,-97.12;-98.70
	2026-09-20 15:38:24.076,120.13028687,30.27076119,12.23,0.67,11,267.0,423,-87.86,6.70,417;429;411,-96.07;-97.65;-98.45,417;429,-96.07;-97.65
	2026-09-20 15:38:24.340,120.13028070,30.27076800,12.09,0.76,9,336.9,423,-92.11,1.30,411;429;417,-95.30;-95.68;-96.77,411;429,-95.30;-95.68
	2026-09-20 15:38:24.631,120.13027883,30.27076513,11.93,1.10,14,87.3,423,-89.56,6.29,417;429;411,-96.53;-97.92;-101.20,417;429,-96.53;-97.92
	2026-09-20 15:38:24.827,120.13026877,30.27076535,11.67,0.31,9,157.1,423,-91.16,5.43,429;417;411,-97.10;-97.56;-98.74,429;417,-97.10;-97.56
	2026-09-20 15:38:25.023,120.13026771,30.27076690,11.58,0.91,9,357.9,423,-89.13,4.52,411;429;417,-94.84;-97.28;-98.84,411;429,-94.84;-97.28
	2026-09-20 15:38:25.222,120.13027504,30.27076637,12.40,1.35,8,240.7,423,-88.02,6.14,417;411;429,-95.71;-96.92;-97.88,417;411,-95.71;-96.92
	2026-09-20 15:38:25.416,120.13028962,30.27078258,12.12,0.66,9,155.4,423,-88.70,6.32,429;417;411,-96.32;-98.83;-99.03,429;417,-96.32;-98.83
	2026-09-20 15:38:25.704,120.13028910,30.27077374,12.25,1.33,13,310.1,423,-92.78,1.90,411;429;417,-95.10;-98.06;-98.13,411;429,-95.10;-98.06
	2026-09-20 15:38:25.952,120.13027336,30.27077461,11.84,1.05,10,288.4,423,-91.56,2.56,417;429;411,-95.67;-95.89;-98.49,417;429,-95.67;-95.89
	2026-09-20 15:38:26.222,120.13028929,30.27076972,11.65,1.00,9,72.7,423,-86.43,10.53,417;429;411,-96.66;-98.08;-100.74,417;429,-96.66;-98.08
	2026-09-20 15:38:26.405,120.13027067,30.27078891,12.19,1.33,11,331.3,423,-88.14,8.18,411;417;429,-94.47;-97.43;-97.64,411;417,-94.47;-97.43
	2026-09-20 15:38:26.590,120.13027072,30.27077740,12.37,1.15,9,146.6,423,-91.19,0.33,411;429;417,-92.74;-97.69;-99.60,411;429,-92.74;-97.69
	2026-09-20 15:38:26.788,120.13027142,30.27078349,11.55,0.89,12,144.7,423,-91.55,5.12,417;429;411,-96.88;-98.77;-100.15,417;429,-96.88;-98.77
	2026-09-20 15:38:26.980,120.13027213,30.27078216,11.86,0.84,13,43.5,423,-90.54,2.68,411;429;417,-95.09;-95.10;-95.36,411;429,-95.09;-95.10
	2026-09-20 15:38:27.169,120.13028147,30.27077993,12.38,1.24,8,233.5,423,-92.20,3.61,411;417;429,-97.04;-98.03;-98.41,411;417,-97.04;-98.03
	2026-09-20 15:38:27.352,120.13027778,30.27078170,12.45,1.14,8,9.3,423,-91.98,2.59,411;417;429,-95.78;-96.55;-97.19,411;417,-95.78;-96.55
	2026-09-20 15:38:27.671,120.13027220,30.27078449,11.85,1.03,9,201.4,423,-89.64,8.80,417;411;429,-96.96;-97.50;-100.49,417;411,-96.96;-97.50
	2026-09-20 15:38:27.947,120.13028292,30.27079212,12.36,0.78,13,286.2,423,-89.89,3.80,417;411;429,-95.81;-96.44;-99.21,417;411,-95.81;-96.44
	2026-09-20 15:38:28.142,120.13028356,30.27078113,11.58,0.39,11,318.5,423,-91.15,2.73,411;429;417,-94.53;-94.63;-96.04,411;429,-94.53;-94.63
	2026-09-20 15:38:28.328,120.13029009,30.27080006,12.44,0.47,13,358.9,423,-91.12,4.66,411;429;417,-96.35;-98.07;-100.17,411;429,-96.35;-98.07
	2026-09-20 15:38:28.558,120.13028916,30.27079981,11.60,0.90,8,248.7,423,-90.21,3.05,417;411;429,-95.28;-96.64;-98.34,417;411,-95.28;-96.64
	2026-09-20 15:38:28.746,120.13027111,30.27079489,12.49,1.26,8,338.7,423,-90.05,3.85,429;417;501,-95.31;-97.23;-98.02,429;417,-95.31;-97.23
	2026-09-20 15:38:29.031,120.13027564,30.27079522,11.81,0.82,13,228.3,423,-89.39,6.51,417;429;411,-95.66;-95.69;-95.76,417;429,-95.66;-95.69
	2026-09-20 15:38:29.294,120.13027315,30.27080528,12.00,1.11,9,139.4,423,-90.18,3.14,411;417;429,-95.67;-97.21;-97.51,411;417,-95.67;-97.21
	2026-09-20 15:38:29.515,120.13028360,30.27080656,12.17,1.31,13,75.1,423,-93.98,0.36,417;429;411,-94.74;-95.52;-97.89,417;429,-94.74;-95.52
	2026-09-20 15:38:29.747,120.13027038,30.27080982,12.07,0.33,8,45.8,423,-90.68,1.04,417;411;429,-93.17;-96.05;-97.04,417;411,-93.17;-96.05
	2026-09-20 15:38:29.983,120.13026570,30.27080555,12.18,0.74,9,263.8,423,-92.40,4.45,411;417;429,-96.90;-97.08;-98.33,411;417,-96.90;-97.08
	2026-09-20 15:38:30.296,120.13027906,30.27079497,12.30,1.17,13,12.3,423,-92.36,1.56,417;411;429,-96.75;-97.96;-98.14,417;411,-96.75;-97.96
	2026-09-20 15:38:30.483,120.13026689,30.27080389,11.53,1.12,8,194.2,423,-93.11,2.09,429;417;411,-96.45;-96.85;-97.30,429;417,-96.45;-96.85
	2026-09-20 15:38:30.800,120.13028386,30.27080239,12.47,0.31,11,16.1,423,-89.30,5.02,411;501;417,-95.14;-97.63;-99.20,411;501,-95.14;-97.63
	2026-09-20 15:38:31.120,120.13028176,30.27080130,11.63,1.14,9,179.2,423,-91.63,5.66,411;417;429,-97.24;-98.03;-98.05,411;417,-97.24;-98.03
	2026-09-20 15:38:31.311,120.13028891,30.27080956,12.42,1.19,11,346.5,423,-92.18,1.85,411;429;417,-93.31;-95.71;-97.10,411;429,-93.31;-95.71
	2026-09-20 15:38:31.494,120.13027777,30.27081428,12.24,0.75,8,62.5,423,-90.79,6.55,411;417;429,-96.90;-98.26;-98.36,411;417,-96.90;-98.26
	2026-09-20 15:38:31.810,120.13028619,30.27080940,11.81,1.29,13,351.2,423,-91.43,3.15,417;429;411,-95.43;-95.47;-98.04,417;429,-95.43;-95.47
	2026-09-20 15:38:32.118,120.13027467,30.27082080,11.86,0.82,11,339.9,423,-89.17,3.93,429;417;411,-95.55;-96.02;-96.20,429;417,-95.55;-96.02
	2026-09-20 15:38:32.356,120.13028245,30.27081461,11.58,0.23,12,346.7,423,-92.81,1.06,417;411;429,-95.86;-96.12;-97.45,417;411,-95.86;-96.12
	2026-09-20 15:38:32.633,120.13028414,30.27081635,12.44,1.25,9,259.5,423,-89.61,6.25,417;411;429,-96.51;-96.92;-98.41,417;411,-96.51;-96.92
	2026-09-20 15:38:32.927,120.13028776,30.27080797,12.42,0.27,10,317.9,423,-91.82,3.53,417;411;429,-95.08;-96.43;-98.19,417;411,-95.08;-96.43
	2026-09-20 15:38:33.128,120.13028676,30.27081726,11.62,0.38,9,164.5,423,-91.56,2.39,411;429;417,-94.48;-95.94;-96.85,411;429,-94.48;-95.94
	2026-09-20 15:38:33.370,120.13027017,30.27083087,12.25,0.77,11,202.7,423,-90.91,3.71,417;411;501,-94.89;-95.70;-96.80,417;411,-94.89;-95.70
	2026-09-20 15:38:33.623,120.13027374,30.27081586,11.98,0.36,14,59.0,423,-92.72,0.71,411;417;429,-95.57;-96.63;-97.07,411;417,-95.57;-96.63
	2026-09-20 15:38:33.896,120.13027068,30.27083056,11.68,0.37,10,148.6,423,-90.31,6.20,417;411;429,-97.05;-97.12;-98.40,417;411,-97.05;-97.12
	2026-09-20 15:38:34.094,120.13028425,30.27083170,12.19,1.32,10,255.6,423,-92.90,0.28,411;417;429,-93.58;-95.00;-96.73,411;417,-93.58;-95.00
	2026-09-20 15:38:34.396,120.13028998,30.27083698,11.92,0.71,12,274.5,423,-91.54,3.00,411;429;417,-95.26;-95.70;-96.46,411;429,-95.26;-95.70
	2026-09-20 15:38:34.602,120.13027378,30.27082174,12.46,0.92,11,130.7,423,-91.12,5.36,429;411;501,-95.32;-96.61;-96.85,429;411,-95.32;-96.61
	2026-09-20 15:38:34.812,120.13028082,30.27083068,12.08,0.91,9,337.6,423,-91.52,3.54,429;417;411,-95.10;-95.24;-95.36,429;417,-95.10;-95.24
	2026-09-20 15:38:35.120,120.13028114,30.27082478,11.53,1.36,10,217.9,423,-89.82,5.12,417;411;429,-94.95;-97.40;-98.15,417;411,-94.95;-97.40
	2026-09-20 15:38:35.312,120.13028936,30.27083567,12.16,0.59,13,214.3,423,-88.51,6.17,429;411;417,-94.80;-94.83;-94.96,429;411,-94.80;-94.83
	2026-09-20 15:38:35.629,120.13027176,30.27083759,11.78,0.47,11,349.5,423,-88.77,5.28,417;411;429,-95.97;-97.02;-97.17,417;411,-95.97;-97.02
	2026-09-20 15:38:35.848,120.13028202,30.27084028,11.64,0.32,13,207.8,423,-90.66,4.81,417;429;411,-96.07;-96.53;-96.91,417;429,-96.07;-96.53
	2026-09-20 15:38:36.103,120.13027277,30.27082692,12.19,1.17,9,32.7,423,-91.07,1.64,411;429;417,-93.91;-96.80;-98.38,411;429,-93.91;-96.80
	2026-09-20 15:38:36.350,120.13027041,30.27082781,11.78,0.80,10,118.3,423,-91.61,3.47,411;501;429,-97.48;-98.44;-98.87,411;501,-97.48;-98.44
	2026-09-20 15:38:36.653,120.13027283,30.27084721,12.18,0.56,9,157.5,423,-90.50,2.12,417;411;429,-93.38;-96.28;-97.42,417;411,-93.38;-96.28
	2026-09-20 15:38:36.902,120.13027451,30.27084290,12.23,0.37,10,125.8,423,-92.42,3.20,429;411;417,-95.21;-97.13;-99.85,429;411,-95.21;-97.13
	2026-09-20 15:38:37.171,120.13026827,30.27084206,12.37,0.69,9,61.4,423,-92.98,3.20,411;417;429,-97.72;-98.19;-98.89,411;417,-97.72;-98.19
	2026-09-20 15:38:37.396,120.13029035,30.27084777,12.22,0.62,11,61.9,423,-87.75,6.35,429;411;417,-94.51;-99.40;-99.59,429;411,-94.51;-99.40
	2026-09-20 15:38:37.625,120.13026729,30.27085074,12.27,0.37,13,347.7,423,-92.68,2.28,411;417;429,-96.06;-96.43;-97.65,411;417,-96.06;-96.43
	2026-09-20 15:38:37.922,120.13029001,30.27085526,11.74,1.23,9,154.8,423,-91.38,2.05,417;411;429,-95.73;-96.12;-97.13,417;411,-95.73;-96.12
	2026-09-20 15:38:38.202,120.13028416,30.27084370,12.39,0.92,11,215.8,423,-92.86,0.20,411;417;429,-94.19;-95.74;-99.25,411;417,-94.19;-95.74
	2026-09-20 15:38:38.470,120.13027439,30.27084720,12.17,0.78,12,198.9,423,-92.27,3.39,411;417;429,-96.88;-98.14;-98.35,411;417,-96.88;-98.14
	2026-09-20 15:38:38.756,120.13026973,30.27084746,11.97,1.10,10,124.2,423,-91.64,2.20,417;411;429,-94.55;-98.05;-98.45,417;411,-94.55;-98.05
	2026-09-20 15:38:39.067,120.13026921,30.27084167,11.77,1.05,10,223.1,423,-92.55,1.79,417;411;429,-96.94;-97.18;-98.69,417;411,-96.94;-97.18
	2026-09-20 15:38:39.269,120.13028792,30.27084604,11.51,0.43,9,345.7,423,-92.45,0.53,417;411;429,-94.39;-95.88;-95.94,417;411,-94.39;-95.88
	2026-09-20 15:38:39.474,120.13028587,30.27085728,11.76,0.56,14,103.1,423,-95.11,0.67,411;501;417,-96.35;-97.99;-98.19,411;501,-96.35;-97.99
	2026-09-20 15:38:39.739,120.13028714,30.27085140,12.48,1.09,11,172.3,417,-93.48,-0.92,423;411;429,-93.73;-94.36;-97.08,423;411,-93.73;-94.36
	2026-09-20 15:38:40.008,120.13026554,30.27085725,11.73,0.39,14,137.0,423,-94.41,2.13,417;429;411,-96.25;-96.42;-96.87,417;429,-96.25;-96.42
	2026-09-20 15:38:40.302,120.13027936,30.27086270,12.18,1.29,14,341.7,423,-91.67,2.45,417;411;429,-95.73;-95.81;-98.18,417;411,-95.73;-95.81
	2026-09-20 15:38:40.589,120.13027306,30.27085502,11.67,0.49,14,87.2,423,-92.98,2.20,411;429;417,-95.64;-96.87;-99.10,411;429,-95.64;-96.87
	2026-09-20 15:38:40.829,120.13027333,30.27086874,11.57,0.71,9,269.2,423,-91.51,2.68,411;417;429,-93.56;-95.06;-96.66,411;417,-93.56;-95.06
	2026-09-20 15:38:41.021,120.13027665,30.27086873,12.40,1.15,14,237.9,423,-94.60,-0.20,429;417;411,-95.23;-95.69;-99.50,429;417,-95.23;-95.69
	2026-09-20 15:38:41.207,120.13026832,30.27087416,12.32,1.20,13,25.1,423,-92.50,2.25,411;429;417,-95.57;-96.14;-97.16,411;429,-95.57;-96.14
	2026-09-20 15:38:41.501,120.13026986,30.27087428,12.17,0.73,14,25.9,417,-94.23,-0.36,423;411;429,-94.58;-96.78;-97.81,423;411,-94.58;-96.78
	2026-09-20 15:38:41.696,120.13028387,30.27085873,12.36,0.36,12,122.0,423,-88.20,4.46,429;417;411,-92.60;-95.62;-95.65,429;417,-92.60;-95.62
	2026-09-20 15:38:41.933,120.13028413,30.27086009,12.10,0.68,9,95.0,423,-92.30,2.05,429;417;411,-94.08;-97.74;-98.50,429;417,-94.08;-97.74
	2026-09-20 15:38:42.252,120.13026817,30.27086359,11.62,1.16,9,107.5,423,-92.50,0.90,429;417;411,-93.55;-96.00;-99.09,429;417,-93.55;-96.00
	2026-09-20 15:38:42.526,120.13026952,30.27087327,12.41,0.47,9,56.1,423,-91.05,5.04,417;411;429,-95.21;-96.15;-98.69,417;411,-95.21;-96.15
	2026-09-20 15:38:42.793,120.13028710,30.27086682,11.58,0.23,13,184.1,423,-91.96,3.70,417;429;411,-94.34;-94.43;-94.65,417;429,-94.34;-94.43
	2026-09-20 15:38:42.988,120.13028881,30.27086696,11.58,0.59,14,31.8,423,-90.99,6.13,411;429;417,-96.33;-96.96;-98.82,411;429,-96.33;-96.96
	2026-09-20 15:38:43.298,120.13028356,30.27087326,12.41,0.84,12,69.6,423,-90.97,2.85,429;411;417,-94.24;-95.74;-96.44,429;411,-94.24;-95.74
	2026-09-20 15:38:43.519,120.13027269,30.27087931,12.40,0.66,8,250.0,423,-92.12,1.99,411;429;417,-94.48;-95.86;-96.33,411;429,-94.48;-95.86
	2026-09-20 15:38:43.744,120.13026562,30.27088849,11.93,0.26,11,233.0,423,-92.58,1.43,411;417;429,-95.01;-96.10;-96.76,411;417,-95.01;-96.10
	2026-09-20 15:38:44.040,120.13027133,30.27087851,12.26,1.12,10,73.2,423,-92.20,1.98,411;417;429,-95.10;-97.03;-97.63,411;417,-95.10;-97.03
	2026-09-20 15:38:44.338,120.13028190,30.27088044,12.32,0.66,8,0.4,423,-92.61,1.94,429;417;411,-95.83;-96.77;-96.77,429;417,-95.83;-96.77
	2026-09-20 15:38:44.552,120.13027814,30.27088508,11.72,0.87,8,0.5,423,-93.18,1.38,417;411;429,-94.99;-95.69;-95.84,417;411,-94.99;-95.69
	2026-09-20 15:38:44.785,120.13026753,30.27088371,11.58,0.72,10,265.6,423,-90.53,6.27,411;417;501,-95.97;-96.05;-98.58,411;417,-95.97;-96.05
	2026-09-20 15:38:45.066,120.13028726,30.27088099,12.31,0.26,9,114.4,423,-92.79,-0.08,411;417;429,-94.92;-95.97;-96.70,411;417,-94.92;-95.97
	2026-09-20 15:38:45.298,120.13026977,30.27088461,11.99,0.92,11,144.3,423,-93.18,0.43,429;411;501,-94.37;-95.94;-97.40,429;411,-94.37;-95.94
	2026-09-20 15:38:45.580,120.13026598,30.27088305,12.45,0.89,13,343.3,423,-93.13,-1.94,411;417;429,-94.07;-95.54;-98.87,411;417,-94.07;-95.54
	2026-09-20 15:38:45.805,120.13027414,30.27089568,12.33,0.40,9,67.6,423,-94.47,-1.53,417;501;411,-95.70;-99.03;-99.37,417;501,-95.70;-99.03
	2026-09-20 15:38:46.061,120.13028112,30.27088918,11.87,0.52,8,193.0,423,-92.68,0.68,411;417;429,-95.10;-95.71;-96.26,411;417,-95.10;-95.71
	2026-09-20 15:38:46.352,120.13028546,30.27090251,11.66,1.38,14,3.7,423,-92.22,-0.02,411;429;501,-94.48;-96.34;-98.06,411;429,-94.48;-96.34
	2026-09-20 15:38:46.618,120.13028319,30.27089169,11.97,1.25,8,73.5,423,-93.17,-0.19,411;417;501,-94.87;-95.03;-96.72,411;417,-94.87;-95.03
	2026-09-20 15:38:46.918,120.13026865,30.27089902,11.69,1.07,10,50.9,423,-91.56,1.97,429;411;417,-93.66;-96.89;-96.99,429;411,-93.66;-96.89
	2026-09-20 15:38:47.174,120.13028834,30.27090383,11.91,0.62,9,304.3,423,-92.62,1.60,411;429;417,-95.01;-95.94;-96.85,411;429,-95.01;-95.94
	2026-09-20 15:38:47.433,120.13027130,30.27090569,12.14,0.99,12,125.9,423,-91.13,2.28,411;429;417,-95.50;-96.84;-98.46,411;429,-95.50;-96.84
	2026-09-20 15:38:47.715,120.13028366,30.27090512,11.75,0.31,14,128.8,423,-91.44,-0.45,411;417;429,-94.21;-95.04;-98.30,411;417,-94.21;-95.04
	2026-09-20 15:38:47.908,120.13027062,30.27089722,12.32,0.29,12,58.0,423,-91.76,1.36,411;417;429,-93.46;-96.87;-98.56,411;417,-93.46;-96.87
	2026-09-20 15:38:48.119,120.13027538,30.27090281,12.35,1.09,8,311.8,423,-89.09,6.43,411;417;501,-94.91;-96.50;-99.26,411;417,-94.91;-96.50
	2026-09-20 15:38:48.416,120.13028853,30.27090500,12.00,0.80,10,244.0,411,-93.39,-0.32,423;417;429,-94.07;-95.84;-96.22,423;417,-94.07;-95.84
	2026-09-20 15:38:48.658,120.13028977,30.27090217,12.03,0.62,12,130.3,423,-90.93,1.85,429;411;417,-93.61;-95.18;-97.49,429;411,-93.61;-95.18
	2026-09-20 15:38:48.910,120.13028205,30.27089976,12.33,1.27,8,182.7,429,-93.69,2.02,417;423;411,-96.14;-96.75;-96.96,417;423,-96.14;-96.75
	2026-09-20 15:38:49.217,120.13028096,30.27091438,12.16,1.18,10,262.0,411,-91.60,0.46,423;417;429,-93.36;-95.00;-98.49,423;417,-93.36;-95.00
	2026-09-20 15:38:49.510,120.13027708,30.27090120,11.61,0.49,8,245.5,423,-94.65,0.28,417;411;429,-95.92;-95.93;-98.07,417;411,-95.92;-95.93
	2026-09-20 15:38:49.737,120.13026800,30.27090308,12.01,1.23,13,156.6,411,-95.53,-2.20,417;423;429,-95.54;-96.64;-96.81,417;423,-95.54;-96.64
	2026-09-20 15:38:49.946,120.13028684,30.27091561,12.27,0.58,8,231.7,423,-92.89,0.09,411;429;417,-94.63;-97.14;-99.52,411;429,-94.63;-97.14
	2026-09-20 15:38:50.126,120.13028208,30.27091564,12.08,0.85,9,56.1,411,-94.29,0.24,423;429;417,-95.10;-96.00;-96.18,423;429,-95.10;-96.00
	2026-09-20 15:38:50.392,120.13027645,30.27090705,12.26,0.78,11,281.4,411,-93.54,-1.51,423;429;417,-93.90;-94.37;-97.83,423;429,-93.90;-94.37
	2026-09-20 15:38:50.612,120.13027897,30.27091435,11.56,1.32,13,283.5,411,-93.82,0.82,423;429;417,-95.20;-96.79;-98.96,423;429,-95.20;-96.79
	2026-09-20 15:38:50.870,120.13027741,30.27092846,12.19,0.87,10,255.0,423,-92.53,1.05,411;417;429,-93.52;-95.93;-96.91,411;417,-93.52;-95.93
	2026-09-20 15:38:51.070,120.13027579,30.27092482,12.09,0.21,9,39.3,423,-93.31,1.15,411;429;417,-95.94;-96.49;-99.12,411;429,-95.94;-96.49
	2026-09-20 15:38:51.383,120.13029037,30.27091766,12.11,0.27,12,273.6,423,-91.56,1.70,417;429;411,-94.30;-94.81;-95.69,417;429,-94.30;-94.81
	2026-09-20 15:38:51.607,120.13027437,30.27091995,11.52,0.84,12,113.2,423,-93.78,-0.26,411;429;501,-95.03;-95.64;-100.86,411;429,-95.03;-95.64
	2026-09-20 15:38:51.910,120.13028345,30.27091661,12.16,0.87,11,128.7,411,-94.14,0.98,423;417;429,-95.30;-97.71;-97.92,423;417,-95.30;-97.71
	2026-09-20 15:38:52.176,120.13028817,30.27092185,11.60,1.38,10,242.7,411,-93.30,-0.27,423;417;429,-93.35;-97.02;-98.30,423;417,-93.35;-97.02
	2026-09-20 15:38:52.475,120.13028080,30.27093627,11.79,0.22,12,318.4,423,-88.81,2.73,411;501;429,-92.93;-96.49;-98.19,411;501,-92.93;-96.49
	2026-09-20 15:38:52.688,120.13028198,30.27092351,12.44,0.97,14,358.3,411,-94.05,-1.34,423;417;429,-94.39;-96.49;-98.07,423;417,-94.39;-96.49
	2026-09-20 15:38:52.961,120.13027720,30.27093704,11.69,0.84,11,293.7,423,-93.66,-0.61,429;411;417,-95.26;-95.89;-96.23,429;411,-95.26;-95.89
	2026-09-20 15:38:53.143,120.13027750,30.27093974,11.58,0.71,8,230.9,423,-94.80,-0.34,411;429;417,-95.53;-96.34;-96.89,411;429,-95.53;-96.34
	2026-09-20 15:38:53.456,120.13029015,30.27094118,12.33,0.59,11,338.8,423,-92.85,1.41,411;417;429,-94.45;-95.35;-96.31,411;417,-94.45;-95.35
	2026-09-20 15:38:53.757,120.13028203,30.27094517,11.57,0.36,12,179.9,423,-92.60,2.18,411;417;429,-95.57;-96.85;-99.27,411;417,-95.57;-96.85
	2026-09-20 15:38:54.046,120.13028363,30.27094307,12.49,1.04,8,255.8,411,-94.44,-0.32,423;429;417,-95.74;-96.78;-97.64,423;429,-95.74;-96.78
	2026-09-20 15:38:54.231,120.13026921,30.27093660,12.11,0.36,9,16.9,411,-90.81,2.18,429;423;417,-94.02;-94.67;-97.39,429;423,-94.02;-94.67
	2026-09-20 15:38:54.467,120.13028415,30.27093785,12.36,0.73,12,250.3,423,-91.84,0.62,411;429;501,-93.80;-94.25;-97.32,411;429,-93.80;-94.25
	2026-09-20 15:38:54.736,120.13027008,30.27093884,11.67,1.08,9,23.6,423,-94.07,-2.26,417;411;429,-94.61;-97.90;-100.42,417;411,-94.61;-97.90
	2026-09-20 15:38:55.013,120.13028893,30.27094433,12.19,1.31,13,110.2,423,-94.16,1.07,411;429;417,-94.28;-94.29;-97.65,411;429,-94.28;-94.29
	2026-09-20 15:38:55.232,120.13027343,30.27093692,11.56,0.32,11,263.6,411,-94.45,-1.52,423;429;417,-94.72;-94.99;-95.99,423;429,-94.72;-94.99
	2026-09-20 15:38:55.528,120.13026940,30.27094617,11.76,0.87,14,343.6,423,-95.75,0.06,411;417;429,-96.06;-96.18;-99.44,411;417,-96.06;-96.18
	2026-09-20 15:38:55.756,120.13026934,30.27094597,11.88,0.47,11,350.9,417,-93.38,-0.78,411;423;429,-93.79;-94.05;-98.04,411;423,-93.79;-94.05
	2026-09-20 15:38:56.025,120.13027858,30.27094494,11.94,1.01,10,61.8,423,-93.38,0.27,417;411;501,-94.42;-95.11;-98.11,417;411,-94.42;-95.11
	2026-09-20 15:38:56.262,120.13026963,30.27095949,12.39,0.93,11,91.3,423,-92.43,4.58,429;411;417,-95.74;-96.44;-96.70,429;411,-95.74;-96.44
	2026-09-20 15:38:56.486,120.13028604,30.27096146,12.12,1.04,8,296.4,423,-94.79,-0.34,411;417;429,-95.10;-95.50;-96.48,411;417,-95.10;-95.50
	2026-09-20 15:38:56.756,120.13027832,30.27095739,12.21,0.34,12,351.8,411,-94.72,1.35,429;423;417,-95.13;-95.23;-96.83,429;423,-95.13;-95.23
	2026-09-20 15:38:56.994,120.13027981,30.27095248,11.86,1.12,14,153.3,411,-91.90,0.56,423;429;417,-93.91;-94.84;-97.93,423;429,-93.91;-94.84
	2026-09-20 15:38:57.264,120.13026735,30.27096451,11.78,0.28,10,194.7,411,-93.84,0.08,423;417;501,-94.42;-96.82;-97.55,423;417,-94.42;-96.82
	2026-09-20 15:38:57.521,120.13028456,30.27096265,12.49,1.30,14,122.7,411,-90.98,2.76,423;417;429,-94.46;-95.49;-97.04,423;417,-94.46;-95.49
	2026-09-20 15:38:57.828,120.13027837,30.27095304,12.19,1.29,10,57.3,411,-92.53,3.05,417;429;423,-95.92;-96.51;-96.68,417;429,-95.92;-96.51
	2026-09-20 15:38:58.011,120.13026713,30.27095521,12.41,1.09,12,276.1,429,-93.28,1.04,411;423;417,-95.18;-95.38;-98.76,411;423,-95.18;-95.38
	2026-09-20 15:38:58.195,120.13026951,30.27095218,12.31,1.34,14,254.9,423,-91.55,1.11,411;429;417,-93.44;-95.79;-96.69,411;429,-93.44;-95.79
	2026-09-20 15:38:58.465,120.13028696,30.27097054,12.23,0.26,12,106.9,417,-95.38,1.13,429;423;411,-95.55;-96.77;-97.07,429;423,-95.55;-96.77
	2026-09-20 15:38:58.775,120.13026604,30.27096807,12.29,1.35,10,357.9,411,-92.79,1.49,423;429;417,-94.97;-95.72;-98.24,423;429,-94.97;-95.72
	2026-09-20 15:38:59.068,120.13028614,30.27095750,12.25,0.25,9,324.0,411,-92.78,3.20,423;417;429,-94.68;-94.87;-96.37,423;417,-94.68;-94.87
	2026-09-20 15:38:59.276,120.13028119,30.27095833,11.72,0.65,12,194.3,423,-94.25,-0.71,411;417;501,-94.37;-96.93;-98.68,411;417,-94.37;-96.93
	2026-09-20 15:38:59.466,120.13028529,30.27097069,12.17,0.30,11,303.3,411,-94.65,-2.02,417;423;501,-94.86;-96.12;-97.69,417;423,-94.86;-96.12
	2026-09-20 15:38:59.734,120.13028702,30.27097799,11.78,0.88,8,314.0,411,-92.81,1.24,423;417;429,-92.92;-96.91;-98.49,423;417,-92.92;-96.91
	2026-09-20 15:38:59.914,120.13027908,30.27096709,12.00,0.52,10,240.6,411,-93.54,1.89,423;417;429,-94.91;-96.90;-98.43,423;417,-94.91;-96.90
	2026-09-20 15:39:00.118,120.13027047,30.27098045,12.07,0.34,10,122.2,423,-95.19,-0.24,411;429;417,-95.47;-96.27;-96.90,411;429,-95.47;-96.27
	2026-09-20 15:39:00.389,120.13027488,30.27097350,11.58,0.29,10,303.5,411,-94.31,-0.88,423;429;501,-94.76;-98.13;-100.58,423;429,-94.76;-98.13
	2026-09-20 15:39:00.638,120.13026599,30.27096576,12.08,0.82,11,229.5,423,-92.72,2.86,411;417;429,-96.17;-98.37;-99.10,411;417,-96.17;-98.37
	2026-09-20 15:39:00.878,120.13028202,30.27098730,11.52,0.61,14,31.7,423,-92.24,-1.54,411;429;417,-93.02;-96.40;-97.98,411;429,-93.02;-96.40
	2026-09-20 15:39:01.063,120.13028543,30.27098649,12.12,0.98,11,280.3,411,-94.11,-0.80,423;417;501,-94.61;-95.99;-97.28,423;417,-94.61;-95.99
	2026-09-20 15:39:01.295,120.13026649,30.27097988,12.32,0.35,11,27.5,423,-93.05,3.53,411;429;501,-96.24;-96.32;-98.47,411;429,-96.24;-96.32
	2026-09-20 15:39:01.492,120.13027908,30.27097062,12.13,0.66,9,58.6,411,-94.28,-1.45,423;429;417,-94.59;-98.83;-99.22,423;429,-94.59;-98.83
	2026-09-20 15:39:01.693,120.13026978,30.27099139,12.15,0.62,8,79.8,411,-94.19,-0.46,423;417;429,-94.69;-94.84;-98.61,423;417,-94.69;-94.84
	2026-09-20 15:39:01.963,120.13026921,30.27099020,12.37,0.41,14,264.3,423,-93.47,3.30,411;417;429,-95.08;-96.91;-97.07,411;417,-95.08;-96.91
	2026-09-20 15:39:02.205,120.13026579,30.27099248,11.66,0.96,12,116.7,411,-91.60,1.50,423;417;429,-94.31;-97.77;-98.44,423;417,-94.31;-97.77
	2026-09-20 15:39:02.410,120.13028814,30.27098670,11.61,0.25,13,278.3,417,-94.05,1.31,423;429;411,-94.14;-95.36;-95.80,423;429,-94.14;-95.36
	2026-09-20 15:39:02.657,120.13028232,30.27097787,11.83,0.67,9,121.0,423,-92.05,-0.43,411;417;429,-92.98;-98.16;-98.37,411;417,-92.98;-98.16
	2026-09-20 15:39:02.959,120.13028586,30.27098316,12.26,0.23,10,210.4,411,-93.50,0.44,417;423;429,-94.64;-96.93;-98.08,417;423,-94.64;-96.93
	2026-09-20 15:39:03.276,120.13028412,30.27098281,12.06,0.35,13,128.7,411,-93.44,0.48,423;417;429,-95.26;-97.54;-98.13,423;417,-95.26;-97.54
	2026-09-20 15:39:03.467,120.13028945,30.27098286,12.08,0.79,13,325.1,429,-96.25,-0.78,423;411;417,-96.64;-96.99;-97.09,423;411,-96.64;-96.99
	2026-09-20 15:39:03.681,120.13028577,30.27099520,11.78,0.96,14,94.1,411,-92.06,1.42,423;429;417,-93.01;-96.53;-97.41,423;429,-93.01;-96.53
	2026-09-20 15:39:03.940,120.13026857,30.27100564,11.95,0.37,10,210.4,411,-91.14,4.69,423;429;417,-95.94;-97.38;-97.69,423;429,-95.94;-97.38
	2026-09-20 15:39:04.253,120.13027960,30.27099008,12.21,1.19,11,39.1,423,-94.37,-2.16,417;411;429,-94.89;-95.04;-98.11,417;411,-94.89;-95.04
	2026-09-20 15:39:04.572,120.13028910,30.27099897,11.56,0.90,8,176.1,411,-92.85,3.45,417;423;429,-95.16;-95.58;-95.62,417;423,-95.16;-95.58
	2026-09-20 15:39:04.835,120.13027922,30.27099313,11.63,0.27,13,289.1,411,-91.68,2.48,423;429;417,-94.52;-97.20;-98.23,423;429,-94.52;-97.20
	2026-09-20 15:39:05.097,120.13026962,30.27101181,12.46,0.72,9,352.3,411,-93.01,2.18,417;501;423,-96.37;-97.15;-97.44,417;501,-96.37;-97.15
	2026-09-20 15:39:05.289,120.13027932,30.27100701,11.93,0.94,8,246.5,411,-94.10,0.96,423;417;429,-95.24;-95.87;-97.44,423;417,-95.24;-95.87
	2026-09-20 15:39:05.564,120.13026876,30.27100274,12.05,0.24,10,141.1,411,-94.55,0.08,423;429;417,-95.44;-97.71;-98.65,423;429,-95.44;-97.71
	2026-09-20 15:39:05.849,120.13028479,30.27100792,12.39,0.66,12,62.8,411,-94.54,1.61,429;417;423,-96.44;-96.69;-96.87,429;417,-96.44;-96.69
	2026-09-20 15:39:06.105,120.13028649,30.27101213,12.22,0.62,13,216.8,411,-92.21,3.35,417;429;423,-96.11;-96.16;-97.16,417;429,-96.11;-96.16
	2026-09-20 15:39:06.370,120.13027582,30.27100473,11.51,1.07,12,115.6,423,-92.97,-1.11,411;429;417,-93.64;-95.32;-97.47,411;429,-93.64;-95.32
	2026-09-20 15:39:06.652,120.13027414,30.27100743,11.53,1.35,11,141.2,411,-93.58,2.17,423;429;417,-94.98;-96.80;-98.88,423;429,-94.98;-96.80
	2026-09-20 15:39:06.890,120.13028146,30.27101203,12.40,1.29,11,302.0,411,-91.04,3.51,417;423;429,-95.70;-96.97;-98.24,417;423,-95.70;-96.97
	2026-09-20 15:39:07.151,120.13026742,30.27100820,11.73,0.67,12,162.7,411,-94.51,1.44,423;501;429,-97.58;-99.17;-99.76,423;501,-97.58;-99.17
	2026-09-20 15:39:07.367,120.13028066,30.27101267,11.63,1.03,10,70.0,411,-93.94,-0.83,423;417;429,-95.30;-98.05;-98.76,423;417,-95.30;-98.05
	2026-09-20 15:39:07.632,120.13026579,30.27100694,12.11,0.81,12,239.8,423,-94.54,-1.29,411;429;417,-95.95;-96.01;-97.53,411;429,-95.95;-96.01
	2026-09-20 15:39:07.821,120.13027130,30.27100686,12.48,0.84,14,224.8,411,-93.07,0.55,423;429;501,-94.27;-97.91;-99.69,423;429,-94.27;-97.91
	2026-09-20 15:39:08.101,120.13027163,30.27102518,11.74,0.35,10,298.1,411,-93.08,0.99,423;429;417,-93.35;-96.61;-97.77,423;429,-93.35;-96.61
	2026-09-20 15:39:08.303,120.13026605,30.27102308,12.29,0.35,12,201.3,411,-93.97,0.09,423;429;417,-94.69;-95.16;-98.25,423;429,-94.69;-95.16
	2026-09-20 15:39:08.567,120.13026677,30.27102017,12.28,0.32,13,227.0,429,-93.62,-0.46,411;423;417,-93.84;-94.93;-96.53,411;423,-93.84;-94.93
	2026-09-20 15:39:08.818,120.13028633,30.27103243,11.91,0.32,14,261.5,411,-93.19,0.30,423;429;501,-94.87;-97.25;-97.89,423;429,-94.87;-97.25
	2026-09-20 15:39:09.122,120.13028410,30.27102084,11.81,0.64,11,188.7,411,-93.81,0.65,417;423;429,-94.45;-95.90;-96.41,417;423,-94.45;-95.90
	2026-09-20 15:39:09.375,120.13028882,30.27101477,11.63,1.30,9,338.7,411,-92.67,0.54,423;417;429,-94.79;-95.40;-97.43,423;417,-94.79;-95.40
	2026-09-20 15:39:09.644,120.13026881,30.27102971,11.75,0.94,13,196.6,417,-93.62,-0.06,411;429;501,-95.50;-96.76;-98.52,411;429,-95.50;-96.76
	2026-09-20 15:39:09.895,120.13027482,30.27102483,11.61,0.91,14,296.1,423,-94.52,-2.22,411;417;501,-94.69;-95.31;-97.48,411;417,-94.69;-95.31
	2026-09-20 15:39:10.126,120.13028990,30.27102784,11.56,0.27,9,181.6,423,-93.09,0.98,411;501;429,-95.05;-95.84;-96.52,411;501,-95.05;-95.84
	2026-09-20 15:39:10.353,120.13027578,30.27102154,11.73,1.14,9,209.4,423,-94.77,0.25,411;417;429,-96.28;-96.55;-96.89,411;417,-96.28;-96.55
	2026-09-20 15:39:10.572,120.13028539,30.27102376,11.97,0.39,12,6.9,411,-91.61,1.80,423;429;417,-94.99;-96.57;-97.24,423;429,-94.99;-96.57
	2026-09-20 15:39:10.839,120.13028828,30.27103595,12.04,0.67,11,250.0,411,-91.98,2.83,423;417;429,-95.38;-97.53;-97.63,423;417,-95.38;-97.53
	2026-09-20 15:39:11.050,120.13028902,30.27103055,11.92,0.65,14,150.9,423,-94.66,-2.02,411;429;417,-94.79;-95.34;-98.12,411;429,-94.79;-95.34
	2026-09-20 15:39:11.240,120.13026960,30.27104332,11.58,0.86,14,150.6,411,-93.63,0.95,423;417;429,-96.41;-97.30;-97.78,423;417,-96.41;-97.30
	2026-09-20 15:39:11.539,120.13027007,30.27103705,11.75,0.22,9,57.1,411,-91.90,1.63,417;423;501,-93.81;-95.70;-98.26,417;423,-93.81;-95.70
	2026-09-20 15:39:11.764,120.13027783,30.27103670,12.25,0.45,10,66.0,417,-95.09,-0.05,423;411;501,-95.61;-96.53;-98.51,423;411,-95.61;-96.53
	2026-09-20 15:39:12.081,120.13027637,30.27104635,12.17,1.32,9,349.5,411,-92.80,3.89,417;423;429,-96.14;-96.88;-98.82,417;423,-96.14;-96.88
	2026-09-20 15:39:12.270,120.13028313,30.27104379,11.76,0.91,14,2.2,411,-91.62,2.69,417;423;429,-96.14;-96.65;-97.12,417;423,-96.14;-96.65
	2026-09-20 15:39:12.500,120.13027470,30.27105319,12.31,0.67,8,98.6,411,-90.80,2.19,423;417;429,-94.03;-96.43;-97.24,423;417,-94.03;-96.43
	2026-09-20 15:39:12.706,120.13028539,30.27104532,11.91,1.04,13,159.3,411,-93.13,3.27,429;417;423,-95.31;-96.59;-96.74,429;417,-95.31;-96.59
	2026-09-20 15:39:12.906,120.13028272,30.27104197,12.31,0.78,12,348.8,411,-92.84,0.77,423;417;429,-94.43;-95.79;-97.85,423;417,-94.43;-95.79
	2026-09-20 15:39:13.136,120.13027795,30.27104106,11.95,0.80,13,343.5,411,-94.87,0.11,417;423;501,-95.28;-95.30;-97.27,417;423,-95.28;-95.30
	2026-09-20 15:39:13.389,120.13028102,30.27104582,11.95,0.26,12,106.9,411,-90.90,3.28,417;423;429,-94.08;-95.08;-96.93,417;423,-94.08;-95.08
	2026-09-20 15:39:13.703,120.13027117,30.27105376,11.55,1.20,10,83.0,411,-93.18,0.95,423;429;417,-95.46;-96.94;-97.27,423;429,-95.46;-96.94
	2026-09-20 15:39:13.973,120.13028935,30.27104328,12.19,1.31,11,232.1,411,-92.71,-0.56,423;417;429,-94.35;-96.07;-97.41,423;417,-94.35;-96.07
	2026-09-20 15:39:14.262,120.13027981,30.27105100,12.22,0.74,14,133.5,411,-92.55,2.15,423;429;501,-94.62;-95.61;-96.47,423;429,-94.62;-95.61
	2026-09-20 15:39:14.497,120.13027181,30.27104610,11.94,0.23,10,43.6,411,-92.93,1.70,423;501;417,-95.62;-96.82;-97.25,423;501,-95.62;-96.82
	2026-09-20 15:39:14.754,120.13028062,30.27106103,11.94,0.43,14,280.7,411,-92.24,-0.89,423;417;429,-92.95;-95.38;-97.21,423;417,-92.95;-95.38
	2026-09-20 15:39:14.954,120.13027095,30.27106024,12.04,1.17,10,293.6,411,-90.34,3.32,417;423;429,-92.81;-94.00;-99.13,417;423,-92.81;-94.00
	2026-09-20 15:39:15.255,120.13027863,30.27106547,11.50,1.01,8,66.7,411,-93.56,-1.08,423;429;417,-94.12;-95.86;-96.29,423;429,-94.12;-95.86
	2026-09-20 15:39:15.515,120.13027052,30.27105943,12.09,1.39,14,354.6,411,-92.77,5.51,417;501;423,-97.81;-97.92;-97.93,417;501,-97.81;-97.92
	2026-09-20 15:39:15.808,120.13028052,30.27106424,11.60,1.28,10,53.0,411,-93.81,-0.49,417;423;429,-94.68;-95.90;-96.12,417;423,-94.68;-95.90
	2026-09-20 15:39:16.080,120.13028330,30.27107233,11.59,1.21,9,177.3,411,-92.40,1.91,417;423;429,-94.86;-95.23;-97.93,417;423,-94.86;-95.23
	2026-09-20 15:39:16.392,120.13027536,30.27106745,11.94,0.24,11,20.2,411,-91.97,-1.22,423;501;417,-93.24;-96.99;-97.01,423;501,-93.24;-96.99
	2026-09-20 15:39:16.641,120.13028665,30.27106400,12.17,0.86,14,9.5,411,-92.65,3.75,417;423;429,-96.46;-97.17;-97.78,417;423,-96.46;-97.17
	2026-09-20 15:39:16.950,120.13027241,30.27106456,12.33,1.33,13,160.9,411,-92.07,3.37,429;423;417,-95.25;-95.52;-96.81,429;423,-95.25;-95.52
	2026-09-20 15:39:17.248,120.13026687,30.27107244,12.38,1.38,8,165.0,411,-94.59,-2.03,429;423;417,-94.61;-95.61;-98.16,429;423,-94.61;-95.61
	2026-09-20 15:39:17.536,120.13027311,30.27107369,11.95,1.09,8,170.0,411,-93.26,2.81,423;417;429,-95.29;-96.21;-97.42,423;417,-95.29;-96.21
	2026-09-20 15:39:17.821,120.13028360,30.27108046,11.52,1.29,14,65.5,411,-93.51,-0.67,423;429;501,-94.99;-95.16;-97.05,423;429,-94.99;-95.16
	2026-09-20 15:39:18.093,120.13026746,30.27108192,12.39,0.72,12,169.9,411,-93.09,0.13,423;417;501,-93.57;-96.05;-97.66,423;417,-93.57;-96.05
	2026-09-20 15:39:18.331,120.13027554,30.27107249,11.86,1.17,8,152.9,417,-94.67,-0.29,429;411;423,-95.19;-95.48;-96.67,429;411,-95.19;-95.48
	2026-09-20 15:39:18.567,120.13028524,30.27108345,12.25,0.39,12,268.8,411,-91.44,3.25,417;429;423,-94.40;-96.83;-97.13,417;429,-94.40;-96.83
	2026-09-20 15:39:18.836,120.13027596,30.27108831,12.47,0.66,14,48.7,411,-89.89,4.18,423;417;429,-94.50;-95.14;-96.64,423;417,-94.50;-95.14
	2026-09-20 15:39:19.043,120.13027624,30.27108778,11.69,0.43,10,324.8,411,-94.48,-0.51,429;417;423,-96.37;-97.44;-99.13,429;417,-96.37;-97.44
	2026-09-20 15:39:19.284,120.13028669,30.27108348,12.45,0.57,13,136.7,411,-92.67,3.76,429;423;417,-95.94;-96.08;-98.37,429;423,-95.94;-96.08
	2026-09-20 15:39:19.499,120.13028910,30.27107820,12.14,1.13,14,59.9,411,-91.92,5.25,429;417;423,-97.53;-98.02;-98.15,429;417,-97.53;-98.02
	2026-09-20 15:39:19.727,120.13028972,30.27108933,11.59,0.54,14,201.9,429,-93.58,-0.22,411;417;501,-94.59;-97.34;-97.39,411;417,-94.59;-97.34
	2026-09-20 15:39:19.999,120.13028956,30.27107696,11.69,0.45,14,312.3,411,-93.08,0.76,423;417;429,-94.32;-96.79;-98.55,423;417,-94.32;-96.79
	2026-09-20 15:39:20.211,120.13028822,30.27108661,12.48,0.46,12,218.4,411,-89.64,1.33,417;429;423,-92.70;-97.36;-97.64,417;429,-92.70;-97.36
	2026-09-20 15:39:20.460,120.13026664,30.27109504,12.00,1.23,12,94.3,411,-93.45,0.58,429;423;417,-95.12;-95.22;-96.26,429;423,-95.12;-95.22
	2026-09-20 15:39:20.706,120.13027373,30.27108473,11.95,1.12,10,30.1,411,-94.37,1.44,429;417;423,-96.48;-97.20;-97.23,429;417,-96.48;-97.20
	2026-09-20 15:39:20.954,120.13027095,30.27109955,11.64,0.94,8,219.2,411,-93.05,0.90,417;423;429,-94.88;-95.07;-97.12,417;423,-94.88;-95.07
	2026-09-20 15:39:21.191,120.13027174,30.27109444,12.49,0.49,10,87.3,411,-94.36,-0.05,423;429;417,-94.46;-96.53;-97.84,423;429,-94.46;-96.53
	2026-09-20 15:39:21.504,120.13026908,30.27108685,11.79,1.15,8,296.2,411,-89.28,2.79,423;429;417,-94.21;-96.25;-97.50,423;429,-94.21;-96.25
	2026-09-20 15:39:21.809,120.13028908,30.27110417,11.82,0.21,13,131.6,411,-91.33,1.88,423;417;429,-93.11;-94.18;-98.48,423;417,-93.11;-94.18
	2026-09-20 15:39:22.039,120.13028730,30.27109360,11.84,0.90,11,47.2,411,-93.47,1.68,423;429;417,-95.58;-96.22;-96.62,423;429,-95.58;-96.22
	2026-09-20 15:39:22.257,120.13027543,30.27109428,12.01,1.23,8,88.5,411,-91.29,3.31,423;429;501,-96.79;-96.85;-99.02,423;429,-96.79;-96.85
	2026-09-20 15:39:22.454,120.13027612,30.27110385,12.49,1.01,8,76.8,411,-92.96,0.08,501;429;423,-95.83;-97.93;-98.56,501;429,-95.83;-97.93
	2026-09-20 15:39:22.719,120.13028715,30.27109547,12.44,0.39,13,193.9,423,-93.60,-1.83,411;501;417,-94.22;-94.58;-95.91,411;501,-94.22;-94.58
	2026-09-20 15:39:22.991,120.13026723,30.27110183,12.14,1.33,11,170.8,411,-92.05,0.48,417;501;423,-94.98;-99.75;-99.92,417;501,-94.98;-99.75
	2026-09-20 15:39:23.203,120.13026930,30.27109536,12.34,0.33,13,113.9,411,-87.61,6.18,429;501;423,-94.74;-95.18;-95.67,429;501,-94.74;-95.18
	2026-09-20 15:39:23.430,120.13028842,30.27111390,12.09,0.77,8,283.6,411,-92.94,0.14,417;501;423,-94.71;-95.60;-95.92,417;501,-94.71;-95.60
	2026-09-20 15:39:23.719,120.13028892,30.27111000,12.00,0.66,10,13.9,411,-93.89,0.87,417;423;429,-96.19;-97.11;-99.25,417;423,-96.19;-97.11
	2026-09-20 15:39:23.918,120.13027355,30.27110918,12.30,0.27,9,302.9,411,-91.58,2.94,417;423;501,-95.54;-98.80;-98.84,417;423,-95.54;-98.80
	2026-09-20 15:39:24.177,120.13028968,30.27111377,12.26,0.44,8,344.2,411,-91.46,0.26,423;501;417,-94.34;-95.51;-96.00,423;501,-94.34;-95.51
	2026-09-20 15:39:24.437,120.13028463,30.27111182,12.23,1.22,11,231.7,411,-90.30,4.01,417;429;423,-95.64;-96.82;-97.51,417;429,-95.64;-96.82
	2026-09-20 15:39:24.751,120.13027607,30.27111391,11.65,0.32,9,294.3,411,-90.53,2.06,417;423;429,-93.38;-94.76;-96.87,417;423,-93.38;-94.76
	2026-09-20 15:39:25.029,120.13027173,30.27111144,12.13,0.82,14,84.8,411,-92.10,3.11,429;423;417,-96.68;-97.96;-98.56,429;423,-96.68;-97.96
	2026-09-20 15:39:25.225,120.13027574,30.27111501,11.65,0.72,8,289.8,411,-90.03,5.66,429;501;423,-96.63;-97.50;-97.52,429;501,-96.63;-97.50
	2026-09-20 15:39:25.506,120.13028717,30.27110964,11.75,0.31,9,100.0,411,-94.03,1.94,423;417;429,-96.59;-96.78;-97.49,423;417,-96.59;-96.78
	2026-09-20 15:39:25.748,120.13027252,30.27112075,11.98,0.71,10,131.6,411,-89.25,4.10,417;423;429,-95.23;-95.84;-97.97,417;423,-95.23;-95.84
	2026-09-20 15:39:25.938,120.13028950,30.27112323,11.81,1.30,14,63.7,411,-90.40,2.94,423;429;417,-93.33;-95.32;-96.52,423;429,-93.33;-95.32
	2026-09-20 15:39:26.214,120.13026981,30.27112978,11.98,0.83,8,160.2,411,-91.20,4.56,423;417;429,-96.45;-98.06;-98.72,423;417,-96.45;-98.06
	2026-09-20 15:39:26.430,120.13027311,30.27111522,11.91,1.07,9,105.6,411,-93.07,-0.37,429;501;423,-95.15;-96.19;-97.53,429;501,-95.15;-96.19
	2026-09-20 15:39:26.626,120.13026880,30.27111936,11.85,1.04,8,147.0,411,-92.21,3.74,429;417;423,-95.57;-95.95;-97.50,429;417,-95.57;-95.95
	2026-09-20 15:39:26.920,120.13026766,30.27112310,11.65,0.66,12,117.4,411,-92.38,3.37,417;429;501,-95.99;-97.20;-98.48,417;429,-95.99;-97.20
	2026-09-20 15:39:27.126,120.13026586,30.27112356,12.00,0.45,14,141.5,411,-94.13,-0.52,429;423;501,-94.64;-95.47;-97.72,429;423,-94.64;-95.47
	2026-09-20 15:39:27.432,120.13028242,30.27113162,11.61,0.88,13,110.2,411,-93.54,0.13,423;417;429,-94.95;-96.84;-98.35,423;417,-94.95;-96.84
	2026-09-20 15:39:27.616,120.13026749,30.27113312,12.22,1.16,14,66.8,411,-89.79,5.83,429;423;417,-96.32;-96.72;-97.69,429;423,-96.32;-96.72
	2026-09-20 15:39:27.827,120.13028942,30.27113554,12.16,0.83,10,193.1,411,-92.09,2.19,417;501;429,-95.31;-95.65;-97.14,417;501,-95.31;-95.65
	2026-09-20 15:39:28.117,120.13027628,30.27112631,12.38,0.26,9,41.8,411,-91.11,2.29,429;501;417,-94.25;-97.84;-97.90,429;501,-94.25;-97.84
	2026-09-20 15:39:28.390,120.13027200,30.27114255,11.88,0.26,10,301.2,411,-92.90,1.57,417;423;429,-94.92;-96.69;-97.67,417;423,-94.92;-96.69
	2026-09-20 15:39:28.656,120.13027500,30.27113059,12.26,0.62,14,339.7,411,-91.81,2.27,423;417;501,-96.37;-96.52;-98.48,423;417,-96.37;-96.52
	2026-09-20 15:39:28.969,120.13026955,30.27113418,11.90,0.81,11,235.5,411,-93.54,-1.47,417;423;501,-94.22;-95.30;-97.61,417;423,-94.22;-95.30
	2026-09-20 15:39:29.232,120.13026556,30.27113786,11.88,0.74,12,143.6,429,-93.03,0.67,411;417;501,-94.46;-97.17;-97.99,411;417,-94.46;-97.17
	2026-09-20 15:39:29.439,120.13026639,30.27114063,12.22,0.27,13,267.9,411,-93.37,1.88,423;417;501,-96.26;-96.88;-97.03,423;417,-96.26;-96.88
	2026-09-20 15:39:29.740,120.13027206,30.27113660,11.66,0.64,10,192.7,411,-92.00,2.39,423;429;417,-94.80;-97.33;-97.52,423;429,-94.80;-97.33
	2026-09-20 15:39:29.966,120.13027198,30.27114768,12.10,1.10,12,227.6,411,-90.56,4.70,429;423;417,-96.74;-97.07;-97.61,429;423,-96.74;-97.07
	2026-09-20 15:39:30.268,120.13027256,30.27115356,12.08,0.73,12,196.1,411,-88.88,7.83,423;417;429,-97.45;-98.46;-99.14,423;417,-97.45;-98.46
	2026-09-20 15:39:30.583,120.13026575,30.27115263,11.51,0.66,13,207.6,411,-92.39,-0.53,429;417;423,-94.55;-95.01;-98.05,429;417,-94.55;-95.01
	2026-09-20 15:39:30.903,120.13028863,30.27115145,12.15,0.26,8,123.7,411,-89.46,5.57,423;417;429,-96.62;-96.91;-97.32,423;417,-96.62;-96.91
	2026-09-20 15:39:31.122,120.13028142,30.27114709,12.36,0.78,11,178.6,411,-90.95,2.15,423;429;417,-92.98;-94.90;-96.97,423;429,-92.98;-94.90
	2026-09-20 15:39:31.386,120.13027417,30.27115829,12.05,1.17,9,114.0,411,-94.18,-1.02,417;501;429,-95.34;-96.96;-96.99,417;501,-95.34;-96.96
	2026-09-20 15:39:31.626,120.13027180,30.27115597,11.93,1.36,14,328.3,411,-91.94,4.42,417;423;429,-96.00;-96.28;-96.70,417;423,-96.00;-96.28
	2026-09-20 15:39:31.938,120.13028499,30.27115768,11.71,0.40,14,185.6,411,-92.05,1.98,423;429;417,-94.18;-96.11;-96.31,423;429,-94.18;-96.11
	2026-09-20 15:39:32.203,120.13026673,30.27116165,12.06,1.37,10,165.4,411,-92.06,4.73,417;423;501,-96.85;-96.89;-97.95,417;423,-96.85;-96.89
	2026-09-20 15:39:32.467,120.13028929,30.27116104,11.94,0.78,8,315.7,411,-92.68,6.18,423;501;429,-97.67;-99.54;-99.60,423;501,-97.67;-99.54
	2026-09-20 15:39:32.745,120.13028113,30.27115208,11.76,0.59,9,214.8,411,-92.82,1.97,501;429;417,-95.50;-95.79;-97.65,501;429,-95.50;-95.79
	2026-09-20 15:39:33.047,120.13028745,30.27115866,12.47,0.73,14,151.4,411,-90.68,6.22,417;429;501,-96.72;-98.53;-98.97,417;429,-96.72;-98.53
	2026-09-20 15:39:33.297,120.13026629,30.27116415,12.46,0.67,8,343.6,411,-91.09,5.14,429;423;501,-95.88;-96.23;-98.32,429;423,-95.88;-96.23
	2026-09-20 15:39:33.553,120.13028460,30.27115672,11.51,1.26,8,136.3,411,-90.90,2.80,429;423;417,-95.69;-95.85;-97.44,429;423,-95.69;-95.85
	2026-09-20 15:39:33.810,120.13028618,30.27116999,11.91,0.66,12,223.5,411,-91.63,2.43,417;429;423,-94.51;-97.32;-97.84,417;429,-94.51;-97.32
	2026-09-20 15:39:34.078,120.13027122,30.27115514,12.23,0.92,11,13.4,411,-90.39,4.11,417;423;429,-96.50;-97.50;-98.02,417;423,-96.50;-97.50
	2026-09-20 15:39:34.330,120.13027908,30.27116757,11.76,0.48,13,22.9,411,-90.18,7.18,423;501;429,-96.03;-96.97;-97.13,423;501,-96.03;-96.97
	2026-09-20 15:39:34.631,120.13027692,30.27116987,12.30,1.20,9,286.3,411,-92.05,4.02,429;423;501,-95.50;-97.52;-99.83,429;423,-95.50;-97.52
	2026-09-20 15:39:34.823,120.13028415,30.27117247,11.83,0.35,14,189.6,411,-91.49,3.57,501;429;417,-95.98;-96.07;-97.00,501;429,-95.98;-96.07
	2026-09-20 15:39:35.086,120.13026632,30.27117074,11.82,0.63,9,347.3,411,-88.03,8.25,423;429;501,-96.44;-97.66;-99.07,423;429,-96.44;-97.66
	2026-09-20 15:39:35.301,120.13027702,30.27117178,11.97,1.10,12,186.5,411,-90.08,5.27,423;429;417,-95.57;-96.24;-96.85,423;429,-95.57;-96.24
	2026-09-20 15:39:35.488,120.13027801,30.27116292,11.85,0.88,12,70.2,411,-93.36,1.09,417;423;429,-95.04;-95.42;-97.46,417;423,-95.04;-95.42
	2026-09-20 15:39:35.730,120.13028824,30.27116393,12.41,0.55,8,206.3,411,-88.59,4.67,429;417;423,-94.44;-95.32;-97.25,429;417,-94.44;-95.32
	2026-09-20 15:39:35.979,120.13029018,30.27116625,12.05,0.69,10,187.3,411,-92.09,4.71,429;501;423,-96.93;-98.25;-98.36,429;501,-96.93;-98.25
	2026-09-20 15:39:36.227,120.13028247,30.27118768,12.06,1.04,13,310.2,411,-91.15,4.32,429;417;423,-95.56;-96.30;-96.57,429;417,-95.56;-96.30
	2026-09-20 15:39:36.431,120.13028918,30.27117462,11.86,1.34,9,226.8,411,-91.08,1.92,417;429;423,-92.24;-93.32;-95.54,417;429,-92.24;-93.32
	2026-09-20 15:39:36.636,120.13028502,30.27117899,11.75,0.29,12,146.0,411,-92.57,2.67,417;423;429,-95.31;-95.60;-97.16,417;423,-95.31;-95.60
	2026-09-20 15:39:36.863,120.13027764,30.27118056,12.21,0.31,8,84.3,411,-90.63,6.27,417;429;501,-95.34;-95.98;-97.63,417;429,-95.34;-95.98
	2026-09-20 15:39:37.102,120.13027451,30.27118109,12.21,1.11,12,234.1,411,-91.26,0.64,423;501;429,-94.47;-95.54;-96.71,423;501,-94.47;-95.54
	2026-09-20 15:39:37.416,120.13027881,30.27119198,11.80,0.26,8,110.2,411,-89.08,7.44,501;429;423,-96.84;-97.34;-97.35,501;429,-96.84;-97.34
	2026-09-20 15:39:37.684,120.13027204,30.27118392,11.90,1.32,13,29.3,411,-90.96,2.25,423;417;429,-95.59;-98.23;-98.37,423;417,-95.59;-98.23
	2026-09-20 15:39:37.883,120.13027425,30.27118833,11.83,1.34,8,137.0,411,-90.15,6.29,429;423;417,-96.76;-98.17;-99.03,429;423,-96.76;-98.17
	2026-09-20 15:39:38.091,120.13027022,30.27118128,11.89,0.67,10,182.4,411,-91.00,3.70,417;429;501,-95.30;-96.32;-99.86,417;429,-95.30;-96.32
	2026-09-20 15:39:38.381,120.13027008,30.27118189,12.10,1.03,12,344.4,411,-90.31,3.37,417;429;501,-95.28;-97.76;-98.14,417;429,-95.28;-97.76
	2026-09-20 15:39:38.646,120.13027079,30.27119687,12.40,0.29,9,235.3,411,-89.38,5.37,417;423;501,-95.33;-97.25;-97.32,417;423,-95.33;-97.25
	2026-09-20 15:39:38.946,120.13028609,30.27119010,11.63,0.71,11,104.6,411,-88.71,7.41,429;501;417,-95.55;-97.36;-97.39,429;501,-95.55;-97.36
	2026-09-20 15:39:39.197,120.13027067,30.27118867,12.10,0.95,8,80.8,411,-91.56,2.17,429;423;501,-95.88;-97.26;-98.01,429;423,-95.88;-97.26
	2026-09-20 15:39:39.404,120.13028755,30.27120496,12.42,0.42,13,334.0,411,-87.86,5.83,429;501;423,-94.34;-96.35;-96.49,429;501,-94.34;-96.35
	2026-09-20 15:39:39.588,120.13027577,30.27119176,11.89,1.16,9,315.9,411,-92.52,2.98,417;423;501,-96.71;-98.24;-98.63,417;423,-96.71;-98.24
	2026-09-20 15:39:39.864,120.13028667,30.27118930,12.46,0.92,9,178.2,411,-87.92,6.11,417;423;429,-95.32;-96.47;-97.25,417;423,-95.32;-96.47
	2026-09-20 15:39:40.145,120.13026710,30.27121094,12.23,1.03,13,44.3,411,-91.44,4.52,501;417;429,-95.37;-97.81;-97.90,501;417,-95.37;-97.81
	2026-09-20 15:39:40.352,120.13026666,30.27119749,12.31,0.64,10,152.3,411,-92.71,2.38,423;429;417,-95.54;-96.51;-96.88,423;429,-95.54;-96.51
	2026-09-20 15:39:40.602,120.13028669,30.27120543,11.50,1.32,13,86.0,411,-89.22,6.55,429;417;423,-96.22;-97.43;-98.02,429;417,-96.22;-97.43
	2026-09-20 15:39:40.841,120.13027409,30.27119996,11.72,0.97,11,255.2,411,-90.55,3.23,417;429;501,-94.52;-96.13;-97.00,417;429,-94.52;-96.13
	2026-09-20 15:39:41.122,120.13028572,30.27119909,11.67,1.06,14,290.9,411,-87.04,7.16,429;417;423,-97.52;-97.71;-98.07,429;417,-97.52;-97.71
	2026-09-20 15:39:41.434,120.13028731,30.27121356,12.19,0.89,8,172.0,411,-89.30,4.50,423;429;417,-95.68;-95.89;-97.33,423;429,-95.68;-95.89
	2026-09-20 15:39:41.721,120.13027951,30.27120629,12.21,0.57,10,101.4,411,-93.18,1.57,429;417;423,-96.00;-96.61;-98.10,429;417,-96.00;-96.61
	2026-09-20 15:39:41.998,120.13027978,30.27119988,12.47,0.34,10,111.4,411,-89.58,5.67,423;417;429,-96.83;-97.37;-98.35,423;417,-96.83;-97.37
	2026-09-20 15:39:42.291,120.13028328,30.27120592,12.44,0.41,11,53.4,411,-89.56,6.25,423;501;429,-97.91;-98.23;-98.63,423;501,-97.91;-98.23
	2026-09-20 15:39:42.606,120.13028669,30.27121347,11.73,1.23,10,340.8,411,-91.36,3.82,417;423;429,-95.10;-96.35;-98.55,417;423,-95.10;-96.35
	2026-09-20 15:39:42.907,120.13027110,30.27122014,11.73,0.22,10,251.1,411,-88.74,6.04,417;429;423,-94.43;-98.34;-98.51,417;429,-94.43;-98.34
	2026-09-20 15:39:43.144,120.13026985,30.27122532,12.10,0.76,11,125.8,411,-88.92,3.72,423;429;417,-93.65;-96.32;-97.19,423;429,-93.65;-96.32
	2026-09-20 15:39:43.419,120.13028958,30.27120699,12.09,0.25,9,140.2,411,-89.25,4.79,423;429;501,-96.58;-97.34;-98.42,423;429,-96.58;-97.34
	2026-09-20 15:39:43.716,120.13028675,30.27122585,11.54,0.57,14,248.8,411,-88.01,7.55,429;423;417,-97.18;-98.80;-99.49,429;423,-97.18;-98.80
	2026-09-20 15:39:43.911,120.13026550,30.27121930,11.91,0.43,11,243.7,411,-88.00,6.08,429;423;417,-95.36;-96.38;-97.19,429;423,-95.36;-96.38
	2026-09-20 15:39:44.197,120.13028250,30.27122257,11.92,0.40,11,280.3,411,-89.03,5.90,429;417;501,-96.44;-97.13;-98.48,429;417,-96.44;-97.13
	2026-09-20 15:39:44.431,120.13027610,30.27121658,12.22,1.19,14,51.6,411,-90.54,5.37,417;429;423,-96.70;-97.91;-99.38,417;429,-96.70;-97.91
	2026-09-20 15:39:44.625,120.13028449,30.27121981,12.42,0.54,14,217.8,411,-89.10,4.24,417;429;423,-93.74;-98.58;-99.53,417;429,-93.74;-98.58
	2026-09-20 15:39:44.890,120.13027688,30.27122734,11.66,1.36,11,44.0,411,-90.23,6.14,429;417;501,-95.91;-96.60;-98.89,429;417,-95.91;-96.60
	2026-09-20 15:39:45.183,120.13028088,30.27123783,12.46,1.13,11,96.4,411,-89.61,6.10,429;501;417,-95.29;-97.51;-98.51,429;501,-95.29;-97.51
	2026-09-20 15:39:45.377,120.13028173,30.27122492,11.72,1.33,8,41.5,411,-88.56,5.12,417;423;501,-95.96;-96.27;-99.42,417;423,-95.96;-96.27
	2026-09-20 15:39:45.558,120.13027039,30.27122846,11.87,0.72,13,3.4,411,-88.62,7.19,429;417;423,-97.25;-97.57;-98.32,429;417,-97.25;-97.57
	2026-09-20 15:39:45.755,120.13028794,30.27123947,11.72,1.13,12,161.2,411,-90.59,1.01,423;429;501,-93.53;-97.10;-98.72,423;429,-93.53;-97.10
	2026-09-20 15:39:45.970,120.13027059,30.27123472,12.08,0.36,9,97.5,411,-88.52,4.73,429;423;417,-94.50;-95.58;-97.94,429;423,-94.50;-95.58
	2026-09-20 15:39:46.173,120.13029007,30.27124392,11.88,0.52,12,270.7,411,-90.85,2.09,429;501;417,-94.62;-97.29;-97.58,429;501,-94.62;-97.29
	2026-09-20 15:39:46.437,120.13028933,30.27123651,12.32,1.32,13,40.9,411,-88.41,9.81,417;423;429,-97.14;-97.76;-99.49,417;423,-97.14;-97.76
	2026-09-20 15:39:46.641,120.13027142,30.27124642,12.23,0.86,13,108.2,411,-92.35,-0.13,423;417;429,-94.24;-97.06;-98.26,423;417,-94.24;-97.06
	2026-09-20 15:39:46.908,120.13027811,30.27124641,11.69,1.17,13,216.7,411,-86.48,8.28,417;429;423,-96.26;-96.88;-98.13,417;429,-96.26;-96.88
	2026-09-20 15:39:47.176,120.13027146,30.27123002,11.69,1.36,9,101.9,411,-88.00,7.13,423;429;417,-96.46;-96.55;-97.12,423;429,-96.46;-96.55
	2026-09-20 15:39:47.405,120.13028880,30.27124127,12.14,0.88,13,63.4,411,-88.71,5.28,423;429;417,-95.28;-96.89;-99.09,423;429,-95.28;-96.89
	2026-09-20 15:39:47.636,120.13028575,30.27123379,12.04,0.89,14,213.1,411,-92.92,0.57,423;417;429,-93.88;-95.38;-95.59,423;417,-93.88;-95.38
	2026-09-20 15:39:47.929,120.13028823,30.27124071,12.05,0.60,12,47.0,411,-87.50,7.74,429;417;423,-96.15;-96.44;-98.13,429;417,-96.15;-96.44
	2026-09-20 15:39:48.113,120.13028180,30.27125535,11.50,1.16,12,224.1,411,-91.33,3.37,417;429;501,-95.92;-96.48;-99.17,417;429,-95.92;-96.48
	2026-09-20 15:39:48.365,120.13027608,30.27125034,11.54,0.77,10,181.4,411,-85.99,8.24,429;423;501,-94.27;-97.61;-99.20,429;423,-94.27;-97.61
	2026-09-20 15:39:48.570,120.13028986,30.27124388,12.20,0.93,9,71.3,411,-90.20,4.34,423;429;501,-97.29;-97.38;-98.52,423;429,-97.29;-97.38
	2026-09-20 15:39:48.875,120.13027255,30.27125710,12.37,1.03,11,15.0,411,-90.06,3.51,417;501;429,-94.95;-95.85;-98.58,417;501,-94.95;-95.85
	2026-09-20 15:39:49.084,120.13028577,30.27124206,12.26,0.83,8,27.0,411,-91.20,2.53,429;417;501,-96.19;-96.52;-98.44,429;417,-96.19;-96.52
	2026-09-20 15:39:49.391,120.13027792,30.27125452,11.80,1.09,9,258.1,411,-87.30,8.35,429;423;501,-97.51;-98.44;-99.36,429;423,-97.51;-98.44
	2026-09-20 15:39:49.706,120.13028914,30.27126176,11.57,1.15,9,119.5,411,-85.36,10.07,429;417;501,-96.90;-97.51;-98.54,429;417,-96.90;-97.51
	2026-09-20 15:39:50.025,120.13028448,30.27125183,12.10,0.32,10,8.3,411,-88.87,9.38,423;417;501,-98.93;-99.51;-99.93,423;417,-98.93;-99.51
	2026-09-20 15:39:50.243,120.13028921,30.27124725,12.04,0.80,12,149.0,411,-89.44,4.16,423;429;417,-93.62;-96.46;-98.54,423;429,-93.62;-96.46
	2026-09-20 15:39:50.479,120.13027767,30.27126944,12.30,0.57,10,305.2,411,-88.75,5.30,417;429;423,-95.20;-97.36;-100.31,417;429,-95.20;-97.36
	2026-09-20 15:39:50.661,120.13026803,30.27126503,11.69,0.34,14,184.6,411,-87.69,6.86,423;417;501,-95.20;-97.24;-98.31,423;417,-95.20;-97.24
	2026-09-20 15:39:50.854,120.13026546,30.27126796,11.74,0.55,14,308.8,411,-88.57,4.71,429;417;423,-94.65;-94.96;-98.49,429;417,-94.65;-94.96
	2026-09-20 15:39:51.088,120.13027716,30.27126156,11.68,1.02,9,343.4,411,-85.90,8.38,417;429;423,-95.45;-96.26;-98.87,417;429,-95.45;-96.26
	2026-09-20 15:39:51.315,120.13028599,30.27126505,11.89,0.64,9,86.4,411,-87.45,5.63,429;417;501,-95.73;-95.96;-98.03,429;417,-95.73;-95.96
	2026-09-20 15:39:51.634,120.13028755,30.27126237,12.36,0.39,9,246.3,411,-89.11,6.23,423;429;501,-96.02;-97.16;-99.80,423;429,-96.02;-97.16
	2026-09-20 15:39:51.840,120.13028797,30.27126414,11.79,0.94,10,170.7,411,-86.59,8.11,417;423;429,-94.75;-98.84;-100.03,417;423,-94.75;-98.84
	2026-09-20 15:39:52.070,120.13027298,30.27127217,11.89,1.23,10,174.6,411,-86.71,6.34,417;429;423,-94.79;-95.74;-97.67,417;429,-94.79;-95.74
	2026-09-20 15:39:52.259,120.13028330,30.27127422,12.41,0.28,10,232.8,411,-87.91,8.09,429;417;501,-96.35;-96.91;-98.34,429;417,-96.35;-96.91
	2026-09-20 15:39:52.542,120.13027051,30.27128028,11.94,0.54,12,66.0,411,-87.04,9.00,417;429;501,-97.04;-98.47;-98.62,417;429,-97.04;-98.47
	2026-09-20 15:39:52.812,120.13028686,30.27128276,12.40,0.44,12,145.8,411,-85.39,10.65,417;423;429,-97.22;-97.87;-98.00,417;423,-97.22;-97.87
	2026-09-20 15:39:53.082,120.13028874,30.27128470,12.12,1.01,11,215.6,411,-87.55,5.79,417;501;423,-94.25;-98.05;-99.69,417;501,-94.25;-98.05
	2026-09-20 15:39:53.384,120.13028417,30.27127852,11.57,0.41,11,88.7,411,-86.34,6.12,429;417;423,-93.85;-97.56;-98.90,429;417,-93.85;-97.56
	2026-09-20 15:39:53.593,120.13027707,30.27127266,11.85,0.41,8,333.7,411,-87.94,6.39,417;429;423,-96.19;-98.16;-99.37,417;429,-96.19;-98.16
	2026-09-20 15:39:53.869,120.13026748,30.27128075,12.40,0.64,13,264.3,411,-86.97,5.88,417;429;423,-95.96;-97.52;-97.63,417;429,-95.96;-97.52
	2026-09-20 15:39:54.135,120.13026785,30.27127259,11.67,1.04,8,229.9,411,-88.99,3.51,417;429;423,-94.81;-97.58;-99.55,417;429,-94.81;-97.58
	2026-09-20 15:39:54.357,120.13028841,30.27127706,11.76,0.30,11,252.9,411,-85.63,12.00,423;417;429,-97.97;-99.82;-100.11,423;417,-97.97;-99.82
	2026-09-20 15:39:54.577,120.13026834,30.27127442,12.49,0.67,14,197.3,411,-87.90,7.81,417;429;423,-95.35;-98.55;-98.82,417;429,-95.35;-98.55
	2026-09-20 15:39:54.762,120.13028024,30.27128161,12.02,0.35,8,219.7,411,-90.33,2.98,417;501;423,-95.37;-99.07;-99.79,417;501,-95.37;-99.07
	2026-09-20 15:39:55.023,120.13027510,30.27129520,12.36,0.68,13,32.8,411,-88.04,6.19,429;417;423,-94.69;-97.60;-97.80,429;417,-94.69;-97.60
	2026-09-20 15:39:55.325,120.13026832,30.27129236,11.66,1.14,9,91.3,411,-87.43,8.75,429;423;417,-96.29;-97.36;-97.79,429;423,-96.29;-97.36
	2026-09-20 15:39:55.592,120.13028354,30.27128525,12.15,1.04,13,88.0,411,-86.34,8.65,423;417;429,-96.15;-96.68;-98.97,423;417,-96.15;-96.68
	2026-09-20 15:39:55.808,120.13028298,30.27129456,12.35,0.27,13,51.2,411,-87.41,10.68,429;417;501,-98.54;-98.63;-99.77,429;417,-98.54;-98.63
	2026-09-20 15:39:56.016,120.13028420,30.27129592,11.64,0.77,12,42.5,411,-84.19,7.99,417;429;501,-93.62;-99.03;-99.10,417;429,-93.62;-99.03
	2026-09-20 15:39:56.254,120.13028587,30.27130087,11.95,0.91,10,78.9,411,-85.60,9.68,429;417;501,-96.06;-96.52;-99.50,429;417,-96.06;-96.52
	2026-09-20 15:39:56.499,120.13027122,30.27130292,11.59,1.33,10,198.1,411,-88.58,7.86,417;423;501,-97.81;-98.80;-99.41,417;423,-97.81;-98.80
	2026-09-20 15:39:56.789,120.13027424,30.27129310,12.01,1.18,11,99.3,411,-89.90,4.47,429;501;417,-96.94;-97.61;-97.78,429;501,-96.94;-97.61
	2026-09-20 15:39:57.070,120.13028955,30.27130092,12.07,0.53,12,11.0,411,-87.02,8.02,423;429;417,-94.86;-97.80;-98.66,423;429,-94.86;-97.80
	2026-09-20 15:39:57.347,120.13026744,30.27129110,11.96,0.55,9,7.7,411,-84.96,8.74,429;417;501,-95.78;-96.57;-97.38,429;417,-95.78;-96.57
	2026-09-20 15:39:57.595,120.13026581,30.27130002,11.64,0.39,12,299.8,411,-86.94,9.38,417;423;429,-97.24;-99.02;-99.34,417;423,-97.24;-99.02
	2026-09-20 15:39:57.816,120.13027230,30.27129201,11.81,0.89,14,60.1,411,-89.78,4.99,417;423;429,-95.62;-96.94;-97.30,417;423,-95.62;-96.94
	2026-09-20 15:39:58.036,120.13027298,30.27131016,12.07,0.86,13,206.9,411,-86.73,9.78,417;423;429,-96.49;-98.96;-99.64,417;423,-96.49;-98.96
	2026-09-20 15:39:58.271,120.13026580,30.27130723,11.90,0.40,10,37.9,411,-86.41,9.37,417;429;423,-97.21;-98.70;-99.77,417;429,-97.21;-98.70
	2026-09-20 15:39:58.481,120.13027304,30.27129933,12.41,0.70,14,322.1,411,-88.43,7.00,417;429;501,-95.31;-99.25;-99.55,417;429,-95.31;-99.25
	2026-09-20 15:39:58.678,120.13028924,30.27131005,11.75,1.23,11,189.5,411,-85.99,10.58,417;423;429,-97.19;-97.31;-97.49,417;423,-97.19;-97.31
	2026-09-20 15:39:58.950,120.13027606,30.27131008,12.30,1.40,11,301.5,411,-88.67,6.60,429;423;417,-95.63;-96.33;-96.97,429;423,-95.63;-96.33
	2026-09-20 15:39:59.248,120.13027911,30.27130574,11.77,1.33,10,57.2,411,-86.35,9.07,429;417;423,-97.33;-98.50;-99.62,429;417,-97.33;-98.50
