Date & Time,Longitude,Latitude,GPS Hight,GPS Speed,GPS Satellites,GPS Heading,NR PCC Serving PCI,NR PCC Serving SS-RSRP(dBm),NR PCC Serving SS-SINR(dB),NR Listed PCI,NR Listed SS-RSRP(dBm),NR Detected PCI,NR Detected SS-RSRP(dBm)
	2026-09-20 10:00:00.000,120.13027407,30.27130736,11.64,1.36,8,154.8,411,-94.87,0.27,501;507;513,-97.97;-102.20;-102.20,501;507,-97.97;-102.20
	2026-09-20 10:00:00.243,120.13028671,30.27130634,11.54,0.34,9,194.8,411,-92.26,1.86,501;513;507,-97.04;-100.79;-102.20,501;513,-97.04;-100.79
	2026-09-20 10:00:00.446,120.13028106,30.27130160,12.15,0.38,9,183.5,411,-94.40,2.10,501;513;507,-97.55;-102.01;-102.20,501;513,-97.55;-102.01
	2026-09-20 10:00:00.752,120.13028644,30.27131227,11.70,1.31,8,293.3,411,-92.19,1.15,501;507;513,-95.20;-102.20;-102.20,501;507,-95.20;-102.20
	2026-09-20 10:00:01.052,120.13029212,30.27131220,12.33,0.72,14,133.9,411,-93.71,-0.18,501;513;507,-94.70;-101.94;-102.20,501;513,-94.70;-101.94
	2026-09-20 10:00:01.275,120.13027509,30.27131529,12.44,0.87,9,292.8,501,-94.34,1.83,411;513;423,-97.02;-101.52;-102.20,411;513,-97.02;-101.52
	2026-09-20 10:00:01.514,120.13029244,30.27130234,11.89,0.27,12,285.8,411,-94.60,-0.84,501;507;513,-95.97;-102.20;-102.20,501;507,-95.97;-102.20
	2026-09-20 10:00:01.764,120.13028521,30.27130589,12.16,0.59,9,245.7,411,-97.26,-0.87,501;513;507,-97.72;-102.18;-102.20,501;513,-97.72;-102.18
	2026-09-20 10:00:02.056,120.13029851,30.27131987,11.74,0.51,8,1.6,411,-93.96,2.51,501;507;513,-97.79;-102.20;-102.20,501;507,-97.79;-102.20
	2026-09-20 10:00:02.260,120.13028876,30.27131681,12.27,0.67,9,51.4,411,-93.27,0.94,501;507;513,-95.89;-102.20;-102.20,501;507,-95.89;-102.20
	2026-09-20 10:00:02.523,120.13028667,30.27131463,11.55,0.64,12,39.8,411,-93.48,2.15,501;507;513,-97.33;-102.20;-102.20,501;507,-97.33;-102.20
	2026-09-20 10:00:02.752,120.13030572,30.27131239,12.21,0.55,14,255.9,411,-92.66,4.49,501;507;513,-97.19;-102.20;-102.20,501;507,-97.19;-102.20
	2026-09-20 10:00:03.003,120.13029931,30.27131006,12.05,0.52,12,331.0,411,-91.70,3.61,501;513;417,-97.69;-101.02;-101.68,501;513,-97.69;-101.02
	2026-09-20 10:00:03.280,120.13029059,30.27130663,11.87,0.38,10,359.9,411,-92.06,4.48,501;513;507,-97.99;-101.52;-102.20,501;513,-97.99;-101.52
	2026-09-20 10:00:03.501,120.13029123,30.27132170,12.35,1.34,13,119.2,411,-93.99,1.83,501;417;513,-98.11;-101.31;-101.41,501;417,-98.11;-101.31
	2026-09-20 10:00:03.700,120.13030283,30.27131803,11.88,1.37,8,164.9,411,-93.76,2.01,501;513;429,-97.01;-101.09;-102.16,501;513,-97.01;-101.09
	2026-09-20 10:00:04.006,120.13031106,30.27132132,11.58,0.95,14,54.2,411,-91.67,4.70,501;507;513,-97.71;-102.20;-102.20,501;507,-97.71;-102.20
	2026-09-20 10:00:04.268,120.13029488,30.27130693,11.71,1.24,8,286.8,411,-92.35,1.33,501;417;507,-96.92;-101.79;-102.20,501;417,-96.92;-101.79
	2026-09-20 10:00:04.503,120.13031385,30.27130478,12.01,0.96,12,66.1,411,-92.97,-0.29,501;513;507,-96.53;-101.00;-102.20,501;513,-96.53;-101.00
	2026-09-20 10:00:04.687,120.13030798,30.27131209,11.95,0.87,10,312.6,501,-93.68,-2.03,411;429;417,-93.91;-101.52;-101.87,411;429,-93.91;-101.52
	2026-09-20 10:00:04.937,120.13030957,30.27130264,11.90,1.11,11,334.1,411,-92.38,1.17,501;507;513,-96.62;-102.20;-102.20,501;507,-96.62;-102.20
	2026-09-20 10:00:05.228,120.13030472,30.27131427,12.33,0.55,13,358.6,411,-90.90,2.03,501;513;507,-96.26;-100.46;-102.20,501;513,-96.26;-100.46
	2026-09-20 10:00:05.429,120.13030795,30.27130624,12.21,0.37,12,331.4,501,-92.75,-3.29,411;429;417,-92.88;-101.13;-101.40,411;429,-92.88;-101.13
	2026-09-20 10:00:05.699,120.13031939,30.27130443,12.42,0.59,9,283.5,411,-92.83,-2.63,501;513;507,-93.29;-101.75;-102.20,501;513,-93.29;-101.75
	2026-09-20 10:00:05.917,120.13031118,30.27130246,12.24,1.08,8,66.0,411,-92.50,2.69,501;513;507,-98.26;-101.31;-102.20,501;513,-98.26;-101.31
	2026-09-20 10:00:06.189,120.13032013,30.27131260,11.79,0.86,10,335.4,411,-88.96,3.35,501;513;507,-95.56;-100.48;-102.20,501;513,-95.56;-100.48
	2026-09-20 10:00:06.442,120.13031452,30.27131913,11.85,1.37,14,36.0,411,-89.37,6.76,501;513;507,-98.69;-101.99;-102.20,501;513,-98.69;-101.99
	2026-09-20 10:00:06.678,120.13032398,30.27131226,12.20,0.27,13,132.5,411,-91.86,2.07,501;513;429,-96.88;-100.74;-100.89,501;513,-96.88;-100.74
	2026-09-20 10:00:06.950,120.13032576,30.27130566,11.86,0.49,10,34.6,411,-92.43,3.73,501;417;513,-98.37;-101.84;-102.13,501;417,-98.37;-101.84
	2026-09-20 10:00:07.195,120.13031357,30.27131510,11.78,1.39,9,187.5,411,-91.55,3.57,501;513;507,-97.62;-101.85;-102.20,501;513,-97.62;-101.85
	2026-09-20 10:00:07.482,120.13033541,30.27130230,11.59,0.20,13,110.8,411,-95.17,-1.99,501;513;507,-95.46;-102.06;-102.20,501;513,-95.46;-102.06
	2026-09-20 10:00:07.768,120.13033331,30.27131960,12.22,0.66,10,64.7,411,-90.55,5.74,501;513;417,-98.02;-99.69;-100.18,501;513,-98.02;-99.69
	2026-09-20 10:00:07.991,120.13032873,30.27132115,11.58,1.28,13,283.3,411,-91.66,5.26,501;513;429,-99.46;-102.08;-102.08,501;513,-99.46;-102.08
	2026-09-20 10:00:08.299,120.13033055,30.27131314,11.72,0.82,10,178.5,411,-92.97,2.25,501;507;513,-96.74;-102.20;-102.20,501;507,-96.74;-102.20
	2026-09-20 10:00:08.572,120.13034127,30.27131224,11.68,0.95,8,51.1,411,-91.28,5.08,501;513;429,-98.70;-101.11;-101.75,501;513,-98.70;-101.11
	2026-09-20 10:00:08.820,120.13034094,30.27130262,12.39,0.42,11,12.1,411,-93.28,4.07,501;429;507,-99.02;-102.01;-102.20,501;429,-99.02;-102.01
	2026-09-20 10:00:09.002,120.13032508,30.27132154,11.52,0.87,8,12.5,411,-91.79,1.45,501;507;513,-94.78;-102.20;-102.20,501;507,-94.78;-102.20
	2026-09-20 10:00:09.215,120.13033354,30.27131106,11.60,1.17,12,132.0,411,-91.75,1.99,501;513;507,-97.90;-101.39;-102.20,501;513,-97.90;-101.39
	2026-09-20 10:00:09.530,120.13033701,30.27130236,12.19,0.32,12,136.9,411,-94.81,-1.08,501;429;507,-95.54;-101.37;-102.20,501;429,-95.54;-101.37
	2026-09-20 10:00:09.796,120.13035214,30.27131100,12.23,0.82,11,352.8,411,-93.77,-2.34,501;417;513,-95.59;-101.96;-102.05,501;417,-95.59;-101.96
	2026-09-20 10:00:10.016,120.13035020,30.27132172,12.13,0.53,10,195.0,411,-91.43,2.01,501;513;507,-98.59;-101.31;-102.20,501;513,-98.59;-101.31
	2026-09-20 10:00:10.205,120.13034481,30.27130848,12.26,0.98,14,185.8,411,-91.42,2.06,501;513;507,-95.50;-101.51;-102.20,501;513,-95.50;-101.51
	2026-09-20 10:00:10.412,120.13033564,30.27130860,11.91,0.91,8,121.5,411,-93.03,2.04,501;429;507,-97.10;-98.65;-102.20,501;429,-97.10;-98.65
	2026-09-20 10:00:10.617,120.13033917,30.27131500,12.36,0.48,10,95.9,411,-91.75,3.36,501;513;507,-97.74;-101.39;-102.20,501;513,-97.74;-101.39
	2026-09-20 10:00:10.899,120.13035508,30.27130847,12.39,0.48,14,171.2,411,-91.76,3.65,501;513;507,-97.92;-102.03;-102.20,501;513,-97.92;-102.03
	2026-09-20 10:00:11.172,120.13034210,30.27132038,11.81,0.31,14,241.4,411,-91.61,3.87,501;513;507,-96.72;-98.99;-102.20,501;513,-96.72;-98.99
	2026-09-20 10:00:11.456,120.13035944,30.27131776,12.25,0.96,8,292.8,411,-91.93,2.46,501;513;429,-96.92;-100.05;-100.81,501;513,-96.92;-100.05
	2026-09-20 10:00:11.743,120.13035989,30.27130172,12.42,1.24,10,164.4,411,-89.13,8.41,501;513;417,-98.46;-100.85;-101.62,501;513,-98.46;-100.85
	2026-09-20 10:00:12.019,120.13035907,30.27130159,12.05,0.78,8,54.8,411,-92.77,4.68,501;507;513,-99.78;-101.69;-102.20,501;507,-99.78;-101.69
	2026-09-20 10:00:12.297,120.13036691,30.27132162,11.64,0.96,14,59.7,411,-91.20,2.12,501;417;507,-95.62;-101.81;-102.20,501;417,-95.62;-101.81
	2026-09-20 10:00:12.567,120.13036156,30.27131972,11.96,0.78,9,248.5,411,-94.52,-2.82,501;513;429,-95.23;-101.24;-101.79,501;513,-95.23;-101.24
	2026-09-20 10:00:12.874,120.13036486,30.27131029,11.82,1.00,8,17.7,411,-95.74,-2.91,501;429;507,-96.69;-101.70;-102.20,501;429,-96.69;-101.70
	2026-09-20 10:00:13.092,120.13036644,30.27131369,11.57,0.88,9,7.6,411,-93.01,4.43,501;513;507,-98.67;-102.12;-102.20,501;513,-98.67;-102.12
	2026-09-20 10:00:13.292,120.13036432,30.27131211,11.57,1.11,11,230.0,411,-92.51,5.02,501;417;507,-100.87;-101.15;-102.20,501;417,-100.87;-101.15
	2026-09-20 10:00:13.590,120.13036004,30.27131899,12.17,1.25,12,158.9,411,-93.46,-0.41,501;513;507,-94.91;-101.70;-102.20,501;513,-94.91;-101.70
	2026-09-20 10:00:13.868,120.13035774,30.27132116,12.19,0.54,9,309.3,411,-89.86,8.78,501;417;513,-99.26;-100.95;-101.85,501;417,-99.26;-100.95
	2026-09-20 10:00:14.067,120.13037152,30.27131165,11.62,1.14,13,224.1,411,-91.22,3.89,501;513;507,-96.50;-99.49;-102.20,501;513,-96.50;-99.49
	2026-09-20 10:00:14.381,120.13038260,30.27130745,12.32,0.99,10,128.4,411,-88.90,5.88,501;513;507,-97.52;-100.34;-102.20,501;513,-97.52;-100.34
	2026-09-20 10:00:14.680,120.13036332,30.27130351,12.23,0.63,9,232.9,411,-94.95,-1.29,501;507;513,-96.39;-102.20;-102.20,501;507,-96.39;-102.20
	2026-09-20 10:00:14.866,120.13037272,30.27131871,11.60,0.70,9,160.5,411,-88.44,5.59,501;417;429,-96.87;-101.84;-102.07,501;417,-96.87;-101.84
	2026-09-20 10:00:15.150,120.13036597,30.27130595,11.52,0.26,13,155.1,411,-89.78,6.99,501;513;507,-97.96;-100.17;-101.74,501;513,-97.96;-100.17
	2026-09-20 10:00:15.377,120.13038390,30.27131489,12.40,0.58,11,246.0,411,-91.09,6.85,513;501;423,-100.61;-100.71;-101.56,513;501,-100.61;-100.71
	2026-09-20 10:00:15.649,120.13039166,30.27130572,11.63,0.35,11,247.1,411,-90.59,0.92,501;417;507,-94.52;-98.81;-102.20,501;417,-94.52;-98.81
	2026-09-20 10:00:15.959,120.13037966,30.27131388,12.43,1.29,9,90.5,411,-93.60,0.86,501;417;513,-97.65;-101.34;-101.72,501;417,-97.65;-101.34
	2026-09-20 10:00:16.204,120.13038038,30.27132104,11.56,1.23,11,332.9,411,-93.23,2.13,501;429;417,-97.95;-99.88;-102.12,501;429,-97.95;-99.88
	2026-09-20 10:00:16.471,120.13037559,30.27130288,12.06,0.37,12,29.2,411,-89.65,5.21,501;507;513,-97.00;-102.20;-102.20,501;507,-97.00;-102.20
	2026-09-20 10:00:16.659,120.13037483,30.27131890,12.35,0.84,8,323.2,411,-93.23,3.53,501;513;429,-98.75;-101.14;-102.15,501;513,-98.75;-101.14
	2026-09-20 10:00:16.934,120.13038655,30.27130828,11.86,0.44,11,118.6,411,-91.36,4.73,501;513;417,-98.12;-99.65;-102.05,501;513,-98.12;-99.65
	2026-09-20 10:00:17.214,120.13037770,30.27132250,12.46,1.38,12,274.0,411,-92.91,2.18,501;507;513,-97.85;-102.20;-102.20,501;507,-97.85;-102.20
	2026-09-20 10:00:17.530,120.13038485,30.27130301,12.27,0.30,12,20.8,411,-93.59,0.51,501;507;513,-97.73;-102.20;-102.20,501;507,-97.73;-102.20
	2026-09-20 10:00:17.795,120.13038838,30.27130679,12.05,0.44,13,201.0,411,-91.01,2.74,501;423;417,-96.68;-101.93;-101.97,501;423,-96.68;-101.93
	2026-09-20 10:00:18.110,120.13038501,30.27130846,12.12,0.25,8,204.6,411,-90.75,3.98,501;513;507,-97.95;-101.52;-102.20,501;513,-97.95;-101.52
	2026-09-20 10:00:18.376,120.13039634,30.27130738,12.32,0.90,12,85.9,411,-88.44,2.87,501;507;513,-96.62;-102.20;-102.20,501;507,-96.62;-102.20
	2026-09-20 10:00:18.619,120.13040089,30.27132051,12.42,1.37,13,206.1,411,-92.75,2.20,501;423;507,-96.81;-101.50;-102.20,501;423,-96.81;-101.50
	2026-09-20 10:00:18.904,120.13040267,30.27130408,12.28,1.35,13,251.5,411,-90.75,7.33,501;507;513,-99.20;-102.20;-102.20,501;507,-99.20;-102.20
	2026-09-20 10:00:19.095,120.13040926,30.27131623,11.57,1.10,8,36.1,411,-94.30,2.93,501;513;507,-100.35;-102.02;-102.20,501;513,-100.35;-102.02
	2026-09-20 10:00:19.285,120.13041517,30.27130590,11.69,0.34,13,278.4,411,-92.28,-1.53,501;513;417,-95.22;-99.65;-101.34,501;513,-95.22;-99.65
	2026-09-20 10:00:19.479,120.13040418,30.27132148,11.97,0.40,10,77.5,411,-91.02,5.39,501;513;507,-98.38;-102.00;-102.20,501;513,-98.38;-102.00
	2026-09-20 10:00:19.664,120.13040588,30.27131970,12.44,1.05,14,322.6,411,-90.93,7.84,501;507;513,-100.43;-102.20;-102.20,501;507,-100.43;-102.20
	2026-09-20 10:00:19.899,120.13040943,30.27131971,11.74,0.26,14,268.7,411,-93.33,4.18,513;501;507,-99.54;-99.79;-102.20,513;501,-99.54;-99.79
	2026-09-20 10:00:20.192,120.13040071,30.27130446,11.58,1.16,9,213.2,411,-94.80,0.26,501;513;507,-97.12;-98.97;-102.20,501;513,-97.12;-98.97
	2026-09-20 10:00:20.449,120.13040889,30.27131939,12.08,0.27,13,330.7,411,-92.79,-0.24,501;507;513,-95.86;-102.20;-102.20,501;507,-95.86;-102.20
	2026-09-20 10:00:20.658,120.13042504,30.27130770,12.38,1.23,9,58.2,411,-93.15,1.67,501;513;417,-95.79;-98.01;-100.66,501;513,-95.79;-98.01
	2026-09-20 10:00:20.908,120.13042328,30.27130861,12.42,0.30,8,291.3,411,-91.82,3.51,501;513;507,-97.41;-101.14;-102.20,501;513,-97.41;-101.14
	2026-09-20 10:00:21.136,120.13040546,30.27131028,12.04,0.65,10,32.3,411,-93.70,0.16,501;507;513,-98.02;-102.20;-102.20,501;507,-98.02;-102.20
	2026-09-20 10:00:21.326,120.13042317,30.27131534,12.28,0.33,9,339.7,411,-91.63,6.26,501;429;417,-100.31;-101.49;-101.67,501;429,-100.31;-101.49
	2026-09-20 10:00:21.598,120.13041573,30.27130686,12.50,1.15,9,61.5,411,-90.25,6.64,501;513;507,-99.90;-101.12;-102.20,501;513,-99.90;-101.12
	2026-09-20 10:00:21.878,120.13042816,30.27131083,11.73,1.31,14,218.5,411,-93.26,-0.56,501;513;417,-96.18;-98.02;-102.19,501;513,-96.18;-98.02
	2026-09-20 10:00:22.066,120.13042540,30.27131481,11.65,0.57,12,176.1,411,-89.05,2.85,501;429;507,-95.29;-102.11;-102.20,501;429,-95.29;-102.11
	2026-09-20 10:00:22.290,120.13042752,30.27131591,11.54,0.86,8,46.1,411,-92.56,2.27,501;513;417,-96.54;-101.24;-101.47,501;513,-96.54;-101.24
	2026-09-20 10:00:22.487,120.13042330,30.27130820,11.91,1.21,12,290.9,411,-92.63,2.16,513;501;417,-98.24;-98.63;-102.05,513;501,-98.24;-98.63
	2026-09-20 10:00:22.693,120.13043036,30.27130551,12.12,0.46,11,319.7,411,-91.36,2.69,501;429;513,-97.52;-101.55;-101.73,501;429,-97.52;-101.55
	2026-09-20 10:00:22.941,120.13042808,30.27130908,11.53,1.30,12,289.1,411,-90.89,2.79,501;513;507,-96.14;-99.50;-102.20,501;513,-96.14;-99.50
	2026-09-20 10:00:23.139,120.13042225,30.27131929,11.71,0.25,8,260.3,411,-93.75,-2.25,501;429;417,-95.15;-100.35;-101.28,501;429,-95.15;-100.35
	2026-09-20 10:00:23.456,120.13043183,30.27130984,12.08,0.38,13,358.8,411,-92.69,3.02,501;513;507,-98.52;-100.39;-102.20,501;513,-98.52;-100.39
	2026-09-20 10:00:23.671,120.13043159,30.27130489,11.72,0.91,14,136.2,411,-89.69,5.89,501;507;513,-96.59;-102.20;-102.20,501;507,-96.59;-102.20
	2026-09-20 10:00:23.953,120.13043422,30.27130613,12.03,0.51,11,137.2,411,-92.42,3.12,501;513;417,-98.24;-99.94;-100.28,501;513,-98.24;-99.94
	2026-09-20 10:00:24.213,120.13044553,30.27130597,11.51,0.32,11,309.7,411,-90.71,4.26,501;513;507,-99.06;-101.90;-102.20,501;513,-99.06;-101.90
	2026-09-20 10:00:24.414,120.13043360,30.27130310,11.51,0.77,12,181.3,411,-92.99,-1.38,501;513;417,-95.49;-100.19;-101.79,501;513,-95.49;-100.19
	2026-09-20 10:00:24.702,120.13042938,30.27130523,11.92,0.95,8,239.5,411,-90.39,3.55,501;513;507,-95.46;-100.21;-102.20,501;513,-95.46;-100.21
	2026-09-20 10:00:24.897,120.13043368,30.27130620,12.47,0.65,13,133.6,411,-91.58,4.46,513;501;417,-98.68;-99.12;-101.21,513;501,-98.68;-99.12
	2026-09-20 10:00:25.165,120.13045500,30.27130533,11.64,0.47,8,267.0,411,-91.14,6.78,501;417;513,-100.76;-101.35;-101.46,501;417,-100.76;-101.35
	2026-09-20 10:00:25.366,120.13044221,30.27131900,12.26,1.27,11,18.3,411,-91.71,4.84,501;513;507,-99.20;-100.71;-102.20,501;513,-99.20;-100.71
	2026-09-20 10:00:25.654,120.13044061,30.27131677,11.58,1.19,14,151.3,411,-93.01,4.37,501;507;513,-99.41;-102.20;-102.20,501;507,-99.41;-102.20
	2026-09-20 10:00:25.967,120.13044993,30.27131194,11.87,0.52,12,95.0,411,-92.29,1.44,501;513;507,-97.12;-100.32;-102.20,501;513,-97.12;-100.32
	2026-09-20 10:00:26.148,120.13044026,30.27132110,11.87,1.24,10,345.1,411,-89.19,7.00,501;513;417,-98.18;-101.68;-101.95,501;513,-98.18;-101.68
	2026-09-20 10:00:26.403,120.13045369,30.27130685,12.49,1.23,11,193.2,411,-90.83,4.10,501;513;417,-98.20;-100.10;-100.44,501;513,-98.20;-100.10
	2026-09-20 10:00:26.601,120.13044333,30.27132040,12.22,1.14,11,309.1,411,-92.10,3.89,501;513;507,-98.11;-99.82;-102.20,501;513,-98.11;-99.82
	2026-09-20 10:00:26.853,120.13044400,30.27131655,11.81,0.91,14,258.9,411,-88.98,4.85,501;513;417,-96.30;-99.28;-100.61,501;513,-96.30;-99.28
	2026-09-20 10:00:27.170,120.13045049,30.27130359,12.17,1.31,9,117.2,411,-92.49,2.95,501;513;507,-97.75;-101.65;-102.20,501;513,-97.75;-101.65
	2026-09-20 10:00:27.440,120.13045070,30.27130805,11.57,0.80,9,145.3,411,-94.40,1.37,501;513;507,-99.24;-101.81;-102.20,501;513,-99.24;-101.81
	2026-09-20 10:00:27.745,120.13045840,30.27130567,11.53,1.32,9,79.0,411,-90.63,5.66,501;417;507,-99.44;-102.11;-102.20,501;417,-99.44;-102.11
	2026-09-20 10:00:27.984,120.13047002,30.27131780,11.75,1.20,14,88.1,411,-90.35,9.08,501;513;423,-99.76;-101.10;-101.89,501;513,-99.76;-101.10
	2026-09-20 10:00:28.197,120.13046240,30.27131937,12.08,0.52,13,46.8,411,-88.78,9.73,417;501;507,-100.48;-100.72;-102.20,417;501,-100.48;-100.72
	2026-09-20 10:00:28.495,120.13045521,30.27131305,11.56,0.21,11,244.7,411,-90.66,1.36,501;513;417,-95.79;-100.18;-101.69,501;513,-95.79;-100.18
	2026-09-20 10:00:28.676,120.13047165,30.27130973,11.75,1.04,13,238.2,411,-91.68,5.74,513;501;429,-99.89;-100.03;-101.17,513;501,-99.89;-100.03
	2026-09-20 10:00:28.903,120.13045700,30.27132250,11.96,0.25,9,353.4,411,-90.28,8.42,501;507;513,-102.11;-102.20;-102.20,501;507,-102.11;-102.20
	2026-09-20 10:00:29.190,120.13048099,30.27130732,12.44,0.67,14,158.0,411,-92.74,3.93,501;513;423,-99.59;-101.38;-101.82,501;513,-99.59;-101.38
	2026-09-20 10:00:29.457,120.13048150,30.27130381,12.46,0.94,9,150.2,411,-91.32,5.08,501;417;513,-98.50;-101.64;-101.89,501;417,-98.50;-101.64
	2026-09-20 10:00:29.754,120.13046411,30.27131154,11.54,1.19,14,68.3,411,-90.98,2.61,501;507;513,-95.88;-102.20;-102.20,501;507,-95.88;-102.20
	2026-09-20 10:00:30.046,120.13048604,30.27131748,12.22,1.14,11,328.2,411,-93.08,3.77,501;417;507,-100.33;-100.54;-102.20,501;417,-100.33;-100.54
	2026-09-20 10:00:30.260,120.13047197,30.27130302,11.96,0.73,8,165.7,411,-89.69,9.84,513;501;507,-101.00;-101.33;-102.20,513;501,-101.00;-101.33
	2026-09-20 10:00:30.468,120.13048391,30.27130309,12.27,0.52,13,180.0,411,-90.49,5.62,513;501;429,-98.51;-98.78;-100.73,513;501,-98.51;-98.78
	2026-09-20 10:00:30.704,120.13048386,30.27130737,11.84,1.32,14,31.7,411,-93.96,2.16,417;513;501,-99.83;-100.54;-101.58,417;513,-99.83;-100.54
	2026-09-20 10:00:30.970,120.13048006,30.27132267,12.37,0.88,8,181.2,411,-89.52,6.47,501;513;417,-99.23;-100.43;-101.86,501;513,-99.23;-100.43
	2026-09-20 10:00:31.236,120.13047269,30.27131013,12.08,1.08,10,209.4,411,-92.67,0.27,501;513;417,-95.86;-101.34;-101.50,501;513,-95.86;-101.34
	2026-09-20 10:00:31.528,120.13047876,30.27130522,12.21,1.11,11,28.2,411,-89.57,6.45,501;513;507,-99.42;-100.77;-102.20,501;513,-99.42;-100.77
	2026-09-20 10:00:31.782,120.13048291,30.27130768,11.61,0.62,12,59.2,411,-91.67,5.08,501;417;429,-99.06;-100.77;-101.56,501;417,-99.06;-100.77
	2026-09-20 10:00:32.049,120.13049446,30.27131833,11.91,0.56,9,340.6,411,-91.86,3.87,501;507;513,-95.67;-102.20;-102.20,501;507,-95.67;-102.20
	2026-09-20 10:00:32.250,120.13049932,30.27131618,12.19,1.35,11,247.4,411,-92.95,1.96,501;513;417,-97.04;-100.48;-100.70,501;513,-97.04;-100.48
	2026-09-20 10:00:32.471,120.13050162,30.27130261,12.16,1.14,14,357.7,411,-90.68,4.90,501;513;507,-97.26;-101.16;-101.85,501;513,-97.26;-101.16
	2026-09-20 10:00:32.785,120.13050563,30.27131113,11.53,0.68,9,53.7,411,-90.43,5.00,501;429;423,-99.06;-101.38;-101.94,501;429,-99.06;-101.38
	2026-09-20 10:00:32.973,120.13050230,30.27131340,12.11,0.31,9,142.4,411,-92.82,2.85,501;513;417,-98.52;-101.06;-101.19,501;513,-98.52;-101.06
	2026-09-20 10:00:33.268,120.13048606,30.27131168,11.74,0.94,10,142.6,411,-89.85,8.15,501;513;507,-100.49;-101.53;-102.20,501;513,-100.49;-101.53
	2026-09-20 10:00:33.550,120.13050973,30.27131030,12.20,0.83,9,172.0,411,-91.83,3.80,501;513;417,-97.17;-100.28;-102.02,501;513,-97.17;-100.28
	2026-09-20 10:00:33.857,120.13050449,30.27131685,11.90,0.94,9,215.0,411,-91.97,4.98,501;513;429,-97.94;-101.49;-102.15,501;513,-97.94;-101.49
	2026-09-20 10:00:34.113,120.13050140,30.27132114,12.49,0.87,10,79.4,411,-90.10,5.87,501;513;507,-98.71;-99.71;-102.20,501;513,-98.71;-99.71
	2026-09-20 10:00:34.356,120.13051045,30.27130509,11.85,1.11,12,2.4,411,-91.07,4.29,513;501;507,-98.45;-100.85;-102.20,513;501,-98.45;-100.85
	2026-09-20 10:00:34.569,120.13049519,30.27131589,12.30,0.31,14,102.1,411,-90.31,5.34,501;429;513,-98.97;-101.30;-101.81,501;429,-98.97;-101.30
	2026-09-20 10:00:34.827,120.13050817,30.27131648,11.67,0.94,14,83.3,411,-90.13,2.81,501;417;513,-95.92;-101.05;-101.77,501;417,-95.92;-101.05
	2026-09-20 10:00:35.123,120.13049831,30.27132152,11.75,0.77,10,259.9,411,-90.82,3.81,501;417;423,-96.94;-101.29;-101.92,501;417,-96.94;-101.29
	2026-09-20 10:00:35.310,120.13051820,30.27132217,11.65,0.89,12,101.7,411,-89.27,7.63,501;513;429,-99.08;-99.68;-100.99,501;513,-99.08;-99.68
	2026-09-20 10:00:35.596,120.13051286,30.27131752,11.89,0.69,12,172.3,411,-89.86,9.10,429;501;513,-99.47;-99.59;-100.94,429;501,-99.47;-99.59
	2026-09-20 10:00:35.797,120.13050528,30.27131820,12.38,1.08,13,220.9,411,-91.53,5.79,513;501;507,-99.84;-100.33;-102.01,513;501,-99.84;-100.33
	2026-09-20 10:00:36.077,120.13051518,30.27132194,12.41,1.04,14,314.3,411,-91.96,3.14,501;513;417,-97.52;-98.84;-101.52,501;513,-97.52;-98.84
	2026-09-20 10:00:36.389,120.13052089,30.27130946,11.61,0.98,11,29.0,411,-89.94,5.34,501;513;417,-97.52;-100.05;-100.40,501;513,-97.52;-100.05
	2026-09-20 10:00:36.676,120.13052556,30.27130737,12.48,1.17,14,43.1,411,-92.44,2.58,501;513;507,-97.30;-101.27;-102.20,501;513,-97.30;-101.27
	2026-09-20 10:00:36.940,120.13051131,30.27131437,11.79,1.27,10,150.7,411,-94.03,2.42,513;501;417,-99.08;-100.20;-101.12,513;501,-99.08;-100.20
	2026-09-20 10:00:37.260,120.13051121,30.27131776,11.61,1.24,11,358.9,411,-92.90,2.15,501;513;507,-97.89;-101.75;-102.20,501;513,-97.89;-101.75
	2026-09-20 10:00:37.510,120.13052977,30.27131964,12.25,0.23,9,209.4,411,-92.39,4.50,501;513;507,-98.04;-101.46;-102.20,501;513,-98.04;-101.46
	2026-09-20 10:00:37.770,120.13052376,30.27131579,12.25,0.64,9,113.0,411,-92.44,5.19,501;513;429,-100.03;-100.79;-101.20,501;513,-100.03;-100.79
	2026-09-20 10:00:37.983,120.13053584,30.27130326,12.15,1.20,10,280.0,411,-90.04,6.55,501;423;417,-97.94;-99.06;-100.59,501;423,-97.94;-99.06
	2026-09-20 10:00:38.299,120.13053685,30.27131874,12.25,1.22,8,65.9,411,-92.07,1.95,501;417;507,-97.87;-101.60;-102.20,501;417,-97.87;-101.60
	2026-09-20 10:00:38.537,120.13053436,30.27131481,12.39,0.43,8,18.0,411,-91.09,4.76,501;513;423,-98.79;-100.93;-101.98,501;513,-98.79;-100.93
	2026-09-20 10:00:38.847,120.13053874,30.27131222,11.76,0.80,9,27.0,411,-93.36,2.43,501;417;513,-97.71;-98.65;-100.35,501;417,-97.71;-98.65
	2026-09-20 10:00:39.167,120.13053916,30.27130884,12.19,0.30,12,249.6,411,-90.71,3.93,501;507;513,-96.06;-101.91;-102.20,501;507,-96.06;-101.91
	2026-09-20 10:00:39.445,120.13053120,30.27130107,12.19,0.44,12,242.0,411,-92.15,4.49,501;423;417,-96.36;-100.60;-101.02,501;423,-96.36;-100.60
	2026-09-20 10:00:39.753,120.13053902,30.27131945,11.97,1.13,12,1.0,411,-93.56,3.26,513;501;507,-98.65;-101.27;-102.20,513;501,-98.65;-101.27
	2026-09-20 10:00:40.062,120.13054029,30.27131575,12.31,1.00,13,172.8,411,-93.32,3.34,501;513;507,-100.34;-101.27;-102.20,501;513,-100.34;-101.27
	2026-09-20 10:00:40.310,120.13054313,30.27131656,11.88,0.62,9,120.6,411,-91.71,2.23,501;429;513,-98.28;-99.84;-102.17,501;429,-98.28;-99.84
	2026-09-20 10:00:40.606,120.13053957,30.27131074,11.88,0.35,10,164.8,411,-90.39,9.26,513;501;417,-99.59;-99.90;-101.01,513;501,-99.59;-99.90
	2026-09-20 10:00:40.871,120.13054838,30.27131413,12.17,0.43,9,70.9,411,-93.53,2.42,501;507;513,-98.17;-102.20;-102.20,501;507,-98.17;-102.20
	2026-09-20 10:00:41.147,120.13054396,30.27131757,12.01,0.58,9,257.9,411,-93.16,3.05,501;429;513,-98.87;-100.37;-100.68,501;429,-98.87;-100.37
	2026-09-20 10:00:41.332,120.13053793,30.27130996,11.77,1.15,11,343.9,411,-92.46,1.62,501;417;507,-97.91;-100.40;-102.20,501;417,-97.91;-100.40
	2026-09-20 10:00:41.589,120.13054809,30.27130923,11.73,1.39,13,356.5,411,-95.61,2.81,501;513;429,-100.84;-101.24;-102.14,501;513,-100.84;-101.24
	2026-09-20 10:00:41.878,120.13054154,30.27132004,11.65,0.58,13,165.1,411,-94.25,0.96,501;417;513,-96.77;-99.93;-100.40,501;417,-96.77;-99.93
	2026-09-20 10:00:42.072,120.13055478,30.27130348,11.90,0.48,10,168.9,411,-92.26,4.69,501;417;507,-99.73;-101.41;-102.20,501;417,-99.73;-101.41
	2026-09-20 10:00:42.269,120.13055464,30.27131897,12.04,0.43,10,52.7,411,-92.74,6.13,501;429;507,-99.85;-101.13;-101.43,501;429,-99.85;-101.13
	2026-09-20 10:00:42.538,120.13056574,30.27130393,11.78,0.72,12,249.3,411,-94.73,2.06,513;501;507,-98.21;-100.09;-102.20,513;501,-98.21;-100.09
	2026-09-20 10:00:42.721,120.13056351,30.27132105,11.95,0.58,10,334.9,411,-94.44,1.75,501;507;513,-98.13;-102.20;-102.20,501;507,-98.13;-102.20
	2026-09-20 10:00:42.928,120.13057028,30.27131054,11.78,1.13,10,195.3,411,-92.90,4.57,501;429;423,-100.63;-102.17;-102.20,501;429,-100.63;-102.17
	2026-09-20 10:00:43.200,120.13057026,30.27131641,11.94,1.24,11,163.9,411,-90.52,5.57,501;513;507,-99.55;-100.04;-101.83,501;513,-99.55;-100.04
	2026-09-20 10:00:43.481,120.13056679,30.27131332,12.38,0.50,10,266.8,411,-91.28,4.87,501;429;513,-96.98;-101.55;-101.57,501;429,-96.98;-101.55
	2026-09-20 10:00:43.720,120.13055460,30.27130698,12.12,1.25,14,205.1,411,-92.29,6.29,501;429;507,-98.82;-101.94;-102.20,501;429,-98.82;-101.94
	2026-09-20 10:00:43.974,120.13057389,30.27130306,11.81,0.64,14,82.2,411,-90.91,5.22,501;513;507,-99.84;-101.01;-102.20,501;513,-99.84;-101.01
	2026-09-20 10:00:44.196,120.13056670,30.27130445,12.06,0.21,11,194.1,411,-92.30,1.68,501;417;513,-96.98;-99.23;-101.80,501;417,-96.98;-99.23
	2026-09-20 10:00:44.470,120.13056181,30.27132073,11.86,1.36,11,168.1,411,-93.89,2.17,501;507;513,-97.90;-102.20;-102.20,501;507,-97.90;-102.20
	2026-09-20 10:00:44.782,120.13056288,30.27131498,11.94,0.92,11,47.7,411,-93.26,4.52,501;429;417,-100.04;-100.77;-100.87,501;429,-100.04;-100.77
	2026-09-20 10:00:44.988,120.13058113,30.27130796,12.11,1.05,8,287.4,411,-92.64,3.35,513;501;429,-98.76;-98.83;-101.12,513;501,-98.76;-98.83
	2026-09-20 10:00:45.190,120.13056284,30.27131738,12.34,0.68,8,280.5,411,-92.89,-1.22,501;417;513,-96.40;-98.77;-101.40,501;417,-96.40;-98.77
	2026-09-20 10:00:45.507,120.13057378,30.27130198,11.64,1.32,8,347.1,411,-94.05,2.45,417;501;513,-99.04;-99.10;-100.15,417;501,-99.04;-99.10
	2026-09-20 10:00:45.774,120.13058712,30.27130622,12.10,0.59,12,195.2,411,-91.16,6.74,513;417;501,-99.69;-101.30;-102.20,513;417,-99.69;-101.30
	2026-09-20 10:00:45.981,120.13058189,30.27131676,11.62,0.89,14,132.6,411,-92.82,3.76,501;513;423,-99.15;-99.92;-100.67,501;513,-99.15;-99.92
	2026-09-20 10:00:46.221,120.13059138,30.27131177,11.98,0.76,8,200.7,411,-90.01,5.37,417;513;501,-98.20;-98.51;-98.73,417;513,-98.20;-98.51
	2026-09-20 10:00:46.401,120.13058493,30.27131156,12.20,0.66,11,72.9,411,-90.16,5.06,501;513;417,-97.59;-97.79;-100.01,501;513,-97.59;-97.79
	2026-09-20 10:00:46.655,120.13058575,30.27130447,11.50,0.35,14,263.5,411,-92.47,3.84,417;513;501,-97.95;-98.39;-99.39,417;513,-97.95;-98.39
	2026-09-20 10:00:46.899,120.13058063,30.27131567,12.48,0.56,13,199.7,411,-92.18,5.25,501;429;513,-98.93;-99.65;-99.85,501;429,-98.93;-99.65
	2026-09-20 10:00:47.133,120.13058662,30.27131327,11.75,0.72,9,215.1,411,-90.08,8.75,501;513;429,-99.20;-100.83;-101.33,501;513,-99.20;-100.83
	2026-09-20 10:00:47.425,120.13057903,30.27131699,11.78,0.84,11,265.3,411,-88.63,7.89,513;501;417,-98.92;-100.21;-101.83,513;501,-98.92;-100.21
	2026-09-20 10:00:47.692,120.13058743,30.27130974,11.71,1.29,10,302.1,411,-92.67,4.21,501;417;513,-99.09;-99.70;-101.84,501;417,-99.09;-99.70
	2026-09-20 10:00:47.929,120.13057884,30.27131661,12.47,0.34,8,105.4,411,-91.41,5.30,501;417;507,-98.28;-99.49;-102.20,501;417,-98.28;-99.49
	2026-09-20 10:00:48.233,120.13060248,30.27131180,12.11,1.09,11,2.1,411,-91.71,6.02,501;417;513,-98.86;-99.18;-99.26,501;417,-98.86;-99.18
	2026-09-20 10:00:48.438,120.13058233,30.27131010,12.47,0.33,9,172.5,411,-92.30,4.51,429;501;513,-99.81;-100.49;-100.75,429;501,-99.81;-100.49
	2026-09-20 10:00:48.725,120.13059611,30.27131328,11.56,1.38,14,212.0,411,-93.00,3.74,501;417;513,-97.87;-100.75;-101.44,501;417,-97.87;-100.75
	2026-09-20 10:00:48.978,120.13060638,30.27131142,12.15,1.40,14,204.0,411,-90.89,5.48,417;501;513,-99.05;-101.76;-101.88,417;501,-99.05;-101.76
	2026-09-20 10:00:49.240,120.13059566,30.27130733,11.94,1.11,9,59.4,411,-92.09,0.87,501;507;513,-96.90;-100.84;-102.20,501;507,-96.90;-100.84
	2026-09-20 10:00:49.539,120.13058869,30.27131864,11.70,0.24,10,337.3,411,-93.32,0.53,501;417;513,-97.93;-99.50;-101.27,501;417,-97.93;-99.50
	2026-09-20 10:00:49.852,120.13060951,30.27131775,11.80,1.15,11,189.9,411,-93.81,2.14,501;513;429,-97.79;-100.50;-101.38,501;513,-97.79;-100.50
	2026-09-20 10:00:50.032,120.13059851,30.27130605,11.51,1.15,9,51.6,411,-92.42,2.62,501;513;417,-99.27;-100.28;-100.81,501;513,-99.27;-100.28
	2026-09-20 10:00:50.258,120.13060940,30.27131746,12.28,0.72,14,234.3,411,-92.57,3.86,501;417;513,-99.53;-100.00;-101.17,501;417,-99.53;-100.00
	2026-09-20 10:00:50.569,120.13061452,30.27131196,11.83,0.29,14,78.4,411,-90.83,4.08,501;417;513,-99.52;-99.82;-99.82,501;417,-99.52;-99.82
	2026-09-20 10:00:50.844,120.13061601,30.27131591,11.51,0.63,10,281.7,411,-90.94,6.12,501;513;417,-98.00;-100.16;-100.26,501;513,-98.00;-100.16
	2026-09-20 10:00:51.139,120.13062234,30.27131742,11.80,0.67,14,132.6,411,-89.92,5.95,501;417;513,-99.14;-100.37;-101.88,501;417,-99.14;-100.37
	2026-09-20 10:00:51.366,120.13060738,30.27130881,11.88,0.44,9,46.0,411,-89.42,3.63,501;513;507,-96.20;-101.54;-102.20,501;513,-96.20;-101.54
	2026-09-20 10:00:51.639,120.13062021,30.27131492,11.67,0.49,8,100.4,411,-94.19,2.96,501;513;507,-100.95;-101.57;-101.65,501;513,-100.95;-101.57
	2026-09-20 10:00:51.952,120.13060706,30.27131433,11.64,0.42,9,89.2,411,-92.08,2.96,501;429;417,-96.82;-99.74;-101.61,501;429,-96.82;-99.74
	2026-09-20 10:00:52.181,120.13060491,30.27131258,12.41,0.30,13,239.8,411,-91.25,5.34,501;417;429,-99.54;-99.74;-100.84,501;417,-99.54;-99.74
	2026-09-20 10:00:52.468,120.13061051,30.27131579,11.62,0.89,8,216.8,411,-91.08,6.45,417;501;513,-99.04;-99.32;-101.38,417;501,-99.04;-99.32
	2026-09-20 10:00:52.687,120.13062936,30.27131021,11.85,0.45,12,238.9,411,-88.92,5.36,513;501;429,-97.98;-100.49;-101.37,513;501,-97.98;-100.49
	2026-09-20 10:00:52.944,120.13062090,30.27131573,12.21,0.97,13,108.7,411,-93.60,1.21,501;417;513,-99.18;-99.55;-101.72,501;417,-99.18;-99.55
	2026-09-20 10:00:53.150,120.13063580,30.27130164,11.77,0.34,8,224.4,411,-96.55,-0.55,501;417;513,-97.86;-99.88;-101.78,501;417,-97.86;-99.88
	2026-09-20 10:00:53.339,120.13062551,30.27130546,11.67,0.23,11,145.4,411,-94.00,1.35,501;513;507,-97.96;-101.40;-102.20,501;513,-97.96;-101.40
	2026-09-20 10:00:53.650,120.13061826,30.27130798,11.61,1.21,8,129.8,411,-93.78,1.28,513;501;423,-98.15;-100.30;-102.07,513;501,-98.15;-100.30
	2026-09-20 10:00:53.934,120.13062030,30.27131644,11.70,0.75,11,303.1,411,-92.76,3.29,417;501;423,-99.18;-100.17;-101.72,417;501,-99.18;-100.17
	2026-09-20 10:00:54.170,120.13063703,30.27131432,11.71,0.49,13,273.0,411,-92.02,1.06,417;513;501,-97.25;-100.18;-100.57,417;513,-97.25;-100.18
	2026-09-20 10:00:54.356,120.13063949,30.27132230,12.13,1.09,8,330.3,411,-93.49,2.94,417;501;513,-99.38;-99.45;-99.84,417;501,-99.38;-99.45
	2026-09-20 10:00:54.598,120.13062954,30.27131718,12.09,0.71,14,144.6,411,-94.02,0.67,501;417;429,-98.14;-98.87;-100.80,501;417,-98.14;-98.87
	2026-09-20 10:00:54.891,120.13064376,30.27130213,12.04,0.70,10,104.4,411,-93.59,6.55,501;513;507,-101.34;-101.90;-102.20,501;513,-101.34;-101.90
	2026-09-20 10:00:55.140,120.13063930,30.27130518,11.50,0.96,8,292.7,411,-92.16,1.81,501;513;417,-98.58;-99.69;-101.24,501;513,-98.58;-99.69
	2026-09-20 10:00:55.423,120.13064764,30.27131692,11.54,1.14,14,278.3,411,-92.75,3.45,417;501;513,-99.48;-99.54;-101.67,417;501,-99.48;-99.54
	2026-09-20 10:00:55.661,120.13063014,30.27130896,11.61,0.23,11,96.4,411,-92.92,2.18,501;513;417,-97.33;-100.32;-100.88,501;513,-97.33;-100.32
	2026-09-20 10:00:55.904,120.13063380,30.27131850,11.99,0.63,10,202.6,411,-91.66,3.29,417;513;501,-98.64;-100.40;-101.24,417;513,-98.64;-100.40
	2026-09-20 10:00:56.153,120.13064477,30.27131242,11.86,1.27,12,351.9,411,-91.86,6.19,501;429;417,-99.57;-99.80;-101.84,501;429,-99.57;-99.80
	2026-09-20 10:00:56.376,120.13064257,30.27131205,12.23,0.34,11,206.9,411,-91.97,4.44,417;501;513,-97.86;-98.68;-99.96,417;501,-97.86;-98.68
	2026-09-20 10:00:56.629,120.13065273,30.27130744,12.04,0.21,11,107.9,411,-93.18,3.37,501;429;513,-99.93;-101.78;-101.98,501;429,-99.93;-101.78
	2026-09-20 10:00:56.895,120.13065868,30.27132046,11.62,1.03,11,163.9,411,-94.01,4.04,501;417;507,-99.61;-101.48;-102.20,501;417,-99.61;-101.48
	2026-09-20 10:00:57.120,120.13065704,30.27131053,12.46,0.76,14,170.7,411,-94.41,4.17,501;507;513,-99.63;-100.63;-100.75,501;507,-99.63;-100.63
	2026-09-20 10:00:57.431,120.13066404,30.27130541,12.12,1.02,10,261.3,411,-94.07,1.70,501;417;513,-96.77;-100.22;-100.52,501;417,-96.77;-100.22
	2026-09-20 10:00:57.695,120.13064512,30.27132118,11.57,1.15,10,346.5,411,-92.36,4.62,501;513;507,-100.94;-101.25;-102.20,501;513,-100.94;-101.25
	2026-09-20 10:00:57.978,120.13066667,30.27131810,11.74,0.54,10,240.9,411,-92.37,3.52,417;513;501,-99.73;-100.23;-100.40,417;513,-99.73;-100.23
	2026-09-20 10:00:58.213,120.13066650,30.27131118,12.01,0.89,11,85.5,411,-94.45,2.54,501;513;417,-99.46;-100.36;-101.07,501;513,-99.46;-100.36
	2026-09-20 10:00:58.512,120.13066711,30.27131487,11.94,0.53,11,59.9,411,-91.76,5.33,417;501;423,-98.78;-100.28;-100.56,417;501,-98.78;-100.28
	2026-09-20 10:00:58.822,120.13067217,30.27130504,12.08,0.40,12,56.0,411,-95.62,1.56,417;513;501,-99.47;-100.61;-101.93,417;513,-99.47;-100.61
	2026-09-20 10:00:59.011,120.13065262,30.27131488,12.20,1.14,8,350.2,411,-93.54,1.33,513;417;501,-98.40;-101.25;-102.13,513;417,-98.40;-101.25
	2026-09-20 10:00:59.268,120.13067254,30.27130187,11.51,1.11,10,182.6,411,-93.82,1.11,501;513;507,-96.72;-100.21;-101.31,501;513,-96.72;-100.21
	2026-09-20 10:00:59.460,120.13067721,30.27130215,12.28,0.39,12,179.5,411,-92.90,3.13,417;501;513,-98.05;-98.24;-99.67,417;501,-98.05;-98.24
	2026-09-20 10:00:59.727,120.13065480,30.27130754,12.17,1.20,14,64.1,411,-92.52,1.76,513;501;417,-97.51;-98.26;-99.34,513;501,-97.51;-98.26
	2026-09-20 10:00:59.970,120.13067663,30.27131234,12.43,0.85,10,343.6,411,-92.13,3.72,513;417;501,-97.00;-98.37;-100.79,513;417,-97.00;-98.37
	2026-09-20 10:01:00.282,120.13067048,30.27131949,12.43,0.56,11,325.0,411,-92.65,3.93,417;501;507,-100.18;-100.82;-101.48,417;501,-100.18;-100.82
	2026-09-20 10:01:00.475,120.13066519,30.27131792,12.01,1.26,13,43.3,411,-93.46,5.40,513;423;501,-98.44;-98.78;-100.60,513;423,-98.44;-98.78
	2026-09-20 10:01:00.681,120.13067759,30.27132224,12.11,1.21,12,92.5,411,-92.81,3.11,501;417;513,-98.79;-99.43;-99.96,501;417,-98.79;-99.43
	2026-09-20 10:01:00.900,120.13068054,30.27130648,11.92,0.22,12,267.4,411,-94.10,1.18,501;513;417,-99.00;-99.75;-101.03,501;513,-99.00;-99.75
	2026-09-20 10:01:01.169,120.13067405,30.27132226,12.24,1.24,9,161.7,411,-92.46,2.58,513;417;501,-99.18;-100.07;-101.43,513;417,-99.18;-100.07
	2026-09-20 10:01:01.431,120.13068012,30.27131552,11.52,0.51,9,357.1,411,-93.52,2.97,501;513;429,-98.36;-101.07;-101.31,501;513,-98.36;-101.07
	2026-09-20 10:01:01.751,120.13068100,30.27130307,11.79,0.90,13,320.7,411,-92.55,2.95,513;417;501,-98.44;-99.05;-99.52,513;417,-98.44;-99.05
	2026-09-20 10:01:02.027,120.13067754,30.27132245,12.49,1.09,14,277.8,411,-90.86,5.99,417;513;501,-99.88;-100.68;-100.93,417;513,-99.88;-100.68
	2026-09-20 10:01:02.327,120.13067597,30.27130220,12.07,1.13,10,164.9,411,-92.52,1.60,513;417;423,-97.80;-100.96;-101.70,513;417,-97.80;-100.96
	2026-09-20 10:01:02.622,120.13067407,30.27132092,12.48,1.17,11,2.1,411,-91.07,6.87,501;417;513,-99.80;-100.18;-100.96,501;417,-99.80;-100.18
	2026-09-20 10:01:02.844,120.13067560,30.27130109,11.54,1.34,8,40.6,411,-93.98,3.00,513;417;501,-99.71;-100.13;-100.52,513;417,-99.71;-100.13
	2026-09-20 10:01:03.130,120.13068809,30.27131959,12.44,0.59,13,74.0,411,-89.82,6.04,513;417;501,-98.96;-100.78;-101.55,513;417,-98.96;-100.78
	2026-09-20 10:01:03.397,120.13069303,30.27131353,12.45,1.03,11,352.7,411,-90.91,4.37,417;513;501,-97.87;-99.29;-100.66,417;513,-97.87;-99.29
	2026-09-20 10:01:03.613,120.13069237,30.27131671,12.40,1.12,9,97.1,411,-94.79,3.64,513;417;501,-99.81;-100.17;-100.70,513;417,-99.81;-100.17
	2026-09-20 10:01:03.814,120.13068148,30.27131837,12.05,0.94,9,125.0,411,-92.25,4.22,501;513;417,-98.57;-99.21;-100.33,501;513,-98.57;-99.21
	2026-09-20 10:01:03.996,120.13069714,30.27131083,11.88,0.23,13,10.2,411,-95.42,-1.90,501;513;417,-97.52;-98.37;-100.15,501;513,-97.52;-98.37
	2026-09-20 10:01:04.299,120.13070589,30.27130111,12.31,1.07,11,170.4,411,-92.72,4.86,501;513;429,-99.63;-100.97;-102.07,501;513,-99.63;-100.97
	2026-09-20 10:01:04.492,120.13069472,30.27131062,12.28,0.80,10,100.8,411,-95.06,3.63,501;513;417,-100.16;-100.63;-100.91,501;513,-100.16;-100.63
	2026-09-20 10:01:04.784,120.13070241,30.27131586,11.51,1.10,12,7.9,411,-92.74,6.28,417;429;501,-100.46;-101.32;-101.37,417;429,-100.46;-101.32
	2026-09-20 10:01:04.978,120.13069053,30.27131351,12.17,0.93,8,55.2,411,-92.43,1.70,501;429;423,-97.96;-101.21;-101.23,501;429,-97.96;-101.21
	2026-09-20 10:01:05.189,120.13069659,30.27131751,11.90,0.87,12,350.1,411,-92.09,3.20,513;417;501,-97.59;-98.65;-101.63,513;417,-97.59;-98.65
	2026-09-20 10:01:05.381,120.13069992,30.27130671,11.95,0.67,11,346.3,411,-93.83,0.88,501;417;513,-97.78;-98.63;-101.05,501;417,-97.78;-98.63
	2026-09-20 10:01:05.601,120.13071470,30.27131403,12.11,1.40,12,205.3,411,-94.99,-0.56,513;417;501,-98.14;-101.39;-102.20,513;417,-98.14;-101.39
	2026-09-20 10:01:05.915,120.13070335,30.27130334,11.54,0.86,14,119.1,411,-91.97,5.93,423;513;417,-99.65;-100.55;-100.63,423;513,-99.65;-100.55
	2026-09-20 10:01:06.135,120.13070731,30.27131629,12.47,0.83,10,51.2,411,-91.32,4.66,417;501;513,-98.08;-100.27;-100.37,417;501,-98.08;-100.27
	2026-09-20 10:01:06.381,120.13071412,30.27131682,11.99,1.17,14,354.7,411,-93.83,4.24,417;513;501,-100.41;-100.46;-102.20,417;513,-100.41;-100.46
	2026-09-20 10:01:06.625,120.13072518,30.27131908,12.41,1.10,8,302.9,411,-93.07,-0.24,501;513;417,-95.99;-97.76;-99.44,501;513,-95.99;-97.76
	2026-09-20 10:01:06.882,120.13071296,30.27130796,11.55,0.38,9,329.2,411,-93.50,1.64,501;513;417,-97.64;-98.28;-99.08,501;513,-97.64;-98.28
	2026-09-20 10:01:07.163,120.13072767,30.27131849,11.87,0.25,11,53.9,411,-95.61,2.03,417;513;501,-100.56;-101.08;-101.11,417;513,-100.56;-101.08
	2026-09-20 10:01:07.381,120.13071970,30.27130207,12.46,0.71,14,26.0,411,-95.97,-0.91,501;417;513,-98.43;-99.09;-99.35,501;417,-98.43;-99.09
	2026-09-20 10:01:07.668,120.13071359,30.27131318,12.43,0.31,14,291.0,411,-88.65,7.79,501;417;513,-98.57;-99.04;-99.68,501;417,-98.57;-99.04
	2026-09-20 10:01:07.955,120.13072175,30.27132201,12.09,0.61,11,213.2,411,-93.57,3.34,417;501;423,-100.52;-101.11;-102.06,417;501,-100.52;-101.11
	2026-09-20 10:01:08.161,120.13073504,30.27131826,12.06,0.71,8,68.6,411,-95.75,-1.42,513;417;501,-98.64;-101.03;-102.20,513;417,-98.64;-101.03
	2026-09-20 10:01:08.361,120.13073500,30.27130158,11.61,1.15,9,198.7,411,-91.12,1.29,501;513;423,-96.90;-100.24;-101.14,501;513,-96.90;-100.24
	2026-09-20 10:01:08.673,120.13071578,30.27131627,11.76,1.17,13,251.3,411,-91.29,2.74,501;417;423,-99.01;-100.33;-100.68,501;417,-99.01;-100.33
	2026-09-20 10:01:08.856,120.13071657,30.27130545,11.85,1.24,13,184.0,411,-91.79,1.04,417;513;501,-96.65;-96.96;-99.64,417;513,-96.65;-96.96
	2026-09-20 10:01:09.133,120.13072398,30.27131909,12.24,0.86,11,251.7,411,-92.73,1.78,501;513;429,-97.81;-100.35;-101.66,501;513,-97.81;-100.35
	2026-09-20 10:01:09.405,120.13073764,30.27130344,12.00,1.24,12,306.8,411,-93.67,4.30,513;501;417,-98.95;-100.82;-101.01,513;501,-98.95;-100.82
	2026-09-20 10:01:09.594,120.13072539,30.27130104,11.99,0.59,12,234.9,411,-93.81,2.90,417;513;501,-99.43;-100.61;-102.20,417;513,-99.43;-100.61
	2026-09-20 10:01:09.861,120.13074550,30.27130997,12.06,0.91,12,308.0,411,-92.66,0.85,513;501;417,-98.80;-99.94;-100.18,513;501,-98.80;-99.94
	2026-09-20 10:01:10.076,120.13073130,30.27131625,12.22,0.35,10,345.1,411,-94.81,2.39,513;501;417,-97.97;-98.90;-99.17,513;501,-97.97;-98.90
	2026-09-20 10:01:10.395,120.13074564,30.27130289,11.72,0.94,8,332.7,411,-93.57,2.04,501;417;423,-97.55;-99.21;-99.97,501;417,-97.55;-99.21
	2026-09-20 10:01:10.707,120.13075074,30.27131266,11.96,0.90,8,145.2,411,-93.13,1.26,501;513;417,-97.64;-98.78;-99.53,501;513,-97.64;-98.78
	2026-09-20 10:01:10.909,120.13073704,30.27130686,11.70,1.13,11,337.0,411,-94.11,1.69,513;501;417,-97.11;-99.76;-101.44,513;501,-97.11;-99.76
	2026-09-20 10:01:11.183,120.13075320,30.27130960,11.80,1.17,10,297.1,411,-91.45,5.25,501;513;429,-99.57;-99.88;-100.48,501;513,-99.57;-99.88
	2026-09-20 10:01:11.455,120.13073190,30.27131862,11.98,0.29,11,173.7,411,-92.90,1.27,417;513;423,-98.15;-99.21;-100.73,417;513,-98.15;-99.21
	2026-09-20 10:01:11.742,120.13075717,30.27131971,12.46,1.10,11,62.2,411,-93.56,2.08,513;417;501,-98.62;-99.70;-100.69,513;417,-98.62;-99.70
	2026-09-20 10:01:12.001,120.13075893,30.27130375,11.83,0.50,13,347.8,411,-94.46,0.02,417;513;501,-99.39;-99.81;-100.02,417;513,-99.39;-99.81
	2026-09-20 10:01:12.211,120.13075005,30.27130530,11.89,0.67,12,238.3,411,-92.20,3.87,417;501;513,-98.40;-101.16;-101.21,417;501,-98.40;-101.16
	2026-09-20 10:01:12.421,120.13074363,30.27131513,11.83,1.26,11,183.4,411,-95.53,-1.18,417;513;501,-98.43;-99.30;-99.51,417;513,-98.43;-99.30
	2026-09-20 10:01:12.697,120.13076016,30.27131439,12.30,0.60,11,28.1,411,-94.91,-0.08,513;501;417,-97.46;-100.38;-100.67,513;501,-97.46;-100.38
	2026-09-20 10:01:12.999,120.13074597,30.27130619,12.28,1.20,10,18.3,411,-95.44,1.76,417;501;513,-99.28;-100.60;-101.63,417;501,-99.28;-100.60
	2026-09-20 10:01:13.234,120.13076546,30.27131371,12.07,0.56,8,23.5,411,-92.37,2.89,417;513;507,-97.55;-100.00;-101.21,417;513,-97.55;-100.00
	2026-09-20 10:01:13.508,120.13074630,30.27130833,11.72,1.34,11,288.3,411,-94.39,1.43,417;513;507,-97.32;-98.40;-101.83,417;513,-97.32;-98.40
	2026-09-20 10:01:13.733,120.13076878,30.27131965,12.25,0.81,10,239.1,411,-96.88,-2.32,417;513;429,-98.79;-99.16;-101.30,417;513,-98.79;-99.16
	2026-09-20 10:01:13.979,120.13076841,30.27130669,12.40,0.60,11,98.4,411,-93.66,4.72,501;513;417,-100.69;-101.21;-101.42,501;513,-100.69;-101.21
	2026-09-20 10:01:14.259,120.13074994,30.27131548,11.93,0.25,14,23.8,411,-93.27,1.47,513;417;429,-99.45;-99.98;-101.39,513;417,-99.45;-99.98
	2026-09-20 10:01:14.530,120.13076160,30.27130744,12.22,1.24,11,74.2,417,-96.62,-2.20,411;501;513,-96.75;-99.52;-99.72,411;501,-96.75;-99.52
	2026-09-20 10:01:14.726,120.13075830,30.27131045,12.24,0.21,11,49.6,411,-92.93,1.08,417;501;429,-97.54;-98.51;-101.24,417;501,-97.54;-98.51
	2026-09-20 10:01:14.913,120.13077065,30.27131739,12.41,1.21,11,147.8,411,-91.00,2.84,513;417;501,-96.51;-98.96;-99.99,513;417,-96.51;-98.96
	2026-09-20 10:01:15.122,120.13076760,30.27132230,11.57,1.36,14,213.7,411,-93.33,0.77,513;417;501,-96.06;-98.03;-101.86,513;417,-96.06;-98.03
	2026-09-20 10:01:15.339,120.13076704,30.27131814,11.86,1.27,11,129.6,411,-93.86,-0.95,417;501;513,-96.06;-99.13;-101.86,417;501,-96.06;-99.13
	2026-09-20 10:01:15.539,120.13077090,30.27131312,11.58,1.02,9,321.4,411,-94.15,0.67,513;417;501,-96.62;-98.28;-98.57,513;417,-96.62;-98.28
	2026-09-20 10:01:15.724,120.13076478,30.27130402,12.35,0.33,13,34.5,411,-93.94,2.03,501;417;429,-98.74;-99.83;-102.09,501;417,-98.74;-99.83
	2026-09-20 10:01:15.950,120.13077003,30.27131018,11.90,1.05,11,186.3,411,-92.76,1.76,513;501;417,-98.41;-99.82;-101.14,513;501,-98.41;-99.82
	2026-09-20 10:01:16.138,120.13076685,30.27130959,12.01,0.62,13,214.9,411,-94.52,0.15,513;417;501,-97.85;-97.90;-100.10,513;417,-97.85;-97.90
	2026-09-20 10:01:16.378,120.13077975,30.27132265,11.74,1.19,12,230.1,411,-94.81,0.86,417;513;501,-98.41;-98.74;-99.89,417;513,-98.41;-98.74
	2026-09-20 10:01:16.605,120.13078089,30.27130966,12.32,0.53,14,234.6,411,-94.89,-4.40,417;513;429,-94.90;-97.28;-100.86,417;513,-94.90;-97.28
	2026-09-20 10:01:16.893,120.13077309,30.27131447,12.13,0.79,11,53.4,411,-93.20,5.79,513;501;417,-99.75;-100.88;-100.91,513;501,-99.75;-100.88
	2026-09-20 10:01:17.093,120.13079179,30.27130455,12.02,1.22,13,91.1,411,-95.00,-0.35,417;513;501,-97.07;-97.85;-99.77,417;513,-97.07;-97.85
	2026-09-20 10:01:17.311,120.13079170,30.27130162,11.87,0.28,12,77.9,513,-97.73,-2.33,411;417;423,-98.00;-98.26;-99.64,411;417,-98.00;-98.26
	2026-09-20 10:01:17.525,120.13078182,30.27130801,11.66,0.20,11,31.4,411,-94.46,-0.03,417;513;429,-96.32;-99.11;-99.36,417;513,-96.32;-99.11
	2026-09-20 10:01:17.785,120.13079844,30.27130411,11.94,1.17,9,44.2,411,-96.24,-0.15,417;513;423,-97.95;-99.17;-101.26,417;513,-97.95;-99.17
	2026-09-20 10:01:18.073,120.13078745,30.27130738,12.00,1.26,8,74.4,411,-96.54,-0.31,501;417;429,-98.31;-99.14;-99.88,501;417,-98.31;-99.14
	2026-09-20 10:01:18.323,120.13079063,30.27131871,11.87,0.34,8,315.0,411,-94.15,2.12,417;501;513,-97.67;-100.18;-101.54,417;501,-97.67;-100.18
	2026-09-20 10:01:18.527,120.13079312,30.27130645,11.69,0.59,13,188.5,411,-95.54,-0.44,417;429;501,-98.88;-99.77;-101.13,417;429,-98.88;-99.77
	2026-09-20 10:01:18.708,120.13079166,30.27130458,12.35,1.35,10,253.9,411,-94.62,1.93,513;417;507,-98.02;-99.74;-100.80,513;417,-98.02;-99.74
	2026-09-20 10:01:19.019,120.13079665,30.27130555,11.82,1.33,11,223.3,411,-94.05,0.17,513;423;501,-95.59;-100.05;-100.08,513;423,-95.59;-100.05
	2026-09-20 10:01:19.254,120.13079382,30.27130132,11.99,1.16,13,346.5,411,-96.42,1.72,501;513;507,-99.64;-100.49;-102.20,501;513,-99.64;-100.49
	2026-09-20 10:01:19.442,120.13079134,30.27130112,12.15,0.56,13,149.1,411,-94.95,1.95,417;501;507,-99.32;-100.35;-101.15,417;501,-99.32;-100.35
	2026-09-20 10:01:19.684,120.13079391,30.27130235,11.78,0.76,10,82.0,411,-96.24,2.57,513;417;429,-98.67;-99.93;-100.25,513;417,-98.67;-99.93
	2026-09-20 10:01:19.896,120.13080869,30.27130853,12.39,0.92,13,218.8,411,-95.50,-1.78,417;501;513,-96.68;-99.47;-100.59,417;501,-96.68;-99.47
	2026-09-20 10:01:20.198,120.13079328,30.27132199,12.20,0.95,14,67.9,411,-95.60,0.17,417;513;501,-97.37;-98.74;-99.45,417;513,-97.37;-98.74
	2026-09-20 10:01:20.387,120.13080832,30.27131245,12.47,0.77,9,114.8,417,-95.50,-2.77,411;513;507,-95.74;-98.38;-98.71,411;513,-95.74;-98.38
	2026-09-20 10:01:20.704,120.13080178,30.27130444,12.45,0.41,10,4.0,411,-94.27,-1.22,417;501;513,-96.52;-100.53;-100.55,417;501,-96.52;-100.53
	2026-09-20 10:01:20.922,120.13081080,30.27130164,11.62,0.36,8,131.8,411,-95.30,3.76,417;513;423,-99.65;-101.43;-101.66,417;513,-99.65;-101.43
	2026-09-20 10:01:21.238,120.13081534,30.27131948,12.13,1.12,12,271.8,411,-93.68,2.77,417;513;501,-98.18;-98.96;-99.45,417;513,-98.18;-98.96
	2026-09-20 10:01:21.523,120.13081165,30.27131778,11.77,0.39,12,66.8,411,-95.35,0.89,513;417;501,-99.24;-99.37;-102.20,513;417,-99.24;-99.37
	2026-09-20 10:01:21.730,120.13082413,30.27132154,12.30,0.41,11,343.8,411,-95.81,-0.84,417;513;501,-97.54;-100.18;-102.20,417;513,-97.54;-100.18
	2026-09-20 10:01:21.955,120.13082085,30.27130892,12.12,0.91,14,310.7,417,-96.66,-2.73,513;411;429,-96.77;-97.57;-100.61,513;411,-96.77;-97.57
	2026-09-20 10:01:22.212,120.13081428,30.27131200,11.89,0.80,14,178.1,411,-95.47,-0.04,513;417;501,-96.52;-97.77;-100.98,513;417,-96.52;-97.77
	2026-09-20 10:01:22.433,120.13082568,30.27130265,12.49,1.18,9,95.0,411,-93.52,2.11,417;513;501,-97.33;-99.68;-101.38,417;513,-97.33;-99.68
	2026-09-20 10:01:22.722,120.13081364,30.27130210,11.96,0.53,11,231.5,411,-95.18,2.71,429;513;417,-99.72;-99.76;-100.03,429;513,-99.72;-99.76
	2026-09-20 10:01:22.961,120.13083089,30.27130942,11.71,0.85,8,57.0,411,-92.15,0.78,417;423;513,-96.60;-100.87;-101.86,417;423,-96.60;-100.87
	2026-09-20 10:01:23.274,120.13081767,30.27131260,12.27,0.31,12,56.5,411,-93.57,0.10,417;513;423,-96.63;-100.06;-101.36,417;513,-96.63;-100.06
	2026-09-20 10:01:23.520,120.13083496,30.27131853,12.34,1.27,9,101.2,411,-93.47,2.03,417;513;429,-98.10;-99.54;-101.21,417;513,-98.10;-99.54
	2026-09-20 10:01:23.751,120.13083258,30.27130609,12.19,0.92,10,201.6,411,-96.82,-1.43,513;417;507,-96.91;-98.25;-99.53,513;417,-96.91;-98.25
	2026-09-20 10:01:23.941,120.13082472,30.27131273,12.04,0.38,14,265.9,411,-95.04,0.65,513;501;417,-98.22;-99.52;-99.95,513;501,-98.22;-99.52
	2026-09-20 10:01:24.214,120.13082377,30.27130801,12.19,1.30,11,318.7,411,-93.79,-0.77,417;513;501,-96.79;-98.75;-100.26,417;513,-96.79;-98.75
	2026-09-20 10:01:24.404,120.13082601,30.27130106,12.18,0.29,14,197.8,411,-95.27,2.11,417;513;501,-98.20;-99.48;-100.29,417;513,-98.20;-99.48
	2026-09-20 10:01:24.599,120.13082356,30.27131886,12.27,0.47,8,187.7,411,-94.29,0.85,513;417;423,-97.62;-98.49;-100.12,513;417,-97.62;-98.49
	2026-09-20 10:01:24.833,120.13083134,30.27131429,12.04,0.28,9,331.3,411,-95.16,0.76,501;513;417,-98.30;-98.49;-98.96,501;513,-98.30;-98.49
	2026-09-20 10:01:25.019,120.13082753,30.27132224,12.12,1.23,9,158.9,417,-96.73,-0.00,513;411;501,-97.43;-97.51;-101.87,513;411,-97.43;-97.51
	2026-09-20 10:01:25.203,120.13084034,30.27130933,12.19,0.84,8,291.7,411,-94.34,-0.78,417;513;429,-96.16;-98.98;-100.06,417;513,-96.16;-98.98
	2026-09-20 10:01:25.492,120.13085328,30.27131316,11.71,1.01,11,243.5,411,-95.28,0.51,513;417;501,-98.71;-99.80;-101.93,513;417,-98.71;-99.80
	2026-09-20 10:01:25.730,120.13085122,30.27130577,11.54,0.84,9,194.7,411,-94.95,-2.34,417;513;429,-96.02;-97.66;-100.50,417;513,-96.02;-97.66
	2026-09-20 10:01:26.020,120.13084325,30.27131691,11.99,1.32,11,325.4,411,-94.38,1.25,417;513;429,-98.42;-99.39;-100.94,417;513,-98.42;-99.39
	2026-09-20 10:01:26.202,120.13084026,30.27131995,11.88,0.58,12,117.2,417,-96.22,-1.94,411;513;501,-96.42;-96.78;-99.93,411;513,-96.42;-96.78
	2026-09-20 10:01:26.384,120.13084388,30.27130278,11.75,0.82,13,319.0,411,-96.06,-3.46,513;501;417,-97.07;-99.89;-100.25,513;501,-97.07;-99.89
	2026-09-20 10:01:26.684,120.13085357,30.27131731,12.28,1.18,11,315.5,411,-93.67,2.50,513;417;501,-98.63;-100.61;-102.15,513;417,-98.63;-100.61
	2026-09-20 10:01:26.883,120.13085351,30.27130553,12.21,1.04,11,229.1,411,-95.88,0.38,417;513;501,-98.89;-100.46;-101.46,417;513,-98.89;-100.46
	2026-09-20 10:01:27.161,120.13084211,30.27131414,11.82,1.18,12,124.6,411,-97.77,-1.43,417;513;429,-98.72;-101.56;-102.02,417;513,-98.72;-101.56
	2026-09-20 10:01:27.432,120.13085383,30.27131956,11.52,1.40,13,205.9,513,-96.50,-0.05,411;417;423,-97.30;-98.47;-100.69,411;417,-97.30;-98.47
	2026-09-20 10:01:27.613,120.13086007,30.27130379,11.85,1.32,14,185.8,411,-96.89,0.48,513;417;429,-97.29;-99.12;-101.16,513;417,-97.29;-99.12
	2026-09-20 10:01:27.850,120.13086901,30.27131555,12.17,0.41,12,307.6,411,-95.27,0.93,417;501;513,-98.03;-101.14;-101.67,417;501,-98.03;-101.14
	2026-09-20 10:01:28.131,120.13086261,30.27132207,12.07,0.34,9,167.0,417,-96.03,-3.23,411;513;429,-96.32;-97.10;-99.91,411;513,-96.32;-97.10
	2026-09-20 10:01:28.449,120.13086717,30.27131586,11.83,0.73,8,269.8,411,-95.01,-3.86,417;513;429,-96.64;-96.85;-100.59,417;513,-96.64;-96.85
	2026-09-20 10:01:28.698,120.13086172,30.27131917,12.46,0.34,9,104.1,411,-95.69,1.63,513;417;501,-98.89;-100.08;-100.48,513;417,-98.89;-100.08
	2026-09-20 10:01:28.916,120.13086197,30.27130878,11.62,0.22,12,121.1,411,-95.74,-0.79,417;513;501,-97.38;-99.10;-100.94,417;513,-97.38;-99.10
	2026-09-20 10:01:29.148,120.13086623,30.27130305,11.89,1.36,12,138.1,411,-98.02,-3.55,417;501;513,-98.98;-99.88;-101.58,417;501,-98.98;-99.88
	2026-09-20 10:01:29.415,120.13087165,30.27132078,11.55,0.64,8,38.5,411,-93.55,0.73,417;513;501,-97.97;-98.39;-100.63,417;513,-97.97;-98.39
	2026-09-20 10:01:29.729,120.13087839,30.27130343,11.52,1.16,14,347.5,411,-93.60,-0.99,417;513;501,-95.32;-96.78;-98.10,417;513,-95.32;-96.78
	2026-09-20 10:01:30.006,120.13087120,30.27131762,12.47,0.80,8,85.9,411,-96.57,-0.99,417;423;513,-96.68;-98.70;-100.66,417;423,-96.68;-98.70
	2026-09-20 10:01:30.306,120.13086266,30.27131249,11.92,1.13,13,214.2,411,-92.75,2.70,417;429;501,-98.04;-99.57;-99.81,417;429,-98.04;-99.57
	2026-09-20 10:01:30.563,120.13086542,30.27130299,11.60,0.44,14,245.7,411,-95.46,-0.86,417;513;507,-97.27;-99.08;-101.42,417;513,-97.27;-99.08
	2026-09-20 10:01:30.805,120.13087249,30.27130159,12.37,1.21,9,296.7,411,-95.68,-0.81,417;501;513,-97.42;-97.87;-99.97,417;501,-97.42;-97.87
	2026-09-20 10:01:31.000,120.13088016,30.27130126,11.63,0.66,12,267.8,411,-95.62,1.24,417;501;513,-99.20;-101.15;-101.36,417;501,-99.20;-101.15
	2026-09-20 10:01:31.291,120.13088312,30.27130628,12.48,1.17,10,313.5,411,-96.18,0.20,417;423;513,-98.46;-100.83;-101.21,417;423,-98.46;-100.83
	2026-09-20 10:01:31.603,120.13089194,30.27130609,12.19,1.21,10,45.4,411,-95.71,-2.11,513;417;501,-97.34;-97.38;-101.59,513;417,-97.34;-97.38
	2026-09-20 10:01:31.882,120.13087764,30.27131596,12.24,0.98,12,172.4,411,-94.63,0.44,501;417;513,-97.95;-99.98;-102.07,501;417,-97.95;-99.98
	2026-09-20 10:01:32.099,120.13087716,30.27132269,11.99,0.74,14,179.3,411,-94.94,-1.99,417;513;501,-96.01;-101.08;-102.20,417;513,-96.01;-101.08
	2026-09-20 10:01:32.367,120.13087621,30.27131276,11.51,0.22,10,86.6,417,-98.30,-3.09,411;513;501,-98.75;-100.98;-101.56,411;513,-98.75;-100.98
	2026-09-20 10:01:32.578,120.13089798,30.27131558,12.19,0.28,9,68.5,417,-93.47,-0.82,411;513;501,-94.61;-98.20;-100.10,411;513,-94.61;-98.20
	2026-09-20 10:01:32.787,120.13089995,30.27131459,12.31,1.33,14,104.1,411,-97.04,-0.67,417;501;429,-99.47;-99.88;-100.51,417;501,-99.47;-99.88
	2026-09-20 10:01:33.023,120.13089381,30.27130472,12.01,1.01,12,20.2,417,-97.18,-2.25,411;423;513,-98.04;-99.92;-100.26,411;423,-98.04;-99.92
	2026-09-20 10:01:33.267,120.13089869,30.27130392,11.74,1.23,14,111.3,411,-96.73,-2.43,417;423;501,-97.77;-99.86;-100.00,417;423,-97.77;-99.86
	2026-09-20 10:01:33.515,120.13089108,30.27130961,11.56,0.33,12,64.7,411,-96.66,-1.82,513;417;429,-98.49;-98.60;-100.47,513;417,-98.49;-98.60
	2026-09-20 10:01:33.731,120.13088564,30.27130739,11.74,0.58,10,187.0,411,-94.42,1.23,417;507;513,-99.18;-99.21;-99.46,417;507,-99.18;-99.21
	2026-09-20 10:01:33.989,120.13088881,30.27130101,12.03,0.65,11,55.3,417,-95.43,3.51,513;411;507,-98.82;-98.91;-99.79,513;411,-98.82;-98.91
	2026-09-20 10:01:34.210,120.13090191,30.27131233,12.17,1.09,14,238.6,417,-97.47,-1.90,411;429;513,-98.11;-99.17;-99.45,411;429,-98.11;-99.17
	2026-09-20 10:01:34.417,120.13089924,30.27130623,11.65,0.40,13,24.3,411,-95.18,-1.88,513;417;501,-96.36;-96.48;-101.57,513;417,-96.36;-96.48
	2026-09-20 10:01:34.714,120.13089168,30.27131965,11.55,1.09,14,94.3,417,-95.71,-1.01,411;513;501,-96.37;-99.61;-101.25,411;513,-96.37;-99.61
	2026-09-20 10:01:35.007,120.13090788,30.27131213,11.94,0.37,14,140.0,417,-96.50,-2.86,411;513;429,-97.40;-97.89;-100.59,411;513,-97.40;-97.89
	2026-09-20 10:01:35.320,120.13090350,30.27132133,12.17,0.41,11,90.4,411,-96.77,-1.04,417;501;513,-97.31;-97.67;-98.81,417;501,-97.31;-97.67
	2026-09-20 10:01:35.506,120.13091399,30.27131685,11.80,1.36,13,334.8,411,-93.76,1.51,417;513;429,-97.40;-99.62;-99.75,417;513,-97.40;-99.62
	2026-09-20 10:01:35.789,120.13090226,30.27131405,11.93,1.39,11,258.0,417,-98.57,-1.72,411;513;501,-98.86;-99.00;-100.32,411;513,-98.86;-99.00
	2026-09-20 10:01:36.039,120.13092064,30.27131673,12.22,0.55,14,31.3,417,-96.74,-1.09,411;501;513,-97.74;-99.48;-100.43,411;501,-97.74;-99.48
	2026-09-20 10:01:36.259,120.13092108,30.27130659,12.02,1.03,9,214.7,411,-98.78,-2.26,417;513;501,-98.80;-101.37;-102.20,417;513,-98.80;-101.37
	2026-09-20 10:01:36.535,120.13090206,30.27132183,12.44,1.11,8,1.7,411,-95.95,-1.57,417;513;501,-96.96;-99.19;-102.17,417;513,-96.96;-99.19
	2026-09-20 10:01:36.840,120.13091474,30.27131562,12.24,0.80,12,328.8,417,-95.68,-0.02,411;513;429,-98.19;-100.18;-101.15,411;513,-98.19;-100.18
	2026-09-20 10:01:37.021,120.13090763,30.27130339,11.97,1.03,12,346.6,513,-95.34,-1.94,417;411;429,-95.79;-98.33;-100.29,417;411,-95.79;-98.33
	2026-09-20 10:01:37.277,120.13092176,30.27130114,12.31,0.82,8,282.6,417,-96.30,-4.67,411;513;423,-96.57;-98.79;-99.74,411;513,-96.57;-98.79
	2026-09-20 10:01:37.474,120.13090997,30.27132269,12.34,0.69,10,352.6,411,-94.46,2.16,417;513;501,-97.54;-99.75;-100.44,417;513,-97.54;-99.75
	2026-09-20 10:01:37.755,120.13093170,30.27131815,12.09,0.28,10,165.1,411,-96.90,-2.51,417;501;507,-97.36;-102.20;-102.20,417;501,-97.36;-102.20
	2026-09-20 10:01:37.984,120.13093097,30.27130730,12.50,0.22,9,226.8,411,-98.22,-0.77,417;513;501,-98.99;-99.63;-100.95,417;513,-98.99;-99.63
	2026-09-20 10:01:38.172,120.13091902,30.27131011,12.46,1.35,14,48.8,411,-93.08,-2.32,417;501;513,-94.25;-100.19;-100.74,417;501,-94.25;-100.19
	2026-09-20 10:01:38.368,120.13092207,30.27130874,12.23,1.08,14,152.5,417,-97.26,-2.87,411;423;513,-97.32;-99.80;-100.88,411;423,-97.32;-99.80
	2026-09-20 10:01:38.668,120.13093294,30.27130127,12.17,0.47,12,212.6,417,-96.55,-1.52,411;513;501,-97.89;-99.36;-100.19,411;513,-97.89;-99.36
	2026-09-20 10:01:38.976,120.13092876,30.27131402,12.30,1.09,10,38.6,417,-95.21,0.23,501;411;513,-97.83;-97.84;-99.69,501;411,-97.83;-97.84
	2026-09-20 10:01:39.206,120.13092508,30.27130773,12.46,1.35,8,66.5,411,-97.19,-2.86,513;417;507,-98.05;-98.07;-99.24,513;417,-98.05;-98.07
	2026-09-20 10:01:39.491,120.13093564,30.27130206,11.84,0.65,8,270.9,411,-98.32,-1.63,501;429;417,-98.47;-99.14;-100.78,501;429,-98.47;-99.14
	2026-09-20 10:01:39.805,120.13094689,30.27130474,12.06,0.60,8,141.0,417,-95.88,-2.48,411;513;429,-96.38;-99.11;-101.36,411;513,-96.38;-99.11
	2026-09-20 10:01:40.095,120.13093584,30.27130380,11.71,0.47,13,113.5,417,-95.75,-1.16,411;423;501,-97.98;-100.52;-100.57,411;423,-97.98;-100.52
	2026-09-20 10:01:40.302,120.13094457,30.27131563,12.42,0.81,13,231.5,411,-96.54,-2.25,417;501;513,-97.59;-99.42;-99.47,417;501,-97.59;-99.42
	2026-09-20 10:01:40.487,120.13094126,30.27131973,11.90,0.29,10,57.7,417,-95.29,-2.21,411;513;507,-97.00;-99.99;-100.98,411;513,-97.00;-99.99
	2026-09-20 10:01:40.724,120.13094197,30.27131123,11.94,0.81,10,215.9,411,-93.19,-2.32,417;513;429,-95.65;-99.39;-99.72,417;513,-95.65;-99.39
	2026-09-20 10:01:40.976,120.13093656,30.27130648,12.39,0.22,12,167.8,411,-95.59,2.49,417;507;513,-98.90;-100.45;-100.49,417;507,-98.90;-100.45
	2026-09-20 10:01:41.177,120.13093609,30.27130719,11.99,1.13,12,36.5,417,-96.09,-2.35,411;513;501,-98.88;-100.43;-100.92,411;513,-98.88;-100.43
	2026-09-20 10:01:41.480,120.13094825,30.27131829,11.76,1.17,13,124.8,417,-94.61,0.92,411;513;501,-97.73;-99.07;-102.20,411;513,-97.73;-99.07
	2026-09-20 10:01:41.675,120.13094808,30.27132134,11.95,0.40,8,238.1,417,-94.87,-2.80,411;513;429,-95.90;-99.35;-101.38,411;513,-95.90;-99.35
	2026-09-20 10:01:41.965,120.13094144,30.27130239,11.68,0.88,8,313.6,417,-98.07,-0.60,411;507;513,-99.66;-100.34;-101.55,411;507,-99.66;-100.34
	2026-09-20 10:01:42.249,120.13094417,30.27130837,12.25,1.21,14,281.7,417,-96.77,-1.94,411;513;507,-97.76;-100.04;-100.38,411;513,-97.76;-100.04
	2026-09-20 10:01:42.496,120.13095302,30.27131545,11.60,0.60,10,34.1,417,-94.45,0.80,513;411;501,-98.88;-99.28;-100.60,513;411,-98.88;-99.28
	2026-09-20 10:01:42.685,120.13094641,30.27131137,11.83,1.33,11,134.9,417,-94.99,0.51,411;513;501,-98.96;-99.14;-101.36,411;513,-98.96;-99.14
	2026-09-20 10:01:42.890,120.13095944,30.27131592,12.24,0.75,12,273.8,417,-93.45,1.22,411;513;423,-97.95;-99.11;-99.94,411;513,-97.95;-99.11
	2026-09-20 10:01:43.204,120.13096477,30.27130834,12.29,0.93,9,197.0,417,-97.06,-1.39,411;501;513,-97.31;-99.13;-100.38,411;501,-97.31;-99.13
	2026-09-20 10:01:43.500,120.13097170,30.27130581,12.38,0.49,9,245.1,411,-94.52,-0.92,417;513;501,-95.91;-100.11;-100.64,417;513,-95.91;-100.11
	2026-09-20 10:01:43.804,120.13096155,30.27130467,11.71,1.04,10,61.6,417,-93.22,0.69,411;513;429,-97.54;-98.19;-101.02,411;513,-97.54;-98.19
	2026-09-20 10:01:44.041,120.13096172,30.27131367,12.35,0.60,12,25.1,411,-96.66,-1.56,417;423;513,-98.22;-100.10;-101.85,417;423,-98.22;-100.10
	2026-09-20 10:01:44.322,120.13096329,30.27132207,12.01,0.79,10,135.7,411,-95.77,-0.42,417;513;429,-97.35;-97.44;-100.22,417;513,-97.35;-97.44
	2026-09-20 10:01:44.576,120.13095947,30.27130646,12.22,0.50,8,139.1,417,-93.59,1.56,411;501;513,-97.74;-98.24;-100.34,411;501,-97.74;-98.24
	2026-09-20 10:01:44.842,120.13097992,30.27130658,11.96,0.84,13,137.6,417,-96.96,-2.23,513;411;507,-97.66;-98.47;-99.89,513;411,-97.66;-98.47
	2026-09-20 10:01:45.030,120.13096801,30.27131756,11.68,0.42,12,143.8,411,-95.03,-2.83,417;507;501,-96.37;-100.56;-102.20,417;507,-96.37;-100.56
	2026-09-20 10:01:45.329,120.13098168,30.27130183,11.79,0.92,13,358.5,417,-94.82,-0.07,513;411;501,-96.84;-96.88;-100.35,513;411,-96.84;-96.88
	2026-09-20 10:01:45.609,120.13098209,30.27131349,11.87,0.81,13,50.8,411,-96.69,-2.30,417;513;507,-98.10;-98.85;-99.75,417;513,-98.10;-98.85
	2026-09-20 10:01:45.920,120.13097858,30.27130317,12.33,0.27,9,305.4,417,-95.90,-0.23,513;411;501,-97.62;-97.80;-102.20,513;411,-97.62;-97.80
	2026-09-20 10:01:46.101,120.13098407,30.27130490,11.69,0.34,8,7.7,417,-98.61,-0.84,411;513;501,-99.50;-99.70;-100.90,411;513,-99.50;-99.70
	2026-09-20 10:01:46.373,120.13096754,30.27130838,11.93,0.86,11,22.3,417,-98.08,-2.74,411;513;501,-98.15;-98.82;-101.22,411;513,-98.15;-98.82
	2026-09-20 10:01:46.605,120.13097691,30.27131262,12.09,1.18,10,78.2,417,-96.79,-0.92,411;507;513,-97.09;-100.74;-101.24,411;507,-97.09;-100.74
	2026-09-20 10:01:46.830,120.13098617,30.27131528,12.02,1.01,12,269.9,417,-94.98,-1.09,411;513;501,-96.62;-99.57;-100.03,411;513,-96.62;-99.57
	2026-09-20 10:01:47.088,120.13098763,30.27130289,12.17,1.38,9,336.5,417,-96.11,1.79,411;513;423,-98.94;-98.96;-100.00,411;513,-98.94;-98.96
	2026-09-20 10:01:47.344,120.13097745,30.27131950,11.92,0.24,14,0.3,417,-95.24,0.26,411;513;429,-98.11;-98.95;-100.89,411;513,-98.11;-98.95
	2026-09-20 10:01:47.620,120.13098770,30.27130669,11.90,0.79,11,182.8,417,-96.25,0.23,507;411;513,-98.51;-98.59;-100.19,507;411,-98.51;-98.59
	2026-09-20 10:01:47.940,120.13098285,30.27130824,12.30,1.37,11,10.7,417,-94.90,-0.41,411;513;507,-96.09;-99.51;-99.97,411;513,-96.09;-99.51
	2026-09-20 10:01:48.147,120.13098667,30.27130498,12.27,0.31,8,329.2,417,-93.94,1.97,411;513;429,-98.86;-99.18;-102.12,411;513,-98.86;-99.18
	2026-09-20 10:01:48.454,120.13099943,30.27131899,11.87,0.96,9,314.8,417,-95.53,-4.12,513;411;423,-95.58;-98.58;-101.29,513;411,-95.58;-98.58
	2026-09-20 10:01:48.685,120.13099439,30.27130169,12.17,0.32,10,199.7,417,-96.47,-1.41,513;411;423,-97.68;-98.77;-101.15,513;411,-97.68;-98.77
	2026-09-20 10:01:48.981,120.13099171,30.27130558,11.62,0.86,13,26.0,417,-96.38,-2.24,513;411;423,-96.71;-98.77;-101.41,513;411,-96.71;-98.77
	2026-09-20 10:01:49.270,120.13099535,30.27130929,12.23,0.65,14,219.9,411,-95.67,-3.56,417;513;429,-96.22;-98.05;-101.18,417;513,-96.22;-98.05
	2026-09-20 10:01:49.560,120.13100510,30.27132035,12.25,0.65,14,296.6,417,-94.95,1.90,411;513;501,-98.39;-98.55;-98.93,411;513,-98.39;-98.55
	2026-09-20 10:01:49.845,120.13099062,30.27132143,12.30,1.12,12,76.0,417,-96.22,-0.83,411;423;513,-97.54;-98.45;-98.76,411;423,-97.54;-98.45
	2026-09-20 10:01:50.148,120.13099798,30.27130818,12.20,0.44,8,233.3,417,-96.01,-2.81,411;513;501,-97.65;-99.88;-100.92,411;513,-97.65;-99.88
	2026-09-20 10:01:50.343,120.13100347,30.27131310,11.63,0.55,11,187.0,417,-95.04,-1.32,411;513;507,-97.37;-100.25;-101.51,411;513,-97.37;-100.25
	2026-09-20 10:01:50.529,120.13101645,30.27131264,11.82,0.63,12,38.9,417,-92.99,3.39,513;411;429,-98.29;-99.52;-100.10,513;411,-98.29;-99.52
	2026-09-20 10:01:50.770,120.13099664,30.27130253,12.06,0.72,10,249.9,411,-97.88,-0.88,417;513;501,-98.02;-98.18;-100.36,417;513,-98.02;-98.18
	2026-09-20 10:01:51.027,120.13100008,30.27131658,12.31,1.36,11,214.1,417,-96.51,-1.80,411;507;513,-98.54;-101.08;-101.28,411;507,-98.54;-101.08
	2026-09-20 10:01:51.284,120.13099896,30.27130682,11.61,1.10,11,202.7,417,-94.19,2.03,513;411;501,-98.54;-100.72;-101.91,513;411,-98.54;-100.72
	2026-09-20 10:01:51.495,120.13100710,30.27131682,11.79,0.65,8,285.5,417,-97.15,-1.30,411;513;429,-98.49;-98.61;-101.49,411;513,-98.49;-98.61
	2026-09-20 10:01:51.815,120.13101647,30.27131376,11.92,0.29,8,21.2,417,-95.95,2.18,513;411;429,-98.81;-99.91;-100.30,513;411,-98.81;-99.91
	2026-09-20 10:01:52.130,120.13102540,30.27131760,12.07,1.39,12,167.8,417,-96.58,-0.80,411;507;423,-97.85;-99.42;-100.13,411;507,-97.85;-99.42
	2026-09-20 10:01:52.440,120.13101554,30.27131508,12.07,0.24,14,59.0,417,-96.37,-0.84,411;513;429,-96.63;-100.83;-100.84,411;513,-96.63;-100.83
	2026-09-20 10:01:52.680,120.13102553,30.27130261,12.31,1.19,11,243.5,417,-95.98,3.05,513;411;501,-99.54;-100.54;-100.71,513;411,-99.54;-100.54
	2026-09-20 10:01:52.919,120.13102207,30.27131817,11.69,0.40,8,284.8,411,-95.50,-2.25,417;513;507,-96.11;-98.23;-100.81,417;513,-96.11;-98.23
	2026-09-20 10:01:53.128,120.13101771,30.27131383,11.61,1.32,13,177.6,417,-96.82,-0.74,513;411;501,-97.69;-98.79;-100.87,513;411,-97.69;-98.79
	2026-09-20 10:01:53.379,120.13102957,30.27131494,12.35,0.23,10,164.9,417,-95.58,1.69,513;411;429,-99.18;-100.43;-101.75,513;411,-99.18;-100.43
	2026-09-20 10:01:53.685,120.13102096,30.27131517,11.87,1.11,11,328.1,417,-93.79,-0.86,411;513;501,-96.40;-98.77;-102.07,411;513,-96.40;-98.77
	2026-09-20 10:01:53.927,120.13103409,30.27131642,11.68,0.43,8,333.5,417,-94.73,-0.48,513;411;501,-96.84;-100.05;-102.20,513;411,-96.84;-100.05
	2026-09-20 10:01:54.222,120.13102409,30.27132252,12.36,0.63,12,101.4,417,-96.06,1.27,411;507;513,-99.11;-99.16;-100.17,411;507,-99.11;-99.16
	2026-09-20 10:01:54.443,120.13102683,30.27132046,12.23,1.29,9,231.5,417,-96.20,-1.48,513;411;501,-98.03;-99.25;-101.46,513;411,-98.03;-99.25
	2026-09-20 10:01:54.734,120.13103497,30.27130984,12.17,0.73,13,91.4,417,-92.24,1.72,411;513;501,-96.97;-100.50;-102.20,411;513,-96.97;-100.50
	2026-09-20 10:01:55.019,120.13102915,30.27131761,11.62,0.36,12,152.3,417,-95.53,-0.09,513;411;501,-98.56;-100.78;-102.20,513;411,-98.56;-100.78
	2026-09-20 10:01:55.323,120.13103686,30.27132146,12.15,0.57,8,356.6,417,-96.42,-2.83,411;513;501,-96.71;-100.75;-102.20,411;513,-96.71;-100.75
	2026-09-20 10:01:55.636,120.13104742,30.27131953,12.01,0.36,8,289.3,417,-92.94,3.04,513;411;507,-99.11;-100.37;-101.23,513;411,-99.11;-100.37
	2026-09-20 10:01:55.899,120.13102635,30.27130667,12.33,1.00,8,135.2,417,-93.62,2.76,411;513;501,-97.88;-99.95;-100.96,411;513,-97.88;-99.95
	2026-09-20 10:01:56.116,120.13103500,30.27132217,12.33,1.28,14,103.1,417,-92.95,1.10,411;513;501,-95.97;-99.51;-102.20,411;513,-95.97;-99.51
	2026-09-20 10:01:56.379,120.13103725,30.27130800,12.35,0.38,10,139.1,417,-92.92,3.88,411;513;429,-98.15;-99.42;-100.85,411;513,-98.15;-99.42
	2026-09-20 10:01:56.678,120.13105036,30.27130337,11.91,1.21,14,340.5,417,-94.80,1.81,513;429;507,-99.56;-100.89;-101.64,513;429,-99.56;-100.89
	2026-09-20 10:01:56.878,120.13104362,30.27131461,11.68,0.99,13,292.1,417,-93.60,2.44,501;411;507,-98.60;-99.60;-100.82,501;411,-98.60;-99.60
	2026-09-20 10:01:57.184,120.13103366,30.27131018,12.05,1.25,10,132.9,417,-95.06,-0.13,513;411;423,-97.54;-97.61;-100.03,513;411,-97.54;-97.61
	2026-09-20 10:01:57.446,120.13105777,30.27130526,12.07,0.72,8,357.8,417,-95.17,1.63,513;411;429,-100.05;-100.15;-100.50,513;411,-100.05;-100.15
	2026-09-20 10:01:57.640,120.13103815,30.27130751,12.19,0.81,8,109.1,417,-94.17,0.94,411;513;429,-97.01;-97.40;-98.82,411;513,-97.01;-97.40
	2026-09-20 10:01:57.861,120.13105637,30.27131954,11.92,0.97,14,234.6,417,-94.15,4.20,411;507;513,-100.15;-100.21;-100.36,411;507,-100.15;-100.21
	2026-09-20 10:01:58.136,120.13105677,30.27132248,11.93,0.24,10,8.0,417,-94.86,0.45,411;501;507,-99.21;-100.65;-102.20,411;501,-99.21;-100.65
	2026-09-20 10:01:58.350,120.13106061,30.27131786,12.02,1.34,10,119.2,417,-94.23,2.68,513;411;423,-98.58;-98.63;-101.91,513;411,-98.58;-98.63
	2026-09-20 10:01:58.652,120.13105334,30.27130928,11.83,0.68,11,55.2,417,-92.78,2.72,513;411;507,-96.60;-98.74;-101.14,513;411,-96.60;-98.74
	2026-09-20 10:01:58.932,120.13106623,30.27131758,12.11,1.08,14,292.9,417,-95.16,0.27,411;513;507,-98.07;-100.01;-100.14,411;513,-98.07;-100.01
	2026-09-20 10:01:59.148,120.13106789,30.27130821,11.91,0.37,8,183.5,417,-94.49,-1.35,411;513;507,-97.53;-100.21;-100.99,411;513,-97.53;-100.21
	2026-09-20 10:01:59.416,120.13105292,30.27132227,12.12,0.24,9,253.2,417,-94.55,-0.82,411;513;507,-95.35;-100.51;-101.49,411;513,-95.35;-100.51
	2026-09-20 10:01:59.608,120.13107273,30.27130890,12.36,1.10,11,171.4,417,-94.49,2.24,411;513;429,-98.96;-100.07;-100.27,411;513,-98.96;-100.07
	2026-09-20 10:01:59.837,120.13105129,30.27132141,12.34,0.60,13,201.5,417,-92.82,2.49,513;507;411,-98.04;-100.92;-101.00,513;507,-98.04;-100.92
	2026-09-20 10:02:00.060,120.13106146,30.27131761,11.89,0.79,11,287.1,417,-94.69,0.34,513;411;501,-98.61;-98.63;-101.16,513;411,-98.61;-98.63
	2026-09-20 10:02:00.345,120.13106451,30.27130574,11.80,0.94,8,62.0,417,-93.94,0.41,411;513;507,-96.73;-98.72;-100.61,411;513,-96.73;-98.72
	2026-09-20 10:02:00.549,120.13106081,30.27131898,12.08,1.03,13,89.0,417,-95.20,-1.04,513;423;411,-96.95;-99.77;-100.59,513;423,-96.95;-99.77
	2026-09-20 10:02:00.813,120.13107340,30.27130276,11.85,0.66,12,113.8,417,-92.62,2.60,411;513;501,-98.62;-99.03;-101.64,411;513,-98.62;-99.03
	2026-09-20 10:02:01.124,120.13106254,30.27132077,11.97,0.59,8,233.3,417,-95.16,0.76,513;411;501,-99.42;-101.91;-102.20,513;411,-99.42;-101.91
	2026-09-20 10:02:01.401,120.13106386,30.27130654,12.21,0.23,9,114.4,417,-91.95,6.35,501;411;429,-100.02;-100.82;-100.87,501;411,-100.02;-100.82
	2026-09-20 10:02:01.610,120.13108244,30.27131267,12.50,0.92,14,20.6,417,-94.99,1.07,411;501;513,-97.66;-100.27;-100.38,411;501,-97.66;-100.27
	2026-09-20 10:02:01.832,120.13108888,30.27130134,11.51,1.18,13,206.3,417,-91.36,4.10,513;411;501,-97.62;-100.31;-102.20,513;411,-97.62;-100.31
	2026-09-20 10:02:02.107,120.13108590,30.27130307,12.09,1.08,8,100.4,417,-94.82,2.76,513;423;411,-98.90;-102.02;-102.08,513;423,-98.90;-102.02
	2026-09-20 10:02:02.374,120.13109216,30.27131347,11.81,0.60,14,232.2,417,-92.58,3.45,513;411;501,-99.13;-100.83;-101.31,513;411,-99.13;-100.83
	2026-09-20 10:02:02.680,120.13108676,30.27130376,11.68,0.23,14,339.6,417,-91.29,4.25,513;411;423,-97.17;-98.51;-99.38,513;411,-97.17;-98.51
	2026-09-20 10:02:02.894,120.13108341,30.27132232,11.97,0.23,13,282.9,417,-96.17,-0.47,513;411;507,-97.71;-98.54;-100.05,513;411,-97.71;-98.54
	2026-09-20 10:02:03.170,120.13108696,30.27130343,12.19,0.74,12,188.9,417,-94.22,1.31,411;513;429,-97.79;-99.73;-101.39,411;513,-97.79;-99.73
	2026-09-20 10:02:03.391,120.13109586,30.27131035,12.21,0.71,8,238.8,417,-94.98,1.88,411;513;501,-98.72;-102.01;-102.13,411;513,-98.72;-102.01
	2026-09-20 10:02:03.710,120.13108355,30.27130325,12.13,0.68,12,208.5,417,-96.83,-0.74,513;411;507,-98.76;-99.60;-101.64,513;411,-98.76;-99.60
	2026-09-20 10:02:04.003,120.13108163,30.27132163,12.11,0.99,13,128.8,417,-93.52,3.63,513;411;501,-99.19;-99.65;-99.84,513;411,-99.19;-99.65
	2026-09-20 10:02:04.277,120.13109754,30.27131210,12.09,1.09,13,177.8,417,-92.60,4.28,411;513;423,-98.46;-99.90;-101.89,411;513,-98.46;-99.90
	2026-09-20 10:02:04.551,120.13110095,30.27130781,11.91,0.47,10,326.7,417,-93.45,2.61,411;513;507,-98.20;-98.59;-101.86,411;513,-98.20;-98.59
	2026-09-20 10:02:04.758,120.13109514,30.27131122,11.52,0.26,8,136.5,417,-92.94,2.24,411;513;423,-97.96;-99.51;-99.81,411;513,-97.96;-99.51
	2026-09-20 10:02:05.063,120.13110474,30.27130993,11.56,1.10,14,276.4,417,-91.75,1.86,513;411;507,-96.70;-97.34;-99.47,513;411,-96.70;-97.34
	2026-09-20 10:02:05.264,120.13109713,30.27132179,12.31,0.51,12,170.5,417,-92.83,2.10,411;429;507,-98.83;-100.39;-100.75,411;429,-98.83;-100.39
	2026-09-20 10:02:05.511,120.13109824,30.27131239,11.75,1.35,9,138.2,417,-94.83,0.03,411;501;513,-97.25;-98.58;-100.12,411;501,-97.25;-98.58
	2026-09-20 10:02:05.714,120.13109094,30.27130451,12.12,0.48,10,284.5,417,-94.60,2.54,513;501;423,-97.36;-101.25;-101.76,513;501,-97.36;-101.25
	2026-09-20 10:02:06.021,120.13109379,30.27130217,11.60,0.92,14,143.8,417,-95.46,-0.95,513;411;429,-97.41;-97.74;-100.68,513;411,-97.41;-97.74
	2026-09-20 10:02:06.238,120.13110119,30.27130204,11.72,0.65,10,20.0,417,-96.20,0.96,411;507;501,-97.81;-101.06;-102.20,411;507,-97.81;-101.06
	2026-09-20 10:02:06.459,120.13111454,30.27131527,12.34,0.94,8,90.1,417,-93.25,1.02,411;429;513,-97.85;-99.71;-100.03,411;429,-97.85;-99.71
	2026-09-20 10:02:06.697,120.13109658,30.27131674,12.48,0.50,12,267.5,417,-91.52,6.47,513;501;411,-98.36;-100.52;-100.80,513;501,-98.36;-100.52
	2026-09-20 10:02:06.919,120.13111507,30.27130375,12.49,0.51,11,143.0,417,-93.54,2.98,513;507;429,-100.17;-100.78;-101.23,513;507,-100.17;-100.78
	2026-09-20 10:02:07.192,120.13111047,30.27131219,12.25,0.91,10,268.9,417,-92.96,2.59,411;513;429,-98.41;-100.58;-101.43,411;513,-98.41;-100.58
	2026-09-20 10:02:07.374,120.13112378,30.27131907,12.45,0.55,9,219.6,417,-92.44,-1.15,513;411;501,-95.58;-99.84;-99.97,513;411,-95.58;-99.84
	2026-09-20 10:02:07.659,120.13110799,30.27132087,11.50,1.20,10,53.9,417,-96.77,-0.44,411;513;507,-98.45;-101.13;-101.90,411;513,-98.45;-101.13
	2026-09-20 10:02:07.868,120.13111629,30.27131159,12.36,1.17,11,152.1,417,-92.63,3.51,513;411;507,-96.84;-99.30;-101.33,513;411,-96.84;-99.30
	2026-09-20 10:02:08.173,120.13112233,30.27131111,11.92,1.21,10,11.9,417,-92.96,1.20,507;411;513,-97.98;-98.50;-102.03,507;411,-97.98;-98.50
	2026-09-20 10:02:08.376,120.13112095,30.27130439,12.38,0.61,8,210.9,417,-91.73,9.15,411;507;513,-101.22;-101.66;-102.10,411;507,-101.22;-101.66
	2026-09-20 10:02:08.596,120.13112619,30.27131628,11.74,0.75,13,248.0,417,-95.08,0.01,429;501;513,-98.86;-100.27;-100.74,429;501,-98.86;-100.27
	2026-09-20 10:02:08.869,120.13111514,30.27131296,11.61,0.79,9,265.7,417,-89.94,8.06,411;513;501,-100.37;-100.87;-101.74,411;513,-100.37;-100.87
	2026-09-20 10:02:09.130,120.13112754,30.27131589,12.38,1.33,11,320.9,417,-93.03,4.50,411;513;429,-98.49;-99.84;-100.74,411;513,-98.49;-99.84
	2026-09-20 10:02:09.361,120.13111361,30.27130502,11.98,0.60,10,322.5,417,-90.61,6.12,513;411;423,-97.69;-99.80;-100.89,513;411,-97.69;-99.80
	2026-09-20 10:02:09.585,120.13111938,30.27130687,12.22,0.27,11,49.0,417,-94.85,3.52,513;411;507,-100.19;-100.51;-101.25,513;411,-100.19;-100.51
	2026-09-20 10:02:09.781,120.13112492,30.27131847,11.67,0.57,10,295.7,417,-94.80,-1.16,513;411;501,-96.18;-100.18;-101.40,513;411,-96.18;-100.18
	2026-09-20 10:02:10.006,120.13113683,30.27130451,11.87,0.43,12,87.1,417,-92.83,2.45,411;513;507,-96.87;-97.50;-100.41,411;513,-96.87;-97.50
	2026-09-20 10:02:10.281,120.13114377,30.27131045,12.35,0.85,14,2.1,417,-93.13,4.12,411;423;507,-99.58;-100.29;-100.35,411;423,-99.58;-100.29
	2026-09-20 10:02:10.467,120.13114639,30.27131273,11.79,1.04,8,123.0,417,-93.03,3.03,411;513;423,-98.12;-98.80;-100.65,411;513,-98.12;-98.80
	2026-09-20 10:02:10.739,120.13112658,30.27130804,11.98,0.54,10,345.5,417,-94.53,0.88,411;429;513,-98.64;-99.39;-100.43,411;429,-98.64;-99.39
	2026-09-20 10:02:10.995,120.13112873,30.27131220,11.60,1.00,8,136.5,417,-91.70,4.34,411;513;507,-98.28;-100.20;-102.02,411;513,-98.28;-100.20
	2026-09-20 10:02:11.260,120.13114294,30.27131708,12.41,1.31,13,80.2,417,-91.89,2.68,513;411;501,-97.11;-99.25;-101.03,513;411,-97.11;-99.25
	2026-09-20 10:02:11.567,120.13114702,30.27130792,11.82,1.30,10,60.2,417,-94.06,1.16,411;513;501,-98.40;-100.25;-101.05,411;513,-98.40;-100.25
	2026-09-20 10:02:11.802,120.13113756,30.27131919,11.87,1.10,9,150.9,417,-92.58,4.47,513;411;501,-98.45;-100.20;-102.20,513;411,-98.45;-100.20
	2026-09-20 10:02:11.986,120.13115567,30.27130686,11.55,0.94,8,91.7,417,-90.14,5.40,411;513;507,-99.95;-99.98;-100.14,411;513,-99.95;-99.98
	2026-09-20 10:02:12.287,120.13114867,30.27131311,12.08,1.01,14,162.3,417,-92.60,3.54,513;411;507,-98.62;-100.94;-102.14,513;411,-98.62;-100.94
	2026-09-20 10:02:12.561,120.13113662,30.27130193,12.14,1.13,14,60.6,417,-92.03,5.68,513;411;429,-99.68;-100.31;-101.55,513;411,-99.68;-100.31
	2026-09-20 10:02:12.833,120.13113777,30.27131773,11.60,0.56,12,55.3,417,-93.50,2.56,411;513;507,-99.59;-101.68;-101.93,411;513,-99.59;-101.68
	2026-09-20 10:02:13.033,120.13115894,30.27130478,11.70,0.28,13,126.9,417,-92.04,3.67,411;513;501,-99.57;-101.86;-102.20,411;513,-99.57;-101.86
	2026-09-20 10:02:13.293,120.13114023,30.27131984,12.47,0.44,12,150.5,417,-88.33,6.14,411;513;507,-98.01;-98.47;-101.39,411;513,-98.01;-98.47
	2026-09-20 10:02:13.612,120.13116526,30.27131151,12.04,0.83,9,30.4,417,-92.90,3.91,411;507;513,-99.24;-100.09;-100.70,411;507,-99.24;-100.09
	2026-09-20 10:02:13.898,120.13114892,30.27131757,12.33,1.11,9,47.3,417,-93.42,0.50,411;513;423,-96.11;-99.16;-100.89,411;513,-96.11;-99.16
	2026-09-20 10:02:14.104,120.13116279,30.27130714,11.59,0.33,11,135.7,417,-91.65,3.70,411;507;501,-99.03;-99.90;-101.12,411;507,-99.03;-99.90
	2026-09-20 10:02:14.343,120.13115922,30.27131504,11.67,0.82,11,254.3,417,-90.55,6.42,507;513;411,-97.92;-98.70;-99.73,507;513,-97.92;-98.70
	2026-09-20 10:02:14.550,120.13115100,30.27130730,12.49,0.96,11,238.8,417,-94.12,1.14,411;513;423,-97.66;-98.31;-100.14,411;513,-97.66;-98.31
	2026-09-20 10:02:14.838,120.13115437,30.27131990,12.19,0.91,13,80.0,417,-94.06,1.47,513;411;423,-98.72;-99.26;-99.44,513;411,-98.72;-99.26
	2026-09-20 10:02:15.116,120.13115427,30.27131778,12.31,1.03,8,21.1,417,-94.79,4.84,513;411;429,-100.77;-100.98;-101.72,513;411,-100.77;-100.98
	2026-09-20 10:02:15.312,120.13115561,30.27130208,11.51,1.40,12,357.0,417,-90.48,4.61,513;411;423,-97.07;-99.76;-102.03,513;411,-97.07;-99.76
	2026-09-20 10:02:15.543,120.13116493,30.27132085,12.19,0.83,9,358.5,417,-89.49,5.38,513;411;429,-97.11;-99.37;-101.99,513;411,-97.11;-99.37
	2026-09-20 10:02:15.786,120.13117969,30.27132186,11.89,0.45,12,202.7,417,-94.66,0.45,513;429;507,-96.99;-98.86;-100.57,513;429,-96.99;-98.86
	2026-09-20 10:02:16.092,120.13117893,30.27131887,11.63,0.55,8,26.0,417,-90.15,7.93,411;513;507,-99.22;-99.80;-100.99,411;513,-99.22;-99.80
	2026-09-20 10:02:16.408,120.13117470,30.27131419,11.64,0.89,10,225.2,417,-90.31,8.06,411;513;507,-99.95;-99.97;-100.73,411;513,-99.95;-99.97
	2026-09-20 10:02:16.605,120.13116781,30.27130208,11.79,1.22,9,288.7,417,-90.52,6.41,513;411;507,-99.24;-99.80;-100.80,513;411,-99.24;-99.80
	2026-09-20 10:02:16.809,120.13116515,30.27131812,12.30,0.81,12,98.2,417,-89.12,7.64,411;507;423,-99.63;-100.11;-100.21,411;507,-99.63;-100.11
	2026-09-20 10:02:17.039,120.13116575,30.27130966,12.04,0.47,12,146.9,417,-89.58,8.24,513;411;501,-99.64;-101.05;-102.20,513;411,-99.64;-101.05
	2026-09-20 10:02:17.240,120.13117137,30.27131993,12.27,0.53,12,352.5,417,-92.02,2.47,411;513;507,-97.75;-100.20;-100.62,411;513,-97.75;-100.20
	2026-09-20 10:02:17.500,120.13117862,30.27131789,12.13,0.66,13,145.5,417,-92.35,2.84,513;411;423,-98.17;-98.36;-101.39,513;411,-98.17;-98.36
	2026-09-20 10:02:17.718,120.13118161,30.27130815,12.34,1.09,11,192.7,417,-92.56,5.20,411;507;513,-99.95;-100.99;-101.20,411;507,-99.95;-100.99
	2026-09-20 10:02:17.899,120.13119573,30.27130736,11.99,0.57,10,248.1,417,-93.50,6.26,429;513;411,-100.70;-100.73;-101.15,429;513,-100.70;-100.73
	2026-09-20 10:02:18.103,120.13119720,30.27131468,11.70,0.92,9,347.6,417,-91.90,3.54,513;507;501,-98.10;-100.17;-102.20,513;507,-98.10;-100.17
	2026-09-20 10:02:18.312,120.13118141,30.27131925,12.41,0.42,13,67.1,417,-92.12,4.23,411;513;507,-98.00;-98.73;-101.99,411;513,-98.00;-98.73
	2026-09-20 10:02:18.509,120.13118928,30.27131545,12.49,0.73,10,140.8,417,-91.41,3.75,513;507;411,-97.84;-98.79;-99.09,513;507,-97.84;-98.79
	2026-09-20 10:02:18.689,120.13119692,30.27132219,12.15,1.14,8,219.5,417,-90.87,3.88,513;501;507,-97.17;-102.20;-102.20,513;501,-97.17;-102.20
	2026-09-20 10:02:18.914,120.13120144,30.27132168,11.54,1.37,8,241.4,417,-89.60,8.02,513;429;411,-99.74;-100.61;-100.62,513;429,-99.74;-100.61
	2026-09-20 10:02:19.197,120.13120053,30.27130791,11.92,0.60,9,156.3,417,-91.68,4.44,411;513;501,-97.40;-99.13;-101.81,411;513,-97.40;-99.13
	2026-09-20 10:02:19.512,120.13120716,30.27131531,12.41,1.22,10,291.7,417,-92.54,4.34,513;411;507,-98.95;-100.05;-100.11,513;411,-98.95;-100.05
	2026-09-20 10:02:19.822,120.13119749,30.27131960,11.92,0.89,14,205.1,417,-91.50,4.14,411;429;513,-100.57;-100.82;-100.85,411;429,-100.57;-100.82
	2026-09-20 10:02:20.131,120.13119477,30.27130262,12.09,0.90,8,315.9,417,-90.10,5.83,513;411;423,-97.71;-101.07;-101.31,513;411,-97.71;-101.07
	2026-09-20 10:02:20.324,120.13119207,30.27130875,12.15,0.22,11,155.5,417,-91.19,4.99,513;411;501,-98.02;-99.79;-102.20,513;411,-98.02;-99.79
	2026-09-20 10:02:20.575,120.13119512,30.27131206,12.30,0.40,10,153.3,417,-91.05,3.98,513;411;507,-97.05;-100.39;-101.02,513;411,-97.05;-100.39
	2026-09-20 10:02:20.892,120.13119650,30.27130692,12.08,0.87,14,272.7,417,-91.69,7.93,411;507;513,-100.50;-100.52;-100.93,411;507,-100.50;-100.52
	2026-09-20 10:02:21.143,120.13119686,30.27130821,12.20,0.83,13,99.6,417,-92.32,5.85,507;513;411,-100.69;-100.80;-102.04,507;513,-100.69;-100.80
	2026-09-20 10:02:21.351,120.13120899,30.27131439,12.17,1.08,10,2.1,417,-90.95,5.98,513;411;501,-99.24;-99.38;-102.20,513;411,-99.24;-99.38
	2026-09-20 10:02:21.577,120.13119801,30.27130918,11.76,1.05,8,195.7,417,-92.74,2.22,513;507;501,-98.45;-100.77;-102.20,513;507,-98.45;-100.77
	2026-09-20 10:02:21.876,120.13120203,30.27130984,11.65,0.29,9,106.4,417,-92.23,5.48,411;513;501,-100.03;-101.35;-102.20,411;513,-100.03;-101.35
	2026-09-20 10:02:22.092,120.13121190,30.27131339,12.39,1.36,14,128.0,417,-92.34,5.61,411;429;501,-99.32;-100.69;-101.01,411;429,-99.32;-100.69
	2026-09-20 10:02:22.324,120.13120156,30.27131040,11.60,0.83,14,32.1,417,-92.54,4.18,513;507;411,-98.82;-100.01;-100.56,513;507,-98.82;-100.01
	2026-09-20 10:02:22.564,120.13120518,30.27131974,12.00,1.14,12,231.3,417,-92.38,4.45,507;411;501,-99.60;-101.11;-102.20,507;411,-99.60;-101.11
	2026-09-20 10:02:22.744,120.13121078,30.27131077,11.73,0.89,9,60.1,417,-92.40,4.79,507;513;411,-99.53;-100.46;-101.28,507;513,-99.53;-100.46
	2026-09-20 10:02:22.957,120.13121075,30.27130174,11.52,0.22,14,186.7,417,-89.63,7.69,507;513;411,-99.32;-100.92;-101.55,507;513,-99.32;-100.92
	2026-09-20 10:02:23.257,120.13121972,30.27130324,12.23,0.21,11,62.2,417,-90.70,5.54,411;429;501,-98.61;-102.10;-102.20,411;429,-98.61;-102.10
	2026-09-20 10:02:23.574,120.13122889,30.27130353,11.53,0.71,8,181.8,417,-91.14,8.37,411;507;513,-100.66;-101.10;-101.28,411;507,-100.66;-101.10
	2026-09-20 10:02:23.857,120.13121592,30.27131634,12.10,1.04,9,113.4,417,-91.08,5.56,411;513;423,-99.98;-100.48;-102.16,411;513,-99.98;-100.48
	2026-09-20 10:02:24.107,120.13123620,30.27130452,11.63,0.41,14,68.3,417,-90.13,5.61,429;513;411,-98.28;-99.76;-100.47,429;513,-98.28;-99.76
	2026-09-20 10:02:24.414,120.13122168,30.27131903,11.91,1.25,10,342.6,417,-89.27,5.74,411;513;501,-98.80;-99.34;-102.20,411;513,-98.80;-99.34
	2026-09-20 10:02:24.675,120.13122308,30.27131688,11.71,1.30,11,69.6,417,-92.29,5.30,411;507;513,-99.61;-100.85;-101.47,411;507,-99.61;-100.85
	2026-09-20 10:02:24.978,120.13122265,30.27130610,11.93,0.69,13,126.3,417,-93.32,3.52,513;411;507,-99.35;-99.71;-100.17,513;411,-99.35;-99.71
	2026-09-20 10:02:25.237,120.13122704,30.27130343,11.54,0.88,9,330.8,417,-87.43,7.77,411;501;507,-98.38;-99.61;-100.09,411;501,-98.38;-99.61
	2026-09-20 10:02:25.493,120.13124152,30.27131011,12.50,1.12,8,122.3,417,-89.21,8.43,411;513;507,-99.03;-99.72;-101.06,411;513,-99.03;-99.72
	2026-09-20 10:02:25.691,120.13124414,30.27130439,11.50,1.06,13,142.5,417,-91.15,7.14,513;507;411,-100.11;-100.94;-101.24,513;507,-100.11;-100.94
	2026-09-20 10:02:25.967,120.13122781,30.27131697,12.27,0.79,14,47.0,417,-92.31,4.92,423;513;507,-99.77;-100.00;-101.41,423;513,-99.77;-100.00
	2026-09-20 10:02:26.210,120.13122581,30.27131687,12.03,1.20,10,74.1,417,-89.70,8.05,513;507;411,-98.48;-98.52;-99.49,513;507,-98.48;-98.52
	2026-09-20 10:02:26.409,120.13124359,30.27131919,12.30,0.25,13,295.3,417,-87.79,11.42,411;429;507,-101.07;-101.97;-102.00,411;429,-101.07;-101.97
	2026-09-20 10:02:26.679,120.13124466,30.27131285,12.25,1.31,9,76.7,417,-90.88,6.14,507;429;411,-98.66;-99.86;-100.35,507;429,-98.66;-99.86
	2026-09-20 10:02:26.926,120.13124018,30.27131949,12.41,1.19,10,46.0,417,-91.89,6.34,513;507;429,-99.40;-100.77;-101.25,513;507,-99.40;-100.77
	2026-09-20 10:02:27.107,120.13123560,30.27130719,12.04,0.65,8,209.1,417,-89.61,6.32,513;411;507,-99.28;-99.86;-101.43,513;411,-99.28;-99.86
	2026-09-20 10:02:27.387,120.13123689,30.27131616,12.46,0.55,9,137.9,417,-90.24,6.63,513;429;411,-99.87;-100.67;-100.87,513;429,-99.87;-100.67
	2026-09-20 10:02:27.679,120.13124083,30.27131121,11.57,0.48,13,70.6,417,-90.34,7.15,507;411;501,-99.69;-101.50;-102.20,507;411,-99.69;-101.50
	2026-09-20 10:02:27.960,120.13123757,30.27131034,12.39,0.38,12,142.7,417,-89.74,7.75,513;507;501,-100.43;-101.10;-101.48,513;507,-100.43;-101.10
	2026-09-20 10:02:28.186,120.13125167,30.27130901,12.03,0.34,12,163.5,417,-89.17,6.28,513;411;501,-97.88;-99.45;-100.72,513;411,-97.88;-99.45
	2026-09-20 10:02:28.432,120.13125446,30.27131172,12.11,1.27,12,118.5,417,-88.99,5.78,513;411;507,-98.46;-99.61;-100.62,513;411,-98.46;-99.61
	2026-09-20 10:02:28.650,120.13125757,30.27131706,12.39,0.83,11,16.9,417,-89.13,8.47,423;513;507,-98.90;-100.93;-101.67,423;513,-98.90;-100.93
	2026-09-20 10:02:28.878,120.13124765,30.27130745,11.77,1.33,10,238.8,417,-90.58,7.32,513;501;411,-99.62;-101.44;-102.17,513;501,-99.62;-101.44
	2026-09-20 10:02:29.163,120.13126620,30.27131523,12.29,1.16,14,77.2,417,-91.23,7.01,429;513;507,-100.33;-100.54;-101.44,429;513,-100.33;-100.54
	2026-09-20 10:02:29.406,120.13126045,30.27130895,11.79,0.52,10,328.9,417,-89.80,7.42,411;429;513,-100.70;-100.95;-101.74,411;429,-100.70;-100.95
	2026-09-20 10:02:29.635,120.13126277,30.27130579,11.80,0.74,8,153.6,417,-90.44,6.90,411;513;501,-99.68;-100.13;-102.20,411;513,-99.68;-100.13
	2026-09-20 10:02:29.831,120.13126485,30.27131922,12.15,0.53,11,157.2,417,-90.53,7.53,513;411;507,-100.53;-101.15;-102.07,513;411,-100.53;-101.15
	2026-09-20 10:02:30.015,120.13125713,30.27130743,12.03,0.88,14,27.7,417,-94.17,0.91,429;513;411,-98.77;-99.11;-100.92,429;513,-98.77;-99.11
	2026-09-20 10:02:30.319,120.13126013,30.27131659,12.32,0.52,10,18.6,417,-88.97,9.14,411;513;501,-100.19;-100.91;-102.20,411;513,-100.19;-100.91
	2026-09-20 10:02:30.567,120.13125984,30.27130952,11.82,1.08,10,267.1,417,-87.60,10.43,513;507;411,-100.94;-101.21;-101.69,513;507,-100.94;-101.21
	2026-09-20 10:02:30.801,120.13125846,30.27131725,12.04,0.69,9,316.4,417,-90.41,7.88,411;501;513,-100.60;-101.63;-101.82,411;501,-100.60;-101.63
	2026-09-20 10:02:31.106,120.13127011,30.27131840,11.80,1.38,10,14.7,417,-89.83,7.33,513;507;423,-99.42;-100.86;-100.87,513;507,-99.42;-100.86
	2026-09-20 10:02:31.401,120.13127377,30.27130214,12.35,1.38,8,314.9,417,-90.85,4.99,513;411;429,-97.62;-100.64;-101.49,513;411,-97.62;-100.64
	2026-09-20 10:02:31.644,120.13127290,30.27130399,12.50,0.61,8,357.9,417,-91.24,6.75,429;513;501,-100.32;-100.76;-102.20,429;513,-100.32;-100.76
	2026-09-20 10:02:31.875,120.13127250,30.27131369,11.97,0.83,10,111.5,417,-90.04,3.78,507;513;411,-98.97;-99.04;-99.93,507;513,-98.97;-99.04
	2026-09-20 10:02:32.144,120.13128904,30.27131382,11.89,0.53,13,125.8,417,-89.37,4.96,513;411;507,-97.05;-100.94;-102.05,513;411,-97.05;-100.94
	2026-09-20 10:02:32.413,120.13127057,30.27131461,12.22,0.85,11,209.8,417,-88.70,11.49,411;501;507,-102.11;-102.20;-102.20,411;501,-102.11;-102.20
	2026-09-20 10:02:32.619,120.13127320,30.27131252,11.98,0.96,10,43.6,417,-89.07,5.84,513;411;501,-97.97;-99.21;-102.20,513;411,-97.97;-99.21
	2026-09-20 10:02:32.848,120.13127538,30.27131937,11.65,0.20,8,162.0,417,-88.85,9.46,411;507;513,-99.73;-101.11;-101.43,411;507,-99.73;-101.11
	2026-09-20 10:02:33.100,120.13129393,30.27131890,11.83,0.55,11,235.9,417,-88.49,4.93,507;513;423,-97.66;-97.77;-101.22,507;513,-97.66;-97.77
	2026-09-20 10:02:33.340,120.13128058,30.27131218,12.01,1.39,9,203.2,417,-91.24,4.85,507;513;423,-99.25;-99.30;-101.46,507;513,-99.25;-99.30
	2026-09-20 10:02:33.529,120.13128415,30.27131164,11.59,1.39,9,45.7,417,-87.63,9.55,423;513;507,-99.13;-100.65;-101.62,423;513,-99.13;-100.65
	2026-09-20 10:02:33.847,120.13129476,30.27131326,12.32,1.13,13,3.1,417,-90.42,8.37,513;507;501,-100.29;-100.46;-101.01,513;507,-100.29;-100.46
	2026-09-20 10:02:34.145,120.13129732,30.27132151,12.50,0.41,12,292.7,417,-87.29,10.67,429;501;507,-100.46;-101.17;-101.83,429;501,-100.46;-101.17
	2026-09-20 10:02:34.447,120.13128825,30.27132119,11.63,1.01,10,351.3,417,-89.39,8.17,507;411;429,-99.39;-101.00;-101.03,507;411,-99.39;-101.00
	2026-09-20 10:02:34.668,120.13129434,30.27130527,11.81,0.63,14,93.1,417,-91.01,5.96,411;507;513,-101.26;-101.39;-101.71,411;507,-101.26;-101.39
	2026-09-20 10:02:34.942,120.13129469,30.27132222,11.67,0.48,14,300.0,417,-87.21,8.64,513;501;507,-99.61;-102.20;-102.20,513;501,-99.61;-102.20
	2026-09-20 10:02:35.146,120.13130165,30.27132210,11.61,1.23,11,14.4,417,-88.53,10.24,507;513;501,-100.91;-101.63;-102.20,507;513,-100.91;-101.63
	2026-09-20 10:02:35.397,120.13129957,30.27131840,12.09,0.73,8,166.5,417,-89.98,5.82,411;513;507,-99.02;-99.96;-101.83,411;513,-99.02;-99.96
	2026-09-20 10:02:35.632,120.13130625,30.27130115,12.33,0.81,12,235.1,417,-88.83,5.88,513;411;507,-99.33;-99.50;-100.62,513;411,-99.33;-99.50
	2026-09-20 10:02:35.880,120.13130406,30.27131445,12.03,1.38,12,275.5,417,-89.88,6.63,513;507;423,-99.61;-100.45;-102.07,513;507,-99.61;-100.45
	2026-09-20 10:02:36.124,120.13130007,30.27130767,11.98,1.26,12,85.9,417,-89.61,6.73,513;411;501,-98.18;-100.79;-101.84,513;411,-98.18;-100.79
	2026-09-20 10:02:36.413,120.13130919,30.27132257,11.56,1.27,9,57.2,417,-86.15,12.00,513;501;507,-101.09;-102.20;-102.20,513;501,-101.09;-102.20
	2026-09-20 10:02:36.674,120.13130428,30.27130197,12.36,1.25,8,113.6,417,-88.60,6.44,507;411;513,-98.39;-99.47;-101.84,507;411,-98.39;-99.47
	2026-09-20 10:02:36.875,120.13130012,30.27130296,11.54,0.39,11,197.8,417,-88.18,9.90,507;513;429,-100.10;-100.19;-101.78,507;513,-100.10;-100.19
	2026-09-20 10:02:37.166,120.13130777,30.27131456,11.63,1.21,10,149.3,417,-91.52,7.10,411;513;429,-101.02;-102.00;-102.01,411;513,-101.02;-102.00
	2026-09-20 10:02:37.475,120.13131929,30.27130595,11.84,0.30,8,289.5,417,-90.74,7.12,513;429;501,-101.20;-101.21;-102.20,513;429,-101.20;-101.21
	2026-09-20 10:02:37.792,120.13130731,30.27131774,11.70,1.35,13,74.6,417,-88.96,7.77,411;507;501,-99.15;-100.80;-102.20,411;507,-99.15;-100.80
	2026-09-20 10:02:38.056,120.13132680,30.27131926,11.74,0.22,11,41.6,417,-89.85,7.08,507;513;411,-100.24;-101.63;-101.64,507;513,-100.24;-101.63
	2026-09-20 10:02:38.333,120.13132678,30.27131259,11.52,0.88,10,153.3,417,-91.51,5.43,507;501;513,-99.73;-100.03;-100.36,507;501,-99.73;-100.03
	2026-09-20 10:02:38.538,120.13131280,30.27131825,12.34,0.96,10,337.6,417,-87.18,8.45,513;429;411,-99.47;-100.62;-101.24,513;429,-99.47;-100.62
	2026-09-20 10:02:38.724,120.13130996,30.27130734,12.47,0.91,10,167.1,417,-92.45,6.29,507;411;501,-99.86;-100.74;-102.20,507;411,-99.86;-100.74
	2026-09-20 10:02:38.979,120.13130992,30.27131219,11.65,0.69,9,27.5,417,-91.62,3.52,513;423;411,-99.02;-101.75;-102.10,513;423,-99.02;-101.75
	2026-09-20 10:02:39.210,120.13133515,30.27130250,11.74,0.75,14,92.4,417,-87.92,11.19,507;501;513,-101.00;-101.72;-101.74,507;501,-101.00;-101.72
	2026-09-20 10:02:39.404,120.13131819,30.27131461,11.96,1.33,9,31.7,417,-91.41,4.67,507;513;411,-98.68;-101.33;-101.65,507;513,-98.68;-101.33
	2026-09-20 10:02:39.682,120.13131589,30.27132130,12.23,0.73,8,310.0,417,-89.88,6.58,411;513;507,-99.77;-101.05;-101.05,411;513,-99.77;-101.05
	2026-09-20 10:02:39.931,120.13133611,30.27132083,11.99,0.65,10,284.7,417,-85.88,8.94,513;429;507,-97.53;-100.54;-100.72,513;429,-97.53;-100.54
	2026-09-20 10:02:40.176,120.13134106,30.27130322,12.14,1.39,14,87.4,417,-91.65,2.56,507;513;429,-96.78;-101.25;-101.37,507;513,-96.78;-101.25
	2026-09-20 10:02:40.485,120.13132858,30.27131302,12.00,0.67,11,203.1,417,-89.11,8.54,513;507;429,-99.57;-100.08;-102.19,513;507,-99.57;-100.08
	2026-09-20 10:02:40.756,120.13133730,30.27131300,11.75,1.11,11,43.9,417,-88.94,8.90,513;429;507,-100.38;-100.67;-101.38,513;429,-100.38;-100.67
	2026-09-20 10:02:41.072,120.13132474,30.27131676,12.10,1.07,9,309.6,417,-90.63,7.77,507;411;513,-98.70;-99.05;-101.68,507;411,-98.70;-99.05
	2026-09-20 10:02:41.306,120.13134337,30.27130720,12.33,0.29,8,315.9,417,-90.63,9.53,423;411;501,-100.64;-101.43;-102.20,423;411,-100.64;-101.43
	2026-09-20 10:02:41.497,120.13134660,30.27131610,12.16,1.33,9,61.2,417,-90.50,5.37,507;501;513,-99.20;-102.20;-102.20,507;501,-99.20;-102.20
	2026-09-20 10:02:41.739,120.13132928,30.27130682,12.41,0.28,14,297.3,417,-90.03,5.77,513;507;429,-98.82;-101.15;-101.91,513;507,-98.82;-101.15
	2026-09-20 10:02:42.011,120.13134415,30.27131364,12.48,0.53,13,236.4,417,-89.78,7.20,507;513;429,-99.90;-101.26;-101.38,507;513,-99.90;-101.26
	2026-09-20 10:02:42.313,120.13135389,30.27131382,11.62,0.24,11,18.8,417,-91.40,7.24,411;507;501,-100.24;-101.58;-102.20,411;507,-100.24;-101.58
	2026-09-20 10:02:42.578,120.13134958,30.27131907,12.29,0.88,11,49.4,417,-88.18,7.86,411;507;513,-99.13;-100.35;-100.79,411;507,-99.13;-100.35
	2026-09-20 10:02:42.888,120.13135327,30.27130833,12.42,0.45,13,334.2,417,-90.55,5.33,507;411;501,-99.32;-99.70;-102.20,507;411,-99.32;-99.70
	2026-09-20 10:02:43.138,120.13135129,30.27131208,11.71,1.05,8,147.4,417,-88.72,10.84,507;501;513,-101.07;-101.15;-101.28,507;501,-101.07;-101.15
	2026-09-20 10:02:43.411,120.13136174,30.27131277,12.44,0.69,13,14.3,417,-91.70,7.17,507;513;429,-100.62;-100.85;-101.36,507;513,-100.62;-100.85
	2026-09-20 10:02:43.714,120.13135593,30.27131006,11.80,1.23,10,233.0,417,-88.47,10.90,507;501;513,-102.04;-102.20;-102.20,507;501,-102.04;-102.20
	2026-09-20 10:02:43.982,120.13134640,30.27131997,12.08,1.01,9,2.8,417,-92.65,4.93,513;507;429,-100.09;-100.29;-101.31,513;507,-100.09;-100.29
	2026-09-20 10:02:44.270,120.13135356,30.27131351,11.62,1.01,11,266.5,417,-85.97,10.98,513;507;501,-100.16;-102.18;-102.20,513;507,-100.16;-102.18
	2026-09-20 10:02:44.500,120.13136137,30.27130976,12.01,0.42,14,23.7,417,-88.04,4.98,507;513;429,-96.21;-100.62;-101.03,507;513,-96.21;-100.62
	2026-09-20 10:02:44.714,120.13136925,30.27130203,12.09,0.99,12,116.9,417,-89.69,9.27,507;513;501,-98.98;-101.30;-102.20,507;513,-98.98;-101.30
	2026-09-20 10:02:44.916,120.13136297,30.27131232,11.64,0.58,8,174.0,417,-86.75,11.57,423;429;513,-99.99;-100.42;-101.83,423;429,-99.99;-100.42
	2026-09-20 10:02:45.140,120.13136597,30.27130151,11.82,1.06,11,338.7,417,-91.40,5.48,411;513;507,-98.58;-99.64;-101.24,411;513,-98.58;-99.64
	2026-09-20 10:02:45.393,120.13135195,30.27131569,12.10,0.80,8,305.5,417,-89.26,5.85,507;513;501,-96.92;-99.26;-101.96,507;513,-96.92;-99.26
	2026-09-20 10:02:45.679,120.13136821,30.27130234,11.98,0.82,14,138.9,417,-86.48,10.08,507;411;513,-99.12;-100.46;-100.98,507;411,-99.12;-100.46
	2026-09-20 10:02:45.998,120.13136351,30.27131135,11.94,0.76,13,348.0,417,-86.04,12.00,411;501;513,-100.26;-101.71;-101.79,411;501,-100.26;-101.71
	2026-09-20 10:02:46.209,120.13136099,30.27131518,12.41,0.74,11,324.9,417,-87.82,8.66,507;513;411,-98.56;-99.86;-101.55,507;513,-98.56;-99.86
	2026-09-20 10:02:46.459,120.13137682,30.27131417,12.09,0.51,13,225.5,417,-90.81,4.15,507;513;501,-98.24;-100.70;-102.20,507;513,-98.24;-100.70
	2026-09-20 10:02:46.696,120.13137591,30.27132143,12.32,0.48,13,49.6,417,-86.84,8.26,507;513;411,-98.19;-98.93;-101.94,507;513,-98.19;-98.93
	2026-09-20 10:02:47.003,120.13137288,30.27130107,11.71,0.73,11,84.6,417,-90.04,5.18,513;507;411,-97.54;-98.72;-101.96,513;507,-97.54;-98.72
	2026-09-20 10:02:47.227,120.13136270,30.27131226,12.49,0.20,9,137.6,417,-88.88,12.00,411;507;513,-101.14;-101.38;-101.52,411;507,-101.14;-101.38
	2026-09-20 10:02:47.477,120.13138737,30.27131110,11.86,0.74,11,99.6,417,-90.04,7.88,507;429;501,-101.05;-101.88;-102.20,507;429,-101.05;-101.88
	2026-09-20 10:02:47.777,120.13136963,30.27130396,11.67,0.31,11,177.8,417,-92.52,3.54,411;513;507,-99.18;-100.26;-100.41,411;513,-99.18;-100.26
	2026-09-20 10:02:48.006,120.13137438,30.27131472,11.81,1.30,14,326.2,417,-87.58,10.35,411;513;507,-100.83;-101.36;-101.56,411;513,-100.83;-101.36
	2026-09-20 10:02:48.195,120.13137019,30.27132220,11.62,1.13,8,270.2,417,-87.96,9.16,507;429;513,-99.56;-100.29;-100.64,507;429,-99.56;-100.29
	2026-09-20 10:02:48.383,120.13139417,30.27131711,11.91,1.27,10,190.5,417,-87.59,11.35,507;513;411,-100.51;-101.29;-101.95,507;513,-100.51;-101.29
	2026-09-20 10:02:48.589,120.13137965,30.27131182,11.60,0.78,8,265.8,417,-87.38,10.32,429;507;501,-100.33;-100.51;-102.20,429;507,-100.33;-100.51
	2026-09-20 10:02:48.785,120.13139205,30.27131397,11.92,0.59,13,315.5,417,-88.38,6.62,507;513;501,-99.40;-101.89;-102.20,507;513,-99.40;-101.89
	2026-09-20 10:02:49.085,120.13139528,30.27130488,11.80,1.13,9,289.1,417,-88.52,8.65,411;507;513,-99.61;-100.99;-101.31,411;507,-99.61;-100.99
	2026-09-20 10:02:49.306,120.13138754,30.27131408,12.44,0.76,8,102.0,417,-88.76,7.04,507;513;429,-98.86;-99.56;-101.24,507;513,-98.86;-99.56
	2026-09-20 10:02:49.507,120.13139484,30.27131239,12.01,0.79,14,128.2,417,-88.16,7.72,513;507;411,-98.09;-98.44;-101.16,513;507,-98.09;-98.44
	2026-09-20 10:02:49.823,120.13139841,30.27132198,12.34,0.61,11,316.5,417,-85.73,12.00,513;429;411,-100.50;-101.26;-101.34,513;429,-100.50;-101.26
	2026-09-20 10:02:50.023,120.13140152,30.27131119,12.33,0.60,10,296.3,417,-92.07,4.19,513;501;423,-99.55;-100.45;-102.18,513;501,-99.55;-100.45
	2026-09-20 10:02:50.340,120.13140748,30.27131359,11.59,0.94,12,315.0,417,-91.69,4.94,507;411;501,-98.44;-99.26;-100.36,507;411,-98.44;-99.26
	2026-09-20 10:02:50.540,120.13138997,30.27130628,12.47,0.48,8,160.9,417,-89.89,7.42,507;513;429,-99.30;-99.68;-100.14,507;513,-99.30;-99.68
	2026-09-20 10:02:50.768,120.13139048,30.27131744,11.84,1.08,9,226.7,417,-88.67,8.86,507;513;501,-100.55;-101.99;-102.20,507;513,-100.55;-101.99
	2026-09-20 10:02:51.001,120.13141341,30.27132011,12.04,0.69,12,289.3,417,-86.80,9.16,507;411;513,-98.14;-100.47;-100.74,507;411,-98.14;-100.47
	2026-09-20 10:02:51.188,120.13141411,30.27131394,11.91,0.91,12,81.6,417,-86.28,12.00,507;513;501,-100.85;-101.31;-102.20,507;513,-100.85;-101.31
	2026-09-20 10:02:51.403,120.13139316,30.27132249,12.12,0.30,14,62.7,417,-87.40,8.50,507;513;423,-98.46;-101.03;-101.04,507;513,-98.46;-101.03
	2026-09-20 10:02:51.665,120.13140074,30.27131275,11.58,0.96,9,256.7,417,-90.95,4.78,507;513;501,-98.88;-100.38;-102.20,507;513,-98.88;-100.38
	2026-09-20 10:02:51.968,120.13140615,30.27130583,11.71,1.14,12,255.2,417,-87.99,7.66,507;513;411,-99.63;-99.84;-101.58,507;513,-99.63;-99.84
	2026-09-20 10:02:52.195,120.13140277,30.27130933,11.73,1.36,12,12.1,417,-90.92,5.43,411;429;513,-98.48;-100.80;-100.86,411;429,-98.48;-100.80
	2026-09-20 10:02:52.509,120.13140139,30.27131693,11.96,0.90,11,209.1,417,-89.30,6.98,507;513;501,-99.75;-101.11;-102.20,507;513,-99.75;-101.11
	2026-09-20 10:02:52.771,120.13140214,30.27131807,12.46,0.51,11,115.0,417,-87.42,9.23,513;429;411,-99.96;-100.45;-101.50,513;429,-99.96;-100.45
	2026-09-20 10:02:52.978,120.13140859,30.27131058,11.98,0.94,8,355.7,417,-88.96,7.48,429;501;507,-99.59;-101.03;-101.44,429;501,-99.59;-101.03
	2026-09-20 10:02:53.283,120.13142688,30.27130250,12.43,1.18,8,184.1,417,-90.27,7.27,507;513;411,-99.69;-99.81;-101.14,507;513,-99.69;-99.81
	2026-09-20 10:02:53.598,120.13142958,30.27131084,12.44,0.75,10,23.1,417,-88.37,8.86,423;507;513,-99.61;-100.22;-101.12,423;507,-99.61;-100.22
	2026-09-20 10:02:53.841,120.13141987,30.27130338,12.39,0.65,14,103.0,417,-90.37,7.00,513;507;501,-99.00;-99.56;-101.26,513;507,-99.00;-99.56
	2026-09-20 10:02:54.161,120.13143103,30.27131055,11.53,1.36,13,127.2,417,-88.67,8.75,507;513;429,-99.37;-100.32;-101.31,507;513,-99.37;-100.32
	2026-09-20 10:02:54.408,120.13141713,30.27131157,11.57,0.95,12,41.7,417,-87.30,9.68,411;507;501,-99.49;-101.78;-102.20,411;507,-99.49;-101.78
	2026-09-20 10:02:54.672,120.13142725,30.27129999,11.68,1.39,12,207.4,417,-89.58,7.84,513;423;507,-98.92;-100.64;-101.14,513;423,-98.92;-100.64
	2026-09-20 10:02:54.982,120.13142284,30.27131483,11.69,0.93,12,294.7,417,-86.83,11.04,507;501;513,-100.34;-102.20;-102.20,507;501,-100.34;-102.20
	2026-09-20 10:02:55.233,120.13141618,30.27130236,12.37,0.20,12,323.5,417,-88.45,9.28,507;429;501,-101.09;-101.93;-102.20,507;429,-101.09;-101.93
	2026-09-20 10:02:55.548,120.13143327,30.27129490,11.71,0.52,14,81.9,417,-84.39,12.00,411;507;501,-100.83;-101.24;-102.20,411;507,-100.83;-101.24
	2026-09-20 10:02:55.789,120.13142199,30.27130547,11.84,0.32,9,153.5,417,-88.63,10.55,507;513;501,-99.68;-101.43;-102.20,507;513,-99.68;-101.43
	2026-09-20 10:02:56.002,120.13141973,30.27131189,12.49,0.43,11,173.6,417,-90.46,6.30,423;507;501,-99.24;-99.83;-102.20,423;507,-99.24;-99.83
	2026-09-20 10:02:56.223,120.13141871,30.27130047,12.13,0.37,12,88.9,417,-90.49,6.21,411;507;501,-101.14;-101.16;-102.20,411;507,-101.14;-101.16
	2026-09-20 10:02:56.439,120.13142659,30.27129142,12.41,1.10,9,164.3,417,-88.17,6.13,513;507;501,-98.77;-100.49;-102.20,513;507,-98.77;-100.49
	2026-09-20 10:02:56.741,120.13142532,30.27130210,12.00,0.73,12,230.3,417,-88.98,10.62,501;507;513,-102.20;-102.20;-102.20,501;507,-102.20;-102.20
	2026-09-20 10:02:57.011,120.13143030,30.27130399,11.84,1.32,11,130.1,417,-92.26,4.43,507;501;513,-98.77;-99.52;-100.32,507;501,-98.77;-99.52
	2026-09-20 10:02:57.232,120.13143004,30.27129905,12.02,1.01,11,23.6,417,-89.07,5.87,507;513;429,-97.06;-100.19;-100.85,507;513,-97.06;-100.19
	2026-09-20 10:02:57.468,120.13142807,30.27129387,11.53,0.91,13,10.2,417,-89.23,9.32,411;501;507,-101.44;-102.20;-102.20,411;501,-101.44;-102.20
	2026-09-20 10:02:57.679,120.13142466,30.27130104,12.29,0.24,13,38.9,417,-84.94,10.83,507;429;501,-97.80;-101.07;-102.20,507;429,-97.80;-101.07
	2026-09-20 10:02:57.934,120.13142864,30.27128921,11.56,0.30,9,163.8,417,-91.94,5.08,513;429;507,-99.49;-101.78;-102.14,513;429,-99.49;-101.78
	2026-09-20 10:02:58.127,120.13141397,30.27128753,12.01,1.28,8,328.6,417,-89.31,8.37,507;513;429,-100.39;-101.06;-101.23,507;513,-100.39;-101.06
	2026-09-20 10:02:58.399,120.13141327,30.27128272,11.69,0.40,11,247.1,417,-91.42,4.97,513;507;411,-99.25;-99.99;-100.69,513;507,-99.25;-99.99
	2026-09-20 10:02:58.686,120.13143319,30.27128235,11.81,1.22,11,336.2,417,-91.03,2.24,507;513;411,-99.44;-99.89;-102.06,507;513,-99.44;-99.89
	2026-09-20 10:02:58.898,120.13141900,30.27128560,11.92,0.83,13,199.3,417,-89.23,8.94,429;507;513,-98.68;-99.27;-100.84,429;507,-98.68;-99.27
	2026-09-20 10:02:59.203,120.13142033,30.27127647,11.81,0.90,8,129.9,417,-90.63,6.05,513;507;411,-99.24;-100.01;-101.87,513;507,-99.24;-100.01
	2026-09-20 10:02:59.490,120.13142896,30.27127877,11.78,0.69,14,310.7,417,-88.48,4.43,507;501;513,-96.56;-100.97;-102.07,507;501,-96.56;-100.97
	2026-09-20 10:02:59.766,120.13141335,30.27127111,11.90,1.15,13,255.7,417,-87.63,10.56,501;513;507,-100.07;-100.11;-101.94,501;513,-100.07;-100.11
	2026-09-20 10:03:00.049,120.13143208,30.27128508,11.73,0.22,13,266.3,417,-90.90,3.78,507;411;423,-97.77;-99.05;-100.50,507;411,-97.77;-99.05
	2026-09-20 10:03:00.273,120.13141322,30.27127116,11.56,0.60,11,178.1,417,-90.75,3.10,507;423;501,-97.77;-101.15;-101.74,507;423,-97.77;-101.15
	2026-09-20 10:03:00.572,120.13142645,30.27127300,12.44,0.55,10,15.5,417,-88.18,7.98,507;411;513,-99.24;-100.54;-101.77,507;411,-99.24;-100.54
	2026-09-20 10:03:00.782,120.13141102,30.27126899,12.02,0.61,13,271.7,417,-90.71,4.84,507;513;411,-97.27;-97.52;-100.96,507;513,-97.27;-97.52
	2026-09-20 10:03:00.993,120.13142943,30.27127920,11.97,0.63,14,47.7,417,-89.79,8.31,507;411;501,-99.09;-100.66;-102.20,507;411,-99.09;-100.66
	2026-09-20 10:03:01.270,120.13141024,30.27127174,11.90,1.21,13,100.5,417,-91.85,6.91,507;429;501,-100.64;-102.07;-102.20,507;429,-100.64;-102.07
	2026-09-20 10:03:01.585,120.13143086,30.27127119,12.02,1.03,14,2.9,417,-90.64,6.72,507;513;429,-99.14;-100.34;-101.94,507;513,-99.14;-100.34
	2026-09-20 10:03:01.882,120.13141687,30.27126469,12.40,0.98,14,206.0,417,-88.15,8.44,507;429;513,-98.25;-101.75;-101.95,507;429,-98.25;-101.75
	2026-09-20 10:03:02.090,120.13141216,30.27125939,12.44,1.20,13,25.9,417,-93.15,1.79,507;513;411,-98.61;-101.29;-101.47,507;513,-98.61;-101.29
	2026-09-20 10:03:02.359,120.13143408,30.27126361,11.89,1.39,12,102.2,417,-92.17,3.36,507;501;411,-98.54;-100.91;-101.32,507;501,-98.54;-100.91
	2026-09-20 10:03:02.615,120.13140990,30.27126951,11.63,0.73,11,182.3,417,-92.00,4.55,507;513;423,-99.16;-100.23;-101.62,507;513,-99.16;-100.23
	2026-09-20 10:03:02.816,120.13143127,30.27125520,12.43,0.27,12,180.6,417,-90.01,8.75,507;429;501,-101.15;-101.59;-102.20,507;429,-101.15;-101.59
	2026-09-20 10:03:03.076,120.13142860,30.27126956,12.03,1.16,13,94.9,417,-86.89,9.83,423;513;411,-100.24;-100.70;-101.10,423;513,-100.24;-100.70
	2026-09-20 10:03:03.341,120.13143211,30.27125725,11.65,0.80,11,120.7,417,-89.55,8.09,507;513;501,-100.21;-100.93;-102.20,507;513,-100.21;-100.93
	2026-09-20 10:03:03.558,120.13141949,30.27125896,11.87,1.11,8,13.8,417,-90.39,9.14,507;513;429,-100.48;-100.71;-101.15,507;513,-100.48;-100.71
	2026-09-20 10:03:03.742,120.13142730,30.27126077,12.16,0.95,9,7.1,417,-93.96,4.69,513;507;429,-100.12;-100.62;-101.49,513;507,-100.12;-100.62
	2026-09-20 10:03:03.931,120.13142065,30.27125981,11.86,0.45,14,353.4,417,-90.38,6.89,513;507;501,-99.26;-100.58;-101.94,513;507,-99.26;-100.58
	2026-09-20 10:03:04.185,120.13141182,30.27126466,12.44,0.23,14,33.6,417,-91.69,2.95,507;429;513,-96.68;-98.28;-100.29,507;429,-96.68;-98.28
	2026-09-20 10:03:04.437,120.13141715,30.27125360,12.49,0.50,11,78.0,417,-92.14,6.69,507;513;501,-99.76;-101.73;-102.20,507;513,-99.76;-101.73
	2026-09-20 10:03:04.627,120.13142702,30.27124632,11.72,0.58,12,354.2,417,-92.48,5.43,513;507;429,-101.16;-101.48;-101.79,513;507,-101.16;-101.48
	2026-09-20 10:03:04.830,120.13142808,30.27124604,12.13,0.92,10,231.8,417,-90.55,5.78,507;501;513,-100.11;-100.80;-100.97,507;501,-100.11;-100.80
	2026-09-20 10:03:05.085,120.13142531,30.27125595,11.65,1.27,13,209.5,417,-92.73,2.23,507;513;501,-97.90;-99.59;-102.20,507;513,-97.90;-99.59
	2026-09-20 10:03:05.322,120.13142101,30.27125724,11.56,0.62,10,64.2,417,-89.97,5.16,513;507;501,-98.49;-101.77;-102.20,513;507,-98.49;-101.77
	2026-09-20 10:03:05.502,120.13143433,30.27124136,12.00,0.91,12,96.7,417,-93.24,1.34,507;513;411,-98.62;-100.81;-100.94,507;513,-98.62;-100.81
	2026-09-20 10:03:05.764,120.13141593,30.27124685,12.45,0.91,13,56.5,417,-91.18,5.16,507;513;423,-99.26;-100.48;-100.79,507;513,-99.26;-100.48
	2026-09-20 10:03:06.076,120.13143012,30.27124975,12.07,0.59,10,68.7,417,-93.60,3.37,513;507;429,-99.77;-100.41;-101.54,513;507,-99.77;-100.41
	2026-09-20 10:03:06.302,120.13142404,30.27124005,12.26,0.37,11,56.9,417,-90.58,5.51,507;411;501,-97.90;-102.08;-102.20,507;411,-97.90;-102.08
	2026-09-20 10:03:06.606,120.13142249,30.27125097,11.55,0.66,13,244.5,417,-90.18,7.39,507;501;411,-98.75;-101.63;-101.96,507;501,-98.75;-101.63
	2026-09-20 10:03:06.866,120.13143387,30.27123810,11.89,0.67,10,263.3,417,-93.34,3.29,411;507;429,-99.50;-99.51;-100.97,411;507,-99.50;-99.51
	2026-09-20 10:03:07.109,120.13141542,30.27123737,11.52,0.22,11,312.5,417,-91.56,3.22,507;429;411,-99.45;-99.67;-100.40,507;429,-99.45;-99.67
	2026-09-20 10:03:07.374,120.13141635,30.27123971,12.11,0.41,10,102.4,417,-91.72,7.06,507;513;501,-101.16;-102.06;-102.20,507;513,-101.16;-102.06
	2026-09-20 10:03:07.562,120.13142018,30.27122516,11.71,0.54,10,152.3,417,-94.26,1.80,429;507;513,-97.10;-99.00;-101.21,429;507,-97.10;-99.00
	2026-09-20 10:03:07.764,120.13142918,30.27124231,12.12,0.35,13,166.7,417,-91.61,4.11,507;429;513,-98.33;-99.52;-100.81,507;429,-98.33;-99.52
	2026-09-20 10:03:07.988,120.13141920,30.27122724,11.74,0.57,8,23.7,417,-92.94,4.34,513;507;501,-99.91;-101.09;-101.18,513;507,-99.91;-101.09
	2026-09-20 10:03:08.232,120.13140980,30.27123532,12.07,1.30,12,290.5,417,-91.14,4.82,513;507;429,-98.00;-100.94;-101.04,513;507,-98.00;-100.94
	2026-09-20 10:03:08.495,120.13142608,30.27122818,11.87,0.46,13,351.1,417,-91.00,3.85,507;429;501,-96.78;-101.37;-102.20,507;429,-96.78;-101.37
	2026-09-20 10:03:08.694,120.13142528,30.27121972,11.68,1.04,14,311.2,417,-93.86,3.20,507;423;513,-98.02;-100.86;-101.55,507;423,-98.02;-100.86
	2026-09-20 10:03:08.914,120.13142262,30.27121928,12.04,0.81,8,99.2,417,-92.32,4.91,423;429;507,-101.32;-101.35;-101.40,423;429,-101.32;-101.35
	2026-09-20 10:03:09.203,120.13141351,30.27122645,11.68,0.87,9,309.3,417,-91.11,4.44,507;513;429,-99.63;-99.79;-102.14,507;513,-99.63;-99.79
	2026-09-20 10:03:09.409,120.13142175,30.27121933,12.21,0.95,14,194.1,417,-95.77,-2.20,507;411;501,-96.60;-101.54;-102.20,507;411,-96.60;-101.54
	2026-09-20 10:03:09.724,120.13141784,30.27122232,11.90,1.12,11,51.4,417,-93.17,2.76,507;513;501,-98.44;-99.60;-102.20,507;513,-98.44;-99.60
	2026-09-20 10:03:09.974,120.13143133,30.27121756,12.18,0.37,12,3.5,417,-95.57,1.81,429;507;501,-99.70;-99.77;-100.71,429;507,-99.70;-99.77
	2026-09-20 10:03:10.162,120.13141178,30.27121972,12.37,1.22,11,70.8,417,-93.38,0.61,507;429;411,-97.89;-100.61;-101.30,507;429,-97.89;-100.61
	2026-09-20 10:03:10.371,120.13142351,30.27122844,11.54,1.30,9,161.8,417,-92.17,2.16,507;513;501,-97.39;-101.54;-102.20,507;513,-97.39;-101.54
	2026-09-20 10:03:10.632,120.13141582,30.27121069,11.81,0.31,13,256.7,417,-94.38,5.44,507;423;501,-101.81;-102.07;-102.20,507;423,-101.81;-102.07
	2026-09-20 10:03:10.832,120.13141185,30.27121162,11.63,0.68,10,338.0,417,-93.53,4.02,507;429;423,-98.99;-99.09;-102.16,507;429,-98.99;-99.09
	2026-09-20 10:03:11.049,120.13142974,30.27122069,11.73,0.25,13,12.5,417,-94.86,-0.59,507;513;411,-97.06;-99.74;-101.62,507;513,-97.06;-99.74
	2026-09-20 10:03:11.283,120.13141764,30.27121347,12.24,1.35,13,270.1,417,-95.41,0.46,507;423;513,-97.40;-100.15;-100.32,507;423,-97.40;-100.15
	2026-09-20 10:03:11.538,120.13141747,30.27120568,12.18,1.19,8,334.8,417,-91.34,5.68,507;501;513,-98.65;-102.20;-102.20,507;501,-98.65;-102.20
	2026-09-20 10:03:11.735,120.13141080,30.27121673,11.83,1.33,8,246.2,417,-92.50,3.05,507;429;513,-98.54;-98.94;-99.91,507;429,-98.54;-98.94
	2026-09-20 10:03:11.951,120.13141537,30.27119835,11.95,0.63,13,339.8,417,-92.71,2.82,411;507;513,-99.56;-100.56;-101.35,411;507,-99.56;-100.56
	2026-09-20 10:03:12.203,120.13143305,30.27119691,11.52,0.20,12,155.3,417,-94.15,5.24,429;411;501,-100.02;-100.15;-100.96,429;411,-100.02;-100.15
	2026-09-20 10:03:12.494,120.13143203,30.27120465,11.93,0.65,8,128.7,417,-90.55,6.21,507;411;423,-98.14;-101.79;-101.85,507;411,-98.14;-101.79
	2026-09-20 10:03:12.759,120.13143455,30.27120034,11.98,0.91,13,153.7,417,-95.53,3.34,429;501;507,-100.75;-101.85;-101.96,429;501,-100.75;-101.85
	2026-09-20 10:03:13.003,120.13141426,30.27120734,12.42,0.66,8,214.2,417,-91.32,3.70,507;513;501,-97.06;-101.17;-101.43,507;513,-97.06;-101.17
	2026-09-20 10:03:13.261,120.13141537,30.27121200,12.02,1.39,10,181.2,417,-95.09,2.84,507;513;411,-99.07;-101.12;-101.66,507;513,-99.07;-101.12
	2026-09-20 10:03:13.557,120.13141622,30.27120225,12.19,0.83,14,263.2,417,-93.05,6.83,507;429;513,-100.45;-100.85;-101.31,507;429,-100.45;-100.85
	2026-09-20 10:03:13.787,120.13142348,30.27120742,11.58,0.69,13,216.9,417,-95.03,-1.06,507;429;501,-96.12;-101.67;-102.20,507;429,-96.12;-101.67
	2026-09-20 10:03:14.070,120.13143074,30.27118856,11.61,0.66,8,329.2,417,-92.47,4.38,507;429;423,-97.30;-101.04;-102.01,507;429,-97.30;-101.04
	2026-09-20 10:03:14.349,120.13141826,30.27120250,11.85,0.98,11,148.6,417,-92.12,3.63,507;411;423,-99.32;-100.63;-101.49,507;411,-99.32;-100.63
	2026-09-20 10:03:14.625,120.13141438,30.27118761,11.81,1.21,9,355.2,417,-93.00,5.10,429;507;501,-99.12;-99.17;-102.20,429;507,-99.12;-99.17
	2026-09-20 10:03:14.921,120.13142341,30.27119368,11.62,1.12,12,220.8,417,-94.17,3.13,507;429;513,-98.95;-101.19;-101.60,507;429,-98.95;-101.19
	2026-09-20 10:03:15.106,120.13143145,30.27118297,12.41,1.17,11,42.9,417,-92.48,3.24,513;507;429,-99.58;-99.77;-99.87,513;507,-99.58;-99.77
	2026-09-20 10:03:15.345,120.13143337,30.27118691,12.05,0.45,14,249.5,417,-95.31,3.39,507;429;513,-101.11;-101.44;-101.75,507;429,-101.11;-101.44
	2026-09-20 10:03:15.620,120.13142166,30.27119206,11.87,1.03,14,260.0,417,-94.45,3.38,507;429;513,-99.59;-100.21;-100.61,507;429,-99.59;-100.21
	2026-09-20 10:03:15.888,120.13142456,30.27118368,11.96,0.46,8,70.1,417,-93.18,4.74,429;507;501,-100.31;-101.69;-102.20,429;507,-100.31;-101.69
	2026-09-20 10:03:16.182,120.13141668,30.27119149,12.19,0.75,14,324.7,417,-94.62,4.44,507;423;501,-100.70;-101.33;-102.20,507;423,-100.70;-101.33
	2026-09-20 10:03:16.479,120.13143175,30.27118372,12.15,0.59,9,27.7,417,-92.86,0.05,507;513;423,-98.10;-100.56;-101.46,507;513,-98.10;-100.56
	2026-09-20 10:03:16.750,120.13142612,30.27118554,11.62,0.82,9,184.2,417,-97.04,1.07,513;423;507,-100.36;-100.66;-101.05,513;423,-100.36;-100.66
	2026-09-20 10:03:16.952,120.13142355,30.27119024,11.79,0.57,11,346.4,417,-94.20,3.36,507;429;501,-97.63;-99.83;-101.69,507;429,-97.63;-99.83
	2026-09-20 10:03:17.187,120.13142008,30.27118387,12.29,1.28,11,107.4,417,-92.55,4.31,507;513;411,-98.69;-99.71;-102.03,507;513,-98.69;-99.71
	2026-09-20 10:03:17.386,120.13141429,30.27117634,11.98,0.53,8,330.1,417,-95.15,0.50,513;507;429,-98.52;-98.71;-98.80,513;507,-98.52;-98.71
	2026-09-20 10:03:17.646,120.13141349,30.27117707,11.67,1.37,13,276.3,417,-96.04,0.73,507;411;429,-99.34;-99.55;-101.07,507;411,-99.34;-99.55
	2026-09-20 10:03:17.874,120.13141241,30.27118439,12.39,1.36,8,299.6,417,-93.84,2.25,507;429;513,-98.42;-99.53;-101.20,507;429,-98.42;-99.53
	2026-09-20 10:03:18.108,120.13142865,30.27118369,12.47,0.49,8,321.9,417,-96.12,0.64,513;429;507,-100.52;-101.06;-101.36,513;429,-100.52;-101.06
	2026-09-20 10:03:18.425,120.13143108,30.27118030,12.09,0.65,13,102.2,417,-93.14,1.82,507;513;423,-98.39;-99.08;-100.96,507;513,-98.39;-99.08
	2026-09-20 10:03:18.729,120.13142846,30.27116293,12.12,0.63,9,275.9,417,-94.54,-0.15,507;411;501,-96.27;-102.11;-102.20,507;411,-96.27;-102.11
	2026-09-20 10:03:18.980,120.13143235,30.27116146,11.79,0.51,10,158.4,417,-96.46,0.40,507;429;501,-100.15;-101.42;-102.20,507;429,-100.15;-101.42
	2026-09-20 10:03:19.178,120.13141302,30.27117108,11.69,0.69,11,254.5,417,-92.36,-0.55,507;429;411,-95.08;-100.21;-101.48,507;429,-95.08;-100.21
	2026-09-20 10:03:19.498,120.13142748,30.27116388,11.95,0.49,10,119.2,417,-94.77,-1.39,429;507;411,-97.34;-97.72;-100.38,429;507,-97.34;-97.72
	2026-09-20 10:03:19.813,120.13142549,30.27115734,11.73,0.63,13,43.6,417,-91.82,3.47,507;423;429,-99.29;-100.16;-101.24,507;423,-99.29;-100.16
	2026-09-20 10:03:20.090,120.13141983,30.27115429,12.30,1.40,9,127.8,417,-95.17,-1.00,507;411;513,-95.65;-99.93;-100.42,507;411,-95.65;-99.93
	2026-09-20 10:03:20.302,120.13141981,30.27115348,12.41,1.16,9,213.0,417,-93.45,-0.65,507;423;429,-95.03;-101.22;-101.33,507;423,-95.03;-101.22
	2026-09-20 10:03:20.588,120.13141825,30.27115557,12.15,0.79,9,158.2,417,-94.08,-0.45,507;513;501,-97.01;-100.80;-102.20,507;513,-97.01;-100.80
	2026-09-20 10:03:20.810,120.13141847,30.27115556,11.95,0.31,10,303.0,417,-90.88,5.80,423;429;507,-98.35;-98.57;-99.58,423;429,-98.35;-98.57
	2026-09-20 10:03:21.085,120.13142849,30.27115053,12.08,0.26,12,298.6,417,-93.03,3.50,429;507;501,-98.33;-99.70;-102.20,429;507,-98.33;-99.70
	2026-09-20 10:03:21.341,120.13141045,30.27114825,12.48,0.33,10,256.0,417,-97.37,2.42,507;423;429,-101.39;-101.69;-101.74,507;423,-101.39;-101.69
	2026-09-20 10:03:21.619,120.13141908,30.27116518,11.54,1.24,13,229.5,417,-94.34,0.40,507;513;411,-97.40;-101.33;-101.41,507;513,-97.40;-101.33
	2026-09-20 10:03:21.805,120.13142756,30.27115604,12.25,0.58,14,53.6,417,-94.40,3.41,429;507;501,-101.02;-101.49;-102.20,429;507,-101.02;-101.49
	2026-09-20 10:03:22.008,120.13141189,30.27115847,11.78,0.65,13,290.1,417,-94.83,1.86,507;411;513,-99.45;-99.57;-99.65,507;411,-99.45;-99.57
	2026-09-20 10:03:22.204,120.13143434,30.27114784,11.79,1.06,13,203.2,417,-93.84,-0.73,507;513;429,-97.13;-100.49;-100.57,507;513,-97.13;-100.49
	2026-09-20 10:03:22.434,120.13142743,30.27114485,11.53,0.63,10,3.1,417,-89.58,5.29,507;429;411,-97.51;-98.13;-100.90,507;429,-97.51;-98.13
	2026-09-20 10:03:22.726,120.13141157,30.27114474,12.37,0.79,10,240.3,507,-97.11,-1.47,417;423;411,-97.86;-100.51;-101.57,417;423,-97.86;-100.51
	2026-09-20 10:03:22.912,120.13141593,30.27113917,11.94,0.21,11,176.3,417,-95.66,3.26,411;429;513,-101.11;-101.47;-101.51,411;429,-101.11;-101.47
	2026-09-20 10:03:23.153,120.13142044,30.27113623,12.22,1.30,11,192.5,417,-94.81,-0.45,507;513;411,-96.51;-101.19;-101.20,507;513,-96.51;-101.19
	2026-09-20 10:03:23.338,120.13142813,30.27115224,12.47,0.98,14,358.9,417,-94.17,2.52,507;513;501,-99.76;-101.97;-102.20,507;513,-99.76;-101.97
	2026-09-20 10:03:23.627,120.13143247,30.27113762,12.36,0.47,13,338.5,417,-93.35,3.96,411;507;501,-100.10;-100.66;-100.77,411;507,-100.10;-100.66
	2026-09-20 10:03:23.811,120.13141639,30.27114422,11.59,0.96,9,162.8,417,-94.39,-0.81,507;429;411,-95.92;-97.43;-101.27,507;429,-95.92;-97.43
	2026-09-20 10:03:24.051,120.13142703,30.27114476,11.76,0.54,10,163.7,417,-97.51,-0.03,507;423;513,-100.39;-100.61;-101.42,507;423,-100.39;-100.61
	2026-09-20 10:03:24.274,120.13141402,30.27113362,12.18,0.64,13,105.6,417,-94.97,2.70,507;429;513,-100.37;-101.29;-101.41,507;429,-100.37;-101.29
	2026-09-20 10:03:24.490,120.13141757,30.27113189,11.79,0.93,12,97.8,417,-94.89,-1.76,507;429;411,-96.03;-98.48;-101.86,507;429,-96.03;-98.48
	2026-09-20 10:03:24.713,120.13143013,30.27112547,12.45,0.21,13,154.3,417,-93.99,2.76,507;513;429,-97.16;-101.02;-101.96,507;513,-97.16;-101.02
	2026-09-20 10:03:24.973,120.13141279,30.27113258,12.03,0.63,11,37.8,417,-95.62,-0.01,507;513;411,-98.18;-99.93;-100.76,507;513,-98.18;-99.93
	2026-09-20 10:03:25.246,120.13141277,30.27112982,12.02,0.80,10,118.2,417,-93.31,3.27,507;429;423,-98.02;-101.02;-101.77,507;429,-98.02;-101.02
	2026-09-20 10:03:25.466,120.13142854,30.27112815,11.99,0.25,14,113.0,507,-99.22,-0.54,417;429;411,-99.48;-100.56;-101.21,417;429,-99.48;-100.56
	2026-09-20 10:03:25.679,120.13142444,30.27111909,11.63,0.42,10,282.0,417,-94.19,-0.35,507;423;501,-97.28;-99.49;-102.20,507;423,-97.28;-99.49
	2026-09-20 10:03:25.966,120.13142041,30.27113035,12.23,1.16,12,92.5,417,-96.57,-3.44,507;501;513,-96.64;-102.20;-102.20,507;501,-96.64;-102.20
	2026-09-20 10:03:26.265,120.13142802,30.27112571,12.16,0.72,14,39.7,417,-93.71,-2.22,507;429;411,-95.48;-98.42;-100.01,507;429,-95.48;-98.42
	2026-09-20 10:03:26.539,120.13142994,30.27112958,12.20,0.46,13,358.2,417,-95.12,1.62,507;429;423,-99.80;-100.74;-100.94,507;429,-99.80;-100.74
	2026-09-20 10:03:26.728,120.13142112,30.27112185,11.94,1.26,13,112.5,417,-94.63,-0.77,429;507;411,-96.73;-98.49;-101.12,429;507,-96.73;-98.49
	2026-09-20 10:03:26.910,120.13142767,30.27113084,12.12,0.86,10,39.2,417,-95.42,0.98,507;513;423,-98.58;-101.16;-101.36,507;513,-98.58;-101.16
	2026-09-20 10:03:27.169,120.13142644,30.27111706,11.82,1.02,14,337.7,417,-96.49,-1.33,507;429;411,-98.53;-99.00;-101.11,507;429,-98.53;-99.00
	2026-09-20 10:03:27.462,120.13142332,30.27111658,12.45,1.29,11,295.8,417,-96.22,-0.94,507;501;429,-98.23;-101.04;-101.05,507;501,-98.23;-101.04
	2026-09-20 10:03:27.645,120.13142478,30.27112726,11.97,1.02,13,302.5,507,-96.47,-1.67,417;501;513,-96.84;-100.66;-102.20,417;501,-96.84;-100.66
	2026-09-20 10:03:27.964,120.13142028,30.27112228,12.33,0.22,9,302.4,417,-95.55,1.37,507;501;411,-97.13;-101.27;-102.11,507;501,-97.13;-101.27
	2026-09-20 10:03:28.204,120.13141751,30.27111438,12.50,0.39,14,168.4,507,-98.47,-3.90,417;429;423,-98.56;-100.96;-101.05,417;429,-98.56;-100.96
	2026-09-20 10:03:28.458,120.13143027,30.27111865,12.16,1.07,11,10.4,417,-92.64,5.61,507;429;501,-99.53;-101.03;-101.46,507;429,-99.53;-101.03
	2026-09-20 10:03:28.734,120.13141347,30.27112230,11.66,1.18,13,332.3,417,-93.29,4.85,507;411;423,-99.62;-101.41;-101.92,507;411,-99.62;-101.41
	2026-09-20 10:03:28.947,120.13142352,30.27111463,12.00,0.29,12,325.2,417,-96.69,-0.26,507;423;429,-97.84;-99.65;-100.29,507;423,-97.84;-99.65
	2026-09-20 10:03:29.136,120.13141142,30.27110683,11.62,0.54,10,15.7,417,-96.54,-1.40,507;429;411,-97.33;-100.75;-101.22,507;429,-97.33;-100.75
	2026-09-20 10:03:29.317,120.13141211,30.27109874,11.51,0.28,9,209.4,507,-96.69,-1.31,429;417;501,-98.39;-99.07;-102.20,429;417,-98.39;-99.07
	2026-09-20 10:03:29.520,120.13141837,30.27110898,11.55,1.33,9,156.1,417,-96.51,-1.38,507;429;423,-97.71;-99.95;-100.56,507;429,-97.71;-99.95
	2026-09-20 10:03:29.756,120.13143372,30.27111524,12.24,0.65,10,51.4,417,-96.69,-1.80,507;423;411,-97.04;-99.62;-101.54,507;423,-97.04;-99.62
	2026-09-20 10:03:29.945,120.13141073,30.27111368,12.02,0.54,12,156.8,417,-96.71,0.52,507;423;429,-98.90;-99.08;-99.32,507;423,-98.90;-99.08
	2026-09-20 10:03:30.232,120.13141860,30.27110386,12.43,0.76,10,305.3,417,-94.51,-0.54,507;429;501,-97.08;-100.37;-102.20,507;429,-97.08;-100.37
	2026-09-20 10:03:30.419,120.13141704,30.27110072,11.75,0.47,10,301.1,429,-96.37,-0.55,417;507;501,-97.10;-99.70;-102.20,417;507,-97.10;-99.70
	2026-09-20 10:03:30.627,120.13143281,30.27109975,11.80,1.03,11,112.9,417,-95.17,2.83,429;501;507,-100.75;-102.20;-102.20,429;501,-100.75;-102.20
	2026-09-20 10:03:30.937,120.13141248,30.27110156,12.15,1.09,13,159.6,417,-96.69,-0.92,507;423;501,-98.86;-101.95;-102.20,507;423,-98.86;-101.95
	2026-09-20 10:03:31.219,120.13143432,30.27109945,12.36,0.35,9,50.9,507,-97.07,-1.38,417;429;513,-97.48;-99.51;-99.96,417;429,-97.48;-99.51
	2026-09-20 10:03:31.433,120.13142458,30.27108651,11.94,1.34,8,230.9,507,-97.82,-1.07,417;411;429,-98.69;-99.57;-101.25,417;411,-98.69;-99.57
	2026-09-20 10:03:31.689,120.13142577,30.27108365,12.38,0.67,8,49.6,417,-95.36,-1.16,507;429;411,-97.57;-99.95;-100.61,507;429,-97.57;-99.95
	2026-09-20 10:03:32.006,120.13142390,30.27108784,11.73,1.22,12,92.0,507,-96.85,0.73,417;429;513,-99.62;-100.99;-101.03,417;429,-99.62;-100.99
	2026-09-20 10:03:32.294,120.13141234,30.27109881,12.20,0.21,13,171.1,417,-96.17,-2.62,507;429;501,-97.12;-99.96;-100.27,507;429,-97.12;-99.96
	2026-09-20 10:03:32.509,120.13142220,30.27108927,12.49,1.35,8,253.7,417,-94.74,1.05,507;429;423,-97.04;-99.06;-100.64,507;429,-97.04;-99.06
	2026-09-20 10:03:32.704,120.13140995,30.27108074,11.75,0.59,13,264.3,417,-97.55,1.47,507;411;423,-101.34;-101.61;-101.87,507;411,-101.34;-101.61
	2026-09-20 10:03:32.950,120.13141250,30.27107657,12.28,1.24,11,277.0,417,-95.42,-0.54,507;423;513,-96.79;-98.96;-99.88,507;423,-96.79;-98.96
	2026-09-20 10:03:33.198,120.13141917,30.27107446,12.17,1.30,11,126.1,417,-97.36,-1.82,507;429;501,-97.96;-100.09;-102.20,507;429,-97.96;-100.09
	2026-09-20 10:03:33.423,120.13142829,30.27108805,11.92,1.21,12,356.3,417,-95.67,1.14,507;429;501,-99.44;-99.52;-102.20,507;429,-99.44;-99.52
	2026-09-20 10:03:33.698,120.13140983,30.27108463,12.04,0.56,12,42.9,417,-97.52,-1.37,507;423;429,-97.93;-100.08;-100.46,507;423,-97.93;-100.08
	2026-09-20 10:03:33.955,120.13142878,30.27107693,12.19,1.04,14,116.7,417,-99.99,-1.98,507;429;501,-100.58;-100.95;-102.20,507;429,-100.58;-100.95
	2026-09-20 10:03:34.248,120.13141662,30.27108878,12.38,0.52,13,23.6,417,-97.81,-0.81,507;429;513,-98.29;-99.33;-100.12,507;429,-98.29;-99.33
	2026-09-20 10:03:34.440,120.13142927,30.27107537,12.20,0.78,8,211.3,417,-95.07,-1.18,507;429;501,-95.70;-99.43;-100.49,507;429,-95.70;-99.43
	2026-09-20 10:03:34.638,120.13141596,30.27107034,11.95,0.45,10,80.3,417,-97.57,-1.09,429;507;501,-99.38;-99.95;-101.91,429;507,-99.38;-99.95
	2026-09-20 10:03:34.948,120.13143210,30.27107139,12.19,1.33,14,331.6,417,-95.12,2.08,507;429;423,-99.03;-100.17;-100.67,507;429,-99.03;-100.17
	2026-09-20 10:03:35.199,120.13142593,30.27107518,11.51,0.52,13,33.1,417,-94.34,3.37,429;507;411,-98.36;-98.62;-102.05,429;507,-98.36;-98.62
	2026-09-20 10:03:35.462,120.13142182,30.27107298,12.44,0.28,8,52.5,417,-96.12,-0.90,507;429;423,-99.23;-100.77;-101.28,507;429,-99.23;-100.77
	2026-09-20 10:03:35.654,120.13141837,30.27106420,11.80,1.09,13,214.4,417,-95.94,3.18,507;429;513,-99.72;-100.12;-100.74,507;429,-99.72;-100.12
	2026-09-20 10:03:35.917,120.13142103,30.27107319,12.18,1.36,9,150.0,417,-97.84,0.66,507;423;411,-100.32;-100.44;-101.00,507;423,-100.32;-100.44
	2026-09-20 10:03:36.099,120.13142728,30.27107117,12.29,0.58,12,359.0,417,-95.98,-1.65,507;429;423,-97.38;-98.65;-100.95,507;429,-97.38;-98.65
	2026-09-20 10:03:36.363,120.13141397,30.27107205,12.31,0.31,9,227.1,507,-96.69,-0.57,417;429;423,-97.12;-100.29;-101.00,417;429,-97.12;-100.29
	2026-09-20 10:03:36.671,120.13142918,30.27106317,12.24,0.52,9,176.6,417,-96.81,0.74,429;513;507,-100.19;-101.18;-101.37,429;513,-100.19;-101.18
	2026-09-20 10:03:36.987,120.13143108,30.27106045,11.93,0.98,13,136.3,417,-96.41,-0.19,507;513;429,-97.64;-101.40;-101.48,507;513,-97.64;-101.40
	2026-09-20 10:03:37.288,120.13142546,30.27106606,11.58,1.20,14,314.2,417,-95.08,3.25,507;423;429,-99.91;-100.60;-101.28,507;423,-99.91;-100.60
	2026-09-20 10:03:37.506,120.13141361,30.27106715,11.85,0.98,8,248.9,417,-94.85,0.10,507;429;411,-97.01;-99.76;-102.07,507;429,-97.01;-99.76
	2026-09-20 10:03:37.737,120.13142632,30.27106716,12.32,0.49,9,199.5,417,-94.51,-1.31,429;507;501,-95.13;-95.76;-102.20,429;507,-95.13;-95.76
	2026-09-20 10:03:37.943,120.13143445,30.27106633,12.06,0.39,13,88.8,417,-95.81,-2.99,507;429;501,-97.78;-98.80;-102.20,507;429,-97.78;-98.80
	2026-09-20 10:03:38.222,120.13141029,30.27105402,11.77,0.89,11,33.8,507,-95.23,2.40,429;417;423,-99.49;-99.90;-100.16,429;417,-99.49;-99.90
	2026-09-20 10:03:38.509,120.13141277,30.27105884,12.23,0.60,11,8.3,417,-97.47,-0.92,507;411;429,-98.73;-99.35;-101.33,507;411,-98.73;-99.35
	2026-09-20 10:03:38.712,120.13141291,30.27104510,11.70,0.27,14,221.5,417,-96.64,-1.31,429;507;423,-98.45;-99.06;-100.84,429;507,-98.45;-99.06
	2026-09-20 10:03:38.950,120.13143416,30.27104725,11.92,0.40,13,242.4,417,-96.24,-1.64,507;429;423,-97.55;-99.37;-101.01,507;429,-97.55;-99.37
	2026-09-20 10:03:39.187,120.13142144,30.27104091,12.26,1.14,8,243.1,417,-95.99,-0.50,507;429;501,-98.95;-100.10;-102.20,507;429,-98.95;-100.10
	2026-09-20 10:03:39.392,120.13141346,30.27104802,11.99,0.26,10,53.6,417,-93.22,-1.83,507;429;423,-96.28;-100.31;-100.33,507;429,-96.28;-100.31
	2026-09-20 10:03:39.659,120.13142724,30.27105309,11.66,0.76,12,133.9,507,-93.45,2.26,429;411;417,-98.36;-99.10;-99.90,429;411,-98.36;-99.10
	2026-09-20 10:03:39.952,120.13142148,30.27104228,12.19,0.45,8,272.8,417,-96.13,-3.42,429;507;411,-96.47;-96.95;-100.35,429;507,-96.47;-96.95
	2026-09-20 10:03:40.264,120.13141150,30.27104263,12.12,0.50,14,308.5,507,-95.66,0.17,417;429;411,-96.95;-98.29;-99.25,417;429,-96.95;-98.29
	2026-09-20 10:03:40.493,120.13141636,30.27103388,11.98,0.26,10,54.3,507,-97.28,-1.44,417;429;411,-97.97;-99.37;-101.38,417;429,-97.97;-99.37
	2026-09-20 10:03:40.675,120.13140999,30.27103211,11.99,0.42,11,119.6,507,-96.09,0.24,429;423;417,-98.81;-101.64;-101.84,429;423,-98.81;-101.64
	2026-09-20 10:03:40.925,120.13142928,30.27104271,12.14,1.29,14,316.2,507,-97.40,-1.57,429;417;411,-98.07;-98.83;-100.53,429;417,-98.07;-98.83
	2026-09-20 10:03:41.238,120.13143002,30.27104162,11.83,0.92,8,178.4,507,-96.43,1.15,417;429;423,-98.88;-100.49;-101.83,417;429,-98.88;-100.49
	2026-09-20 10:03:41.528,120.13142563,30.27103628,11.78,0.72,12,285.5,417,-95.36,-1.59,507;429;411,-96.37;-96.43;-101.08,507;429,-96.37;-96.43
	2026-09-20 10:03:41.797,120.13141135,30.27103969,12.10,1.31,10,13.1,417,-95.67,-2.27,507;429;423,-96.41;-98.92;-101.23,507;429,-96.41;-98.92
	2026-09-20 10:03:42.009,120.13142775,30.27102493,11.80,0.33,13,109.0,417,-96.14,0.55,507;423;429,-98.77;-99.77;-101.31,507;423,-98.77;-99.77
	2026-09-20 10:03:42.199,120.13143255,30.27102871,12.21,0.50,9,265.5,429,-96.58,-3.02,507;417;423,-97.21;-99.35;-100.56,507;417,-97.21;-99.35
	2026-09-20 10:03:42.504,120.13141144,30.27103572,11.73,0.91,9,209.7,507,-96.51,-0.57,417;429;411,-97.74;-98.24;-99.76,417;429,-97.74;-98.24
	2026-09-20 10:03:42.812,120.13143284,30.27102757,11.98,0.52,9,216.5,429,-96.68,-2.48,417;507;423,-97.01;-97.76;-101.79,417;507,-97.01;-97.76
	2026-09-20 10:03:43.105,120.13141399,30.27103133,12.35,0.62,9,208.7,423,-96.74,-3.28,417;429;507,-97.42;-98.14;-99.73,417;429,-97.42;-98.14
	2026-09-20 10:03:43.293,120.13141691,30.27103693,11.72,0.94,10,241.3,507,-95.37,-0.29,429;417;411,-97.74;-98.49;-100.72,429;417,-97.74;-98.49
	2026-09-20 10:03:43.542,120.13143107,30.27103310,11.60,0.39,14,71.6,417,-96.62,-0.64,507;423;429,-98.74;-99.12;-100.89,507;423,-98.74;-99.12
	2026-09-20 10:03:43.731,120.13141058,30.27101974,12.23,0.79,11,46.1,417,-96.44,-0.56,507;429;411,-98.41;-99.30;-99.94,507;429,-98.41;-99.30
	2026-09-20 10:03:44.002,120.13143167,30.27101986,12.16,0.50,10,243.4,417,-95.45,1.20,429;507;411,-98.68;-99.29;-102.01,429;507,-98.68;-99.29
	2026-09-20 10:03:44.225,120.13141149,30.27102576,11.96,0.68,14,205.5,417,-96.55,-0.50,429;423;507,-99.17;-100.56;-100.93,429;423,-99.17;-100.56
	2026-09-20 10:03:44.497,120.13142197,30.27102471,11.88,1.29,13,276.3,429,-99.35,-0.48,507;417;411,-99.43;-99.59;-101.35,507;417,-99.43;-99.59
	2026-09-20 10:03:44.798,120.13142942,30.27102594,12.43,1.12,8,107.6,507,-96.08,-0.72,429;417;501,-98.02;-98.77;-102.20,429;417,-98.02;-98.77
	2026-09-20 10:03:44.997,120.13141963,30.27102688,12.39,0.81,10,219.5,507,-97.25,-1.08,429;417;411,-98.64;-98.87;-100.92,429;417,-98.64;-98.87
	2026-09-20 10:03:45.298,120.13141599,30.27101182,12.05,0.49,14,35.6,417,-95.86,-0.02,429;507;411,-98.14;-99.79;-99.84,429;507,-98.14;-99.79
	2026-09-20 10:03:45.491,120.13142976,30.27100553,12.38,0.89,9,232.4,507,-94.49,-1.04,417;429;423,-96.25;-100.63;-101.62,417;429,-96.25;-100.63
	2026-09-20 10:03:45.760,120.13141976,30.27101424,12.46,0.39,9,286.7,417,-94.27,0.89,507;429;513,-98.13;-98.41;-99.23,507;429,-98.13;-98.41
	2026-09-20 10:03:45.945,120.13142403,30.27101729,11.58,0.61,11,89.8,429,-96.36,-0.45,417;507;501,-97.75;-97.96;-102.20,417;507,-97.75;-97.96
	2026-09-20 10:03:46.221,120.13143312,30.27101174,12.20,0.65,14,43.3,507,-96.78,-2.26,429;417;513,-97.27;-97.95;-102.10,429;417,-97.27;-97.95
	2026-09-20 10:03:46.472,120.13141830,30.27101662,11.64,1.29,10,247.1,507,-97.73,0.49,417;429;501,-100.09;-100.23;-102.20,417;429,-100.09;-100.23
	2026-09-20 10:03:46.763,120.13142649,30.27101030,12.28,0.46,10,213.8,507,-95.66,0.96,429;417;411,-98.55;-98.94;-100.80,429;417,-98.55;-98.94
	2026-09-20 10:03:46.960,120.13141991,30.27101672,11.91,0.43,12,265.0,417,-97.58,-1.08,429;411;507,-100.76;-100.82;-101.23,429;411,-100.76;-100.82
	2026-09-20 10:03:47.227,120.13143295,30.27101332,11.73,0.72,9,126.4,507,-98.41,-0.97,417;429;411,-98.80;-99.02;-100.32,417;429,-98.80;-99.02
	2026-09-20 10:03:47.473,120.13140972,30.27100701,12.32,0.77,10,156.3,417,-93.04,2.85,429;507;501,-98.59;-99.20;-102.20,429;507,-98.59;-99.20
	2026-09-20 10:03:47.723,120.13141264,30.27100601,11.88,0.20,12,301.5,507,-94.15,0.37,429;417;423,-97.75;-99.31;-99.73,429;417,-97.75;-99.31
	2026-09-20 10:03:47.903,120.13141963,30.27100058,11.92,0.82,13,135.1,429,-96.99,0.60,417;507;411,-97.60;-98.99;-101.62,417;507,-97.60;-98.99
	2026-09-20 10:03:48.087,120.13142957,30.27099387,11.97,0.60,10,25.4,507,-95.91,0.69,429;417;501,-98.01;-98.73;-100.24,429;417,-98.01;-98.73
	2026-09-20 10:03:48.330,120.13141724,30.27100333,12.11,0.56,11,337.5,507,-96.01,-1.34,417;429;513,-97.16;-99.92;-100.55,417;429,-97.16;-99.92
	2026-09-20 10:03:48.541,120.13142195,30.27098998,12.43,0.33,10,304.1,429,-97.40,-2.07,507;417;423,-97.52;-97.73;-99.90,507;417,-97.52;-97.73
	2026-09-20 10:03:48.813,120.13141640,30.27100010,11.98,0.68,12,62.6,507,-95.63,0.21,429;417;423,-98.69;-99.26;-100.86,429;417,-98.69;-99.26
	2026-09-20 10:03:49.003,120.13141882,30.27099692,12.20,1.38,12,324.8,417,-96.03,-0.97,429;507;423,-97.58;-99.70;-101.01,429;507,-97.58;-99.70
	2026-09-20 10:03:49.190,120.13142953,30.27098319,12.28,1.09,13,88.0,507,-96.51,0.23,429;417;411,-98.66;-99.76;-101.41,429;417,-98.66;-99.76
	2026-09-20 10:03:49.389,120.13142998,30.27098407,11.76,0.74,11,57.9,417,-96.45,-2.22,429;411;507,-97.88;-99.67;-100.60,429;411,-97.88;-99.67
	2026-09-20 10:03:49.673,120.13143311,30.27098337,12.41,1.21,8,160.8,417,-96.37,-0.90,507;429;423,-97.27;-98.06;-102.05,507;429,-97.27;-98.06
	2026-09-20 10:03:49.856,120.13142094,30.27099739,11.83,1.01,8,40.7,507,-97.89,0.18,417;423;429,-99.17;-99.48;-101.46,417;423,-99.17;-99.48
	2026-09-20 10:03:50.101,120.13141725,30.27097927,11.83,1.34,8,42.3,429,-95.32,1.53,417;507;423,-97.34;-97.81;-101.79,417;507,-97.34;-97.81
	2026-09-20 10:03:50.377,120.13143057,30.27097881,11.88,0.64,8,47.3,507,-97.24,0.10,429;417;513,-98.47;-99.07;-101.58,429;417,-98.47;-99.07
	2026-09-20 10:03:50.567,120.13143237,30.27099121,11.94,0.81,13,208.5,507,-95.34,1.37,429;417;423,-97.76;-98.73;-99.65,429;417,-97.76;-98.73
	2026-09-20 10:03:50.868,120.13141170,30.27097395,12.34,0.43,11,329.8,429,-96.93,-3.89,507;417;411,-97.02;-99.55;-100.74,507;417,-97.02;-99.55
	2026-09-20 10:03:51.147,120.13143430,30.27098255,12.07,0.80,13,135.2,507,-94.54,-1.79,429;417;501,-97.49;-102.03;-102.20,429;417,-97.49;-102.03
	2026-09-20 10:03:51.436,120.13143044,30.27097188,11.74,0.76,8,137.7,507,-96.10,-2.11,417;429;411,-97.04;-98.09;-99.61,417;429,-97.04;-98.09
	2026-09-20 10:03:51.720,120.13141175,30.27097792,12.00,1.11,13,108.5,429,-96.22,-1.55,507;417;411,-96.76;-98.80;-101.58,507;417,-96.76;-98.80
	2026-09-20 10:03:51.943,120.13141694,30.27096717,12.15,0.37,14,92.8,417,-97.30,-2.83,507;429;423,-97.75;-99.48;-100.52,507;429,-97.75;-99.48
	2026-09-20 10:03:52.241,120.13142349,30.27097216,12.40,1.24,13,262.9,507,-94.39,1.32,411;429;417,-98.18;-98.19;-100.49,411;429,-98.18;-98.19
	2026-09-20 10:03:52.537,120.13141707,30.27098363,11.68,0.61,9,155.5,429,-96.39,-1.78,507;417;501,-97.37;-98.62;-102.20,507;417,-97.37;-98.62
	2026-09-20 10:03:52.750,120.13143271,30.27098017,11.52,1.31,14,61.3,507,-97.22,-1.16,429;417;423,-98.41;-99.08;-99.21,429;417,-98.41;-99.08
	2026-09-20 10:03:53.008,120.13141913,30.27098013,11.85,0.78,8,257.5,507,-94.32,0.11,429;417;513,-97.15;-97.57;-102.13,429;417,-97.15;-97.57
	2026-09-20 10:03:53.308,120.13143075,30.27097682,11.90,0.45,14,297.5,429,-94.96,-0.11,507;417;513,-96.65;-99.86;-100.44,507;417,-96.65;-99.86
	2026-09-20 10:03:53.569,120.13142413,30.27097836,11.88,1.14,14,85.3,429,-95.40,-1.63,417;507;423,-96.68;-97.96;-100.98,417;507,-96.68;-97.96
	2026-09-20 10:03:53.841,120.13141994,30.27095855,12.25,1.11,12,69.8,429,-97.44,0.56,507;417;513,-98.29;-98.69;-101.32,507;417,-98.29;-98.69
	2026-09-20 10:03:54.083,120.13141993,30.27095441,11.56,0.88,14,149.8,507,-95.83,0.43,429;417;513,-98.64;-101.10;-101.13,429;417,-98.64;-101.10
	2026-09-20 10:03:54.397,120.13141320,30.27095861,12.08,0.86,9,204.2,429,-95.19,2.18,417;507;411,-99.08;-99.23;-99.49,417;507,-99.08;-99.23
	2026-09-20 10:03:54.580,120.13142710,30.27095276,11.86,1.07,12,294.1,507,-96.22,-1.90,429;417;423,-96.98;-99.65;-102.11,429;417,-96.98;-99.65
	2026-09-20 10:03:54.778,120.13143292,30.27096400,11.94,1.16,10,223.3,429,-96.15,-0.17,417;423;507,-98.04;-98.94;-98.95,417;423,-98.04;-98.94
	2026-09-20 10:03:55.087,120.13142100,30.27095352,12.23,1.08,8,83.4,429,-94.73,1.20,417;507;501,-97.36;-98.61;-102.20,417;507,-97.36;-98.61
	2026-09-20 10:03:55.309,120.13141936,30.27095064,11.89,0.34,10,289.7,429,-96.77,-1.52,417;507;423,-97.24;-100.23;-100.67,417;507,-97.24;-100.23
	2026-09-20 10:03:55.563,120.13142248,30.27095122,11.51,0.56,12,80.1,417,-98.85,-0.33,507;429;411,-99.30;-99.36;-100.91,507;429,-99.30;-99.36
	2026-09-20 10:03:55.770,120.13142965,30.27095710,12.30,0.79,14,216.5,507,-96.98,0.42,429;417;501,-99.17;-99.82;-102.20,429;417,-99.17;-99.82
	2026-09-20 10:03:56.051,120.13141631,30.27095364,12.43,1.38,10,40.2,507,-96.55,0.57,417;423;411,-97.66;-100.16;-100.57,417;423,-97.66;-100.16
	2026-09-20 10:03:56.308,120.13141114,30.27094165,11.79,0.47,8,348.8,429,-96.45,-4.02,417;507;513,-96.66;-96.98;-99.71,417;507,-96.66;-96.98
	2026-09-20 10:03:56.580,120.13142770,30.27094380,12.34,0.73,11,82.1,429,-95.30,-2.96,507;417;423,-95.48;-100.01;-100.27,507;417,-95.48;-100.01
	2026-09-20 10:03:56.805,120.13143346,30.27094189,11.67,0.72,8,170.1,507,-97.30,0.47,417;429;411,-99.43;-99.56;-100.94,417;429,-99.43;-99.56
	2026-09-20 10:03:57.117,120.13142992,30.27094939,11.59,0.85,14,153.2,507,-96.52,-1.87,429;417;423,-98.32;-98.83;-101.75,429;417,-98.32;-98.83
	2026-09-20 10:03:57.329,120.13142837,30.27095161,11.83,0.90,8,232.6,507,-95.69,-2.68,429;417;411,-96.61;-99.42;-100.45,429;417,-96.61;-99.42
	2026-09-20 10:03:57.549,120.13141754,30.27094380,12.03,0.78,13,77.4,429,-95.44,1.22,507;417;423,-97.59;-98.93;-101.22,507;417,-97.59;-98.93
	2026-09-20 10:03:57.860,120.13143158,30.27093575,11.63,0.79,12,20.4,507,-96.96,-0.57,429;423;417,-97.59;-101.31;-101.46,429;423,-97.59;-101.31
	2026-09-20 10:03:58.170,120.13142431,30.27094214,11.95,0.84,11,93.7,429,-95.87,-0.17,507;423;417,-98.92;-99.45;-99.65,507;423,-98.92;-99.45
	2026-09-20 10:03:58.472,120.13141926,30.27093120,12.41,0.78,8,226.7,429,-96.42,-2.36,507;417;411,-96.46;-99.63;-102.13,507;417,-96.46;-99.63
	2026-09-20 10:03:58.728,120.13142406,30.27094381,11.99,0.44,14,282.4,417,-97.31,-2.81,507;429;513,-97.79;-97.97;-101.24,507;429,-97.79;-97.97
	2026-09-20 10:03:59.032,120.13141261,30.27094156,11.64,0.62,9,189.0,429,-96.46,2.46,507;417;501,-100.35;-100.61;-102.20,507;417,-100.35;-100.61
	2026-09-20 10:03:59.245,120.13143216,30.27094629,11.66,1.07,10,132.1,417,-97.19,-0.26,429;423;507,-98.06;-99.82;-100.64,429;423,-98.06;-99.82
	2026-09-20 10:03:59.536,120.13142645,30.27092490,12.10,1.26,12,177.4,429,-95.43,-2.41,507;417;423,-96.44;-97.07;-100.53,507;417,-96.44;-97.07
	2026-09-20 10:03:59.718,120.13142775,30.27093796,11.92,0.86,9,176.9,429,-96.77,-5.28,507;423;417,-96.80;-99.61;-99.66,507;423,-96.80;-99.61
	2026-09-20 10:03:59.909,120.13142507,30.27093033,12.15,0.47,9,147.7,429,-94.52,-0.60,507;417;501,-96.49;-99.27;-99.78,507;417,-96.49;-99.27
	2026-09-20 10:04:00.190,120.13142442,30.27092566,11.64,1.38,10,292.9,507,-96.31,-0.52,429;423;417,-97.70;-99.12;-102.13,429;423,-97.70;-99.12
	2026-09-20 10:04:00.501,120.13142009,30.27092907,11.95,1.05,10,331.9,429,-95.07,-2.09,507;417;423,-95.90;-100.60;-100.77,507;417,-95.90;-100.60
	2026-09-20 10:04:00.749,120.13142000,30.27091828,11.68,1.36,8,120.6,507,-92.56,-0.09,429;417;501,-95.77;-96.53;-102.20,429;417,-95.77;-96.53
	2026-09-20 10:04:01.067,120.13142364,30.27093530,12.39,0.25,8,91.9,507,-99.28,-3.80,429;501;513,-99.64;-102.20;-102.20,429;501,-99.64;-102.20
	2026-09-20 10:04:01.367,120.13141969,30.27092879,12.48,0.41,10,151.9,429,-95.98,-1.48,417;507;513,-96.57;-98.98;-101.85,417;507,-96.57;-98.98
	2026-09-20 10:04:01.659,120.13142804,30.27091253,12.38,1.30,14,308.9,429,-96.48,-2.53,507;417;423,-96.92;-100.11;-101.26,507;417,-96.92;-100.11
	2026-09-20 10:04:01.972,120.13141933,30.27091504,12.17,0.45,8,34.3,429,-95.64,1.05,507;417;423,-99.83;-100.37;-101.79,507;417,-99.83;-100.37
	2026-09-20 10:04:02.168,120.13141319,30.27091729,12.24,1.02,13,353.0,507,-95.20,-2.25,429;417;411,-95.90;-100.17;-100.81,429;417,-95.90;-100.17
	2026-09-20 10:04:02.435,120.13141300,30.27092928,11.62,0.23,12,115.5,429,-94.43,0.43,507;417;423,-97.44;-99.42;-100.95,507;417,-97.44;-99.42
	2026-09-20 10:04:02.644,120.13142717,30.27092517,12.28,1.30,9,327.0,429,-95.39,-2.62,507;417;501,-95.85;-99.43;-102.20,507;417,-95.85;-99.43
	2026-09-20 10:04:02.852,120.13141758,30.27092196,12.27,1.02,10,281.2,429,-94.71,0.83,507;423;411,-97.47;-98.67;-101.36,507;423,-97.47;-98.67
	2026-09-20 10:04:03.129,120.13142981,30.27091439,12.22,0.27,14,313.2,429,-94.92,0.35,507;417;501,-99.31;-101.76;-102.20,507;417,-99.31;-101.76
	2026-09-20 10:04:03.398,120.13141918,30.27092068,11.82,1.00,14,134.1,507,-96.41,-1.27,429;423;417,-98.10;-99.70;-99.96,429;423,-98.10;-99.70
	2026-09-20 10:04:03.618,120.13141913,30.27091905,11.67,0.55,8,350.7,429,-95.11,2.83,507;417;411,-99.07;-100.20;-100.22,507;417,-99.07;-100.20
	2026-09-20 10:04:03.840,120.13141368,30.27091013,11.75,0.65,9,153.1,429,-95.06,1.39,417;507;411,-99.06;-99.48;-100.00,417;507,-99.06;-99.48
	2026-09-20 10:04:04.127,120.13141133,30.27090849,12.13,1.00,14,184.8,507,-96.31,1.47,429;417;423,-100.02;-101.40;-102.13,429;417,-100.02;-101.40
	2026-09-20 10:04:04.368,120.13142140,30.27089830,12.46,0.55,9,140.8,429,-96.60,-1.37,507;417;423,-97.15;-99.06;-101.86,507;417,-97.15;-99.06
	2026-09-20 10:04:04.586,120.13143074,30.27090258,12.17,0.70,10,334.7,507,-96.88,-0.41,429;417;423,-97.97;-99.75;-100.39,429;417,-97.97;-99.75
	2026-09-20 10:04:04.771,120.13141375,30.27091181,11.84,0.65,13,107.3,507,-96.00,-3.20,429;423;411,-96.14;-100.84;-100.87,429;423,-96.14;-100.84
	2026-09-20 10:04:05.060,120.13143148,30.27089960,12.45,0.81,13,357.1,429,-93.09,1.48,507;423;417,-97.35;-99.19;-99.26,507;423,-97.35;-99.19
	2026-09-20 10:04:05.258,120.13141194,30.27091024,12.13,1.04,8,358.7,507,-95.59,-1.15,429;423;411,-97.63;-98.63;-101.23,429;423,-97.63;-98.63
	2026-09-20 10:04:05.545,120.13141231,30.27089343,12.48,0.89,12,309.1,507,-96.63,-3.37,429;411;423,-97.21;-99.44;-101.74,429;411,-97.21;-99.44
	2026-09-20 10:04:05.726,120.13141850,30.27090431,11.87,1.23,9,282.1,429,-93.29,-1.83,507;423;417,-94.20;-100.05;-101.24,507;423,-94.20;-100.05
	2026-09-20 10:04:05.987,120.13142089,30.27089654,12.31,0.58,12,159.7,429,-96.05,-3.11,507;423;513,-96.06;-100.13;-100.40,507;423,-96.06;-100.13
	2026-09-20 10:04:06.267,120.13141071,30.27089525,11.87,1.34,10,43.1,429,-95.03,0.60,507;417;423,-98.24;-99.38;-101.95,507;417,-98.24;-99.38
	2026-09-20 10:04:06.580,120.13143350,30.27089110,12.04,1.32,8,268.1,429,-94.53,-1.47,507;417;513,-96.33;-99.13;-101.40,507;417,-96.33;-99.13
	2026-09-20 10:04:06.781,120.13142885,30.27088508,11.91,1.21,11,141.3,507,-95.33,-3.20,429;423;417,-95.45;-101.53;-102.11,429;423,-95.45;-101.53
	2026-09-20 10:04:07.058,120.13143334,30.27089702,11.85,1.00,14,342.8,507,-97.40,-2.77,429;423;417,-97.86;-99.50;-100.06,429;423,-97.86;-99.50
	2026-09-20 10:04:07.258,120.13141073,30.27089489,12.04,1.10,8,133.5,429,-95.63,-0.22,507;417;513,-96.12;-101.71;-101.73,507;417,-96.12;-101.71
	2026-09-20 10:04:07.537,120.13141542,30.27089665,12.34,1.13,12,272.4,429,-93.20,3.63,507;501;513,-98.50;-102.20;-102.20,507;501,-98.50;-102.20
	2026-09-20 10:04:07.752,120.13143297,30.27088858,11.94,0.82,9,232.9,429,-93.35,1.58,507;417;423,-98.16;-99.02;-100.37,507;417,-98.16;-99.02
	2026-09-20 10:04:07.947,120.13143252,30.27089010,12.25,0.88,12,81.2,507,-95.91,-2.37,429;423;417,-96.02;-101.81;-101.82,429;423,-96.02;-101.81
	2026-09-20 10:04:08.244,120.13140977,30.27088385,12.47,0.72,14,119.7,429,-92.73,-0.89,507;417;423,-95.99;-97.99;-99.51,507;417,-95.99;-97.99
	2026-09-20 10:04:08.546,120.13143426,30.27089124,11.61,1.16,14,35.9,507,-97.30,-3.69,429;411;417,-97.51;-99.42;-101.92,429;411,-97.51;-99.42
	2026-09-20 10:04:08.759,120.13143429,30.27089061,11.54,0.96,13,34.4,429,-97.04,1.51,507;417;411,-99.90;-100.73;-100.90,507;417,-99.90;-100.73
	2026-09-20 10:04:09.074,120.13143427,30.27087906,11.79,1.28,11,337.3,507,-95.72,-1.40,429;417;423,-95.94;-100.91;-101.38,429;417,-95.94;-100.91
	2026-09-20 10:04:09.258,120.13142878,30.27087440,12.04,0.84,14,319.0,429,-96.28,1.34,507;417;513,-98.95;-99.79;-101.19,507;417,-98.95;-99.79
	2026-09-20 10:04:09.502,120.13142854,30.27087388,12.01,0.92,13,213.4,429,-94.67,-1.24,507;417;423,-96.57;-98.30;-102.04,507;417,-96.57;-98.30
	2026-09-20 10:04:09.804,120.13141071,30.27088159,12.27,0.75,9,325.1,429,-96.37,-0.06,507;417;423,-96.68;-98.42;-101.31,507;417,-96.68;-98.42
	2026-09-20 10:04:10.029,120.13143452,30.27088205,11.81,1.01,14,50.9,429,-95.65,-1.72,507;501;513,-96.53;-102.20;-102.20,507;501,-96.53;-102.20
	2026-09-20 10:04:10.255,120.13143042,30.27086822,12.16,1.21,12,351.7,429,-95.25,1.08,507;423;417,-98.01;-100.45;-101.50,507;423,-98.01;-100.45
	2026-09-20 10:04:10.438,120.13141251,30.27087180,11.78,0.80,12,348.9,429,-96.74,-0.92,507;423;417,-98.31;-100.71;-102.00,507;423,-98.31;-100.71
	2026-09-20 10:04:10.727,120.13142217,30.27086766,11.91,0.68,14,231.9,507,-93.30,1.77,429;501;513,-98.29;-102.20;-102.20,429;501,-98.29;-102.20
	2026-09-20 10:04:11.001,120.13143081,30.27087792,12.06,0.66,9,149.2,507,-94.87,-1.08,429;417;411,-96.40;-101.33;-101.42,429;417,-96.40;-101.33
	2026-09-20 10:04:11.272,120.13141070,30.27086934,12.31,0.64,9,25.1,507,-95.81,-2.37,429;417;423,-95.98;-98.14;-100.39,429;417,-95.98;-98.14
	2026-09-20 10:04:11.571,120.13142300,30.27086067,11.95,0.94,14,320.6,429,-93.51,3.45,417;507;423,-98.97;-98.98;-99.98,417;507,-98.97;-98.98
	2026-09-20 10:04:11.763,120.13142349,30.27085622,12.04,0.74,12,296.2,429,-95.85,1.84,507;423;417,-100.32;-101.17;-101.38,507;423,-100.32;-101.17
	2026-09-20 10:04:11.969,120.13143012,30.27087250,11.91,1.03,9,216.2,429,-94.54,0.69,507;417;411,-97.23;-100.18;-102.05,507;417,-97.23;-100.18
	2026-09-20 10:04:12.239,120.13142304,30.27085403,12.47,0.52,13,268.6,429,-96.02,1.30,507;501;513,-98.39;-102.20;-102.20,507;501,-98.39;-102.20
	2026-09-20 10:04:12.428,120.13142331,30.27086046,11.58,0.50,8,176.6,507,-94.39,-0.40,429;417;501,-95.98;-100.18;-102.20,429;417,-95.98;-100.18
	2026-09-20 10:04:12.742,120.13142689,30.27086813,12.08,1.03,8,269.3,429,-95.72,-1.13,507;423;411,-96.94;-100.30;-101.61,507;423,-96.94;-100.30
	2026-09-20 10:04:12.976,120.13142216,30.27085099,12.02,0.89,11,120.7,507,-95.43,-2.00,429;423;417,-96.11;-99.07;-100.63,429;423,-96.11;-99.07
	2026-09-20 10:04:13.196,120.13142642,30.27084563,12.34,0.69,11,190.7,507,-94.07,-2.23,429;423;501,-94.58;-102.00;-102.20,429;423,-94.58;-102.00
	2026-09-20 10:04:13.505,120.13141116,30.27086250,12.26,1.08,12,249.5,507,-95.57,-2.10,429;417;423,-96.44;-101.09;-101.69,429;417,-96.44;-101.09
	2026-09-20 10:04:13.714,120.13142391,30.27086008,12.38,1.15,14,33.7,429,-94.68,-2.31,507;513;423,-96.10;-100.02;-100.04,507;513,-96.10;-100.02
	2026-09-20 10:04:13.931,120.13141567,30.27085630,12.14,1.16,9,319.9,429,-93.10,0.46,507;417;423,-94.89;-100.44;-100.90,507;417,-94.89;-100.44
	2026-09-20 10:04:14.251,120.13142104,30.27085986,12.06,0.67,11,76.3,429,-95.47,-0.95,507;501;417,-95.60;-99.23;-100.57,507;501,-95.60;-99.23
	2026-09-20 10:04:14.522,120.13141149,30.27085210,12.50,1.20,14,330.8,507,-97.23,-1.82,429;411;501,-98.03;-99.79;-101.96,429;411,-98.03;-99.79
	2026-09-20 10:04:14.770,120.13142682,30.27084601,12.34,1.35,8,269.7,429,-95.55,0.25,507;417;501,-97.91;-99.81;-102.20,507;417,-97.91;-99.81
	2026-09-20 10:04:15.004,120.13143256,30.27084173,11.59,0.62,13,259.0,429,-94.61,-0.46,507;411;423,-94.90;-99.41;-100.64,507;411,-94.90;-99.41
	2026-09-20 10:04:15.234,120.13142029,30.27083951,11.83,1.11,14,313.8,507,-92.95,-0.31,429;417;423,-96.27;-100.20;-101.94,429;417,-96.27;-100.20
	2026-09-20 10:04:15.538,120.13141677,30.27083668,11.87,0.30,9,283.7,429,-93.09,1.53,507;423;417,-98.24;-100.11;-100.36,507;423,-98.24;-100.11
	2026-09-20 10:04:15.852,120.13143030,30.27083339,11.60,1.11,10,354.3,429,-97.17,-2.91,507;417;501,-97.38;-100.51;-102.20,507;417,-97.38;-100.51
	2026-09-20 10:04:16.129,120.13143111,30.27084755,11.86,0.68,14,141.5,429,-92.65,2.92,507;411;423,-96.62;-101.49;-101.63,507;411,-96.62;-101.49
	2026-09-20 10:04:16.364,120.13141053,30.27083551,12.02,1.31,8,346.2,429,-94.34,0.51,507;501;513,-96.83;-102.20;-102.20,507;501,-96.83;-102.20
	2026-09-20 10:04:16.629,120.13140977,30.27084400,11.71,0.64,10,318.6,429,-95.54,-2.25,507;411;417,-97.83;-101.15;-101.51,507;411,-97.83;-101.15
	2026-09-20 10:04:16.866,120.13141066,30.27083316,11.91,0.23,14,107.5,429,-92.36,0.46,507;501;513,-95.67;-102.20;-102.20,507;501,-95.67;-102.20
	2026-09-20 10:04:17.090,120.13141131,30.27083041,11.81,1.20,9,150.4,429,-94.62,-0.99,507;411;501,-97.69;-101.43;-102.20,507;411,-97.69;-101.43
	2026-09-20 10:04:17.335,120.13142055,30.27084377,11.72,0.75,13,214.1,429,-96.39,0.00,507;423;501,-98.31;-100.11;-102.20,507;423,-98.31;-100.11
	2026-09-20 10:04:17.568,120.13140994,30.27084174,11.83,1.19,14,180.9,429,-93.97,1.97,507;417;411,-98.28;-101.28;-101.56,507;417,-98.28;-101.28
	2026-09-20 10:04:17.762,120.13141591,30.27083300,11.76,1.31,10,176.1,429,-93.27,1.80,507;417;423,-97.63;-100.01;-100.11,507;417,-97.63;-100.01
	2026-09-20 10:04:18.080,120.13141952,30.27082845,12.13,0.21,8,168.7,429,-95.06,-1.90,507;423;501,-97.66;-101.96;-102.20,507;423,-97.66;-101.96
	2026-09-20 10:04:18.389,120.13142634,30.27083204,12.13,1.30,13,286.1,429,-94.13,-1.56,507;423;417,-95.56;-99.67;-101.03,507;423,-95.56;-99.67
	2026-09-20 10:04:18.662,120.13143421,30.27082202,11.52,0.88,11,281.4,429,-93.38,-0.18,507;423;501,-96.73;-101.81;-102.20,507;423,-96.73;-101.81
	2026-09-20 10:04:18.967,120.13143005,30.27081616,12.43,0.43,12,309.6,429,-92.81,2.90,507;417;423,-97.63;-99.32;-101.98,507;417,-97.63;-99.32
	2026-09-20 10:04:19.181,120.13141608,30.27082119,11.61,0.46,13,186.3,429,-95.56,-1.39,507;423;411,-96.94;-100.36;-101.46,507;423,-96.94;-100.36
	2026-09-20 10:04:19.469,120.13141097,30.27081657,11.87,0.53,14,177.4,429,-93.77,-0.82,507;423;417,-95.74;-99.88;-101.17,507;423,-95.74;-99.88
	2026-09-20 10:04:19.751,120.13141722,30.27081076,12.07,0.51,9,246.6,429,-93.60,2.51,507;417;501,-98.45;-100.86;-102.20,507;417,-98.45;-100.86
	2026-09-20 10:04:20.013,120.13142701,30.27082270,11.81,0.89,8,94.5,507,-94.92,3.08,429;501;513,-97.91;-102.20;-102.20,429;501,-97.91;-102.20
	2026-09-20 10:04:20.321,120.13141321,30.27081127,12.04,0.37,8,272.4,429,-95.56,3.89,507;501;513,-101.48;-102.20;-102.20,507;501,-101.48;-102.20
	2026-09-20 10:04:20.559,120.13141547,30.27082592,12.24,1.17,14,357.5,429,-94.89,-2.11,507;417;423,-96.22;-99.44;-100.32,507;417,-96.22;-99.44
	2026-09-20 10:04:20.845,120.13143225,30.27081768,11.79,0.77,13,115.4,429,-93.02,0.82,507;417;513,-96.58;-100.98;-102.10,507;417,-96.58;-100.98
	2026-09-20 10:04:21.134,120.13142634,30.27080968,11.58,0.26,13,276.6,429,-93.92,1.08,507;423;501,-97.47;-101.39;-102.20,507;423,-97.47;-101.39
	2026-09-20 10:04:21.422,120.13141492,30.27080781,11.53,0.31,8,185.3,429,-94.24,0.09,507;417;423,-98.22;-100.02;-101.43,507;417,-98.22;-100.02
	2026-09-20 10:04:21.698,120.13142940,30.27081144,11.88,0.56,11,125.4,429,-94.34,1.46,507;501;513,-96.88;-102.20;-102.20,507;501,-96.88;-102.20
	2026-09-20 10:04:21.924,120.13141302,30.27080883,12.38,1.02,14,324.3,429,-95.50,0.49,423;507;417,-97.50;-99.02;-100.38,423;507,-97.50;-99.02
	2026-09-20 10:04:22.221,120.13141588,30.27080178,12.31,0.49,11,346.0,429,-92.68,3.49,507;411;417,-98.68;-99.97;-100.25,507;411,-98.68;-99.97
	2026-09-20 10:04:22.404,120.13141049,30.27081204,12.14,1.26,8,294.8,429,-95.64,-2.28,507;423;417,-96.06;-101.29;-101.32,507;423,-96.06;-101.29
	2026-09-20 10:04:22.714,120.13143443,30.27080035,11.51,1.30,13,161.4,429,-91.54,1.69,507;423;411,-97.61;-101.11;-101.53,507;423,-97.61;-101.11
	2026-09-20 10:04:22.942,120.13142433,30.27081023,12.28,0.89,10,304.1,429,-95.67,-1.43,507;423;501,-96.36;-100.69;-102.20,507;423,-96.36;-100.69
	2026-09-20 10:04:23.145,120.13142998,30.27080619,12.20,0.41,8,270.3,429,-93.45,0.48,507;423;417,-96.22;-101.55;-101.56,507;423,-96.22;-101.55
	2026-09-20 10:04:23.368,120.13142901,30.27080692,12.39,0.93,13,22.0,429,-92.72,0.20,507;417;501,-95.25;-101.21;-102.20,507;417,-95.25;-101.21
	2026-09-20 10:04:23.675,120.13141257,30.27080462,12.49,1.22,11,4.6,429,-94.19,1.57,507;423;411,-96.98;-100.10;-101.62,507;423,-96.98;-100.10
	2026-09-20 10:04:23.876,120.13141252,30.27080593,11.83,0.28,11,198.4,429,-91.55,5.69,507;501;513,-99.65;-102.20;-102.20,507;501,-99.65;-102.20
	2026-09-20 10:04:24.083,120.13142586,30.27078944,12.40,0.28,10,82.4,429,-93.33,3.09,507;423;501,-97.59;-99.60;-102.20,507;423,-97.59;-99.60
	2026-09-20 10:04:24.288,120.13142199,30.27079825,12.14,0.54,8,130.2,429,-90.10,5.02,507;423;501,-97.23;-101.15;-102.20,507;423,-97.23;-101.15
	2026-09-20 10:04:24.473,120.13142558,30.27079645,12.03,0.75,14,289.7,429,-91.35,-0.43,507;423;501,-94.18;-98.30;-102.20,507;423,-94.18;-98.30
	2026-09-20 10:04:24.688,120.13141089,30.27078688,11.70,1.01,11,109.1,429,-91.97,2.28,507;417;501,-95.30;-101.98;-102.20,507;417,-95.30;-101.98
	2026-09-20 10:04:24.942,120.13142176,30.27080047,11.83,0.36,13,247.2,429,-93.57,-0.61,507;423;417,-94.57;-100.89;-102.12,507;423,-94.57;-100.89
	2026-09-20 10:04:25.124,120.13142069,30.27079812,11.59,0.53,8,351.9,507,-96.00,-3.83,429;417;501,-96.88;-101.24;-102.20,429;417,-96.88;-101.24
	2026-09-20 10:04:25.385,120.13142199,30.27078110,11.68,1.36,12,101.5,429,-94.25,-1.46,507;417;501,-95.24;-100.21;-102.20,507;417,-95.24;-100.21
	2026-09-20 10:04:25.699,120.13141205,30.27078209,11.62,0.80,10,60.1,429,-93.86,1.31,507;411;501,-97.43;-100.95;-102.20,507;411,-97.43;-100.95
	2026-09-20 10:04:25.966,120.13142003,30.27078442,12.20,0.21,13,231.6,429,-91.08,0.52,507;501;513,-94.48;-102.20;-102.20,507;501,-94.48;-102.20
	2026-09-20 10:04:26.148,120.13143219,30.27077546,12.49,0.87,8,169.5,429,-92.08,5.02,507;417;423,-100.24;-101.42;-101.52,507;417,-100.24;-101.42
	2026-09-20 10:04:26.402,120.13141471,30.27077961,12.39,0.40,13,212.4,429,-91.56,2.89,507;501;513,-96.75;-102.20;-102.20,507;501,-96.75;-102.20
	2026-09-20 10:04:26.699,120.13141498,30.27078364,11.94,0.72,13,274.9,429,-89.28,5.42,507;423;417,-96.18;-99.59;-101.28,507;423,-96.18;-99.59
	2026-09-20 10:04:27.004,120.13142041,30.27077912,11.70,0.73,8,18.5,429,-92.84,-2.45,507;417;501,-93.36;-101.84;-102.20,507;417,-93.36;-101.84
	2026-09-20 10:04:27.284,120.13141045,30.27078490,11.56,0.34,9,348.1,429,-92.15,2.34,507;501;513,-98.40;-102.20;-102.20,507;501,-98.40;-102.20
	2026-09-20 10:04:27.577,120.13141151,30.27077373,12.03,1.06,13,39.3,429,-93.86,-1.54,507;501;513,-95.68;-102.20;-102.20,507;501,-95.68;-102.20
	2026-09-20 10:04:27.832,120.13142610,30.27076420,12.25,1.21,8,88.0,429,-90.09,3.65,507;417;423,-96.34;-99.44;-101.22,507;417,-96.34;-99.44
	2026-09-20 10:04:28.031,120.13141526,30.27078218,12.08,0.90,10,332.8,429,-93.86,-2.86,507;423;501,-94.96;-99.42;-102.20,507;423,-94.96;-99.42
	2026-09-20 10:04:28.339,120.13143033,30.27076496,12.11,0.90,14,106.2,429,-91.07,0.92,507;423;501,-94.51;-99.78;-102.20,507;423,-94.51;-99.78
	2026-09-20 10:04:28.539,120.13142048,30.27076198,11.98,1.24,14,67.4,429,-92.08,1.32,507;501;513,-96.57;-102.20;-102.20,507;501,-96.57;-102.20
	2026-09-20 10:04:28.736,120.13142852,30.27077210,12.10,0.34,8,164.5,429,-93.47,-0.74,507;423;501,-96.94;-100.80;-102.20,507;423,-96.94;-100.80
	2026-09-20 10:04:28.930,120.13142186,30.27077744,11.75,1.11,9,151.0,429,-91.61,1.66,507;417;501,-96.11;-101.84;-102.20,507;417,-96.11;-101.84
	2026-09-20 10:04:29.164,120.13141115,30.27077049,12.37,1.09,9,263.5,429,-90.03,5.15,507;417;513,-97.29;-101.17;-101.51,507;417,-97.29;-101.17
	2026-09-20 10:04:29.361,120.13141809,30.27075807,11.72,0.45,13,335.9,429,-91.18,0.81,507;411;417,-94.77;-100.26;-100.74,507;411,-94.77;-100.26
	2026-09-20 10:04:29.594,120.13142727,30.27076966,12.32,0.44,9,101.6,429,-92.40,2.49,507;423;501,-99.57;-99.95;-102.20,507;423,-99.57;-99.95
	2026-09-20 10:04:29.786,120.13142413,30.27075414,11.50,0.65,13,297.5,429,-92.38,3.98,507;417;501,-99.11;-101.30;-102.20,507;417,-99.11;-101.30
	2026-09-20 10:04:30.058,120.13142104,30.27076381,12.14,1.14,11,143.5,429,-91.56,2.25,507;423;417,-96.98;-99.67;-100.02,507;423,-96.98;-99.67
	2026-09-20 10:04:30.338,120.13141705,30.27076067,12.46,0.94,12,277.1,429,-89.86,2.76,507;423;417,-96.42;-101.74;-102.01,507;423,-96.42;-101.74
	2026-09-20 10:04:30.521,120.13143191,30.27075307,12.15,1.29,9,39.9,429,-92.17,0.87,507;417;501,-96.13;-100.47;-102.20,507;417,-96.13;-100.47
	2026-09-20 10:04:30.820,120.13143234,30.27076347,11.88,0.23,8,250.7,429,-92.14,2.76,507;501;513,-97.79;-102.20;-102.20,507;501,-97.79;-102.20
	2026-09-20 10:04:31.089,120.13142786,30.27076126,11.90,0.81,10,72.6,429,-92.42,0.69,507;501;513,-96.46;-102.20;-102.20,507;501,-96.46;-102.20
	2026-09-20 10:04:31.372,120.13141779,30.27075627,12.41,0.26,10,59.5,429,-90.29,4.18,507;423;513,-96.47;-99.32;-101.20,507;423,-96.47;-99.32
	2026-09-20 10:04:31.555,120.13143245,30.27075201,12.27,1.28,12,4.0,429,-92.99,0.15,507;411;417,-96.34;-99.97;-102.12,507;411,-96.34;-99.97
	2026-09-20 10:04:31.840,120.13142353,30.27074463,12.01,1.12,9,135.0,429,-91.83,1.96,507;423;501,-96.42;-100.99;-101.61,507;423,-96.42;-100.99
	2026-09-20 10:04:32.139,120.13143136,30.27075331,12.02,0.67,9,294.4,429,-92.18,1.97,507;423;513,-97.07;-99.38;-100.30,507;423,-97.07;-99.38
	2026-09-20 10:04:32.437,120.13143404,30.27074724,12.39,0.31,13,247.0,429,-95.97,0.58,507;501;513,-97.48;-102.20;-102.20,507;501,-97.48;-102.20
	2026-09-20 10:04:32.754,120.13142449,30.27074496,12.23,0.53,11,197.1,429,-93.39,2.80,507;417;501,-96.79;-101.84;-102.20,507;417,-96.79;-101.84
	2026-09-20 10:04:33.042,120.13142465,30.27074757,11.81,1.35,9,99.0,429,-88.84,5.00,507;501;513,-95.16;-102.20;-102.20,507;501,-95.16;-102.20
	2026-09-20 10:04:33.237,120.13142182,30.27073362,11.84,1.24,11,16.6,429,-91.98,1.68,507;423;501,-95.85;-101.55;-102.20,507;423,-95.85;-101.55
	2026-09-20 10:04:33.436,120.13141535,30.27073348,12.11,0.99,9,132.5,429,-90.81,2.02,507;423;501,-95.79;-99.71;-102.20,507;423,-95.79;-99.71
	2026-09-20 10:04:33.637,120.13141389,30.27075066,11.97,1.34,13,102.5,429,-92.70,2.94,423;507;501,-98.86;-99.17;-102.20,423;507,-98.86;-99.17
	2026-09-20 10:04:33.823,120.13142644,30.27073531,11.68,0.24,12,9.5,429,-92.70,1.07,507;417;501,-97.53;-99.22;-101.27,507;417,-97.53;-99.22
	2026-09-20 10:04:34.024,120.13142341,30.27073619,12.38,0.91,8,100.1,429,-93.82,-1.59,507;423;501,-95.05;-100.98;-102.20,507;423,-95.05;-100.98
	2026-09-20 10:04:34.215,120.13143103,30.27074106,11.64,0.40,11,12.1,429,-95.43,-0.74,507;417;423,-97.13;-100.60;-101.42,507;417,-97.13;-100.60
	2026-09-20 10:04:34.414,120.13142379,30.27073638,12.31,0.55,11,324.9,429,-89.30,4.58,507;417;501,-95.60;-102.07;-102.20,507;417,-95.60;-102.07
	2026-09-20 10:04:34.637,120.13141387,30.27073433,11.87,0.48,11,231.1,429,-91.60,6.52,507;423;501,-98.81;-101.38;-102.20,507;423,-98.81;-101.38
	2026-09-20 10:04:34.923,120.13142965,30.27073489,12.40,0.25,8,179.6,429,-90.49,4.81,507;417;513,-97.37;-101.11;-101.27,507;417,-97.37;-101.11
	2026-09-20 10:04:35.156,120.13141075,30.27072239,11.67,0.95,12,180.8,429,-93.25,0.78,507;423;501,-96.43;-101.60;-102.20,507;423,-96.43;-101.60
	2026-09-20 10:04:35.338,120.13141773,30.27073392,11.68,1.09,8,144.7,429,-91.64,5.78,507;423;501,-99.73;-101.64;-102.20,507;423,-99.73;-101.64
	2026-09-20 10:04:35.559,120.13142870,30.27071896,11.92,0.71,11,17.2,429,-89.62,6.52,507;417;501,-98.71;-101.00;-102.20,507;417,-98.71;-101.00
	2026-09-20 10:04:35.820,120.13140979,30.27072322,11.90,1.32,12,92.4,429,-90.78,4.31,507;423;513,-97.00;-99.58;-101.65,507;423,-97.00;-99.58
	2026-09-20 10:04:36.010,120.13142628,30.27071818,11.73,0.61,12,272.7,429,-89.54,4.39,507;423;411,-96.70;-100.63;-100.94,507;423,-96.70;-100.63
	2026-09-20 10:04:36.308,120.13143341,30.27071583,12.40,0.35,13,97.8,429,-89.26,6.83,507;411;501,-98.77;-100.88;-102.20,507;411,-98.77;-100.88
	2026-09-20 10:04:36.584,120.13142994,30.27072058,11.68,0.61,13,346.2,429,-89.35,5.46,507;423;501,-97.09;-100.52;-102.20,507;423,-97.09;-100.52
	2026-09-20 10:04:36.793,120.13142170,30.27071308,12.18,1.34,10,26.0,429,-88.44,6.76,507;423;417,-97.17;-99.82;-101.97,507;423,-97.17;-99.82
	2026-09-20 10:04:37.088,120.13143195,30.27071006,12.38,0.70,9,53.5,429,-88.10,6.93,507;411;501,-96.81;-101.99;-102.20,507;411,-96.81;-101.99
	2026-09-20 10:04:37.276,120.13143063,30.27072707,12.09,1.19,14,41.3,429,-93.60,-2.14,507;423;501,-95.42;-101.60;-102.20,507;423,-95.42;-101.60
	2026-09-20 10:04:37.494,120.13141890,30.27072360,11.55,1.16,14,134.6,429,-90.33,4.50,507;417;501,-97.53;-100.88;-102.20,507;417,-97.53;-100.88
	2026-09-20 10:04:37.806,120.13143243,30.27071504,11.71,0.85,11,2.8,429,-87.17,9.73,507;501;513,-96.86;-102.20;-102.20,507;501,-96.86;-102.20
	2026-09-20 10:04:38.085,120.13141578,30.27071203,11.71,0.76,8,54.2,429,-89.28,8.77,507;423;417,-99.14;-100.95;-101.96,507;423,-99.14;-100.95
	2026-09-20 10:04:38.387,120.13142980,30.27071891,12.50,0.62,12,154.7,429,-87.44,6.53,507;417;501,-97.29;-101.42;-102.20,507;417,-97.29;-101.42
	2026-09-20 10:04:38.594,120.13142052,30.27070211,11.81,0.78,9,198.8,429,-91.03,3.31,507;423;501,-97.93;-102.00;-102.20,507;423,-97.93;-102.00
	2026-09-20 10:04:38.861,120.13143115,30.27070995,12.30,1.32,11,36.5,429,-92.30,4.90,507;501;513,-99.80;-102.20;-102.20,507;501,-99.80;-102.20
	2026-09-20 10:04:39.163,120.13142720,30.27071146,12.38,1.07,13,273.1,429,-87.99,5.65,507;423;501,-96.77;-101.90;-102.20,507;423,-96.77;-101.90
	2026-09-20 10:04:39.414,120.13141978,30.27071135,12.05,0.38,14,112.6,429,-90.00,2.40,507;423;417,-96.47;-100.64;-101.41,507;423,-96.47;-100.64
	2026-09-20 10:04:39.730,120.13142289,30.27071489,12.22,0.70,11,141.3,429,-90.86,5.26,507;423;501,-99.94;-102.09;-102.20,507;423,-99.94;-102.09
	2026-09-20 10:04:40.021,120.13141887,30.27070749,11.83,1.29,13,221.4,429,-89.45,8.12,507;423;501,-99.73;-101.40;-102.20,507;423,-99.73;-101.40
	2026-09-20 10:04:40.326,120.13141469,30.27070690,11.71,0.86,13,94.3,429,-89.24,5.48,507;417;423,-96.85;-101.58;-101.89,507;417,-96.85;-101.58
	2026-09-20 10:04:40.542,120.13142048,30.27070861,12.09,1.14,10,306.1,429,-88.07,9.40,423;507;501,-98.40;-98.62;-102.20,423;507,-98.40;-98.62
	2026-09-20 10:04:40.832,120.13143156,30.27068969,12.00,0.82,9,46.1,429,-88.08,7.40,507;423;501,-98.86;-100.81;-102.20,507;423,-98.86;-100.81
	2026-09-20 10:04:41.120,120.13142633,30.27069548,11.79,0.48,9,124.9,429,-87.49,8.36,507;423;417,-99.31;-100.32;-101.09,507;423,-99.31;-100.32
	2026-09-20 10:04:41.330,120.13141904,30.27068885,11.98,1.05,14,354.1,429,-89.17,5.15,507;423;501,-96.89;-101.19;-102.20,507;423,-96.89;-101.19
	2026-09-20 10:04:41.625,120.13141137,30.27070186,11.61,0.69,10,278.6,429,-89.79,4.27,507;411;513,-96.29;-102.06;-102.09,507;411,-96.29;-102.06
	2026-09-20 10:04:41.900,120.13141153,30.27069611,11.85,0.90,11,64.8,429,-88.44,3.99,507;501;513,-95.98;-102.20;-102.20,507;501,-95.98;-102.20
	2026-09-20 10:04:42.208,120.13143359,30.27069946,11.84,0.67,13,154.9,429,-90.42,2.02,507;423;501,-95.58;-101.15;-102.20,507;423,-95.58;-101.15
	2026-09-20 10:04:42.518,120.13141900,30.27068183,12.11,1.29,13,299.9,429,-89.50,5.69,507;423;417,-98.09;-100.47;-101.62,507;423,-98.09;-100.47
	2026-09-20 10:04:42.788,120.13140990,30.27067878,12.36,0.32,10,205.9,429,-89.74,5.64,507;417;423,-96.42;-100.81;-101.81,507;417,-96.42;-100.81
	2026-09-20 10:04:42.969,120.13141974,30.27067712,11.87,0.59,12,152.2,429,-90.87,7.12,507;423;411,-99.18;-100.89;-101.57,507;423,-99.18;-100.89
	2026-09-20 10:04:43.237,120.13142301,30.27069055,11.81,1.14,13,311.7,429,-89.47,4.53,507;417;501,-96.73;-102.05;-102.20,507;417,-96.73;-102.05
	2026-09-20 10:04:43.528,120.13141216,30.27069468,11.97,0.31,11,203.6,429,-89.64,4.66,507;501;513,-97.48;-102.20;-102.20,507;501,-97.48;-102.20
	2026-09-20 10:04:43.715,120.13141101,30.27068133,11.67,1.28,8,328.7,429,-90.39,3.93,507;501;513,-98.00;-102.20;-102.20,507;501,-98.00;-102.20
	2026-09-20 10:04:43.991,120.13142525,30.27067526,12.28,0.88,14,69.8,429,-87.79,8.28,507;417;501,-98.38;-101.80;-102.20,507;417,-98.38;-101.80
	2026-09-20 10:04:44.197,120.13142589,30.27067751,12.16,1.38,8,212.5,429,-88.42,5.16,507;423;501,-96.26;-100.97;-102.20,507;423,-96.26;-100.97
	2026-09-20 10:04:44.397,120.13142927,30.27067090,12.46,1.00,10,282.3,429,-89.09,5.36,507;423;501,-97.31;-101.34;-102.20,507;423,-97.31;-101.34
	2026-09-20 10:04:44.608,120.13143148,30.27068142,11.94,1.29,12,242.3,429,-86.56,9.33,507;423;501,-97.49;-99.59;-102.20,507;423,-97.49;-99.59
	2026-09-20 10:04:44.851,120.13141762,30.27067630,12.10,1.06,10,104.4,429,-89.74,2.16,507;417;423,-94.93;-101.06;-101.26,507;417,-94.93;-101.06
	2026-09-20 10:04:45.053,120.13142467,30.27066969,12.34,1.00,13,118.1,429,-88.21,4.57,507;411;501,-97.74;-101.69;-102.20,507;411,-97.74;-101.69
	2026-09-20 10:04:45.298,120.13141278,30.27067065,12.05,1.07,9,46.4,429,-85.84,8.26,507;423;417,-95.79;-102.11;-102.14,507;423,-95.79;-102.11
	2026-09-20 10:04:45.478,120.13141951,30.27066130,11.98,0.56,8,125.2,429,-88.81,5.51,507;423;501,-94.98;-99.28;-102.20,507;423,-94.98;-99.28
	2026-09-20 10:04:45.729,120.13142390,30.27067740,11.83,1.13,9,110.6,429,-91.08,3.39,507;423;417,-97.38;-100.63;-101.48,507;423,-97.38;-100.63
	2026-09-20 10:04:45.925,120.13143269,30.27067285,11.64,0.32,14,340.1,429,-86.63,9.76,507;423;501,-97.79;-100.05;-102.20,507;423,-97.79;-100.05
	2026-09-20 10:04:46.240,120.13142250,30.27066372,11.53,0.38,10,142.0,429,-86.05,5.40,507;423;501,-94.10;-100.42;-102.20,507;423,-94.10;-100.42
	2026-09-20 10:04:46.546,120.13141701,30.27065593,12.11,1.24,10,230.6,429,-89.32,6.86,507;423;501,-98.95;-100.87;-102.20,507;423,-98.95;-100.87
	2026-09-20 10:04:46.727,120.13142151,30.27066103,11.65,0.28,11,214.2,429,-88.29,4.31,507;411;501,-94.92;-101.16;-102.20,507;411,-94.92;-101.16
	2026-09-20 10:04:47.009,120.13141880,30.27065571,12.45,0.90,10,202.4,429,-89.56,4.75,507;423;501,-96.25;-99.15;-102.20,507;423,-96.25;-99.15
	2026-09-20 10:04:47.296,120.13142514,30.27066590,12.11,0.29,10,26.5,429,-88.00,10.43,507;417;501,-100.12;-100.79;-102.20,507;417,-100.12;-100.79
	2026-09-20 10:04:47.532,120.13141017,30.27065814,11.69,0.67,13,338.5,429,-89.35,5.26,507;501;513,-96.66;-102.20;-102.20,507;501,-96.66;-102.20
	2026-09-20 10:04:47.828,120.13142514,30.27064921,11.73,0.54,10,277.1,429,-87.27,7.22,507;423;501,-97.41;-101.65;-102.20,507;423,-97.41;-101.65
	2026-09-20 10:04:48.141,120.13142954,30.27065717,11.73,1.29,13,191.4,429,-88.34,4.09,507;417;501,-95.01;-101.15;-102.20,507;417,-95.01;-101.15
	2026-09-20 10:04:48.448,120.13142346,30.27066454,12.13,0.24,10,136.4,429,-89.60,6.78,507;423;501,-99.53;-101.18;-102.20,507;423,-99.53;-101.18
	2026-09-20 10:04:48.733,120.13141473,30.27064780,12.14,0.60,14,94.4,429,-88.02,7.16,507;501;513,-97.65;-102.20;-102.20,507;501,-97.65;-102.20
	2026-09-20 10:04:48.925,120.13141062,30.27066268,11.86,0.99,12,294.5,429,-91.05,1.61,507;423;417,-95.94;-98.24;-101.16,507;423,-95.94;-98.24
	2026-09-20 10:04:49.189,120.13141246,30.27064794,11.57,0.81,11,1.0,429,-88.15,9.34,507;501;513,-97.30;-102.20;-102.20,507;501,-97.30;-102.20
	2026-09-20 10:04:49.387,120.13141156,30.27064075,11.80,0.87,9,114.0,429,-88.51,6.40,507;423;501,-97.56;-98.26;-102.20,507;423,-97.56;-98.26
	2026-09-20 10:04:49.582,120.13140990,30.27064775,12.00,0.33,10,126.1,429,-87.49,6.81,507;423;513,-98.01;-100.85;-102.02,507;423,-98.01;-100.85
	2026-09-20 10:04:49.852,120.13142331,30.27064431,12.11,1.08,8,60.7,429,-87.39,5.22,507;423;501,-95.71;-102.03;-102.20,507;423,-95.71;-102.03
	2026-09-20 10:04:50.106,120.13142872,30.27063566,11.57,1.26,11,212.3,429,-86.83,8.50,507;501;513,-97.79;-102.20;-102.20,507;501,-97.79;-102.20
	2026-09-20 10:04:50.342,120.13142704,30.27065472,11.94,0.74,11,220.0,429,-88.39,5.80,507;501;513,-96.89;-102.20;-102.20,507;501,-96.89;-102.20
	2026-09-20 10:04:50.616,120.13142759,30.27064124,12.41,1.09,13,162.7,429,-85.99,11.13,507;513;501,-99.47;-101.09;-102.20,507;513,-99.47;-101.09
	2026-09-20 10:04:50.894,120.13141423,30.27064521,12.34,0.31,9,193.3,429,-83.91,11.61,507;501;513,-97.87;-102.20;-102.20,507;501,-97.87;-102.20
	2026-09-20 10:04:51.111,120.13141707,30.27063595,11.64,0.79,13,26.7,429,-87.98,7.52,507;501;513,-98.15;-102.20;-102.20,507;501,-98.15;-102.20
	2026-09-20 10:04:51.404,120.13142103,30.27063128,12.01,0.71,8,148.8,429,-85.25,10.19,507;501;513,-99.18;-102.20;-102.20,507;501,-99.18;-102.20
	2026-09-20 10:04:51.631,120.13141999,30.27064636,12.09,0.46,12,301.0,429,-88.24,7.92,507;423;501,-97.19;-102.11;-102.20,507;423,-97.19;-102.11
	2026-09-20 10:04:51.910,120.13141400,30.27064508,11.79,0.24,8,125.2,429,-87.90,9.19,507;501;513,-97.32;-102.20;-102.20,507;501,-97.32;-102.20
	2026-09-20 10:04:52.183,120.13141614,30.27063203,11.63,0.34,14,7.5,429,-88.83,5.46,507;501;513,-97.57;-102.20;-102.20,507;501,-97.57;-102.20
	2026-09-20 10:04:52.499,120.13142499,30.27064053,12.37,0.88,8,105.0,429,-88.81,5.52,507;423;501,-97.63;-102.15;-102.20,507;423,-97.63;-102.15
	2026-09-20 10:04:52.744,120.13142979,30.27063530,12.27,0.29,12,332.4,429,-85.82,7.57,507;423;501,-96.40;-101.68;-102.20,507;423,-96.40;-101.68
	2026-09-20 10:04:52.959,120.13141890,30.27063542,11.94,1.14,12,325.3,429,-86.88,9.93,507;423;501,-98.19;-98.70;-102.20,507;423,-98.19;-98.70
	2026-09-20 10:04:53.152,120.13142312,30.27062204,12.45,0.73,8,333.1,429,-87.58,6.74,507;423;501,-98.75;-101.96;-102.20,507;423,-98.75;-101.96
	2026-09-20 10:04:53.372,120.13141156,30.27062220,12.25,0.58,10,137.3,429,-85.83,7.50,507;423;501,-96.73;-99.81;-102.20,507;423,-96.73;-99.81
	2026-09-20 10:04:53.577,120.13142905,30.27061905,11.68,0.44,13,339.7,429,-84.41,11.42,507;423;501,-98.50;-101.17;-102.20,507;423,-98.50;-101.17
	2026-09-20 10:04:53.891,120.13142707,30.27062887,12.28,0.74,11,160.5,429,-87.90,10.63,507;501;513,-99.48;-102.20;-102.20,507;501,-99.48;-102.20
	2026-09-20 10:04:54.132,120.13143337,30.27062162,11.52,0.73,9,164.7,429,-85.96,6.36,507;417;423,-96.14;-100.74;-101.22,507;417,-96.14;-100.74
	2026-09-20 10:04:54.379,120.13143036,30.27062960,12.27,0.56,13,169.9,429,-84.08,11.49,507;423;501,-99.30;-101.51;-102.20,507;423,-99.30;-101.51
	2026-09-20 10:04:54.567,120.13143093,30.27061720,12.34,0.57,8,27.5,429,-86.53,5.32,507;411;501,-96.26;-99.80;-102.20,507;411,-96.26;-99.80
	2026-09-20 10:04:54.751,120.13143071,30.27062642,12.03,1.17,13,263.9,429,-85.99,10.21,507;417;501,-98.83;-102.09;-102.20,507;417,-98.83;-102.09
	2026-09-20 10:04:54.948,120.13141697,30.27061017,11.73,0.32,14,57.6,429,-87.19,6.29,507;423;501,-98.36;-100.56;-102.20,507;423,-98.36;-100.56
	2026-09-20 10:04:55.171,120.13142492,30.27061472,12.13,0.52,10,8.1,429,-83.24,12.00,507;423;501,-99.36;-100.36;-102.20,507;423,-99.36;-100.36
	2026-09-20 10:04:55.441,120.13143243,30.27062134,12.12,0.27,12,300.1,429,-87.45,8.85,507;501;513,-98.26;-102.20;-102.20,507;501,-98.26;-102.20
	2026-09-20 10:04:55.713,120.13143354,30.27060978,11.87,0.32,11,41.5,429,-85.21,10.70,507;423;501,-98.18;-101.18;-101.88,507;423,-98.18;-101.18
	2026-09-20 10:04:55.924,120.13141924,30.27061774,12.49,0.63,10,264.1,429,-84.12,10.57,507;423;501,-97.37;-99.06;-102.20,507;423,-97.37;-99.06
	2026-09-20 10:04:56.207,120.13141160,30.27060119,11.70,1.08,10,52.8,429,-81.50,12.00,507;423;501,-98.39;-101.11;-102.20,507;423,-98.39;-101.11
	2026-09-20 10:04:56.491,120.13141975,30.27060352,12.34,1.15,13,45.1,429,-84.65,10.01,507;501;513,-96.38;-102.20;-102.20,507;501,-96.38;-102.20
	2026-09-20 10:04:56.677,120.13143123,30.27060281,11.55,0.58,14,63.2,429,-84.88,12.00,507;501;513,-99.04;-102.20;-102.20,507;501,-99.04;-102.20
	2026-09-20 10:04:56.988,120.13141638,30.27060434,11.73,0.23,11,220.0,429,-83.19,12.00,507;423;501,-98.77;-99.64;-102.20,507;423,-98.77;-99.64
	2026-09-20 10:04:57.249,120.13142731,30.27059810,11.98,1.02,9,150.2,429,-87.57,6.84,507;423;501,-96.35;-100.86;-102.20,507;423,-96.35;-100.86
	2026-09-20 10:04:57.481,120.13141898,30.27059742,12.48,0.60,12,200.0,429,-85.32,11.90,507;501;513,-100.28;-102.20;-102.20,507;501,-100.28;-102.20
	2026-09-20 10:04:57.691,120.13141317,30.27059756,12.33,0.24,14,98.6,429,-85.33,9.09,507;423;501,-98.56;-101.51;-102.20,507;423,-98.56;-101.51
	2026-09-20 10:04:57.898,120.13142144,30.27059266,11.82,1.18,11,282.6,429,-84.54,10.54,507;501;513,-97.41;-102.20;-102.20,507;501,-97.41;-102.20
	2026-09-20 10:04:58.216,120.13142321,30.27060872,11.92,0.91,10,140.6,429,-83.54,12.00,507;501;513,-101.16;-102.20;-102.20,507;501,-101.16;-102.20
	2026-09-20 10:04:58.416,120.13141244,30.27060103,11.77,0.97,11,230.7,429,-85.45,9.35,507;423;501,-97.73;-101.44;-102.20,507;423,-97.73;-101.44
	2026-09-20 10:04:58.630,120.13142695,30.27058696,11.84,1.24,10,279.5,429,-84.36,9.94,507;501;513,-98.94;-102.20;-102.20,507;501,-98.94;-102.20
	2026-09-20 10:04:58.916,120.13142394,30.27059964,11.57,0.71,13,143.8,429,-85.11,11.73,507;501;513,-99.29;-102.20;-102.20,507;501,-99.29;-102.20
	2026-09-20 10:04:59.215,120.13142237,30.27058689,12.11,0.36,13,181.8,429,-85.30,11.51,507;423;501,-99.70;-101.10;-102.20,507;423,-99.70;-101.10
	2026-09-20 10:04:59.436,120.13140963,30.27058820,11.90,0.25,14,157.2,429,-84.46,11.81,507;501;513,-98.52;-102.20;-102.20,507;501,-98.52;-102.20
	2026-09-20 10:04:59.671,120.13141265,30.27058104,11.82,1.02,14,188.9,429,-85.14,12.00,507;423;501,-100.16;-101.14;-102.20,507;423,-100.16;-101.14
	2026-09-20 10:04:59.949,120.13141624,30.27057817,11.80,1.19,11,357.0,429,-84.65,9.35,507;423;513,-97.28;-101.39;-102.18,507;423,-97.28;-101.39
	2026-09-20 10:05:00.154,120.13142686,30.27057834,12.30,0.64,12,265.8,429,-84.27,12.00,507;423;501,-98.38;-99.98;-102.20,507;423,-98.38;-99.98
	2026-09-20 10:05:00.407,120.13142906,30.27058378,12.08,0.64,12,5.3,429,-83.95,12.00,507;501;513,-99.62;-102.20;-102.20,507;501,-99.62;-102.20
	2026-09-20 10:05:00.607,120.13140787,30.27058363,12.07,0.85,11,1.8,429,-83.84,11.59,507;423;501,-98.56;-101.28;-102.20,507;423,-98.56;-101.28
	2026-09-20 10:05:00.787,120.13140441,30.27059496,11.69,1.29,13,104.5,429,-85.14,11.26,507;423;417,-99.12;-99.57;-100.66,507;423,-99.12;-99.57
	2026-09-20 10:05:00.993,120.13140832,30.27058288,11.78,1.27,8,109.8,429,-85.09,11.21,507;501;513,-98.89;-102.20;-102.20,507;501,-98.89;-102.20
	2026-09-20 10:05:01.237,120.13141911,30.27058517,11.52,1.24,14,164.3,429,-85.14,12.00,507;423;501,-99.77;-100.64;-102.20,507;423,-99.77;-100.64
	2026-09-20 10:05:01.553,120.13140857,30.27058524,12.10,1.18,13,305.5,429,-85.08,12.00,423;507;501,-101.49;-101.52;-102.20,423;507,-101.49;-101.52
	2026-09-20 10:05:01.744,120.13140472,30.27059823,12.38,0.44,12,278.1,429,-85.80,7.32,507;501;513,-95.87;-102.20;-102.20,507;501,-95.87;-102.20
	2026-09-20 10:05:01.980,120.13140687,30.27059526,11.75,0.75,9,62.0,429,-83.05,8.39,507;423;501,-96.92;-101.02;-102.20,507;423,-96.92;-101.02
	2026-09-20 10:05:02.245,120.13141339,30.27058826,11.96,0.53,13,311.9,429,-82.91,12.00,507;423;501,-100.11;-101.94;-102.20,507;423,-100.11;-101.94
	2026-09-20 10:05:02.530,120.13141021,30.27057873,11.82,1.32,12,359.1,429,-85.29,8.92,507;423;501,-98.02;-101.46;-102.20,507;423,-98.02;-101.46
	2026-09-20 10:05:02.843,120.13139214,30.27059197,11.70,1.34,9,77.9,429,-86.24,11.04,507;501;513,-98.61;-102.20;-102.20,507;501,-98.61;-102.20
	2026-09-20 10:05:03.042,120.13138913,30.27059557,12.20,0.22,12,139.0,429,-88.41,5.55,507;411;501,-96.68;-101.87;-102.20,507;411,-96.68;-101.87
	2026-09-20 10:05:03.240,120.13140752,30.27057784,11.93,0.83,11,331.2,429,-85.87,11.89,507;423;501,-99.39;-102.12;-102.20,507;423,-99.39;-102.12
	2026-09-20 10:05:03.440,120.13140405,30.27059509,12.23,0.41,8,23.5,429,-83.66,12.00,507;423;501,-98.54;-99.31;-102.20,507;423,-98.54;-99.31
	2026-09-20 10:05:03.636,120.13140707,30.27058353,12.27,0.26,12,133.7,429,-84.98,12.00,507;501;513,-100.62;-102.20;-102.20,507;501,-100.62;-102.20
	2026-09-20 10:05:03.920,120.13139672,30.27059714,12.32,1.29,12,3.3,429,-86.15,10.89,507;423;501,-99.19;-99.82;-102.20,507;423,-99.19;-99.82
	2026-09-20 10:05:04.149,120.13139772,30.27059360,11.58,0.98,8,351.8,429,-85.92,11.41,507;423;501,-98.41;-101.58;-102.20,507;423,-98.41;-101.58
	2026-09-20 10:05:04.398,120.13138563,30.27059766,12.04,1.35,12,14.5,429,-86.44,11.01,507;501;513,-99.48;-101.76;-102.20,507;501,-99.48;-101.76
	2026-09-20 10:05:04.656,120.13138201,30.27058026,11.91,0.97,11,287.1,429,-89.49,6.02,507;423;501,-99.63;-100.34;-102.20,507;423,-99.63;-100.34
	2026-09-20 10:05:04.966,120.13138557,30.27057966,12.12,0.24,11,283.5,429,-86.60,11.91,507;501;513,-97.54;-102.20;-102.20,507;501,-97.54;-102.20
	2026-09-20 10:05:05.229,120.13138665,30.27058035,12.01,1.09,10,57.6,429,-88.88,4.88,507;501;513,-96.82;-102.20;-102.20,507;501,-96.82;-102.20
	2026-09-20 10:05:05.463,120.13138234,30.27059869,12.00,0.64,14,322.3,429,-85.09,10.11,507;423;501,-97.77;-100.46;-102.20,507;423,-97.77;-100.46
	2026-09-20 10:05:05.740,120.13137421,30.27059282,11.74,0.29,9,227.2,429,-88.89,9.92,423;507;501,-99.72;-100.85;-102.20,423;507,-99.72;-100.85
	2026-09-20 10:05:06.013,120.13139184,30.27058662,11.51,1.15,14,150.0,429,-82.12,12.00,507;423;501,-96.93;-98.62;-102.20,507;423,-96.93;-98.62
	2026-09-20 10:05:06.289,120.13137645,30.27059103,11.88,1.32,8,127.7,429,-85.12,12.00,507;501;513,-101.28;-102.20;-102.20,507;501,-101.28;-102.20
	2026-09-20 10:05:06.482,120.13137728,30.27058523,11.93,0.77,12,182.3,429,-86.76,8.56,507;423;501,-97.40;-101.34;-102.20,507;423,-97.40;-101.34
	2026-09-20 10:05:06.751,120.13137395,30.27059003,12.32,0.97,13,349.7,429,-89.05,7.91,507;423;501,-99.46;-101.08;-102.20,507;423,-99.46;-101.08
	2026-09-20 10:05:06.986,120.13136360,30.27058823,12.15,1.13,11,63.6,429,-86.36,11.75,507;513;501,-99.61;-101.25;-102.20,507;513,-99.61;-101.25
	2026-09-20 10:05:07.241,120.13137530,30.27058746,11.52,0.67,10,291.5,429,-87.16,11.29,423;501;507,-100.48;-102.20;-102.20,423;501,-100.48;-102.20
	2026-09-20 10:05:07.471,120.13138236,30.27057792,11.88,0.32,11,283.2,429,-86.73,9.26,507;501;513,-99.42;-102.20;-102.20,507;501,-99.42;-102.20
	2026-09-20 10:05:07.658,120.13135752,30.27057870,11.92,0.97,9,39.0,429,-86.90,7.24,507;501;513,-95.86;-102.20;-102.20,507;501,-95.86;-102.20
	2026-09-20 10:05:07.918,120.13135707,30.27059284,11.69,1.38,13,197.4,429,-87.91,10.95,507;423;501,-100.60;-102.02;-102.20,507;423,-100.60;-102.02
	2026-09-20 10:05:08.189,120.13136178,30.27058731,12.26,0.68,12,224.3,429,-86.98,9.63,507;501;513,-100.51;-102.20;-102.20,507;501,-100.51;-102.20
	2026-09-20 10:05:08.388,120.13136354,30.27059335,12.30,0.28,11,172.2,429,-89.47,5.22,507;423;501,-98.88;-101.05;-102.20,507;423,-98.88;-101.05
	2026-09-20 10:05:08.615,120.13135414,30.27058390,12.04,0.86,9,82.0,429,-86.68,6.96,507;501;513,-96.45;-102.20;-102.20,507;501,-96.45;-102.20
	2026-09-20 10:05:08.849,120.13137138,30.27058209,11.71,0.54,9,126.9,429,-87.95,10.15,423;507;501,-99.21;-102.01;-102.20,423;507,-99.21;-102.01
	2026-09-20 10:05:09.129,120.13135871,30.27058326,11.85,0.42,12,106.4,429,-87.24,6.19,507;423;501,-96.52;-102.06;-102.20,507;423,-96.52;-102.06
	2026-09-20 10:05:09.319,120.13136355,30.27059156,12.01,0.31,11,168.4,429,-86.62,6.82,507;423;501,-98.27;-101.66;-102.20,507;423,-98.27;-101.66
	2026-09-20 10:05:09.547,120.13135006,30.27058719,12.45,0.86,11,14.9,429,-83.92,12.00,507;423;501,-99.25;-101.17;-102.20,507;423,-99.25;-101.17
	2026-09-20 10:05:09.768,120.13135806,30.27059395,12.01,0.94,11,130.6,429,-88.93,5.62,507;513;423,-96.84;-100.44;-101.13,507;513,-96.84;-100.44
	2026-09-20 10:05:10.085,120.13135158,30.27059466,12.27,1.14,12,14.8,429,-82.50,12.00,507;423;501,-97.90;-101.64;-102.20,507;423,-97.90;-101.64
	2026-09-20 10:05:10.398,120.13135157,30.27059755,12.07,1.11,9,330.2,429,-86.19,11.49,507;423;501,-99.08;-101.90;-102.20,507;423,-99.08;-101.90
	2026-09-20 10:05:10.711,120.13134136,30.27058675,12.37,0.24,11,81.7,429,-86.54,10.97,507;501;513,-99.65;-102.20;-102.20,507;501,-99.65;-102.20
	2026-09-20 10:05:10.974,120.13133853,30.27058011,12.36,0.52,13,344.8,429,-86.88,7.54,507;501;513,-95.80;-102.20;-102.20,507;501,-95.80;-102.20
	2026-09-20 10:05:11.174,120.13134895,30.27059114,12.04,0.89,11,71.7,429,-87.49,9.21,423;507;501,-98.79;-99.05;-102.20,423;507,-98.79;-99.05
	2026-09-20 10:05:11.440,120.13134843,30.27058709,11.80,1.25,11,203.8,429,-89.69,7.67,507;423;501,-98.63;-101.65;-102.20,507;423,-98.63;-101.65
	2026-09-20 10:05:11.715,120.13135213,30.27059751,11.91,1.32,12,21.1,429,-88.98,6.78,507;501;513,-98.51;-102.20;-102.20,507;501,-98.51;-102.20
	2026-09-20 10:05:12.027,120.13133006,30.27059095,11.77,0.99,12,326.2,429,-89.12,6.81,507;423;501,-98.56;-101.16;-102.20,507;423,-98.56;-101.16
	2026-09-20 10:05:12.226,120.13134915,30.27057867,11.88,1.25,14,237.1,429,-88.63,9.08,507;423;417,-98.58;-100.96;-101.95,507;423,-98.58;-100.96
	2026-09-20 10:05:12.456,120.13133067,30.27059573,12.07,0.26,12,347.7,429,-88.81,7.86,423;507;501,-98.93;-100.59;-102.17,423;507,-98.93;-100.59
	2026-09-20 10:05:12.742,120.13133996,30.27058361,11.84,0.28,13,225.9,429,-91.76,6.07,507;423;501,-100.76;-101.11;-102.20,507;423,-100.76;-101.11
	2026-09-20 10:05:13.002,120.13134537,30.27059543,12.26,0.44,9,189.9,429,-84.30,11.38,507;423;501,-97.98;-99.97;-102.20,507;423,-97.98;-99.97
	2026-09-20 10:05:13.193,120.13134245,30.27058528,11.91,0.82,13,178.8,429,-89.97,7.80,507;423;501,-100.07;-101.78;-102.20,507;423,-100.07;-101.78
	2026-09-20 10:05:13.396,120.13132983,30.27058329,11.87,0.60,12,73.0,429,-88.51,6.24,507;423;501,-97.75;-99.51;-101.84,507;423,-97.75;-99.51
	2026-09-20 10:05:13.694,120.13132248,30.27058799,11.72,0.57,12,210.8,429,-87.90,8.42,423;411;507,-98.68;-99.89;-102.07,423;411,-98.68;-99.89
	2026-09-20 10:05:14.005,120.13132532,30.27058917,11.63,0.79,14,8.2,429,-85.80,12.00,507;501;513,-101.53;-102.20;-102.20,507;501,-101.53;-102.20
	2026-09-20 10:05:14.286,120.13133225,30.27057772,11.91,0.86,14,14.1,429,-86.44,12.00,423;417;513,-101.21;-101.84;-101.89,423;417,-101.21;-101.84
	2026-09-20 10:05:14.603,120.13132644,30.27058546,11.57,0.33,8,164.0,429,-89.01,8.81,507;417;423,-99.88;-101.00;-101.63,507;417,-99.88;-101.00
	2026-09-20 10:05:14.799,120.13132636,30.27058990,12.46,1.31,8,111.1,429,-86.38,11.99,507;417;423,-100.29;-101.32;-101.35,507;417,-100.29;-101.32
	2026-09-20 10:05:15.072,120.13132314,30.27058863,12.30,0.69,14,229.4,429,-88.96,10.76,507;423;501,-101.33;-101.84;-102.20,507;423,-101.33;-101.84
	2026-09-20 10:05:15.322,120.13132787,30.27058404,11.97,0.89,13,131.5,429,-89.24,7.10,507;501;513,-100.03;-102.20;-102.20,507;501,-100.03;-102.20
	2026-09-20 10:05:15.608,120.13131972,30.27058732,11.85,1.39,12,169.3,429,-88.12,10.51,507;501;513,-100.87;-102.20;-102.20,507;501,-100.87;-102.20
	2026-09-20 10:05:15.804,120.13131286,30.27059428,12.12,1.03,12,356.7,429,-89.18,5.50,507;423;501,-96.92;-101.98;-102.20,507;423,-96.92;-101.98
	2026-09-20 10:05:16.033,120.13130660,30.27058297,11.90,0.44,12,89.8,429,-86.97,9.76,423;507;501,-98.77;-100.03;-102.20,423;507,-98.77;-100.03
	2026-09-20 10:05:16.227,120.13130994,30.27058078,11.56,0.40,14,206.3,429,-88.87,6.51,507;423;501,-99.97;-102.09;-102.20,507;423,-99.97;-102.09
	2026-09-20 10:05:16.493,120.13131811,30.27059310,11.72,1.28,10,323.3,429,-90.34,6.55,507;501;513,-98.65;-102.20;-102.20,507;501,-98.65;-102.20
	2026-09-20 10:05:16.695,120.13129874,30.27057752,12.21,0.26,14,1.7,429,-88.64,9.02,507;423;501,-100.23;-100.94;-102.20,507;423,-100.23;-100.94
	2026-09-20 10:05:16.878,120.13131157,30.27058078,11.79,1.06,14,272.8,429,-89.06,6.32,507;423;501,-98.88;-99.67;-102.20,507;423,-98.88;-99.67
	2026-09-20 10:05:17.072,120.13131020,30.27058709,11.85,0.61,10,65.2,429,-88.71,10.19,507;423;501,-98.86;-101.54;-102.19,507;423,-98.86;-101.54
	2026-09-20 10:05:17.313,120.13129802,30.27058438,12.03,0.99,12,331.6,429,-89.13,9.54,507;423;501,-99.69;-101.12;-102.20,507;423,-99.69;-101.12
	2026-09-20 10:05:17.568,120.13130094,30.27059504,12.37,0.66,14,8.8,429,-91.42,6.36,507;423;501,-100.04;-101.39;-102.20,507;423,-100.04;-101.39
	2026-09-20 10:05:17.827,120.13130499,30.27058660,11.88,0.86,9,264.0,429,-88.78,9.67,507;513;423,-99.84;-101.42;-101.48,507;513,-99.84;-101.42
	2026-09-20 10:05:18.042,120.13128865,30.27057781,12.47,0.42,14,340.8,429,-88.83,8.14,507;423;501,-99.22;-100.84;-102.20,507;423,-99.22;-100.84
	2026-09-20 10:05:18.311,120.13128859,30.27057769,12.27,0.32,14,165.9,429,-89.31,5.46,507;423;501,-96.99;-100.63;-102.20,507;423,-96.99;-100.63
	2026-09-20 10:05:18.559,120.13130406,30.27058100,11.75,1.19,12,160.1,429,-89.72,5.51,507;423;501,-98.38;-100.25;-102.20,507;423,-98.38;-100.25
	2026-09-20 10:05:18.873,120.13130383,30.27057859,11.93,0.93,13,331.2,429,-90.84,8.56,507;423;501,-101.24;-102.14;-102.20,507;423,-101.24;-102.14
	2026-09-20 10:05:19.093,120.13128200,30.27059812,12.15,1.37,8,274.7,429,-89.44,7.51,507;501;513,-98.49;-102.20;-102.20,507;501,-98.49;-102.20
	2026-09-20 10:05:19.338,120.13130374,30.27058038,11.70,0.61,8,343.2,429,-89.39,4.07,507;423;501,-98.12;-100.58;-102.20,507;423,-98.12;-100.58
	2026-09-20 10:05:19.624,120.13129574,30.27059880,11.50,1.15,11,122.5,429,-89.14,10.11,507;501;513,-101.17;-102.20;-102.20,507;501,-101.17;-102.20
	2026-09-20 10:05:19.903,120.13129882,30.27059526,12.14,0.58,11,68.5,429,-92.46,7.02,507;423;411,-101.74;-101.78;-102.15,507;423,-101.74;-101.78
	2026-09-20 10:05:20.178,120.13128264,30.27058464,12.16,0.66,8,136.9,429,-87.27,11.54,423;507;501,-101.78;-101.85;-102.20,423;507,-101.78;-101.85
	2026-09-20 10:05:20.424,120.13129071,30.27058209,12.08,0.52,13,246.0,429,-89.66,3.69,507;501;513,-98.49;-102.20;-102.20,507;501,-98.49;-102.20
	2026-09-20 10:05:20.647,120.13128413,30.27059860,11.58,0.36,13,338.3,429,-90.04,4.52,507;423;501,-97.69;-99.35;-102.20,507;423,-97.69;-99.35
	2026-09-20 10:05:20.861,120.13127501,30.27059312,12.08,0.72,13,172.6,429,-90.66,5.99,507;501;513,-97.95;-102.20;-102.20,507;501,-97.95;-102.20
	2026-09-20 10:05:21.145,120.13126796,30.27058156,12.25,1.35,13,112.5,429,-90.60,5.05,423;507;501,-98.06;-100.57;-102.20,423;507,-98.06;-100.57
	2026-09-20 10:05:21.360,120.13126987,30.27058985,11.90,0.87,14,185.5,429,-90.14,7.00,423;507;417,-99.87;-100.13;-100.54,423;507,-99.87;-100.13
	2026-09-20 10:05:21.658,120.13126603,30.27059442,11.88,0.76,12,341.8,429,-87.29,5.83,507;423;501,-96.64;-100.20;-102.20,507;423,-96.64;-100.20
	2026-09-20 10:05:21.914,120.13126333,30.27059818,12.22,0.26,9,276.7,429,-90.96,3.30,507;423;501,-96.90;-101.43;-102.20,507;423,-96.90;-101.43
	2026-09-20 10:05:22.187,120.13127913,30.27059534,12.13,1.27,11,62.0,429,-89.87,7.02,507;423;501,-100.17;-100.61;-102.20,507;423,-100.17;-100.61
	2026-09-20 10:05:22.385,120.13127806,30.27058923,12.49,1.17,10,141.2,429,-92.54,4.28,507;423;501,-99.61;-100.90;-102.20,507;423,-99.61;-100.90
	2026-09-20 10:05:22.588,120.13125944,30.27058036,12.03,0.92,8,27.7,429,-88.93,6.41,507;423;501,-97.75;-99.58;-102.20,507;423,-97.75;-99.58
	2026-09-20 10:05:22.784,120.13128054,30.27058615,12.16,1.22,8,265.5,429,-90.57,4.08,507;423;417,-98.21;-98.91;-101.51,507;423,-98.21;-98.91
	2026-09-20 10:05:23.101,120.13126992,30.27057754,11.79,0.37,9,158.5,429,-89.51,6.21,423;507;501,-97.31;-100.02;-102.20,423;507,-97.31;-100.02
	2026-09-20 10:05:23.389,120.13126875,30.27058925,12.05,0.91,12,268.6,429,-91.35,3.13,507;501;513,-98.70;-102.20;-102.20,507;501,-98.70;-102.20
	2026-09-20 10:05:23.647,120.13127639,30.27057977,11.54,0.33,11,281.1,429,-91.03,3.57,507;423;501,-98.73;-100.90;-101.75,507;423,-98.73;-100.90
	2026-09-20 10:05:23.909,120.13126663,30.27058532,12.33,1.19,13,169.3,429,-89.82,5.63,423;501;507,-98.66;-102.20;-102.20,423;501,-98.66;-102.20
	2026-09-20 10:05:24.176,120.13126596,30.27059755,11.82,0.83,12,319.7,429,-90.73,5.27,423;507;417,-99.17;-101.06;-101.59,423;507,-99.17;-101.06
	2026-09-20 10:05:24.407,120.13126225,30.27059681,11.62,0.60,12,67.3,429,-91.05,4.03,507;501;513,-97.20;-102.20;-102.20,507;501,-97.20;-102.20
	2026-09-20 10:05:24.640,120.13126429,30.27058959,12.45,0.52,14,316.6,429,-91.75,5.05,507;411;423,-99.94;-101.97;-102.08,507;411,-99.94;-101.97
	2026-09-20 10:05:24.926,120.13126096,30.27059767,12.43,0.21,9,52.1,429,-91.52,2.65,507;423;501,-97.36;-99.44;-102.20,507;423,-97.36;-99.44
	2026-09-20 10:05:25.242,120.13125824,30.27057761,12.40,1.19,12,156.7,429,-91.29,4.43,507;423;513,-98.30;-100.69;-101.63,507;423,-98.30;-100.69
	2026-09-20 10:05:25.538,120.13124682,30.27058474,12.20,0.85,12,331.6,429,-91.44,3.22,507;411;423,-97.83;-101.03;-101.16,507;411,-97.83;-101.03
	2026-09-20 10:05:25.724,120.13124982,30.27059459,11.95,0.29,13,250.6,429,-91.35,7.52,423;507;501,-100.59;-101.88;-102.20,423;507,-100.59;-101.88
	2026-09-20 10:05:26.040,120.13125286,30.27057807,12.20,1.06,12,87.3,429,-90.47,4.04,507;417;423,-97.46;-101.15;-101.17,507;417,-97.46;-101.15
	2026-09-20 10:05:26.349,120.13123590,30.27059215,11.80,1.11,13,231.0,429,-92.79,7.01,507;423;501,-100.70;-101.52;-102.20,507;423,-100.70;-101.52
	2026-09-20 10:05:26.592,120.13124325,30.27058098,12.41,1.00,14,186.4,429,-92.41,3.98,507;423;501,-99.63;-100.66;-102.20,507;423,-99.63;-100.66
	2026-09-20 10:05:26.879,120.13124757,30.27058898,11.65,1.40,14,294.2,429,-90.30,3.84,423;507;501,-97.04;-100.91;-102.20,423;507,-97.04;-100.91
	2026-09-20 10:05:27.140,120.13123391,30.27058472,12.43,0.55,10,292.6,429,-95.13,3.06,507;423;501,-101.38;-101.43;-102.20,507;423,-101.38;-101.43
	2026-09-20 10:05:27.397,120.13124030,30.27059042,11.79,1.39,14,337.9,429,-89.95,7.38,423;507;501,-100.16;-101.76;-102.20,423;507,-100.16;-101.76
	2026-09-20 10:05:27.579,120.13125037,30.27059125,11.98,1.37,9,161.4,429,-89.79,5.77,507;423;501,-97.82;-98.33;-102.20,507;423,-97.82;-98.33
	2026-09-20 10:05:27.864,120.13123976,30.27058979,11.95,0.61,10,205.1,429,-88.64,7.07,507;501;513,-98.60;-102.20;-102.20,507;501,-98.60;-102.20
	2026-09-20 10:05:28.132,120.13124426,30.27059354,12.20,0.78,14,216.4,429,-93.32,3.44,423;507;501,-99.30;-99.88;-102.20,423;507,-99.30;-99.88
	2026-09-20 10:05:28.350,120.13122935,30.27058222,12.34,1.18,10,265.9,429,-94.59,0.03,507;423;501,-98.86;-101.33;-102.20,507;423,-98.86;-101.33
	2026-09-20 10:05:28.616,120.13123893,30.27057852,12.10,0.24,10,345.9,429,-91.90,6.02,423;501;507,-99.58;-102.20;-102.20,423;501,-99.58;-102.20
	2026-09-20 10:05:28.933,120.13122826,30.27057799,11.55,1.22,12,175.2,429,-92.34,4.87,507;423;501,-101.01;-101.34;-102.20,507;423,-101.01;-101.34
	2026-09-20 10:05:29.245,120.13123895,30.27058588,11.66,0.97,13,187.1,429,-93.62,1.71,423;507;501,-99.10;-101.10;-102.20,423;507,-99.10;-101.10
	2026-09-20 10:05:29.448,120.13121804,30.27057943,11.72,0.32,12,94.0,429,-92.82,3.48,423;507;501,-98.57;-101.13;-102.20,423;507,-98.57;-101.13
	2026-09-20 10:05:29.761,120.13123379,30.27058923,12.49,1.21,12,127.9,429,-88.68,7.43,507;423;501,-98.54;-99.02;-102.20,507;423,-98.54;-99.02
	2026-09-20 10:05:29.998,120.13122132,30.27058201,12.18,1.37,13,90.0,429,-92.08,3.10,507;423;501,-99.47;-100.88;-102.20,507;423,-99.47;-100.88
	2026-09-20 10:05:30.291,120.13123473,30.27058980,11.77,1.21,8,346.8,429,-93.10,2.89,507;423;501,-98.28;-100.52;-102.20,507;423,-98.28;-100.52
	2026-09-20 10:05:30.585,120.13122387,30.27059502,12.44,0.21,8,102.7,429,-94.65,5.90,423;417;501,-100.96;-101.56;-102.20,423;417,-100.96;-101.56
	2026-09-20 10:05:30.802,120.13121258,30.27058434,12.47,1.16,9,245.5,429,-91.67,0.76,507;423;501,-95.69;-95.95;-102.20,507;423,-95.69;-95.95
	2026-09-20 10:05:31.031,120.13121625,30.27058799,11.87,0.21,9,254.1,429,-93.43,4.75,423;507;501,-99.95;-100.31;-102.20,423;507,-99.95;-100.31
	2026-09-20 10:05:31.254,120.13120683,30.27059032,12.17,0.93,8,103.7,429,-92.59,4.80,507;423;501,-99.21;-100.56;-102.20,507;423,-99.21;-100.56
	2026-09-20 10:05:31.487,120.13122006,30.27059494,12.13,0.33,11,19.0,429,-91.90,-0.31,423;507;501,-95.86;-98.38;-102.20,423;507,-95.86;-98.38
	2026-09-20 10:05:31.744,120.13122384,30.27059032,11.87,1.13,11,331.2,429,-92.04,2.61,507;423;501,-97.21;-98.35;-102.20,507;423,-97.21;-98.35
	2026-09-20 10:05:31.980,120.13121272,30.27058522,12.17,0.59,14,286.9,429,-90.27,5.62,507;423;501,-97.72;-100.10;-102.20,507;423,-97.72;-100.10
	2026-09-20 10:05:32.245,120.13120222,30.27059485,11.59,1.02,10,0.6,429,-91.82,4.44,423;507;501,-99.43;-101.75;-102.20,423;507,-99.43;-101.75
	2026-09-20 10:05:32.482,120.13121366,30.27059432,12.21,0.59,9,180.1,429,-92.84,6.03,423;507;417,-99.56;-99.97;-101.40,423;507,-99.56;-99.97
	2026-09-20 10:05:32.733,120.13121160,30.27057891,11.84,0.20,8,333.8,429,-93.47,2.37,507;423;501,-97.20;-98.16;-102.20,507;423,-97.20;-98.16
	2026-09-20 10:05:33.037,120.13119243,30.27059897,11.69,0.21,12,120.9,429,-92.80,3.53,423;507;501,-99.24;-100.34;-102.20,423;507,-99.24;-100.34
	2026-09-20 10:05:33.311,120.13119922,30.27059640,12.30,0.72,12,263.2,429,-90.32,7.34,507;423;501,-98.37;-98.54;-102.20,507;423,-98.37;-98.54
	2026-09-20 10:05:33.519,120.13121122,30.27059676,12.02,0.97,10,357.0,429,-92.23,3.27,507;423;501,-98.83;-101.14;-102.20,507;423,-98.83;-101.14
	2026-09-20 10:05:33.774,120.13119355,30.27059259,12.36,0.20,14,290.6,429,-92.17,4.70,423;507;501,-99.54;-100.70;-102.20,423;507,-99.54;-100.70
	2026-09-20 10:05:34.069,120.13119042,30.27057881,12.22,0.51,14,307.5,429,-94.32,4.03,423;507;501,-98.65;-99.80;-102.20,423;507,-98.65;-99.80
	2026-09-20 10:05:34.273,120.13119861,30.27057773,11.58,0.26,11,156.4,429,-91.41,5.73,423;507;417,-99.77;-99.82;-101.40,423;507,-99.77;-99.82
	2026-09-20 10:05:34.496,120.13120479,30.27058775,12.35,0.38,12,330.2,429,-92.95,0.83,423;507;417,-97.96;-98.75;-101.97,423;507,-97.96;-98.75
	2026-09-20 10:05:34.748,120.13119447,30.27058399,11.89,0.61,8,125.6,429,-92.94,3.92,423;507;417,-100.35;-100.47;-100.66,423;507,-100.35;-100.47
	2026-09-20 10:05:34.966,120.13120209,30.27058136,12.10,0.56,14,19.0,429,-94.23,1.14,423;507;501,-98.61;-100.12;-102.20,423;507,-98.61;-100.12
	2026-09-20 10:05:35.208,120.13119926,30.27057796,12.44,0.86,13,211.7,429,-88.73,10.90,507;423;501,-101.04;-101.15;-102.20,507;423,-101.04;-101.15
	2026-09-20 10:05:35.505,120.13117710,30.27059450,12.16,1.39,13,14.6,429,-89.33,6.05,423;507;501,-98.17;-100.55;-102.20,423;507,-98.17;-100.55
	2026-09-20 10:05:35.777,120.13118475,30.27058040,12.15,0.79,11,86.5,429,-92.82,4.09,423;507;501,-99.56;-101.01;-102.20,423;507,-99.56;-101.01
	2026-09-20 10:05:35.983,120.13118739,30.27058988,11.63,0.73,10,113.8,429,-90.74,5.17,507;423;501,-98.73;-100.23;-102.01,507;423,-98.73;-100.23
	2026-09-20 10:05:36.266,120.13119416,30.27059122,12.34,0.43,8,116.1,429,-92.83,4.21,507;423;513,-99.40;-100.34;-101.90,507;423,-99.40;-100.34
	2026-09-20 10:05:36.577,120.13119129,30.27059004,11.98,1.04,14,63.2,429,-90.90,5.89,423;507;501,-98.63;-99.58;-102.20,423;507,-98.63;-99.58
	2026-09-20 10:05:36.835,120.13116901,30.27058264,12.42,1.05,11,339.0,429,-91.84,2.87,423;507;501,-97.39;-100.00;-101.65,423;507,-97.39;-100.00
	2026-09-20 10:05:37.048,120.13118357,30.27059850,11.89,0.50,8,145.7,429,-90.60,3.56,507;423;501,-96.56;-98.35;-102.20,507;423,-96.56;-98.35
	2026-09-20 10:05:37.247,120.13118509,30.27057963,12.01,0.32,11,80.8,429,-95.13,5.13,507;423;501,-100.31;-101.30;-102.20,507;423,-100.31;-101.30
	2026-09-20 10:05:37.495,120.13117579,30.27058134,11.76,0.76,9,126.1,429,-94.79,-0.62,507;423;501,-96.49;-101.00;-102.20,507;423,-96.49;-101.00
	2026-09-20 10:05:37.750,120.13118110,30.27058268,12.45,1.06,12,264.3,429,-91.36,3.14,423;507;513,-97.53;-101.35;-101.66,423;507,-97.53;-101.35
	2026-09-20 10:05:38.038,120.13116129,30.27059194,12.23,1.15,14,8.7,429,-95.11,0.90,417;507;423,-99.96;-100.23;-100.71,417;507,-99.96;-100.23
	2026-09-20 10:05:38.300,120.13116468,30.27059544,11.65,0.44,9,98.3,429,-93.89,3.43,423;507;417,-99.27;-100.47;-101.67,423;507,-99.27;-100.47
	2026-09-20 10:05:38.570,120.13117773,30.27058365,12.06,1.08,11,36.5,429,-94.95,2.42,423;507;417,-99.27;-100.66;-101.44,423;507,-99.27;-100.66
	2026-09-20 10:05:38.805,120.13115932,30.27059807,11.98,1.26,14,8.3,429,-93.45,2.42,423;507;501,-99.32;-100.00;-102.20,423;507,-99.32;-100.00
	2026-09-20 10:05:38.998,120.13116222,30.27058492,11.66,0.81,10,345.9,429,-93.27,2.59,507;423;501,-98.04;-99.96;-102.20,507;423,-98.04;-99.96
	2026-09-20 10:05:39.202,120.13115576,30.27057748,12.34,1.18,11,95.4,429,-92.62,3.70,507;423;501,-99.92;-101.21;-102.20,507;423,-99.92;-101.21
	2026-09-20 10:05:39.416,120.13117147,30.27058251,12.44,0.76,14,162.1,429,-93.86,-0.36,423;507;411,-95.55;-98.09;-102.15,423;507,-95.55;-98.09
	2026-09-20 10:05:39.613,120.13115987,30.27059474,12.20,1.39,11,192.5,429,-92.05,5.45,507;423;501,-99.34;-100.29;-102.20,507;423,-99.34;-100.29
	2026-09-20 10:05:39.914,120.13116087,30.27057883,11.77,0.86,10,192.7,429,-92.57,2.19,507;501;513,-97.02;-102.20;-102.20,507;501,-97.02;-102.20
	2026-09-20 10:05:40.198,120.13115292,30.27059552,11.81,0.32,10,327.7,429,-95.15,2.32,423;507;501,-98.37;-100.17;-102.20,423;507,-98.37;-100.17
	2026-09-20 10:05:40.432,120.13115146,30.27058601,12.31,0.75,14,30.2,429,-94.52,5.82,507;423;501,-99.34;-100.23;-102.20,507;423,-99.34;-100.23
	2026-09-20 10:05:40.748,120.13114520,30.27057759,12.10,0.83,14,238.9,429,-94.84,-1.13,423;513;507,-96.16;-101.01;-101.31,423;513,-96.16;-101.01
	2026-09-20 10:05:41.056,120.13114164,30.27058529,12.22,0.67,12,227.8,429,-92.40,3.72,423;507;501,-98.53;-99.70;-102.20,423;507,-98.53;-99.70
	2026-09-20 10:05:41.277,120.13116128,30.27058616,11.78,0.62,12,85.6,429,-91.48,4.76,507;501;513,-99.07;-102.20;-102.20,507;501,-99.07;-102.20
	2026-09-20 10:05:41.512,120.13116111,30.27057792,12.25,1.22,8,173.3,429,-94.31,4.61,507;423;501,-100.18;-100.24;-102.20,507;423,-100.18;-100.24
	2026-09-20 10:05:41.693,120.13113909,30.27059256,11.51,0.38,12,89.1,429,-95.16,-0.70,423;501;507,-97.75;-102.20;-102.20,423;501,-97.75;-102.20
	2026-09-20 10:05:41.999,120.13115649,30.27058560,12.08,0.94,9,64.5,429,-92.01,3.87,423;501;507,-98.65;-102.20;-102.20,423;501,-98.65;-102.20
	2026-09-20 10:05:42.257,120.13114858,30.27058043,11.82,1.29,8,261.0,429,-93.20,3.84,507;423;501,-98.62;-98.90;-102.20,507;423,-98.62;-98.90
	2026-09-20 10:05:42.516,120.13115366,30.27058471,12.43,0.26,8,203.6,429,-95.64,-0.14,423;507;411,-98.51;-98.69;-102.18,423;507,-98.51;-98.69
	2026-09-20 10:05:42.731,120.13115079,30.27058677,12.05,0.60,10,194.3,429,-94.25,0.63,423;507;501,-98.30;-102.09;-102.20,423;507,-98.30;-102.09
	2026-09-20 10:05:42.912,120.13114010,30.27057741,11.54,1.29,14,104.4,429,-91.77,4.62,507;423;501,-98.89;-100.84;-102.09,507;423,-98.89;-100.84
	2026-09-20 10:05:43.192,120.13113146,30.27058673,12.11,0.96,10,238.1,429,-92.93,2.26,423;417;507,-97.94;-101.31;-101.91,423;417,-97.94;-101.31
	2026-09-20 10:05:43.472,120.13114255,30.27057787,12.09,0.76,14,146.3,429,-91.61,5.39,423;507;501,-98.45;-100.46;-102.20,423;507,-98.45;-100.46
	2026-09-20 10:05:43.655,120.13112880,30.27059570,12.30,0.79,9,18.6,423,-95.40,-1.33,429;507;501,-95.82;-99.75;-102.20,429;507,-95.82;-99.75
	2026-09-20 10:05:43.836,120.13113333,30.27057800,11.56,0.86,11,165.4,429,-92.95,2.20,423;507;501,-98.25;-99.72;-102.20,423;507,-98.25;-99.72
	2026-09-20 10:05:44.026,120.13112318,30.27058486,11.95,1.26,14,294.8,429,-94.97,2.71,423;507;501,-99.53;-99.62;-102.20,423;507,-99.53;-99.62
	2026-09-20 10:05:44.222,120.13112398,30.27059557,12.47,0.33,8,0.8,429,-93.06,2.04,423;507;501,-98.38;-101.87;-102.20,423;507,-98.38;-101.87
	2026-09-20 10:05:44.537,120.13113527,30.27057951,11.80,0.79,9,252.0,429,-95.13,-0.82,423;501;507,-97.75;-102.20;-102.20,423;501,-97.75;-102.20
	2026-09-20 10:05:44.816,120.13112528,30.27059443,12.42,0.85,14,256.8,429,-93.00,0.61,423;507;501,-98.22;-98.73;-102.20,423;507,-98.22;-98.73
	2026-09-20 10:05:45.087,120.13113280,30.27059520,12.39,1.14,11,89.4,429,-95.61,-0.34,423;501;507,-97.49;-102.20;-102.20,423;501,-97.49;-102.20
	2026-09-20 10:05:45.322,120.13111868,30.27059346,11.70,0.67,14,250.6,429,-93.93,1.88,423;507;417,-98.43;-99.45;-100.05,423;507,-98.43;-99.45
	2026-09-20 10:05:45.584,120.13113125,30.27057885,11.99,1.25,14,68.6,429,-95.24,-2.85,423;507;501,-95.43;-101.18;-102.20,423;507,-95.43;-101.18
	2026-09-20 10:05:45.783,120.13112685,30.27058133,11.99,0.70,14,321.8,429,-95.24,-3.16,507;423;501,-95.46;-100.51;-102.20,507;423,-95.46;-100.51
	2026-09-20 10:05:45.973,120.13112147,30.27058849,11.89,0.91,10,61.2,429,-94.44,-2.12,423;507;501,-95.30;-99.71;-102.20,423;507,-95.30;-99.71
	2026-09-20 10:05:46.216,120.13112476,30.27059285,11.82,0.71,8,32.8,429,-94.28,-0.63,423;507;513,-95.85;-100.36;-101.14,423;507,-95.85;-100.36
	2026-09-20 10:05:46.506,120.13110440,30.27058184,11.53,0.79,14,6.0,429,-95.10,0.92,423;507;417,-99.46;-101.22;-101.72,423;507,-99.46;-101.22
	2026-09-20 10:05:46.690,120.13112398,30.27059417,11.91,1.34,8,23.6,429,-96.25,-0.05,423;417;501,-99.59;-101.20;-101.63,423;417,-99.59;-101.20
	2026-09-20 10:05:46.904,120.13112270,30.27058034,12.03,0.75,14,48.8,429,-94.53,-2.19,423;507;501,-96.95;-101.59;-102.20,423;507,-96.95;-101.59
	2026-09-20 10:05:47.185,120.13110450,30.27059596,11.99,0.95,10,277.8,429,-95.08,1.41,423;507;501,-98.91;-100.52;-102.20,423;507,-98.91;-100.52
	2026-09-20 10:05:47.404,120.13111694,30.27058095,12.39,1.39,8,225.0,429,-92.65,2.31,423;507;513,-98.28;-100.80;-101.63,423;507,-98.28;-100.80
	2026-09-20 10:05:47.613,120.13109401,30.27058901,12.22,1.17,8,215.0,429,-92.49,4.33,507;423;411,-98.75;-99.15;-101.81,507;423,-98.75;-99.15
	2026-09-20 10:05:47.930,120.13110641,30.27059543,11.67,0.35,9,126.8,429,-93.61,3.50,507;423;501,-100.16;-100.96;-102.20,507;423,-100.16;-100.96
	2026-09-20 10:05:48.169,120.13109717,30.27058460,12.32,0.38,13,29.0,429,-96.87,-0.79,423;507;513,-97.42;-100.17;-101.06,423;507,-97.42;-100.17
	2026-09-20 10:05:48.366,120.13110784,30.27058037,12.16,0.96,9,193.4,429,-92.74,1.04,507;423;501,-96.96;-99.11;-102.20,507;423,-96.96;-99.11
	2026-09-20 10:05:48.604,120.13110301,30.27057978,11.68,0.23,11,19.1,429,-94.78,1.00,423;507;501,-98.65;-98.99;-102.20,423;507,-98.65;-98.99
	2026-09-20 10:05:48.883,120.13110659,30.27059551,11.85,0.82,10,110.9,429,-92.40,5.21,423;507;417,-98.84;-98.99;-100.66,423;507,-98.84;-98.99
	2026-09-20 10:05:49.145,120.13109238,30.27058184,12.22,0.52,9,178.1,429,-94.97,-0.13,423;507;501,-96.98;-99.99;-102.20,423;507,-96.98;-99.99
	2026-09-20 10:05:49.392,120.13108988,30.27058923,11.51,1.06,11,14.8,429,-95.57,-0.89,423;507;513,-97.64;-100.55;-101.00,423;507,-97.64;-100.55
	2026-09-20 10:05:49.634,120.13110035,30.27057847,12.38,1.09,8,166.9,429,-96.45,-2.18,423;507;501,-97.44;-99.14;-102.20,423;507,-97.44;-99.14
	2026-09-20 10:05:49.901,120.13108673,30.27059057,12.13,0.80,8,235.7,429,-95.36,1.30,423;507;501,-100.33;-100.87;-102.20,423;507,-100.33;-100.87
	2026-09-20 10:05:50.142,120.13108390,30.27059521,12.38,0.87,8,41.6,429,-94.57,0.20,423;507;501,-97.95;-98.97;-102.20,423;507,-97.95;-98.97
	2026-09-20 10:05:50.328,120.13109342,30.27058216,12.26,0.71,14,252.8,429,-92.66,1.49,507;423;501,-97.97;-101.12;-102.20,507;423,-97.97;-101.12
	2026-09-20 10:05:50.602,120.13109424,30.27058947,11.70,1.30,8,163.8,429,-93.37,2.50,507;423;501,-99.32;-100.73;-102.20,507;423,-99.32;-100.73
	2026-09-20 10:05:50.897,120.13107610,30.27058461,11.75,1.26,8,4.5,429,-93.95,3.26,423;507;501,-98.88;-100.55;-102.20,423;507,-98.88;-100.55
	2026-09-20 10:05:51.145,120.13109408,30.27058412,11.93,0.84,14,218.6,429,-96.49,1.89,423;507;501,-98.98;-99.46;-101.94,423;507,-98.98;-99.46
	2026-09-20 10:05:51.344,120.13108345,30.27058225,11.88,0.71,12,180.9,429,-95.37,0.17,423;501;513,-97.91;-99.86;-99.92,423;501,-97.91;-99.86
	2026-09-20 10:05:51.543,120.13106883,30.27059041,11.70,0.44,10,347.2,429,-96.17,-1.49,423;417;507,-97.98;-101.19;-101.24,423;417,-97.98;-101.19
	2026-09-20 10:05:51.852,120.13107878,30.27058287,12.00,1.27,10,1.7,429,-97.53,1.36,423;507;501,-98.80;-100.10;-102.20,423;507,-98.80;-100.10
	2026-09-20 10:05:52.152,120.13107266,30.27058160,11.91,0.47,9,13.3,429,-97.55,-2.69,507;423;501,-98.25;-98.40;-102.20,507;423,-98.25;-98.40
	2026-09-20 10:05:52.409,120.13107487,30.27058958,12.36,0.26,11,37.8,429,-95.93,-2.17,423;501;507,-96.70;-102.20;-102.20,423;501,-96.70;-102.20
	2026-09-20 10:05:52.722,120.13107999,30.27058166,12.14,0.53,12,217.1,429,-93.92,5.71,423;513;417,-100.90;-101.38;-101.78,423;513,-100.90;-101.38
	2026-09-20 10:05:52.998,120.13106325,30.27059088,11.71,0.47,11,115.1,429,-96.71,0.27,423;507;501,-99.32;-101.86;-102.20,423;507,-99.32;-101.86
	2026-09-20 10:05:53.272,120.13107781,30.27057944,11.76,0.74,8,172.2,429,-92.68,3.23,423;507;411,-97.59;-99.27;-102.15,423;507,-97.59;-99.27
	2026-09-20 10:05:53.471,120.13108006,30.27059044,11.75,0.76,14,7.4,429,-92.87,3.10,423;507;501,-97.91;-100.63;-102.20,423;507,-97.91;-100.63
	2026-09-20 10:05:53.709,120.13107624,30.27058571,11.94,0.88,12,215.4,429,-94.77,-1.75,423;507;501,-96.36;-99.94;-102.20,423;507,-96.36;-99.94
	2026-09-20 10:05:54.015,120.13106516,30.27059236,12.36,0.52,14,94.3,429,-95.38,0.44,423;507;513,-99.38;-100.87;-101.51,423;507,-99.38;-100.87
	2026-09-20 10:05:54.305,120.13106180,30.27059179,12.18,0.57,9,231.3,429,-93.82,1.71,423;501;507,-97.30;-102.20;-102.20,423;501,-97.30;-102.20
	2026-09-20 10:05:54.529,120.13106506,30.27058931,11.92,1.18,12,330.8,429,-92.83,1.74,423;507;417,-98.00;-100.28;-100.53,423;507,-98.00;-100.28
	2026-09-20 10:05:54.803,120.13105427,30.27057916,11.80,0.86,9,358.0,429,-94.29,1.19,423;417;507,-98.04;-101.32;-101.46,423;417,-98.04;-101.32
	2026-09-20 10:05:55.045,120.13105019,30.27058496,11.95,0.36,8,1.3,429,-91.78,4.86,423;507;501,-99.50;-101.39;-102.20,423;507,-99.50;-101.39
	2026-09-20 10:05:55.346,120.13106799,30.27058157,11.96,1.08,9,42.2,429,-95.79,1.68,423;411;507,-98.51;-100.55;-101.05,423;411,-98.51;-100.55
	2026-09-20 10:05:55.553,120.13106276,30.27057802,11.80,0.62,10,350.6,423,-96.13,-2.71,429;507;501,-96.71;-100.91;-102.20,429;507,-96.71;-100.91
	2026-09-20 10:05:55.859,120.13105391,30.27057763,11.79,1.32,9,70.9,429,-95.92,1.84,423;501;507,-100.31;-102.20;-102.20,423;501,-100.31;-102.20
	2026-09-20 10:05:56.064,120.13104172,30.27059877,12.35,0.41,9,264.7,429,-93.13,0.12,423;513;507,-95.53;-101.94;-102.01,423;513,-95.53;-101.94
	2026-09-20 10:05:56.379,120.13104284,30.27059538,11.50,0.66,9,166.8,429,-97.54,-2.18,423;507;501,-98.46;-102.06;-102.20,423;507,-98.46;-102.06
	2026-09-20 10:05:56.588,120.13104407,30.27059255,11.52,1.31,10,207.3,423,-95.38,-0.67,429;507;501,-96.97;-101.15;-102.20,429;507,-96.97;-101.15
	2026-09-20 10:05:56.840,120.13105440,30.27059357,11.67,1.03,8,78.9,429,-96.56,-1.54,423;507;501,-96.90;-98.79;-102.20,423;507,-96.90;-98.79
	2026-09-20 10:05:57.066,120.13104058,30.27059612,11.84,0.33,8,305.1,429,-94.32,0.54,423;507;501,-97.35;-98.31;-102.20,423;507,-97.35;-98.31
	2026-09-20 10:05:57.305,120.13104168,30.27058867,12.23,1.06,10,228.1,429,-95.27,-0.64,423;507;501,-97.50;-101.20;-102.20,423;507,-97.50;-101.20
	2026-09-20 10:05:57.602,120.13105036,30.27058000,12.21,0.36,13,125.3,429,-95.08,0.87,423;501;507,-99.12;-102.20;-102.20,423;501,-99.12;-102.20
	2026-09-20 10:05:57.904,120.13104355,30.27057888,12.03,0.82,8,248.0,429,-95.13,-0.35,423;507;501,-97.62;-101.59;-102.20,423;507,-97.62;-101.59
	2026-09-20 10:05:58.133,120.13104414,30.27058125,11.85,1.29,9,27.0,429,-95.22,-2.12,423;507;501,-95.36;-102.06;-102.10,423;507,-95.36;-102.06
	2026-09-20 10:05:58.376,120.13104855,30.27059147,12.33,0.53,14,252.9,429,-94.18,-0.56,423;507;501,-96.58;-100.96;-102.20,423;507,-96.58;-100.96
	2026-09-20 10:05:58.628,120.13102306,30.27059099,11.72,1.07,12,229.1,423,-97.57,-2.33,429;507;417,-97.83;-101.14;-101.24,429;507,-97.83;-101.14
	2026-09-20 10:05:58.921,120.13104546,30.27059559,11.60,1.29,14,201.5,429,-96.69,0.48,507;423;501,-99.08;-100.16;-102.20,507;423,-99.08;-100.16
	2026-09-20 10:05:59.147,120.13103886,30.27057914,12.44,0.83,8,168.4,429,-95.85,-1.59,423;507;501,-98.06;-98.98;-102.20,423;507,-98.06;-98.98
	2026-09-20 10:05:59.386,120.13103842,30.27059132,12.26,0.80,9,228.5,429,-94.53,0.29,423;507;501,-97.42;-100.83;-102.20,423;507,-97.42;-100.83
	2026-09-20 10:05:59.684,120.13103441,30.27059124,11.87,1.21,8,7.6,429,-96.49,1.03,423;513;507,-100.01;-101.09;-101.62,423;513,-100.01;-101.09
	2026-09-20 10:05:59.892,120.13102178,30.27058459,12.34,0.97,9,277.0,429,-95.27,1.54,423;507;501,-99.64;-101.11;-102.20,423;507,-99.64;-101.11
	2026-09-20 10:06:00.114,120.13103527,30.27058050,11.65,1.34,12,169.6,429,-95.23,-2.39,423;501;507,-96.14;-102.20;-102.20,423;501,-96.14;-102.20
	2026-09-20 10:06:00.355,120.13103431,30.27057962,11.52,0.91,8,9.7,429,-94.49,0.99,423;507;501,-96.51;-100.20;-102.20,423;507,-96.51;-100.20
	2026-09-20 10:06:00.645,120.13101217,30.27058687,11.70,0.58,13,199.4,429,-96.92,-1.76,423;411;417,-98.76;-99.57;-99.85,423;411,-98.76;-99.57
	2026-09-20 10:06:00.951,120.13101586,30.27059645,11.80,0.29,12,185.8,429,-95.66,1.48,423;507;501,-98.50;-102.07;-102.20,423;507,-98.50;-102.07
	2026-09-20 10:06:01.191,120.13100919,30.27059844,12.17,0.54,13,55.3,429,-95.15,-0.84,423;507;417,-96.64;-97.52;-101.91,423;507,-96.64;-97.52
	2026-09-20 10:06:01.468,120.13101329,30.27058705,12.41,0.83,8,13.4,429,-95.30,2.69,423;501;507,-100.12;-102.20;-102.20,423;501,-100.12;-102.20
	2026-09-20 10:06:01.689,120.13101961,30.27059836,11.78,1.36,12,125.1,429,-96.09,0.94,423;507;501,-97.88;-99.96;-101.66,423;507,-97.88;-99.96
	2026-09-20 10:06:01.901,120.13101079,30.27057994,11.95,0.31,9,161.2,429,-95.95,0.93,423;501;507,-100.00;-102.20;-102.20,423;501,-100.00;-102.20
	2026-09-20 10:06:02.208,120.13100958,30.27059223,12.47,0.61,8,45.8,423,-97.35,-1.24,429;417;501,-98.06;-101.73;-102.20,429;417,-98.06;-101.73
	2026-09-20 10:06:02.422,120.13099805,30.27059496,11.74,1.30,13,119.9,429,-96.85,-2.91,423;501;507,-97.56;-100.93;-102.20,423;501,-97.56;-100.93
	2026-09-20 10:06:02.615,120.13101585,30.27058728,12.48,0.46,10,27.0,429,-96.61,1.97,423;501;507,-98.94;-102.20;-102.20,423;501,-98.94;-102.20
	2026-09-20 10:06:02.891,120.13100752,30.27059219,12.39,1.31,8,43.9,429,-93.40,-1.93,423;507;501,-94.73;-99.12;-102.20,423;507,-94.73;-99.12
	2026-09-20 10:06:03.099,120.13101608,30.27059350,12.36,0.95,12,110.2,423,-96.04,-3.31,429;507;513,-97.13;-101.49;-101.87,429;507,-97.13;-101.49
	2026-09-20 10:06:03.307,120.13101023,30.27059605,11.81,0.75,14,302.5,429,-95.30,0.05,423;507;501,-97.62;-100.06;-102.20,423;507,-97.62;-100.06
	2026-09-20 10:06:03.490,120.13100028,30.27058574,12.22,1.00,10,110.4,429,-95.45,-1.44,423;507;501,-97.05;-99.19;-102.20,423;507,-97.05;-99.19
	2026-09-20 10:06:03.690,120.13099723,30.27058291,11.52,1.37,14,148.3,423,-98.44,-1.65,429;507;501,-98.76;-100.60;-102.20,429;507,-98.76;-100.60
	2026-09-20 10:06:03.995,120.13100532,30.27059076,12.40,0.89,8,356.6,429,-97.12,-1.83,423;417;507,-97.16;-99.27;-101.94,423;417,-97.16;-99.27
	2026-09-20 10:06:04.206,120.13098648,30.27058970,11.91,0.21,8,103.8,429,-95.84,-0.23,423;507;417,-97.84;-97.92;-101.44,423;507,-97.84;-97.92
	2026-09-20 10:06:04.486,120.13100776,30.27059132,12.43,1.39,9,317.5,429,-94.21,0.85,423;507;417,-96.50;-100.47;-100.88,423;507,-96.50;-100.47
	2026-09-20 10:06:04.720,120.13098326,30.27058244,11.77,0.21,12,112.2,423,-94.09,2.53,429;507;501,-99.29;-101.35;-102.10,429;507,-99.29;-101.35
	2026-09-20 10:06:05.021,120.13099804,30.27059747,11.63,1.19,9,105.1,429,-96.87,-1.30,423;501;507,-98.58;-102.20;-102.20,423;501,-98.58;-102.20
	2026-09-20 10:06:05.262,120.13098293,30.27058176,12.38,0.94,11,318.2,429,-96.22,-0.13,423;507;417,-98.84;-99.55;-100.88,423;507,-98.84;-99.55
	2026-09-20 10:06:05.506,120.13099498,30.27058020,12.20,0.75,12,139.0,423,-97.52,-2.86,429;507;501,-97.93;-98.67;-102.20,429;507,-97.93;-98.67
	2026-09-20 10:06:05.806,120.13098199,30.27058914,12.10,0.78,11,245.9,429,-96.35,-1.09,423;501;507,-99.83;-100.45;-101.21,423;501,-99.83;-100.45
	2026-09-20 10:06:06.102,120.13099117,30.27057839,12.23,0.61,10,154.3,423,-97.98,-2.48,429;507;417,-98.52;-101.13;-101.65,429;507,-98.52;-101.13
	2026-09-20 10:06:06.354,120.13098582,30.27058252,11.77,1.11,14,271.7,423,-97.46,-2.42,429;507;501,-98.90;-101.07;-102.20,429;507,-98.90;-101.07
	2026-09-20 10:06:06.659,120.13099183,30.27058191,11.51,0.71,12,107.3,423,-97.19,-1.24,429;507;417,-98.29;-101.24;-101.90,429;507,-98.29;-101.24
	2026-09-20 10:06:06.940,120.13098608,30.27058619,11.61,1.31,8,188.5,429,-95.75,2.77,507;513;423,-100.24;-101.30;-101.67,507;513,-100.24;-101.30
	2026-09-20 10:06:07.174,120.13097265,30.27059563,11.62,0.46,10,256.9,423,-96.74,-2.53,429;507;513,-97.63;-99.49;-100.69,429;507,-97.63;-99.49
	2026-09-20 10:06:07.359,120.13097670,30.27057796,11.64,0.38,9,324.0,429,-94.69,0.60,423;507;417,-97.27;-101.25;-101.64,423;507,-97.27;-101.25
	2026-09-20 10:06:07.615,120.13097915,30.27059166,12.21,0.37,10,265.8,423,-97.46,-1.42,429;507;501,-98.77;-99.18;-100.91,429;507,-98.77;-99.18
	2026-09-20 10:06:07.904,120.13097239,30.27058438,11.81,0.21,13,220.4,429,-94.68,-0.11,423;507;501,-96.96;-101.61;-102.20,423;507,-96.96;-101.61
	2026-09-20 10:06:08.132,120.13096428,30.27057744,12.26,0.74,8,267.6,423,-94.29,2.37,429;513;501,-97.63;-101.73;-102.20,429;513,-97.63;-101.73
	2026-09-20 10:06:08.348,120.13097518,30.27059484,12.41,0.83,14,253.3,423,-95.26,-1.16,429;507;513,-96.29;-100.83;-101.29,429;507,-96.29;-100.83
	2026-09-20 10:06:08.543,120.13097534,30.27057861,11.81,0.71,8,83.2,429,-94.95,1.32,423;507;501,-98.00;-100.35;-102.20,423;507,-98.00;-100.35
	2026-09-20 10:06:08.803,120.13096826,30.27059172,12.44,0.27,11,34.8,429,-95.22,-0.08,423;507;501,-96.72;-100.48;-102.20,423;507,-96.72;-100.48
	2026-09-20 10:06:09.024,120.13095453,30.27059465,12.10,0.39,11,330.5,429,-96.40,-0.79,423;501;507,-97.09;-102.20;-102.20,423;501,-97.09;-102.20
	2026-09-20 10:06:09.326,120.13097629,30.27058910,12.15,0.21,14,318.1,429,-95.51,-0.08,423;507;411,-97.43;-100.39;-101.21,423;507,-97.43;-100.39
	2026-09-20 10:06:09.600,120.13095667,30.27057881,12.31,0.39,10,95.8,423,-97.46,-0.71,429;417;507,-97.77;-101.02;-102.19,429;417,-97.77;-101.02
	2026-09-20 10:06:09.799,120.13096515,30.27058421,11.82,0.86,9,239.6,423,-97.47,0.55,429;501;417,-99.98;-100.53;-101.28,429;501,-99.98;-100.53
	2026-09-20 10:06:10.107,120.13097008,30.27059352,11.52,0.78,11,314.3,429,-94.69,-2.51,423;417;507,-95.79;-102.10;-102.20,423;417,-95.79;-102.10
	2026-09-20 10:06:10.322,120.13095832,30.27059242,12.38,1.05,8,276.5,423,-95.58,0.42,429;417;501,-100.03;-100.23;-102.20,429;417,-100.03;-100.23
	2026-09-20 10:06:10.636,120.13096537,30.27057846,12.20,1.01,10,182.4,429,-93.99,0.38,423;507;501,-97.91;-99.54;-102.20,423;507,-97.91;-99.54
	2026-09-20 10:06:10.848,120.13095093,30.27059244,11.94,1.02,13,180.0,429,-97.23,-0.93,423;507;411,-100.01;-101.33;-101.87,423;507,-100.01;-101.33
	2026-09-20 10:06:11.071,120.13095098,30.27059087,11.90,0.25,12,163.8,423,-94.70,0.60,429;507;513,-96.66;-100.44;-101.86,429;507,-96.66;-100.44
	2026-09-20 10:06:11.257,120.13094594,30.27057941,11.75,0.38,10,197.1,423,-94.60,2.16,429;507;411,-98.48;-99.35;-102.19,429;507,-98.48;-99.35
	2026-09-20 10:06:11.528,120.13094275,30.27058426,12.31,0.30,10,357.5,423,-95.99,-0.64,429;411;501,-98.05;-100.73;-102.20,429;411,-98.05;-100.73
	2026-09-20 10:06:11.812,120.13095449,30.27059402,12.39,0.91,14,346.2,429,-96.24,-3.40,423;507;501,-96.52;-101.34;-102.20,423;507,-96.52;-101.34
	2026-09-20 10:06:12.059,120.13094801,30.27058833,11.95,0.56,8,299.8,429,-96.46,-0.86,423;501;507,-96.88;-102.20;-102.20,423;501,-96.88;-102.20
	2026-09-20 10:06:12.335,120.13094070,30.27059703,11.88,0.33,13,350.2,423,-95.78,-0.29,429;507;501,-96.76;-100.12;-102.20,429;507,-96.76;-100.12
	2026-09-20 10:06:12.641,120.13093183,30.27058624,12.17,1.36,9,68.1,423,-96.63,0.10,429;513;507,-98.38;-100.39;-100.42,429;513,-98.38;-100.39
	2026-09-20 10:06:12.908,120.13093122,30.27058762,12.47,1.07,12,5.9,423,-95.49,1.60,429;417;501,-99.29;-102.07;-102.20,429;417,-99.29;-102.07
	2026-09-20 10:06:13.181,120.13095159,30.27059856,11.96,1.31,10,286.3,429,-96.94,-1.63,423;417;501,-97.64;-99.91;-102.20,423;417,-97.64;-99.91
	2026-09-20 10:06:13.453,120.13092777,30.27059704,12.40,1.16,9,64.8,423,-96.25,1.42,429;417;507,-97.72;-101.52;-101.84,429;417,-97.72;-101.52
	2026-09-20 10:06:13.693,120.13092426,30.27059726,11.91,0.98,12,151.2,423,-93.68,1.85,429;507;513,-98.73;-101.56;-101.73,429;507,-98.73;-101.56
	2026-09-20 10:06:13.939,120.13092849,30.27059471,12.19,1.25,14,23.0,423,-95.91,-0.27,429;513;501,-98.17;-101.79;-102.20,429;513,-98.17;-101.79
	2026-09-20 10:06:14.225,120.13092324,30.27059539,11.63,0.66,9,169.9,423,-96.71,1.35,429;417;411,-100.22;-100.63;-100.67,429;417,-100.22;-100.63
	2026-09-20 10:06:14.542,120.13094038,30.27059446,11.89,0.45,13,128.1,429,-96.77,-1.73,423;501;507,-97.31;-102.01;-102.19,423;501,-97.31;-102.01
	2026-09-20 10:06:14.806,120.13092519,30.27057811,12.36,1.06,10,346.2,423,-96.98,1.31,507;429;501,-98.77;-100.72;-102.20,507;429,-98.77;-100.72
	2026-09-20 10:06:15.123,120.13093179,30.27058463,12.42,0.61,11,107.6,423,-97.11,-0.08,429;501;507,-99.32;-102.19;-102.20,429;501,-99.32;-102.19
	2026-09-20 10:06:15.408,120.13092735,30.27058023,11.88,1.13,8,139.8,423,-96.26,-1.72,429;507;411,-96.63;-100.96;-101.27,429;507,-96.63;-100.96
	2026-09-20 10:06:15.708,120.13092822,30.27059557,12.44,0.68,11,117.2,423,-96.45,-2.41,429;507;501,-97.74;-101.75;-102.20,429;507,-97.74;-101.75
	2026-09-20 10:06:15.994,120.13093377,30.27059079,12.03,1.34,14,327.8,423,-95.42,-0.06,429;507;417,-97.25;-98.83;-99.26,429;507,-97.25;-98.83
	2026-09-20 10:06:16.197,120.13093335,30.27057820,12.44,0.60,14,235.9,423,-95.57,-0.28,429;501;507,-98.31;-99.73;-102.03,429;501,-98.31;-99.73
	2026-09-20 10:06:16.448,120.13092406,30.27059723,12.27,0.50,11,14.4,423,-96.23,-1.02,429;501;507,-97.93;-100.28;-102.20,429;501,-97.93;-100.28
	2026-09-20 10:06:16.628,120.13093023,30.27058212,12.47,0.39,14,358.1,423,-95.28,1.91,429;501;507,-98.94;-102.20;-102.20,429;501,-98.94;-102.20
	2026-09-20 10:06:16.869,120.13092107,30.27059468,11.64,1.23,11,136.2,423,-97.17,-0.75,429;501;507,-97.44;-102.20;-102.20,429;501,-97.44;-102.20
	2026-09-20 10:06:17.063,120.13092014,30.27059367,12.48,1.06,11,295.4,423,-95.71,-0.93,429;417;507,-98.34;-99.68;-101.74,429;417,-98.34;-99.68
	2026-09-20 10:06:17.335,120.13091928,30.27059772,11.89,0.69,14,186.6,429,-96.29,-1.11,423;501;507,-97.98;-102.20;-102.20,423;501,-97.98;-102.20
	2026-09-20 10:06:17.529,120.13090531,30.27059588,11.84,1.09,14,209.4,429,-95.90,-1.36,423;507;501,-97.08;-100.72;-102.20,423;507,-97.08;-100.72
	2026-09-20 10:06:17.796,120.13090854,30.27059099,12.42,0.47,8,73.4,423,-95.96,-2.17,429;507;513,-98.17;-99.72;-102.02,429;507,-98.17;-99.72
	2026-09-20 10:06:18.063,120.13090320,30.27058016,12.25,0.32,13,301.8,429,-94.56,-0.15,423;501;507,-98.16;-99.93;-102.20,423;501,-98.16;-99.93
	2026-09-20 10:06:18.261,120.13090095,30.27057949,11.89,0.82,13,197.7,423,-94.03,-1.31,429;411;507,-94.79;-100.36;-101.33,429;411,-94.79;-100.36
	2026-09-20 10:06:18.543,120.13091377,30.27059551,12.38,0.57,10,226.2,423,-94.88,0.61,429;501;507,-96.75;-101.87;-102.20,429;501,-96.75;-101.87
	2026-09-20 10:06:18.743,120.13089401,30.27059461,12.35,0.85,11,312.8,423,-95.29,1.31,429;507;501,-97.96;-101.48;-102.20,429;507,-97.96;-101.48
	2026-09-20 10:06:18.980,120.13090797,30.27059519,11.73,0.52,10,58.4,429,-94.82,-2.18,423;501;507,-94.86;-100.77;-102.18,423;501,-94.86;-100.77
	2026-09-20 10:06:19.257,120.13090125,30.27059445,12.05,0.50,9,297.5,423,-92.66,4.33,429;507;501,-98.19;-101.99;-102.20,429;507,-98.19;-101.99
	2026-09-20 10:06:19.571,120.13089969,30.27058569,12.47,0.35,13,90.0,501,-99.70,-1.57,423;429;513,-99.81;-101.28;-101.84,423;429,-99.81;-101.28
	2026-09-20 10:06:19.817,120.13089424,30.27058979,11.89,0.87,8,306.1,423,-93.11,4.38,429;501;507,-98.42;-100.69;-101.56,429;501,-98.42;-100.69
	2026-09-20 10:06:20.117,120.13090498,30.27058586,12.22,0.94,8,289.3,423,-93.54,0.53,429;417;411,-96.83;-100.64;-100.70,429;417,-96.83;-100.64
	2026-09-20 10:06:20.320,120.13088456,30.27059689,11.81,0.95,8,277.7,423,-94.40,0.92,429;507;501,-98.67;-101.35;-102.20,429;507,-98.67;-101.35
	2026-09-20 10:06:20.598,120.13088748,30.27059532,11.95,1.30,8,65.1,423,-96.62,-0.03,429;507;417,-98.57;-101.36;-101.78,429;507,-98.57;-101.36
	2026-09-20 10:06:20.791,120.13090093,30.27058335,11.75,0.33,13,191.5,423,-94.62,-1.04,429;501;507,-96.62;-101.28;-101.52,429;501,-96.62;-101.28
	2026-09-20 10:06:21.072,120.13087750,30.27059013,12.16,0.81,9,305.0,423,-95.01,2.43,429;501;417,-101.01;-101.64;-102.18,429;501,-101.01;-101.64
	2026-09-20 10:06:21.354,120.13088729,30.27058899,11.59,0.49,8,188.2,423,-95.69,2.86,429;507;501,-100.25;-100.57;-102.20,429;507,-100.25;-100.57
	2026-09-20 10:06:21.602,120.13088073,30.27059217,12.13,0.82,11,354.3,423,-93.91,2.75,429;411;501,-100.14;-102.11;-102.20,429;411,-100.14;-102.11
	2026-09-20 10:06:21.826,120.13089320,30.27059395,11.61,1.32,12,260.0,423,-95.46,2.70,429;507;501,-99.83;-101.56;-102.20,429;507,-99.83;-101.56
	2026-09-20 10:06:22.106,120.13088780,30.27059218,12.31,0.47,10,134.3,423,-92.84,1.51,429;507;501,-97.06;-101.09;-101.91,429;507,-97.06;-101.09
	2026-09-20 10:06:22.347,120.13089042,30.27057950,11.62,1.28,14,16.6,423,-94.93,-2.45,429;507;501,-97.22;-101.10;-102.20,429;507,-97.22;-101.10
	2026-09-20 10:06:22.572,120.13089073,30.27058581,12.42,0.29,8,230.6,423,-94.53,1.97,429;507;513,-100.86;-101.13;-102.18,429;507,-100.86;-101.13
	2026-09-20 10:06:22.785,120.13086632,30.27058066,11.79,0.64,14,210.0,423,-95.56,-1.88,429;501;507,-97.97;-101.45;-101.96,429;501,-97.97;-101.45
	2026-09-20 10:06:23.003,120.13086892,30.27057888,12.07,0.60,12,92.7,423,-96.09,0.12,429;501;507,-97.53;-102.20;-102.20,429;501,-97.53;-102.20
	2026-09-20 10:06:23.202,120.13086494,30.27057828,12.28,1.39,13,321.9,423,-95.30,-0.18,507;429;501,-98.57;-100.24;-102.20,507;429,-98.57;-100.24
	2026-09-20 10:06:23.403,120.13086817,30.27058183,12.09,1.36,14,275.6,429,-96.83,-4.62,423;507;501,-96.90;-101.91;-102.20,423;507,-96.90;-101.91
	2026-09-20 10:06:23.693,120.13087033,30.27058877,11.81,0.40,14,266.8,423,-92.86,3.35,429;507;501,-97.66;-101.35;-102.20,429;507,-97.66;-101.35
	2026-09-20 10:06:23.988,120.13086420,30.27059266,12.35,0.69,10,336.1,423,-95.09,2.56,429;507;501,-99.77;-100.52;-102.20,429;507,-99.77;-100.52
	2026-09-20 10:06:24.174,120.13085800,30.27058099,12.40,0.22,12,317.4,423,-94.59,3.79,429;513;501,-99.73;-100.73;-102.20,429;513,-99.73;-100.73
	2026-09-20 10:06:24.417,120.13086154,30.27059327,12.18,1.23,14,18.4,423,-93.62,0.81,429;507;501,-96.44;-100.89;-101.49,429;507,-96.44;-100.89
	2026-09-20 10:06:24.631,120.13086025,30.27058942,12.25,0.40,14,59.5,423,-95.82,1.67,429;513;501,-99.97;-101.75;-102.20,429;513,-99.97;-101.75
	2026-09-20 10:06:24.829,120.13085305,30.27059495,12.04,1.31,13,158.1,423,-95.76,-0.43,429;507;501,-97.57;-99.83;-102.20,429;507,-97.57;-99.83
	2026-09-20 10:06:25.121,120.13085300,30.27058014,11.67,0.62,11,74.2,423,-92.78,5.71,429;501;507,-100.87;-102.20;-102.20,429;501,-100.87;-102.20
	2026-09-20 10:06:25.395,120.13086817,30.27059481,11.96,1.28,10,308.5,423,-93.36,0.48,429;411;501,-97.61;-102.15;-102.20,429;411,-97.61;-102.15
	2026-09-20 10:06:25.664,120.13085240,30.27057982,12.35,0.32,10,226.7,423,-93.00,4.14,429;507;501,-99.76;-102.07;-102.20,429;507,-99.76;-102.07
	2026-09-20 10:06:25.969,120.13085479,30.27058779,11.90,1.09,13,323.4,423,-95.27,2.81,429;501;507,-99.80;-102.20;-102.20,429;501,-99.80;-102.20
	2026-09-20 10:06:26.166,120.13085418,30.27059417,11.85,0.88,11,29.2,423,-95.33,-2.39,429;507;501,-95.99;-101.59;-102.20,429;507,-95.99;-101.59
	2026-09-20 10:06:26.418,120.13085178,30.27058255,11.92,0.59,8,226.7,423,-91.55,5.66,429;501;507,-99.36;-101.43;-102.20,429;501,-99.36;-101.43
	2026-09-20 10:06:26.679,120.13084433,30.27059083,11.97,1.00,13,312.5,423,-97.22,-2.41,429;507;501,-98.14;-101.62;-102.20,429;507,-98.14;-101.62
	2026-09-20 10:06:26.932,120.13083686,30.27059145,11.57,1.24,13,356.3,423,-92.12,5.93,501;429;411,-100.71;-101.57;-102.05,501;429,-100.71;-101.57
	2026-09-20 10:06:27.222,120.13083873,30.27058777,12.50,1.00,9,204.9,423,-95.69,-2.72,429;507;501,-97.06;-99.32;-102.20,429;507,-97.06;-99.32
	2026-09-20 10:06:27.474,120.13084821,30.27059779,12.15,1.03,12,34.6,423,-96.92,-0.27,429;501;507,-98.63;-102.20;-102.20,429;501,-98.63;-102.20
	2026-09-20 10:06:27.666,120.13083160,30.27057966,11.96,1.32,13,37.6,423,-92.59,2.49,429;411;501,-99.61;-102.03;-102.20,429;411,-99.61;-102.03
	2026-09-20 10:06:27.948,120.13084388,30.27059890,12.03,0.64,13,141.9,423,-94.11,2.19,507;429;501,-101.01;-101.09;-102.08,507;429,-101.01;-101.09
	2026-09-20 10:06:28.128,120.13084441,30.27058532,11.57,1.14,10,122.3,423,-93.27,3.65,429;501;507,-99.04;-100.72;-101.43,429;501,-99.04;-100.72
	2026-09-20 10:06:28.436,120.13083673,30.27057815,12.35,1.22,12,50.3,423,-93.54,4.14,429;501;507,-100.25;-101.62;-102.20,429;501,-100.25;-101.62
	2026-09-20 10:06:28.691,120.13084396,30.27059715,12.17,0.83,11,78.9,423,-92.14,5.17,429;501;507,-98.88;-102.20;-102.20,429;501,-98.88;-102.20
	2026-09-20 10:06:28.988,120.13082623,30.27059749,12.40,0.81,8,212.3,423,-91.70,7.62,429;507;501,-100.44;-102.08;-102.20,429;507,-100.44;-102.08
	2026-09-20 10:06:29.221,120.13083696,30.27058069,12.37,0.41,8,267.3,423,-92.08,1.48,429;507;501,-95.65;-100.38;-102.20,429;507,-95.65;-100.38
	2026-09-20 10:06:29.461,120.13082661,30.27058851,12.40,0.71,14,204.6,423,-92.75,3.27,429;501;411,-97.02;-98.95;-101.36,429;501,-97.02;-98.95
	2026-09-20 10:06:29.781,120.13082785,30.27058839,12.03,0.26,13,124.6,423,-91.00,6.21,429;417;513,-99.86;-100.33;-101.56,429;417,-99.86;-100.33
	2026-09-20 10:06:30.063,120.13083583,30.27059602,12.02,0.49,9,225.2,423,-95.64,-2.59,429;501;417,-95.95;-100.23;-100.33,429;501,-95.95;-100.23
	2026-09-20 10:06:30.377,120.13083362,30.27059295,12.39,1.25,13,149.8,423,-93.91,3.69,429;411;501,-99.32;-99.94;-101.78,429;411,-99.32;-99.94
	2026-09-20 10:06:30.627,120.13083648,30.27058202,11.82,0.88,11,248.4,423,-92.59,2.00,429;417;507,-96.37;-101.72;-102.18,429;417,-96.37;-101.72
	2026-09-20 10:06:30.883,120.13081258,30.27058566,11.98,0.67,11,346.6,423,-94.34,3.08,507;429;501,-100.52;-100.96;-102.06,507;429,-100.52;-100.96
	2026-09-20 10:06:31.129,120.13082362,30.27059294,12.23,1.00,11,50.1,423,-94.76,3.36,429;501;507,-99.60;-102.20;-102.20,429;501,-99.60;-102.20
	2026-09-20 10:06:31.440,120.13082528,30.27059159,12.14,0.34,9,343.6,423,-92.47,1.11,429;507;501,-96.70;-101.92;-102.20,429;507,-96.70;-101.92
	2026-09-20 10:06:31.647,120.13081327,30.27058375,11.63,1.09,14,233.9,423,-94.26,2.73,429;501;507,-98.99;-102.20;-102.20,429;501,-98.99;-102.20
	2026-09-20 10:06:31.936,120.13081485,30.27057762,12.22,0.73,9,102.9,423,-95.56,4.09,429;417;501,-100.46;-102.10;-102.20,429;417,-100.46;-102.10
	2026-09-20 10:06:32.173,120.13081139,30.27059693,11.53,1.17,13,95.6,423,-95.79,-0.04,429;417;501,-98.90;-102.09;-102.20,429;417,-98.90;-102.09
	2026-09-20 10:06:32.445,120.13081390,30.27059665,12.40,0.81,10,277.8,423,-93.39,1.45,429;417;501,-98.81;-101.67;-102.20,429;417,-98.81;-101.67
	2026-09-20 10:06:32.691,120.13082348,30.27057896,12.11,0.52,11,157.4,423,-91.83,6.51,417;429;411,-99.90;-100.17;-101.65,417;429,-99.90;-100.17
	2026-09-20 10:06:32.959,120.13081486,30.27058689,11.58,0.77,11,236.3,423,-95.61,-0.88,429;501;507,-98.53;-102.20;-102.20,429;501,-98.53;-102.20
	2026-09-20 10:06:33.254,120.13081831,30.27059472,12.36,0.27,9,304.2,423,-92.70,6.02,429;507;501,-100.42;-100.69;-102.20,429;507,-100.42;-100.69
	2026-09-20 10:06:33.492,120.13079905,30.27058504,11.92,0.77,12,170.6,423,-93.98,1.40,429;513;501,-97.58;-101.36;-102.20,429;513,-97.58;-101.36
	2026-09-20 10:06:33.728,120.13079617,30.27059531,12.32,0.67,10,157.4,423,-93.33,0.31,429;507;417,-95.88;-99.37;-100.88,429;507,-95.88;-99.37
	2026-09-20 10:06:33.998,120.13081186,30.27057799,11.77,0.94,14,249.8,423,-93.53,1.67,429;501;507,-98.20;-100.08;-102.20,429;501,-98.20;-100.08
	2026-09-20 10:06:34.223,120.13081212,30.27058691,12.42,0.85,10,296.9,423,-93.05,0.50,429;501;507,-95.91;-100.07;-102.20,429;501,-95.91;-100.07
	2026-09-20 10:06:34.411,120.13079438,30.27059459,12.39,0.89,10,176.0,423,-94.93,-0.44,429;501;507,-96.06;-101.45;-102.12,429;501,-96.06;-101.45
	2026-09-20 10:06:34.700,120.13080245,30.27057950,11.77,0.46,8,328.0,423,-95.70,-1.04,429;507;501,-96.70;-101.23;-102.15,429;507,-96.70;-101.23
	2026-09-20 10:06:34.944,120.13080776,30.27057964,12.31,1.27,10,57.7,423,-95.64,0.97,429;507;501,-99.79;-100.80;-102.20,429;507,-99.79;-100.80
	2026-09-20 10:06:35.217,120.13078610,30.27058863,11.59,1.17,10,166.0,423,-92.30,3.89,429;507;501,-97.78;-100.75;-101.19,429;507,-97.78;-100.75
	2026-09-20 10:06:35.450,120.13078617,30.27058783,11.57,0.87,8,207.1,423,-96.45,0.04,429;501;507,-99.33;-102.20;-102.20,429;501,-99.33;-102.20
	2026-09-20 10:06:35.758,120.13078982,30.27059466,12.07,0.99,14,14.8,423,-93.18,5.44,429;507;501,-99.73;-101.01;-101.16,429;507,-99.73;-101.01
	2026-09-20 10:06:36.066,120.13079554,30.27057907,11.78,1.24,11,84.1,423,-93.49,4.63,429;417;501,-100.04;-100.22;-102.20,429;417,-100.04;-100.22
	2026-09-20 10:06:36.313,120.13079341,30.27059012,12.09,0.77,8,106.6,423,-92.33,6.26,429;501;507,-100.50;-101.61;-101.84,429;501,-100.50;-101.61
	2026-09-20 10:06:36.514,120.13078165,30.27059841,12.08,0.87,12,147.8,423,-93.10,2.93,429;513;501,-99.45;-100.29;-101.97,429;513,-99.45;-100.29
	2026-09-20 10:06:36.727,120.13078177,30.27059659,12.00,0.41,11,214.3,423,-94.31,2.12,429;501;507,-99.18;-99.94;-101.62,429;501,-99.18;-99.94
	2026-09-20 10:06:37.028,120.13078561,30.27059186,11.71,0.58,14,41.4,423,-95.48,3.02,429;417;501,-101.91;-102.18;-102.20,429;417,-101.91;-102.18
	2026-09-20 10:06:37.338,120.13079264,30.27058810,11.92,0.90,9,176.2,423,-92.88,7.49,429;507;501,-100.13;-100.75;-101.65,429;507,-100.13;-100.75
	2026-09-20 10:06:37.615,120.13078356,30.27059038,11.76,1.34,9,22.2,423,-92.03,3.72,429;501;507,-99.37;-100.78;-102.20,429;501,-99.37;-100.78
	2026-09-20 10:06:37.842,120.13077926,30.27059652,12.29,0.98,10,222.8,423,-94.56,3.08,429;507;501,-99.14;-100.98;-102.20,429;507,-99.14;-100.98
	2026-09-20 10:06:38.083,120.13077471,30.27057961,11.71,0.22,10,26.6,423,-93.44,4.56,429;501;507,-100.47;-102.20;-102.20,429;501,-100.47;-102.20
	2026-09-20 10:06:38.370,120.13076622,30.27058099,12.01,0.54,9,265.1,423,-92.75,5.26,429;501;507,-99.76;-102.20;-102.20,429;501,-99.76;-102.20
	2026-09-20 10:06:38.616,120.13078614,30.27058581,11.59,0.91,13,347.5,423,-94.70,3.64,507;429;501,-101.19;-101.57;-102.20,507;429,-101.19;-101.57
	2026-09-20 10:06:38.928,120.13076629,30.27058237,12.35,0.43,11,76.3,423,-95.67,0.77,429;417;501,-100.65;-101.04;-102.20,429;417,-100.65;-101.04
	2026-09-20 10:06:39.132,120.13077227,30.27058234,12.19,0.42,13,206.1,423,-92.33,6.58,429;501;507,-100.20;-101.16;-101.95,429;501,-100.20;-101.16
	2026-09-20 10:06:39.348,120.13076868,30.27058660,12.13,1.26,11,193.9,423,-94.60,2.51,429;513;501,-99.32;-101.51;-102.20,429;513,-99.32;-101.51
	2026-09-20 10:06:39.631,120.13075600,30.27058293,12.47,0.98,8,241.8,423,-89.00,9.53,417;429;501,-100.63;-101.91;-102.08,417;429,-100.63;-101.91
	2026-09-20 10:06:39.881,120.13077069,30.27058600,11.61,1.28,8,185.6,423,-90.75,6.12,507;429;501,-99.08;-99.42;-102.20,507;429,-99.08;-99.42
	2026-09-20 10:06:40.092,120.13075383,30.27058005,12.29,1.15,11,73.1,423,-93.55,5.51,507;501;513,-100.93;-102.20;-102.20,507;501,-100.93;-102.20
	2026-09-20 10:06:40.384,120.13075398,30.27059079,12.31,0.21,11,71.5,423,-91.36,7.02,429;501;507,-100.18;-102.20;-102.20,429;501,-100.18;-102.20
	2026-09-20 10:06:40.605,120.13075601,30.27057872,11.57,0.57,11,184.3,423,-93.01,2.13,429;501;507,-98.53;-102.16;-102.20,429;501,-98.53;-102.16
	2026-09-20 10:06:40.830,120.13075991,30.27058415,11.54,1.19,10,329.0,423,-92.52,4.20,429;507;501,-100.21;-100.84;-101.11,429;507,-100.21;-100.84
	2026-09-20 10:06:41.087,120.13076362,30.27058165,12.18,0.36,9,52.8,423,-92.62,7.14,429;501;507,-100.43;-101.38;-102.20,429;501,-100.43;-101.38
	2026-09-20 10:06:41.389,120.13075830,30.27059355,12.27,1.26,11,247.7,423,-92.70,5.49,429;507;501,-100.02;-101.19;-102.20,429;507,-100.02;-101.19
	2026-09-20 10:06:41.635,120.13076623,30.27057990,11.52,1.34,9,229.4,423,-92.93,4.81,513;507;501,-102.03;-102.18;-102.20,513;507,-102.03;-102.18
	2026-09-20 10:06:41.938,120.13075221,30.27058884,12.25,1.16,12,351.5,423,-93.04,4.92,429;507;417,-100.18;-100.83;-101.34,429;507,-100.18;-100.83
	2026-09-20 10:06:42.192,120.13075219,30.27059571,12.44,0.45,13,281.5,423,-91.63,2.50,429;411;417,-97.02;-101.93;-102.19,429;411,-97.02;-101.93
	2026-09-20 10:06:42.480,120.13075305,30.27059579,12.04,0.62,8,24.6,423,-91.23,7.21,507;429;501,-99.63;-101.40;-101.58,507;429,-99.63;-101.40
	2026-09-20 10:06:42.682,120.13075757,30.27057864,12.35,1.12,12,70.5,423,-92.12,4.29,429;501;507,-98.73;-102.20;-102.20,429;501,-98.73;-102.20
	2026-09-20 10:06:42.957,120.13073807,30.27059387,11.82,0.50,9,355.5,423,-92.67,6.12,429;501;507,-100.34;-102.20;-102.20,429;501,-100.34;-102.20
	2026-09-20 10:06:43.206,120.13074664,30.27059512,11.96,1.05,9,211.5,423,-94.22,1.90,429;501;417,-101.22;-101.34;-101.52,429;501,-101.22;-101.34
	2026-09-20 10:06:43.429,120.13074797,30.27059528,12.29,1.21,8,268.4,423,-91.50,7.14,429;501;507,-101.51;-102.20;-102.20,429;501,-101.51;-102.20
	2026-09-20 10:06:43.706,120.13075074,30.27059584,12.08,0.46,11,120.5,423,-91.92,5.88,501;429;507,-100.05;-100.62;-102.20,501;429,-100.05;-100.62
	2026-09-20 10:06:44.013,120.13073135,30.27059232,11.82,0.38,13,309.6,423,-90.25,5.11,429;501;507,-99.31;-102.20;-102.20,429;501,-99.31;-102.20
	2026-09-20 10:06:44.322,120.13073505,30.27058799,12.03,0.65,8,198.4,423,-91.29,4.34,429;501;507,-98.29;-100.34;-102.20,429;501,-98.29;-100.34
	2026-09-20 10:06:44.562,120.13074307,30.27057752,11.87,0.59,14,189.7,423,-90.13,9.49,429;501;507,-100.43;-102.20;-102.20,429;501,-100.43;-102.20
	2026-09-20 10:06:44.861,120.13073714,30.27058029,12.07,0.90,13,237.8,423,-93.12,3.26,429;417;501,-99.53;-100.30;-101.62,429;417,-99.53;-100.30
	2026-09-20 10:06:45.072,120.13072479,30.27059738,12.42,0.77,8,327.3,423,-92.66,4.57,429;507;501,-98.37;-100.61;-102.10,429;507,-98.37;-100.61
	2026-09-20 10:06:45.361,120.13072472,30.27059145,12.38,1.27,10,238.2,423,-92.22,1.97,429;507;501,-97.20;-99.82;-101.02,429;507,-97.20;-99.82
	2026-09-20 10:06:45.655,120.13072075,30.27058202,11.94,1.14,8,34.4,423,-94.05,3.19,429;417;507,-100.81;-101.76;-102.13,429;417,-100.81;-101.76
	2026-09-20 10:06:45.862,120.13073097,30.27058081,12.24,0.57,8,335.3,423,-93.30,6.96,429;501;507,-100.81;-101.64;-102.20,429;501,-100.81;-101.64
	2026-09-20 10:06:46.146,120.13071945,30.27058880,12.32,1.22,9,205.5,423,-91.40,7.25,429;417;501,-100.44;-101.55;-102.20,429;417,-100.44;-101.55
	2026-09-20 10:06:46.406,120.13072573,30.27059701,11.87,0.31,9,180.4,423,-90.97,6.12,429;417;501,-99.51;-101.85;-102.20,429;417,-99.51;-101.85
	2026-09-20 10:06:46.592,120.13071799,30.27058264,11.84,1.14,12,121.2,423,-91.28,7.15,429;501;507,-101.94;-102.20;-102.20,429;501,-101.94;-102.20
	2026-09-20 10:06:46.809,120.13072871,30.27058674,12.48,1.38,8,85.6,423,-91.05,8.59,501;507;513,-102.20;-102.20;-102.20,501;507,-102.20;-102.20
	2026-09-20 10:06:47.005,120.13072928,30.27058186,11.92,0.30,10,59.3,423,-90.98,4.28,429;501;411,-98.73;-101.56;-101.81,429;501,-98.73;-101.56
	2026-09-20 10:06:47.302,120.13072884,30.27058524,11.54,0.69,13,152.6,423,-90.30,8.69,429;507;501,-100.02;-101.85;-102.20,429;507,-100.02;-101.85
	2026-09-20 10:06:47.605,120.13072085,30.27058766,11.57,1.40,14,152.0,423,-92.48,6.27,429;417;501,-101.02;-101.65;-101.96,429;417,-101.02;-101.65
	2026-09-20 10:06:47.849,120.13071968,30.27057904,11.63,1.35,14,357.6,423,-92.91,6.55,417;411;501,-101.52;-102.19;-102.20,417;411,-101.52;-102.19
	2026-09-20 10:06:48.119,120.13070466,30.27058984,11.85,1.08,8,126.7,423,-92.48,6.22,501;429;507,-100.74;-101.40;-102.20,501;429,-100.74;-101.40
	2026-09-20 10:06:48.424,120.13070626,30.27057948,11.58,0.29,11,44.3,423,-89.75,5.62,429;507;501,-98.05;-101.62;-101.70,429;507,-98.05;-101.62
	2026-09-20 10:06:48.623,120.13071838,30.27059481,12.11,1.22,13,140.4,423,-92.07,6.00,429;501;507,-100.88;-102.20;-102.20,429;501,-100.88;-102.20
	2026-09-20 10:06:48.870,120.13070744,30.27057999,12.31,1.33,11,178.6,423,-90.11,8.47,507;501;513,-101.63;-102.20;-102.20,507;501,-101.63;-102.20
	2026-09-20 10:06:49.121,120.13070783,30.27059117,12.12,1.23,11,131.9,423,-90.82,11.05,501;507;513,-102.20;-102.20;-102.20,501;507,-102.20;-102.20
	2026-09-20 10:06:49.347,120.13071237,30.27059463,11.77,0.36,8,10.6,423,-92.13,2.53,429;501;507,-98.82;-102.20;-102.20,429;501,-98.82;-102.20
	2026-09-20 10:06:49.586,120.13071596,30.27057967,12.18,0.26,13,35.0,423,-89.02,8.83,429;507;501,-99.12;-100.38;-101.63,429;507,-99.12;-100.38
	2026-09-20 10:06:49.823,120.13070483,30.27058236,11.59,0.85,10,25.0,423,-87.81,10.57,501;507;513,-102.20;-102.20;-102.20,501;507,-102.20;-102.20
	2026-09-20 10:06:50.116,120.13071225,30.27059466,12.31,0.26,14,188.0,423,-92.02,6.45,429;501;507,-101.21;-102.20;-102.20,429;501,-101.21;-102.20
	2026-09-20 10:06:50.317,120.13070681,30.27057976,11.60,0.30,9,242.4,423,-93.15,2.84,429;507;501,-99.45;-100.80;-100.83,429;507,-99.45;-100.80
	2026-09-20 10:06:50.540,120.13069151,30.27059069,11.83,0.80,9,221.2,423,-90.40,7.03,507;429;501,-100.14;-101.59;-102.20,507;429,-100.14;-101.59
	2026-09-20 10:06:50.814,120.13069800,30.27059690,12.22,1.38,12,250.5,423,-90.23,8.20,501;429;507,-99.49;-100.67;-101.06,501;429,-99.49;-100.67
	2026-09-20 10:06:51.063,120.13069350,30.27058484,11.74,1.00,12,174.3,423,-89.37,8.18,429;417;501,-99.79;-101.52;-101.97,429;417,-99.79;-101.52
	2026-09-20 10:06:51.307,120.13069457,30.27059534,12.38,1.02,9,219.6,423,-93.42,3.19,429;507;501,-101.02;-101.98;-102.20,429;507,-101.02;-101.98
	2026-09-20 10:06:51.530,120.13068187,30.27058770,11.57,1.04,8,31.7,423,-92.37,5.60,501;507;429,-100.42;-100.69;-101.81,501;507,-100.42;-100.69
	2026-09-20 10:06:51.799,120.13068319,30.27059317,12.48,1.14,12,225.3,423,-90.48,8.95,429;501;507,-101.73;-102.20;-102.20,429;501,-101.73;-102.20
	2026-09-20 10:06:52.081,120.13068702,30.27058800,11.61,0.66,10,16.6,423,-92.75,7.17,429;507;501,-101.82;-101.84;-102.20,429;507,-101.82;-101.84
	2026-09-20 10:06:52.397,120.13068466,30.27059891,12.10,1.31,8,98.5,423,-89.93,5.66,501;429;417,-98.93;-100.72;-101.93,501;429,-98.93;-100.72
	2026-09-20 10:06:52.684,120.13068798,30.27058989,12.35,1.10,11,79.7,423,-90.76,6.11,501;507;417,-100.45;-101.39;-101.99,501;507,-100.45;-101.39
	2026-09-20 10:06:52.874,120.13068724,30.27059422,11.98,0.26,9,71.0,423,-89.70,7.29,429;501;507,-98.01;-99.76;-102.20,429;501,-98.01;-99.76
	2026-09-20 10:06:53.141,120.13069124,30.27058156,11.77,0.22,11,174.2,423,-92.95,6.24,429;501;507,-101.57;-102.20;-102.20,429;501,-101.57;-102.20
	2026-09-20 10:06:53.386,120.13069134,30.27057923,12.11,1.01,8,109.5,423,-90.58,4.43,429;501;507,-96.89;-102.20;-102.20,429;501,-96.89;-102.20
	2026-09-20 10:06:53.578,120.13067547,30.27058181,12.37,0.97,14,20.4,423,-92.95,4.52,501;429;507,-101.06;-101.61;-102.20,501;429,-101.06;-101.61
	2026-09-20 10:06:53.763,120.13067852,30.27059599,11.91,1.36,8,317.5,423,-91.38,6.56,501;417;507,-100.96;-101.97;-102.20,501;417,-100.96;-101.97
	2026-09-20 10:06:53.946,120.13066959,30.27059383,11.79,0.74,8,251.4,423,-88.14,10.26,429;501;513,-99.92;-100.23;-101.72,429;501,-99.92;-100.23
	2026-09-20 10:06:54.156,120.13067018,30.27058172,11.88,0.21,11,42.8,423,-93.69,3.90,429;501;507,-100.18;-102.20;-102.20,429;501,-100.18;-102.20
	2026-09-20 10:06:54.336,120.13068006,30.27058388,12.03,0.48,8,279.6,423,-91.47,6.67,417;507;501,-100.34;-101.80;-102.20,417;507,-100.34;-101.80
	2026-09-20 10:06:54.535,120.13066198,30.27058605,12.20,0.88,8,186.9,423,-92.27,6.44,429;417;501,-101.55;-101.99;-102.20,429;417,-101.55;-101.99
	2026-09-20 10:06:54.809,120.13065928,30.27058513,12.13,0.56,14,280.8,423,-89.26,7.07,429;501;507,-100.51;-100.74;-102.20,429;501,-100.51;-100.74
	2026-09-20 10:06:55.083,120.13067102,30.27058014,11.80,1.04,14,302.9,423,-89.08,7.37,501;429;507,-99.84;-100.72;-102.20,501;429,-99.84;-100.72
	2026-09-20 10:06:55.285,120.13067694,30.27057772,11.72,0.63,12,271.6,423,-92.55,5.92,507;429;501,-100.19;-102.18;-102.20,507;429,-100.19;-102.18
	2026-09-20 10:06:55.491,120.13065282,30.27058848,11.56,1.06,13,249.9,423,-88.16,10.83,429;507;501,-101.30;-101.72;-102.20,429;507,-101.30;-101.72
	2026-09-20 10:06:55.745,120.13066542,30.27059659,11.55,1.25,9,126.8,423,-91.00,6.03,429;417;501,-99.96;-101.92;-102.20,429;417,-99.96;-101.92
	2026-09-20 10:06:55.944,120.13064719,30.27058864,12.22,0.99,11,1.9,423,-88.75,9.42,501;411;507,-101.22;-102.09;-102.20,501;411,-101.22;-102.09
	2026-09-20 10:06:56.166,120.13066386,30.27059494,11.95,1.38,8,260.9,423,-91.01,5.54,501;411;429,-99.83;-101.20;-101.41,501;411,-99.83;-101.20
	2026-09-20 10:06:56.399,120.13064799,30.27058337,11.57,0.45,12,5.5,423,-92.21,7.16,429;501;507,-101.52;-102.20;-102.20,429;501,-101.52;-102.20
	2026-09-20 10:06:56.670,120.13065018,30.27058388,11.84,0.65,9,348.9,423,-91.02,6.90,501;507;513,-101.69;-102.20;-102.20,501;507,-101.69;-102.20
	2026-09-20 10:06:56.864,120.13064221,30.27057990,11.89,1.31,12,67.4,423,-90.18,8.84,501;507;513,-100.20;-102.20;-102.20,501;507,-100.20;-102.20
	2026-09-20 10:06:57.151,120.13065884,30.27059041,11.73,0.57,11,129.1,423,-87.01,9.35,429;501;507,-99.01;-102.20;-102.20,429;501,-99.01;-102.20
	2026-09-20 10:06:57.402,120.13064802,30.27059623,11.65,1.34,8,318.2,423,-87.58,10.62,501;507;513,-101.43;-102.20;-102.20,501;507,-101.43;-102.20
	2026-09-20 10:06:57.602,120.13064699,30.27059809,11.72,1.18,8,193.5,423,-88.03,12.00,429;501;507,-102.09;-102.20;-102.20,429;501,-102.09;-102.20
	2026-09-20 10:06:57.817,120.13064737,30.27058311,12.13,0.23,9,8.4,423,-89.18,10.54,429;411;501,-100.95;-101.61;-102.20,429;411,-100.95;-101.61
	2026-09-20 10:06:58.121,120.13064732,30.27058520,12.15,1.26,12,55.9,423,-90.06,7.36,429;411;501,-100.20;-100.76;-102.20,429;411,-100.20;-100.76
	2026-09-20 10:06:58.379,120.13064860,30.27057888,12.20,1.39,10,286.5,423,-89.61,8.91,501;429;507,-100.78;-101.22;-101.44,501;429,-100.78;-101.22
	2026-09-20 10:06:58.698,120.13063409,30.27057957,11.75,1.29,8,268.8,423,-86.16,12.00,501;507;513,-102.20;-102.20;-102.20,501;507,-102.20;-102.20
	2026-09-20 10:06:58.970,120.13062932,30.27058341,11.88,0.42,12,222.8,423,-88.20,8.23,429;501;507,-99.31;-100.67;-101.87,429;501,-99.31;-100.67
	2026-09-20 10:06:59.277,120.13064834,30.27058967,11.55,0.78,8,252.7,423,-90.16,7.20,429;501;507,-99.09;-99.14;-102.19,429;501,-99.09;-99.14
	2026-09-20 10:06:59.561,120.13062746,30.27058395,12.28,1.06,9,121.2,423,-88.62,7.29,417;501;507,-99.80;-101.49;-102.20,417;501,-99.80;-101.49
	2026-09-20 10:06:59.768,120.13063615,30.27059370,11.88,0.75,8,38.8,423,-89.76,7.78,411;429;501,-100.62;-100.79;-102.20,411;429,-100.62;-100.79
	2026-09-20 10:07:00.076,120.13064413,30.27058992,11.60,1.13,8,172.1,423,-91.25,8.86,417;501;429,-101.55;-101.67;-102.15,417;501,-101.55;-101.67
	2026-09-20 10:07:00.352,120.13062139,30.27057933,11.71,0.37,13,239.4,423,-90.77,8.16,501;507;513,-101.04;-102.20;-102.20,501;507,-101.04;-102.20
	2026-09-20 10:07:00.556,120.13062559,30.27057953,12.04,1.17,12,347.1,423,-86.83,11.71,501;429;507,-100.65;-101.36;-102.20,501;429,-100.65;-101.36
	2026-09-20 10:07:00.773,120.13062150,30.27058112,12.25,0.46,8,10.1,423,-90.07,5.81,429;501;507,-99.23;-102.20;-102.20,429;501,-99.23;-102.20
	2026-09-20 10:07:01.008,120.13063712,30.27059021,11.63,1.23,11,50.0,423,-87.87,8.80,429;501;507,-99.08;-102.20;-102.20,429;501,-99.08;-102.20
	2026-09-20 10:07:01.195,120.13063701,30.27059463,12.49,1.14,14,225.5,423,-89.83,10.31,429;501;507,-101.84;-102.20;-102.20,429;501,-101.84;-102.20
	2026-09-20 10:07:01.459,120.13063319,30.27058508,11.65,0.43,13,135.2,423,-88.57,8.90,501;429;507,-100.48;-100.82;-102.20,501;429,-100.48;-100.82
	2026-09-20 10:07:01.760,120.13061881,30.27057815,11.78,0.68,12,188.0,423,-87.89,11.74,513;501;507,-101.16;-101.85;-102.20,513;501,-101.16;-101.85
	2026-09-20 10:07:02.031,120.13062508,30.27059033,11.94,1.26,14,37.2,423,-90.00,6.76,429;501;507,-97.53;-101.83;-102.20,429;501,-97.53;-101.83
	2026-09-20 10:07:02.271,120.13061599,30.27058034,11.50,1.37,9,272.8,423,-90.88,7.51,417;501;429,-101.01;-101.01;-101.21,417;501,-101.01;-101.01
	2026-09-20 10:07:02.482,120.13061621,30.27059733,12.15,0.28,11,295.2,423,-88.87,9.30,507;429;501,-99.75;-100.01;-101.54,507;429,-99.75;-100.01
	2026-09-20 10:07:02.703,120.13061401,30.27059163,11.93,0.52,8,130.5,423,-86.17,11.96,507;513;429,-100.93;-101.50;-101.71,507;513,-100.93;-101.50
	2026-09-20 10:07:02.921,120.13062129,30.27059089,12.41,0.86,11,162.4,423,-87.62,11.67,501;507;513,-102.20;-102.20;-102.20,501;507,-102.20;-102.20
	2026-09-20 10:07:03.194,120.13061408,30.27058001,11.77,0.29,10,5.3,423,-85.67,10.00,501;429;507,-98.58;-99.23;-102.20,501;429,-98.58;-99.23
	2026-09-20 10:07:03.399,120.13061587,30.27058366,11.98,1.04,13,42.2,423,-88.37,7.34,501;429;507,-98.88;-99.85;-102.20,501;429,-98.88;-99.85
	2026-09-20 10:07:03.583,120.13061852,30.27059520,12.44,1.32,11,112.1,423,-88.26,10.79,501;507;411,-100.73;-100.79;-101.57,501;507,-100.73;-100.79
	2026-09-20 10:07:03.764,120.13061077,30.27058298,12.48,1.27,8,90.4,423,-89.21,8.11,429;501;507,-99.58;-102.13;-102.20,429;501,-99.58;-102.13
	2026-09-20 10:07:04.082,120.13060906,30.27057995,12.24,0.26,10,246.4,423,-85.18,12.00,417;411;429,-101.13;-101.64;-101.76,417;411,-101.13;-101.64
	2026-09-20 10:07:04.376,120.13059563,30.27058131,12.07,0.76,13,301.5,423,-87.00,10.34,507;429;501,-101.51;-101.67;-102.14,507;429,-101.51;-101.67
	2026-09-20 10:07:04.580,120.13059565,30.27058380,12.17,0.27,14,271.9,423,-85.63,12.00,501;507;513,-100.55;-102.20;-102.20,501;507,-100.55;-102.20
	2026-09-20 10:07:04.794,120.13060868,30.27057791,11.62,0.48,9,275.3,423,-86.94,12.00,429;501;507,-101.88;-102.20;-102.20,429;501,-101.88;-102.20
	2026-09-20 10:07:05.027,120.13059233,30.27057856,11.82,0.61,10,239.3,423,-88.52,10.42,429;501;507,-99.16;-101.35;-102.20,429;501,-99.16;-101.35
	2026-09-20 10:07:05.308,120.13059584,30.27059541,11.93,1.30,9,101.9,423,-85.55,12.00,429;501;507,-101.97;-102.20;-102.20,429;501,-101.97;-102.20
	2026-09-20 10:07:05.625,120.13059286,30.27058622,12.32,1.16,9,48.1,423,-90.31,7.84,429;501;507,-100.14;-101.75;-102.20,429;501,-100.14;-101.75
	2026-09-20 10:07:05.870,120.13059728,30.27058932,11.83,0.45,14,100.6,423,-86.80,12.00,507;501;513,-101.77;-102.20;-102.20,507;501,-101.77;-102.20
	2026-09-20 10:07:06.188,120.13058318,30.27059888,11.84,1.26,9,4.3,423,-87.32,10.26,429;417;501,-101.29;-101.58;-102.20,429;417,-101.29;-101.58
	2026-09-20 10:07:06.396,120.13058374,30.27059867,11.73,1.00,8,71.8,423,-86.21,12.00,501;411;417,-101.42;-101.55;-101.93,501;411,-101.42;-101.55
	2026-09-20 10:07:06.621,120.13058124,30.27058808,12.42,1.32,11,123.2,423,-89.76,9.61,501;417;507,-100.87;-101.37;-102.20,501;417,-100.87;-101.37
	2026-09-20 10:07:06.919,120.13057560,30.27058515,12.13,0.72,8,213.6,423,-87.92,10.58,429;417;501,-100.60;-101.81;-102.20,429;417,-100.60;-101.81
	2026-09-20 10:07:07.129,120.13059571,30.27058933,11.92,0.48,8,237.4,423,-90.16,7.49,429;501;507,-100.88;-101.18;-102.20,429;501,-100.88;-101.18
	2026-09-20 10:07:07.336,120.13059538,30.27058865,11.62,0.24,11,56.5,423,-90.12,8.72,429;507;501,-100.90;-102.16;-102.20,429;507,-100.90;-102.16
	2026-09-20 10:07:07.531,120.13058365,30.27058902,12.08,0.60,13,7.5,423,-87.43,10.16,429;501;507,-100.62;-102.20;-102.20,429;501,-100.62;-102.20
	2026-09-20 10:07:07.805,120.13057354,30.27059385,11.94,0.73,13,186.5,423,-87.64,10.67,429;501;417,-100.38;-101.72;-102.17,429;501,-100.38;-101.72
	2026-09-20 10:07:08.105,120.13057501,30.27058820,12.46,1.37,9,58.0,423,-85.88,12.00,501;513;507,-101.28;-101.59;-102.20,501;513,-101.28;-101.59
	2026-09-20 10:07:08.312,120.13058903,30.27059149,11.95,0.35,8,342.9,423,-86.42,9.95,429;501;411,-98.92;-100.54;-101.81,429;501,-98.92;-100.54
	2026-09-20 10:07:08.513,120.13056937,30.27059222,12.25,0.78,10,213.3,423,-87.34,11.81,429;501;507,-101.59;-102.20;-102.20,429;501,-101.59;-102.20
	2026-09-20 10:07:08.695,120.13057302,30.27058156,12.12,1.30,9,267.2,423,-85.18,12.00,501;429;417,-99.72;-100.35;-101.74,501;429,-99.72;-100.35
	2026-09-20 10:07:08.916,120.13056437,30.27058275,11.51,0.29,14,174.6,423,-88.66,10.40,501;507;513,-101.24;-102.20;-102.20,501;507,-101.24;-102.20
	2026-09-20 10:07:09.219,120.13055912,30.27058457,11.64,1.35,13,7.2,423,-86.56,12.00,507;501;513,-102.00;-102.20;-102.20,507;501,-102.00;-102.20
	2026-09-20 10:07:09.445,120.13056283,30.27059145,12.23,1.09,12,27.9,423,-89.17,9.98,429;501;507,-101.69;-102.20;-102.20,429;501,-101.69;-102.20
	2026-09-20 10:07:09.669,120.13056006,30.27058612,11.59,0.62,9,225.7,423,-90.02,10.18,501;507;513,-102.20;-102.20;-102.20,501;507,-102.20;-102.20
	2026-09-20 10:07:09.915,120.13056145,30.27058037,12.29,1.03,10,57.1,423,-87.00,12.00,507;501;513,-101.70;-102.20;-102.20,507;501,-101.70;-102.20
	2026-09-20 10:07:10.145,120.13057142,30.27057988,12.02,0.89,13,358.6,423,-87.75,9.54,429;501;507,-100.00;-100.59;-102.20,429;501,-100.00;-100.59
	2026-09-20 10:07:10.464,120.13056790,30.27059179,12.14,1.06,14,138.6,423,-88.07,7.96,507;501;513,-99.50;-100.81;-101.35,507;501,-99.50;-100.81
	2026-09-20 10:07:10.713,120.13055337,30.27058155,11.72,0.68,13,194.6,423,-88.00,9.99,501;507;513,-100.60;-102.20;-102.20,501;507,-100.60;-102.20
	2026-09-20 10:07:10.897,120.13055500,30.27058383,12.12,1.20,8,186.9,423,-85.35,12.00,501;507;513,-101.68;-102.20;-102.20,501;507,-101.68;-102.20
	2026-09-20 10:07:11.201,120.13055390,30.27057992,12.26,0.88,14,214.7,423,-86.60,10.80,501;429;417,-100.56;-101.03;-101.77,501;429,-100.56;-101.03
	2026-09-20 10:07:11.429,120.13056247,30.27059154,12.46,0.41,10,34.9,423,-90.93,6.08,429;501;507,-98.79;-102.20;-102.20,429;501,-98.79;-102.20
	2026-09-20 10:07:11.676,120.13055887,30.27058211,11.85,0.92,10,19.6,423,-88.91,8.42,429;501;507,-100.66;-102.20;-102.20,429;501,-100.66;-102.20
	2026-09-20 10:07:11.879,120.13055587,30.27059473,12.22,1.34,13,111.1,423,-87.60,10.87,429;513;501,-99.63;-102.07;-102.20,429;513,-99.63;-102.07
	2026-09-20 10:07:12.079,120.13054932,30.27058498,11.55,0.60,14,115.0,423,-87.48,10.35,429;507;501,-100.86;-101.95;-102.15,429;507,-100.86;-101.95
	2026-09-20 10:07:12.314,120.13054566,30.27057978,11.70,1.32,13,29.1,423,-87.69,10.80,501;429;507,-100.98;-101.60;-101.81,501;429,-100.98;-101.60
	2026-09-20 10:07:12.602,120.13054143,30.27058665,11.72,0.24,12,105.7,423,-85.58,10.62,429;501;507,-99.09;-102.20;-102.20,429;501,-99.09;-102.20
	2026-09-20 10:07:12.812,120.13054689,30.27058890,12.10,1.16,12,255.3,423,-90.46,9.84,501;429;507,-101.18;-102.15;-102.20,501;429,-101.18;-102.15
	2026-09-20 10:07:13.011,120.13055633,30.27059664,11.61,0.78,11,278.9,423,-88.22,11.80,501;507;513,-102.20;-102.20;-102.20,501;507,-102.20;-102.20
	2026-09-20 10:07:13.198,120.13055183,30.27057913,12.40,0.44,12,210.3,423,-86.31,12.00,429;501;507,-101.42;-102.20;-102.20,429;501,-101.42;-102.20
	2026-09-20 10:07:13.452,120.13053317,30.27059784,12.20,1.12,8,195.6,423,-86.58,11.93,501;507;513,-99.43;-102.20;-102.20,501;507,-99.43;-102.20
	2026-09-20 10:07:13.645,120.13053790,30.27058473,12.40,0.83,11,127.8,423,-85.16,11.00,501;507;513,-99.13;-102.20;-102.20,501;507,-99.13;-102.20
	2026-09-20 10:07:13.865,120.13052823,30.27058567,11.84,1.00,13,177.5,423,-85.79,10.53,501;429;411,-100.21;-101.43;-101.98,501;429,-100.21;-101.43
	2026-09-20 10:07:14.099,120.13054485,30.27059516,11.91,0.21,11,169.8,423,-87.25,11.04,429;501;507,-100.70;-101.65;-102.20,429;501,-100.70;-101.65
	2026-09-20 10:07:14.289,120.13053696,30.27058220,11.99,0.85,10,325.1,423,-91.35,7.78,501;417;507,-100.74;-101.96;-102.20,501;417,-100.74;-101.96
	2026-09-20 10:07:14.586,120.13052273,30.27059609,12.21,1.11,14,165.6,423,-84.56,12.00,501;507;513,-102.20;-102.20;-102.20,501;507,-102.20;-102.20
	2026-09-20 10:07:14.887,120.13053630,30.27058030,11.71,0.57,9,355.4,423,-86.85,11.92,501;507;513,-101.90;-102.20;-102.20,501;507,-101.90;-102.20
	2026-09-20 10:07:15.152,120.13053699,30.27059088,11.86,0.77,9,332.1,423,-89.36,7.23,429;501;507,-100.06;-102.08;-102.20,429;501,-100.06;-102.08
	2026-09-20 10:07:15.425,120.13052757,30.27058492,11.73,1.24,9,356.2,423,-89.42,9.02,501;507;513,-101.87;-102.20;-102.20,501;507,-101.87;-102.20
	2026-09-20 10:07:15.677,120.13053385,30.27057929,11.58,1.22,9,241.2,423,-89.82,9.18,507;501;513,-102.09;-102.17;-102.20,507;501,-102.09;-102.17
	2026-09-20 10:07:15.912,120.13053528,30.27059130,11.52,1.05,13,251.9,423,-85.58,12.00,501;507;513,-102.20;-102.20;-102.20,501;507,-102.20;-102.20
	2026-09-20 10:07:16.114,120.13052281,30.27058516,12.01,1.08,11,101.5,423,-89.82,7.16,429;501;507,-101.64;-102.20;-102.20,429;501,-101.64;-102.20
	2026-09-20 10:07:16.355,120.13051292,30.27058218,12.23,0.67,12,220.4,423,-87.81,11.65,501;507;513,-101.06;-102.20;-102.20,501;507,-101.06;-102.20
	2026-09-20 10:07:16.622,120.13053029,30.27059060,12.24,0.30,12,157.9,423,-85.78,11.31,501;429;507,-99.96;-100.67;-102.20,501;429,-99.96;-100.67
	2026-09-20 10:07:16.860,120.13051628,30.27059850,12.31,0.89,10,292.3,423,-86.14,11.80,501;429;507,-101.07;-101.92;-102.20,501;429,-101.07;-101.92
	2026-09-20 10:07:17.041,120.13050890,30.27057823,12.16,0.69,11,200.8,423,-88.71,10.01,501;507;513,-100.25;-102.20;-102.20,501;507,-100.25;-102.20
	2026-09-20 10:07:17.328,120.13051843,30.27058370,11.80,0.75,10,192.7,423,-85.49,11.51,501;507;513,-101.21;-102.20;-102.20,501;507,-101.21;-102.20
	2026-09-20 10:07:17.590,120.13050616,30.27059776,11.90,0.95,9,220.5,423,-86.30,12.00,501;507;513,-102.20;-102.20;-102.20,501;507,-102.20;-102.20
	2026-09-20 10:07:17.877,120.13050090,30.27059478,11.88,0.74,14,6.6,423,-86.52,10.08,501;507;513,-99.16;-100.49;-102.20,501;507,-99.16;-100.49
	2026-09-20 10:07:18.075,120.13050243,30.27057937,12.50,1.40,11,194.4,423,-88.41,6.69,501;507;513,-98.63;-102.20;-102.20,501;507,-98.63;-102.20
	2026-09-20 10:07:18.382,120.13050441,30.27058255,12.35,0.60,12,98.8,423,-87.53,10.33,417;501;429,-101.32;-101.53;-102.15,417;501,-101.32;-101.53
	2026-09-20 10:07:18.687,120.13051694,30.27058859,12.49,0.31,8,186.4,423,-89.09,10.90,501;507;513,-102.20;-102.20;-102.20,501;507,-102.20;-102.20
	2026-09-20 10:07:18.912,120.13049715,30.27058279,11.51,0.98,13,226.2,423,-85.90,10.87,501;507;513,-99.86;-102.20;-102.20,501;507,-99.86;-102.20
	2026-09-20 10:07:19.125,120.13051060,30.27057801,12.12,0.86,8,297.1,423,-83.75,12.00,501;429;417,-99.93;-101.60;-101.84,501;429,-99.93;-101.60
	2026-09-20 10:07:19.445,120.13049081,30.27058088,12.45,0.78,11,274.1,423,-87.29,11.44,501;507;513,-102.20;-102.20;-102.20,501;507,-102.20;-102.20
	2026-09-20 10:07:19.699,120.13050588,30.27059339,12.29,0.96,14,174.2,423,-89.27,8.05,507;417;501,-99.45;-101.44;-102.20,507;417,-99.45;-101.44
	2026-09-20 10:07:19.880,120.13050825,30.27058398,12.03,0.62,10,198.3,423,-85.73,11.46,429;501;507,-100.10;-102.20;-102.20,429;501,-100.10;-102.20
	2026-09-20 10:07:20.156,120.13050068,30.27058508,11.82,0.71,14,273.1,423,-86.37,10.38,501;429;507,-99.03;-101.38;-102.20,501;429,-99.03;-101.38
	2026-09-20 10:07:20.375,120.13049078,30.27058862,12.21,1.12,9,85.1,423,-89.04,10.81,501;507;513,-101.71;-102.20;-102.20,501;507,-101.71;-102.20
	2026-09-20 10:07:20.578,120.13050248,30.27059676,12.23,0.40,8,234.9,423,-86.51,10.64,501;429;507,-99.35;-100.91;-102.20,501;429,-99.35;-100.91
	2026-09-20 10:07:20.892,120.13049336,30.27059569,12.16,1.25,10,114.8,423,-87.51,9.50,501;417;507,-100.42;-101.27;-101.43,501;417,-100.42;-101.27
	2026-09-20 10:07:21.160,120.13049550,30.27058578,11.62,0.35,10,314.5,423,-86.46,12.00,429;501;507,-101.18;-102.20;-102.20,429;501,-101.18;-102.20
	2026-09-20 10:07:21.359,120.13048157,30.27058114,11.76,0.35,8,51.8,423,-85.51,9.05,501;507;513,-98.37;-102.20;-102.20,501;507,-98.37;-102.20
	2026-09-20 10:07:21.549,120.13049262,30.27058830,11.94,1.18,8,166.3,423,-84.83,12.00,501;507;513,-102.20;-102.20;-102.20,501;507,-102.20;-102.20
	2026-09-20 10:07:21.788,120.13047528,30.27059718,11.56,0.76,11,178.7,423,-86.80,11.12,429;501;507,-100.32;-101.22;-102.20,429;501,-100.32;-101.22
	2026-09-20 10:07:22.101,120.13048780,30.27058139,12.42,1.40,10,318.9,423,-87.78,8.85,501;429;507,-99.30;-101.78;-102.20,501;429,-99.30;-101.78
	2026-09-20 10:07:22.360,120.13047116,30.27058955,12.10,0.58,12,90.8,423,-83.52,12.00,429;513;501,-100.24;-101.40;-102.20,429;513,-100.24;-101.40
	2026-09-20 10:07:22.639,120.13046855,30.27058342,11.61,1.10,14,9.5,423,-87.15,12.00,501;507;513,-102.20;-102.20;-102.20,501;507,-102.20;-102.20
	2026-09-20 10:07:22.935,120.13047662,30.27058413,12.05,1.27,8,174.5,423,-88.05,10.55,501;507;513,-100.92;-102.20;-102.20,501;507,-100.92;-102.20
	2026-09-20 10:07:23.141,120.13047039,30.27059617,11.77,1.06,14,259.5,423,-87.63,12.00,501;507;513,-102.08;-102.20;-102.20,501;507,-102.08;-102.20
	2026-09-20 10:07:23.375,120.13046675,30.27057984,12.23,0.37,13,48.9,423,-86.87,12.00,501;417;429,-100.00;-100.11;-101.61,501;417,-100.00;-100.11
	2026-09-20 10:07:23.681,120.13047299,30.27059787,11.67,0.45,8,15.5,423,-88.71,11.54,501;507;513,-101.75;-102.20;-102.20,501;507,-101.75;-102.20
	2026-09-20 10:07:23.877,120.13048239,30.27058461,12.10,1.08,12,132.7,423,-85.43,12.00,501;429;507,-101.14;-101.56;-102.20,501;429,-101.14;-101.56
	2026-09-20 10:07:24.171,120.13048017,30.27059766,12.23,0.72,14,307.8,423,-87.26,10.95,501;429;507,-100.65;-101.45;-102.20,501;429,-100.65;-101.45
	2026-09-20 10:07:24.481,120.13045919,30.27057735,12.32,0.46,13,28.4,423,-88.37,9.24,501;507;513,-100.89;-102.20;-102.20,501;507,-100.89;-102.20
	2026-09-20 10:07:24.794,120.13047469,30.27059305,11.85,1.13,13,253.5,423,-87.15,8.80,507;501;513,-101.23;-101.69;-102.20,507;501,-101.23;-101.69
	2026-09-20 10:07:25.010,120.13047055,30.27058184,11.70,0.49,12,187.3,423,-87.50,10.31,429;501;411,-100.87;-101.22;-102.01,429;501,-100.87;-101.22
	2026-09-20 10:07:25.259,120.13047451,30.27059080,11.63,0.21,13,84.7,423,-90.85,6.06,501;417;507,-99.93;-100.46;-102.20,501;417,-99.93;-100.46
	2026-09-20 10:07:25.463,120.13045667,30.27059402,11.67,1.09,8,228.7,423,-87.83,10.35,501;507;513,-101.58;-102.20;-102.20,501;507,-101.58;-102.20
	2026-09-20 10:07:25.699,120.13045572,30.27057864,12.36,0.66,8,63.1,423,-86.52,10.79,501;507;513,-98.93;-102.20;-102.20,501;507,-98.93;-102.20
	2026-09-20 10:07:25.928,120.13046327,30.27059156,11.77,0.39,11,243.7,423,-87.27,9.45,501;507;513,-98.96;-102.20;-102.20,501;507,-98.96;-102.20
	2026-09-20 10:07:26.207,120.13044950,30.27059057,11.51,0.85,8,324.5,423,-86.39,11.51,501;429;507,-100.94;-101.41;-102.20,501;429,-100.94;-101.41
	2026-09-20 10:07:26.417,120.13044702,30.27058260,12.30,0.88,8,205.9,423,-86.04,12.00,501;429;507,-101.28;-101.59;-102.20,501;429,-101.28;-101.59
	2026-09-20 10:07:26.624,120.13045602,30.27058719,12.48,0.88,10,5.6,423,-83.14,12.00,501;507;513,-101.83;-102.20;-102.20,501;507,-101.83;-102.20
	2026-09-20 10:07:26.908,120.13045744,30.27058371,11.64,0.55,14,188.6,423,-88.55,11.72,417;501;507,-101.62;-102.20;-102.20,417;501,-101.62;-102.20
	2026-09-20 10:07:27.090,120.13044349,30.27059846,12.40,0.76,9,194.2,423,-86.20,12.00,501;507;513,-102.06;-102.20;-102.20,501;507,-102.06;-102.20
	2026-09-20 10:07:27.339,120.13044832,30.27059713,11.63,1.25,10,30.6,423,-85.75,9.95,501;429;507,-98.74;-100.43;-100.79,501;429,-98.74;-100.43
	2026-09-20 10:07:27.544,120.13044639,30.27059310,12.15,0.46,8,17.5,423,-91.33,6.78,417;501;507,-100.67;-102.20;-102.20,417;501,-100.67;-102.20
	2026-09-20 10:07:27.809,120.13045313,30.27057904,11.67,0.84,11,136.7,423,-85.21,12.00,429;501;507,-101.15;-102.20;-102.20,429;501,-101.15;-102.20
	2026-09-20 10:07:28.128,120.13044624,30.27059890,11.63,1.08,11,319.3,423,-86.97,12.00,429;501;507,-101.84;-102.20;-102.20,429;501,-101.84;-102.20
	2026-09-20 10:07:28.354,120.13043932,30.27058615,11.66,0.28,11,33.3,423,-83.38,12.00,429;501;507,-100.37;-101.21;-102.20,429;501,-100.37;-101.21
	2026-09-20 10:07:28.550,120.13045269,30.27057877,12.11,0.68,8,218.2,423,-87.18,11.13,501;507;513,-101.12;-102.20;-102.20,501;507,-101.12;-102.20
	2026-09-20 10:07:28.763,120.13043764,30.27057956,11.74,0.63,12,205.1,423,-84.50,12.00,429;501;507,-100.00;-102.20;-102.20,429;501,-100.00;-102.20
	2026-09-20 10:07:28.944,120.13042564,30.27059440,12.32,0.98,8,59.5,423,-87.57,8.66,501;429;507,-98.30;-101.90;-102.20,501;429,-98.30;-101.90
	2026-09-20 10:07:29.227,120.13044535,30.27059425,11.80,0.27,10,248.9,423,-83.55,12.00,501;507;513,-101.56;-102.20;-102.20,501;507,-101.56;-102.20
	2026-09-20 10:07:29.433,120.13042385,30.27058472,12.32,0.62,10,49.0,423,-87.74,11.04,429;501;507,-100.97;-101.10;-102.20,429;501,-100.97;-101.10
	2026-09-20 10:07:29.650,120.13043640,30.27059227,12.33,0.46,9,43.9,423,-87.94,12.00,501;507;513,-102.20;-102.20;-102.20,501;507,-102.20;-102.20
	2026-09-20 10:07:29.939,120.13043108,30.27058989,12.11,1.09,12,91.8,423,-87.43,10.49,417;501;507,-100.45;-101.32;-102.20,417;501,-100.45;-101.32
	2026-09-20 10:07:30.206,120.13043107,30.27058245,12.34,0.27,10,344.1,423,-84.05,11.86,429;501;507,-99.74;-100.48;-102.20,429;501,-99.74;-100.48
	2026-09-20 10:07:30.517,120.13043578,30.27058908,11.69,0.74,9,17.9,423,-84.17,12.00,501;507;513,-102.20;-102.20;-102.20,501;507,-102.20;-102.20
	2026-09-20 10:07:30.808,120.13042430,30.27059421,12.37,0.29,8,194.7,423,-88.39,8.08,501;507;513,-100.44;-101.59;-102.20,501;507,-100.44;-101.59
	2026-09-20 10:07:31.066,120.13041604,30.27059748,12.36,0.34,14,78.7,423,-88.79,8.18,513;501;507,-100.03;-100.38;-102.20,513;501,-100.03;-100.38
	2026-09-20 10:07:31.348,120.13042778,30.27058098,11.76,0.40,8,16.1,423,-87.44,11.87,501;507;513,-102.02;-102.20;-102.20,501;507,-102.02;-102.20
	2026-09-20 10:07:31.541,120.13042833,30.27059378,12.30,0.61,8,268.4,423,-87.12,11.28,501;507;513,-101.33;-102.20;-102.20,501;507,-101.33;-102.20
	2026-09-20 10:07:31.856,120.13041125,30.27059824,12.35,1.31,10,184.2,423,-88.41,11.78,501;507;513,-100.63;-102.20;-102.20,501;507,-100.63;-102.20
	2026-09-20 10:07:32.132,120.13042314,30.27059231,12.29,1.28,10,181.0,423,-86.08,12.00,501;417;507,-101.61;-102.00;-102.20,501;417,-101.61;-102.00
	2026-09-20 10:07:32.364,120.13040663,30.27058609,12.38,0.23,13,325.6,423,-84.49,12.00,501;507;513,-101.62;-102.20;-102.20,501;507,-101.62;-102.20
	2026-09-20 10:07:32.605,120.13041989,30.27057948,12.14,0.22,9,237.5,423,-85.09,12.00,501;507;513,-102.20;-102.20;-102.20,501;507,-102.20;-102.20
	2026-09-20 10:07:32.792,120.13041597,30.27058853,11.89,0.41,14,227.0,423,-84.79,12.00,501;507;513,-101.35;-102.20;-102.20,501;507,-101.35;-102.20
	2026-09-20 10:07:33.103,120.13041111,30.27057898,11.74,0.86,10,272.0,423,-85.85,11.71,501;507;513,-101.47;-102.20;-102.20,501;507,-101.47;-102.20
	2026-09-20 10:07:33.416,120.13040434,30.27058197,12.12,0.69,12,244.6,423,-88.28,11.51,501;411;507,-100.41;-101.87;-102.20,501;411,-100.41;-101.87
	2026-09-20 10:07:33.683,120.13040748,30.27057775,12.17,0.48,13,221.5,423,-86.52,12.00,501;507;513,-102.20;-102.20;-102.20,501;507,-102.20;-102.20
	2026-09-20 10:07:33.967,120.13040445,30.27058427,12.19,1.34,12,323.3,423,-90.56,5.07,501;429;507,-98.55;-102.12;-102.20,501;429,-98.55;-102.12
	2026-09-20 10:07:34.259,120.13041272,30.27058141,12.29,0.62,12,4.8,423,-87.17,10.31,501;429;507,-99.89;-102.18;-102.20,501;429,-99.89;-102.18
	2026-09-20 10:07:34.512,120.13040236,30.27058146,12.20,0.61,8,55.8,423,-87.14,7.99,501;429;411,-97.55;-100.52;-101.68,501;429,-97.55;-100.52
	2026-09-20 10:07:34.724,120.13039843,30.27058452,11.54,1.27,12,346.1,423,-83.57,12.00,501;417;507,-99.08;-102.08;-102.20,501;417,-99.08;-102.08
	2026-09-20 10:07:34.992,120.13041032,30.27059853,12.16,0.76,11,312.2,423,-84.78,12.00,513;501;507,-102.11;-102.20;-102.20,513;501,-102.11;-102.20
	2026-09-20 10:07:35.246,120.13040539,30.27058428,11.56,1.00,11,208.6,423,-86.83,10.88,417;501;507,-102.17;-102.20;-102.20,417;501,-102.17;-102.20
	2026-09-20 10:07:35.462,120.13038365,30.27058185,12.09,0.89,14,122.0,423,-87.16,9.10,501;417;507,-98.69;-100.90;-102.20,501;417,-98.69;-100.90
	2026-09-20 10:07:35.727,120.13040508,30.27059598,11.68,1.14,8,69.3,423,-88.85,7.91,501;507;513,-101.17;-102.20;-102.20,501;507,-101.17;-102.20
	2026-09-20 10:07:36.036,120.13038285,30.27059812,11.56,1.10,10,205.3,423,-88.07,8.78,501;507;513,-99.04;-102.20;-102.20,501;507,-99.04;-102.20
	2026-09-20 10:07:36.218,120.13039533,30.27058338,12.04,0.49,12,40.4,423,-87.51,11.50,429;501;507,-101.57;-102.20;-102.20,429;501,-101.57;-102.20
	2026-09-20 10:07:36.428,120.13039190,30.27059170,11.61,0.79,13,65.3,423,-88.29,10.13,501;507;513,-101.06;-102.20;-102.20,501;507,-101.06;-102.20
	2026-09-20 10:07:36.719,120.13039992,30.27058009,11.65,1.05,13,319.0,423,-89.55,9.14,501;507;513,-102.20;-102.20;-102.20,501;507,-102.20;-102.20
	2026-09-20 10:07:37.031,120.13038864,30.27059309,11.72,0.30,10,163.1,423,-85.84,12.00,501;507;513,-102.20;-102.20;-102.20,501;507,-102.20;-102.20
	2026-09-20 10:07:37.325,120.13038406,30.27057872,11.59,0.22,10,104.3,423,-86.56,11.51,429;501;507,-100.98;-102.20;-102.20,429;501,-100.98;-102.20
	2026-09-20 10:07:37.543,120.13038786,30.27057757,12.01,1.28,9,133.0,423,-87.16,7.34,501;507;513,-95.89;-102.20;-102.20,501;507,-95.89;-102.20
	2026-09-20 10:07:37.858,120.13039104,30.27059068,11.90,0.45,8,327.8,423,-89.83,9.03,501;507;513,-100.87;-102.20;-102.20,501;507,-100.87;-102.20
	2026-09-20 10:07:38.157,120.13038260,30.27058046,11.55,0.48,11,96.1,423,-87.68,12.00,501;507;513,-101.42;-102.20;-102.20,501;507,-101.42;-102.20
	2026-09-20 10:07:38.438,120.13037416,30.27059575,12.38,0.27,9,199.8,423,-88.78,6.87,501;507;513,-99.00;-102.20;-102.20,501;507,-99.00;-102.20
	2026-09-20 10:07:38.735,120.13037751,30.27059333,11.58,0.94,12,135.8,423,-87.91,7.67,501;429;507,-99.18;-102.04;-102.20,501;429,-99.18;-102.04
	2026-09-20 10:07:38.966,120.13036528,30.27058458,12.01,0.64,9,264.5,423,-88.14,9.85,501;507;513,-100.71;-102.20;-102.20,501;507,-100.71;-102.20
	2026-09-20 10:07:39.249,120.13036516,30.27058011,12.29,1.31,14,109.9,423,-86.99,9.43,501;417;507,-99.22;-100.60;-102.20,501;417,-99.22;-100.60
	2026-09-20 10:07:39.551,120.13037908,30.27059345,12.24,0.86,9,213.3,423,-90.23,9.61,501;507;513,-102.20;-102.20;-102.20,501;507,-102.20;-102.20
	2026-09-20 10:07:39.762,120.13036851,30.27058044,12.49,0.49,11,243.4,423,-88.20,9.07,501;507;513,-100.92;-102.20;-102.20,501;507,-100.92;-102.20
	2026-09-20 10:07:40.069,120.13036622,30.27058810,12.07,1.35,14,269.0,423,-86.13,12.00,501;507;513,-101.91;-102.20;-102.20,501;507,-101.91;-102.20
	2026-09-20 10:07:40.333,120.13035802,30.27059021,11.61,1.24,10,305.6,423,-90.33,7.85,501;507;513,-100.69;-102.20;-102.20,501;507,-100.69;-102.20
	2026-09-20 10:07:40.639,120.13037689,30.27059737,12.45,1.23,13,8.7,423,-87.29,12.00,507;501;513,-101.39;-101.85;-102.20,507;501,-101.39;-101.85
	2026-09-20 10:07:40.947,120.13035535,30.27058559,12.41,0.34,9,201.8,423,-89.29,9.45,501;507;513,-99.89;-101.99;-102.20,501;507,-99.89;-101.99
	2026-09-20 10:07:41.242,120.13035581,30.27058733,12.41,1.07,8,20.4,423,-89.00,8.69,501;507;513,-99.34;-102.20;-102.20,501;507,-99.34;-102.20
	2026-09-20 10:07:41.518,120.13034870,30.27058894,12.23,0.48,11,113.0,423,-91.21,9.62,501;507;513,-102.20;-102.20;-102.20,501;507,-102.20;-102.20
	2026-09-20 10:07:41.709,120.13036172,30.27057745,12.18,0.44,10,66.7,423,-87.70,11.96,501;507;513,-100.78;-102.20;-102.20,501;507,-100.78;-102.20
	2026-09-20 10:07:42.013,120.13035034,30.27059173,12.01,0.62,11,324.0,423,-86.40,12.00,501;429;513,-101.10;-101.82;-102.11,501;429,-101.10;-101.82
	2026-09-20 10:07:42.204,120.13035051,30.27059871,11.57,0.99,14,142.1,423,-90.95,6.80,501;507;513,-100.35;-101.90;-102.20,501;507,-100.35;-101.90
	2026-09-20 10:07:42.449,120.13034602,30.27059419,11.54,0.33,8,249.3,423,-87.92,10.58,501;507;513,-100.80;-102.20;-102.20,501;507,-100.80;-102.20
	2026-09-20 10:07:42.719,120.13035768,30.27059325,11.87,0.80,12,343.0,423,-87.80,9.12,501;429;507,-99.79;-101.49;-102.20,501;429,-99.79;-101.49
	2026-09-20 10:07:43.020,120.13035135,30.27059170,11.86,1.29,13,193.5,423,-88.84,8.09,501;507;513,-100.48;-102.20;-102.20,501;507,-100.48;-102.20
	2026-09-20 10:07:43.200,120.13035764,30.27058711,12.07,1.12,13,138.4,423,-91.26,7.93,501;507;513,-102.20;-102.20;-102.20,501;507,-102.20;-102.20
	2026-09-20 10:07:43.406,120.13034884,30.27058263,11.99,0.52,13,127.3,423,-87.50,11.20,501;507;513,-101.45;-102.20;-102.20,501;507,-101.45;-102.20
	2026-09-20 10:07:43.659,120.13034855,30.27059851,12.46,0.78,12,320.5,423,-90.54,6.48,429;501;507,-100.42;-101.11;-102.20,429;501,-100.42;-101.11
	2026-09-20 10:07:43.844,120.13033609,30.27059816,11.54,0.66,10,265.8,423,-89.67,8.53,429;501;507,-101.04;-102.20;-102.20,429;501,-101.04;-102.20
	2026-09-20 10:07:44.031,120.13033790,30.27058004,12.27,0.75,8,141.7,423,-86.24,12.00,501;507;513,-101.62;-102.20;-102.20,501;507,-101.62;-102.20
	2026-09-20 10:07:44.303,120.13032859,30.27059606,11.53,0.97,14,102.2,423,-89.03,10.15,507;501;513,-101.66;-102.20;-102.20,507;501,-101.66;-102.20
	2026-09-20 10:07:44.520,120.13033888,30.27058005,12.00,0.60,8,295.0,423,-92.20,4.47,501;507;513,-101.26;-101.69;-102.20,501;507,-101.26;-101.69
	2026-09-20 10:07:44.755,120.13033234,30.27059793,11.86,1.34,11,53.9,423,-90.83,6.46,501;507;513,-100.24;-102.20;-102.20,501;507,-100.24;-102.20
	2026-09-20 10:07:44.967,120.13032573,30.27058572,12.01,0.87,10,122.4,423,-89.50,11.00,501;507;513,-102.20;-102.20;-102.20,501;507,-102.20;-102.20
	2026-09-20 10:07:45.153,120.13034460,30.27058064,11.88,0.94,8,213.2,423,-90.29,5.91,501;507;513,-100.21;-102.20;-102.20,501;507,-100.21;-102.20
	2026-09-20 10:07:45.437,120.13034171,30.27059294,12.18,0.27,8,190.4,423,-89.06,8.89,501;417;507,-101.63;-101.92;-102.20,501;417,-101.63;-101.92
	2026-09-20 10:07:45.711,120.13034061,30.27058908,12.38,0.35,11,287.7,423,-88.39,8.79,501;507;513,-100.10;-102.20;-102.20,501;507,-100.10;-102.20
	2026-09-20 10:07:45.966,120.13033353,30.27059244,12.46,0.50,8,45.0,423,-90.06,7.95,501;507;513,-100.59;-102.20;-102.20,501;507,-100.59;-102.20
	2026-09-20 10:07:46.236,120.13033100,30.27057772,12.01,1.29,13,312.5,423,-89.24,8.73,507;501;513,-100.69;-100.70;-102.20,507;501,-100.69;-100.70
	2026-09-20 10:07:46.547,120.13031536,30.27058702,11.88,0.68,8,194.9,423,-89.49,5.22,501;417;507,-96.83;-100.67;-102.20,501;417,-96.83;-100.67
	2026-09-20 10:07:46.827,120.13033350,30.27058231,11.82,0.63,12,256.3,423,-86.78,11.32,501;507;513,-100.74;-102.20;-102.20,501;507,-100.74;-102.20
	2026-09-20 10:07:47.125,120.13032358,30.27058279,11.79,1.07,10,147.0,423,-88.58,10.68,501;507;513,-102.20;-102.20;-102.20,501;507,-102.20;-102.20
	2026-09-20 10:07:47.406,120.13031375,30.27058733,12.41,0.95,12,295.2,423,-92.09,8.87,429;501;507,-101.66;-102.07;-102.20,429;501,-101.66;-102.07
	2026-09-20 10:07:47.662,120.13032878,30.27058706,12.40,0.67,10,94.5,423,-88.88,8.11,501;507;513,-99.40;-102.20;-102.20,501;507,-99.40;-102.20
	2026-09-20 10:07:47.949,120.13030721,30.27059311,11.96,1.35,11,289.0,423,-90.98,5.75,501;507;513,-99.15;-102.20;-102.20,501;507,-99.15;-102.20
	2026-09-20 10:07:48.240,120.13030653,30.27058675,11.75,0.67,12,102.9,423,-90.24,5.10,501;507;513,-98.13;-102.20;-102.20,501;507,-98.13;-102.20
	2026-09-20 10:07:48.479,120.13032196,30.27059882,12.37,0.23,9,251.7,423,-90.21,9.04,501;507;513,-102.20;-102.20;-102.20,501;507,-102.20;-102.20
	2026-09-20 10:07:48.698,120.13031031,30.27057816,12.13,0.68,13,174.5,423,-88.01,9.06,501;507;513,-99.45;-102.20;-102.20,501;507,-99.45;-102.20
	2026-09-20 10:07:48.989,120.13030956,30.27058850,11.70,0.33,8,255.2,423,-89.46,8.81,501;429;507,-100.54;-101.73;-102.20,501;429,-100.54;-101.73
	2026-09-20 10:07:49.266,120.13031710,30.27057985,11.99,1.26,8,34.0,423,-90.34,7.32,501;429;507,-99.94;-102.05;-102.20,501;429,-99.94;-102.05
	2026-09-20 10:07:49.543,120.13031030,30.27057845,12.28,1.08,12,249.6,423,-90.08,8.50,501;507;513,-100.81;-102.20;-102.20,501;507,-100.81;-102.20
	2026-09-20 10:07:49.764,120.13031612,30.27059192,12.16,1.10,13,225.2,423,-89.20,9.42,501;507;513,-100.56;-102.20;-102.20,501;507,-100.56;-102.20
	2026-09-20 10:07:50.077,120.13030546,30.27058764,12.24,1.00,12,283.5,423,-91.60,6.67,501;507;513,-99.22;-102.20;-102.20,501;507,-99.22;-102.20
	2026-09-20 10:07:50.313,120.13030568,30.27058915,12.34,0.46,10,357.5,423,-91.73,4.87,501;507;513,-100.20;-102.20;-102.20,501;507,-100.20;-102.20
	2026-09-20 10:07:50.563,120.13030322,30.27059366,11.88,0.74,8,18.2,423,-90.09,7.43,501;507;513,-99.94;-102.20;-102.20,501;507,-99.94;-102.20
	2026-09-20 10:07:50.824,120.13029366,30.27058812,12.30,1.22,12,7.7,423,-89.92,10.08,501;507;513,-101.10;-102.20;-102.20,501;507,-101.10;-102.20
	2026-09-20 10:07:51.138,120.13030809,30.27058424,11.68,1.40,11,158.4,423,-90.56,9.12,501;507;513,-101.51;-102.20;-102.20,501;507,-101.51;-102.20
	2026-09-20 10:07:51.341,120.13029246,30.27059642,11.76,0.67,9,159.2,423,-89.68,10.30,501;507;513,-101.37;-102.20;-102.20,501;507,-101.37;-102.20
	2026-09-20 10:07:51.544,120.13030135,30.27057990,11.85,1.25,10,0.8,423,-89.44,6.32,501;507;513,-98.42;-102.20;-102.20,501;507,-98.42;-102.20
	2026-09-20 10:07:51.749,120.13028201,30.27059012,11.89,1.18,8,326.5,423,-93.80,4.64,501;507;513,-101.26;-102.20;-102.20,501;507,-101.26;-102.20
	2026-09-20 10:07:51.975,120.13028014,30.27059852,11.74,1.24,9,355.5,423,-92.07,8.39,501;507;513,-102.20;-102.20;-102.20,501;507,-102.20;-102.20
	2026-09-20 10:07:52.193,120.13027926,30.27059374,11.60,1.18,14,355.8,423,-93.30,0.98,501;507;513,-99.46;-102.20;-102.20,501;507,-99.46;-102.20
	2026-09-20 10:07:52.404,120.13027881,30.27059436,12.12,0.85,10,177.2,423,-91.38,6.40,501;429;507,-100.23;-101.62;-102.20,501;429,-100.23;-101.62
	2026-09-20 10:07:52.629,120.13029460,30.27059604,12.26,0.30,14,81.5,423,-94.64,5.84,501;507;513,-102.20;-102.20;-102.20,501;507,-102.20;-102.20
	2026-09-20 10:07:52.829,120.13027871,30.27058816,12.12,0.93,13,190.5,423,-93.51,5.09,429;501;507,-100.51;-102.06;-102.20,429;501,-100.51;-102.06
	2026-09-20 10:07:53.023,120.13029094,30.27059078,11.83,1.00,10,305.8,423,-89.52,8.77,501;507;513,-102.20;-102.20;-102.20,501;507,-102.20;-102.20
	2026-09-20 10:07:53.284,120.13028999,30.27057794,11.51,1.37,8,42.1,423,-90.20,7.43,501;507;513,-101.04;-102.20;-102.20,501;507,-101.04;-102.20
	2026-09-20 10:07:53.525,120.13028320,30.27059210,12.13,0.44,10,207.8,423,-91.08,8.44,501;507;513,-102.20;-102.20;-102.20,501;507,-102.20;-102.20
	2026-09-20 10:07:53.771,120.13027095,30.27059913,12.03,1.14,12,205.2,423,-91.98,5.77,501;429;507,-101.25;-102.18;-102.20,501;429,-101.25;-102.18
	2026-09-20 10:07:54.061,120.13028693,30.27058256,12.27,1.20,13,47.3,423,-89.10,11.45,501;507;513,-102.16;-102.20;-102.20,501;507,-102.16;-102.20
	2026-09-20 10:07:54.308,120.13027302,30.27059043,11.93,1.35,10,252.5,423,-93.45,5.34,501;507;513,-100.83;-102.20;-102.20,501;507,-100.83;-102.20
	2026-09-20 10:07:54.558,120.13027855,30.27058558,11.53,0.69,8,198.5,423,-90.01,7.03,501;507;513,-100.29;-102.20;-102.20,501;507,-100.29;-102.20
	2026-09-20 10:07:54.857,120.13028453,30.27059020,11.95,0.88,14,103.5,423,-89.12,10.29,501;507;513,-101.00;-102.20;-102.20,501;507,-101.00;-102.20
	2026-09-20 10:07:55.137,120.13026604,30.27060431,11.51,0.70,9,300.6,423,-91.32,6.91,501;507;513,-100.56;-102.09;-102.20,501;507,-100.56;-102.09
	2026-09-20 10:07:55.378,120.13027092,30.27059441,12.17,1.36,9,211.7,423,-93.48,5.17,501;507;513,-100.10;-102.20;-102.20,501;507,-100.10;-102.20
	2026-09-20 10:07:55.637,120.13028372,30.27060691,12.06,0.83,11,270.9,423,-90.78,5.52,501;507;513,-99.35;-102.20;-102.20,501;507,-99.35;-102.20
	2026-09-20 10:07:55.890,120.13028021,30.27060127,11.70,0.52,12,14.1,423,-92.38,3.21,501;507;513,-99.39;-102.20;-102.20,501;507,-99.39;-102.20
	2026-09-20 10:07:56.109,120.13028919,30.27060095,12.13,0.68,8,38.0,423,-93.13,6.44,501;507;513,-101.89;-102.20;-102.20,501;507,-101.89;-102.20
	2026-09-20 10:07:56.382,120.13026698,30.27059970,11.79,0.77,11,308.6,423,-94.44,2.14,501;507;513,-97.80;-102.20;-102.20,501;507,-97.80;-102.20
	2026-09-20 10:07:56.660,120.13028523,30.27059387,11.67,0.22,10,26.9,423,-92.16,4.14,501;507;513,-99.33;-102.20;-102.20,501;507,-99.33;-102.20
	2026-09-20 10:07:56.841,120.13027466,30.27060582,12.00,0.60,11,293.4,423,-91.61,6.11,501;507;513,-99.98;-102.20;-102.20,501;507,-99.98;-102.20
	2026-09-20 10:07:57.039,120.13027450,30.27059770,12.47,1.38,14,148.9,423,-90.57,5.85,501;507;513,-99.83;-102.20;-102.20,501;507,-99.83;-102.20
	2026-09-20 10:07:57.270,120.13026869,30.27059889,12.44,1.30,13,294.2,423,-90.40,5.88,501;507;513,-98.87;-102.20;-102.20,501;507,-98.87;-102.20
	2026-09-20 10:07:57.585,120.13027812,30.27060023,11.52,0.91,13,227.1,423,-95.19,4.11,501;507;513,-101.67;-102.20;-102.20,501;507,-101.67;-102.20
	2026-09-20 10:07:57.814,120.13028292,30.27061776,11.93,0.44,9,173.5,423,-92.78,5.58,501;507;513,-101.51;-102.20;-102.20,501;507,-101.51;-102.20
	2026-09-20 10:07:57.997,120.13027951,30.27061267,11.61,1.16,11,344.4,423,-91.33,6.27,501;507;513,-101.16;-102.20;-102.20,501;507,-101.16;-102.20
	2026-09-20 10:07:58.282,120.13027200,30.27060535,11.77,0.90,8,156.7,423,-90.61,4.52,501;507;513,-96.81;-102.20;-102.20,501;507,-96.81;-102.20
	2026-09-20 10:07:58.529,120.13027110,30.27060665,11.98,1.34,8,13.7,423,-90.25,5.13,501;507;513,-98.91;-102.20;-102.20,501;507,-98.91;-102.20
	2026-09-20 10:07:58.810,120.13029001,30.27060930,12.13,1.34,13,330.7,423,-93.01,3.74,507;501;513,-100.18;-100.93;-102.20,507;501,-100.18;-100.93
	2026-09-20 10:07:59.126,120.13027252,30.27062608,12.48,0.21,9,212.3,423,-96.42,0.47,429;501;507,-98.86;-100.95;-102.20,429;501,-98.86;-100.95
	2026-09-20 10:07:59.340,120.13027036,30.27062389,12.20,0.77,9,27.4,423,-93.36,5.56,501;507;513,-100.60;-102.20;-102.20,501;507,-100.60;-102.20
	2026-09-20 10:07:59.616,120.13027147,30.27061523,12.09,1.15,11,191.2,423,-93.36,2.64,501;507;417,-99.48;-101.50;-102.18,501;507,-99.48;-101.50
	2026-09-20 10:07:59.869,120.13027115,30.27061790,11.58,1.06,13,290.7,423,-92.54,5.92,501;429;507,-101.02;-101.83;-102.20,501;429,-101.02;-101.83
	2026-09-20 10:08:00.161,120.13028647,30.27061717,12.43,0.63,12,316.3,423,-91.46,8.12,501;507;513,-102.20;-102.20;-102.20,501;507,-102.20;-102.20
	2026-09-20 10:08:00.386,120.13028662,30.27062431,11.58,1.35,11,238.6,423,-92.31,5.11,501;507;513,-99.31;-102.20;-102.20,501;507,-99.31;-102.20
	2026-09-20 10:08:00.576,120.13028845,30.27062137,11.64,0.89,10,70.4,423,-93.70,1.29,501;507;513,-97.03;-102.20;-102.20,501;507,-97.03;-102.20
	2026-09-20 10:08:00.851,120.13027691,30.27063164,12.32,0.45,13,222.0,423,-92.12,6.21,501;507;513,-99.13;-101.90;-102.20,501;507,-99.13;-101.90
	2026-09-20 10:08:01.087,120.13028082,30.27063621,12.11,0.77,11,115.8,423,-91.69,9.82,501;507;513,-102.20;-102.20;-102.20,501;507,-102.20;-102.20
	2026-09-20 10:08:01.357,120.13027387,30.27062730,12.21,0.95,13,113.7,423,-91.74,5.73,501;411;507,-100.43;-101.62;-102.20,501;411,-100.43;-101.62
	2026-09-20 10:08:01.603,120.13026945,30.27062992,12.43,0.24,14,306.0,423,-92.56,2.98,501;429;507,-99.08;-101.46;-102.20,501;429,-99.08;-101.46
	2026-09-20 10:08:01.898,120.13028225,30.27063546,12.38,0.89,8,130.5,423,-93.31,3.50,501;507;513,-100.12;-102.20;-102.20,501;507,-100.12;-102.20
	2026-09-20 10:08:02.132,120.13028561,30.27064427,12.03,1.04,13,105.4,423,-90.44,7.98,501;507;513,-100.14;-102.20;-102.20,501;507,-100.14;-102.20
	2026-09-20 10:08:02.430,120.13028467,30.27062711,11.92,1.35,13,40.8,423,-93.34,8.25,501;507;513,-102.20;-102.20;-102.20,501;507,-102.20;-102.20
	2026-09-20 10:08:02.654,120.13027542,30.27064529,12.23,0.49,12,22.7,423,-94.85,3.93,501;507;513,-99.69;-102.20;-102.20,501;507,-99.69;-102.20
	2026-09-20 10:08:02.974,120.13028821,30.27064361,11.63,1.07,14,219.4,423,-93.92,4.87,501;507;513,-100.76;-102.20;-102.20,501;507,-100.76;-102.20
	2026-09-20 10:08:03.197,120.13027947,30.27064924,12.22,0.55,14,74.7,423,-91.62,3.56,501;507;513,-98.21;-102.20;-102.20,501;507,-98.21;-102.20
	2026-09-20 10:08:03.487,120.13027327,30.27063652,11.66,0.62,9,318.1,423,-95.01,3.03,501;507;513,-100.28;-102.20;-102.20,501;507,-100.28;-102.20
	2026-09-20 10:08:03.770,120.13026981,30.27063370,11.52,0.84,14,109.0,423,-97.49,-2.10,501;507;513,-98.26;-102.20;-102.20,501;507,-98.26;-102.20
	2026-09-20 10:08:03.999,120.13026973,30.27063541,12.05,1.11,12,177.1,423,-95.64,0.48,501;507;513,-100.18;-102.20;-102.20,501;507,-100.18;-102.20
	2026-09-20 10:08:04.189,120.13027396,30.27064856,12.10,0.71,8,329.6,423,-93.47,3.36,501;429;507,-99.92;-102.15;-102.20,501;429,-99.92;-102.15
	2026-09-20 10:08:04.487,120.13027529,30.27064520,11.93,0.94,11,21.3,423,-91.09,5.45,501;507;513,-99.80;-102.20;-102.20,501;507,-99.80;-102.20
	2026-09-20 10:08:04.729,120.13028687,30.27065838,12.30,1.24,13,221.9,423,-93.67,5.84,501;417;507,-101.18;-102.10;-102.20,501;417,-101.18;-102.10
	2026-09-20 10:08:04.910,120.13028770,30.27065794,11.58,0.53,13,123.1,423,-92.34,4.44,501;507;513,-98.95;-102.20;-102.20,501;507,-98.95;-102.20
	2026-09-20 10:08:05.206,120.13027257,30.27066169,11.70,0.42,14,92.3,423,-94.90,5.70,501;507;513,-101.52;-102.20;-102.20,501;507,-101.52;-102.20
	2026-09-20 10:08:05.436,120.13028078,30.27065038,12.42,0.44,9,99.8,423,-94.68,2.59,501;507;513,-100.95;-102.20;-102.20,501;507,-100.95;-102.20
	2026-09-20 10:08:05.712,120.13026556,30.27064778,11.99,0.62,11,357.0,423,-93.02,6.00,501;411;507,-101.63;-102.19;-102.20,501;411,-101.63;-102.19
	2026-09-20 10:08:05.901,120.13027054,30.27064902,11.73,0.25,14,76.2,423,-93.46,1.53,501;507;513,-96.59;-102.20;-102.20,501;507,-96.59;-102.20
	2026-09-20 10:08:06.093,120.13028106,30.27066674,11.82,1.20,12,11.0,423,-97.49,0.29,501;429;507,-100.03;-101.53;-102.20,501;429,-100.03;-101.53
	2026-09-20 10:08:06.413,120.13026919,30.27066115,12.34,0.92,8,81.7,423,-97.15,0.56,501;507;513,-97.86;-102.20;-102.20,501;507,-97.86;-102.20
	2026-09-20 10:08:06.637,120.13028145,30.27065513,12.48,1.39,10,2.6,501,-96.61,-2.35,423;507;513,-96.92;-102.20;-102.20,423;507,-96.92;-102.20
	2026-09-20 10:08:06.886,120.13027103,30.27067327,12.40,1.36,11,271.2,423,-93.38,2.33,501;507;513,-97.32;-102.20;-102.20,501;507,-97.32;-102.20
	2026-09-20 10:08:07.160,120.13028677,30.27066269,11.80,0.50,14,75.5,423,-93.61,2.67,501;507;513,-99.99;-102.20;-102.20,501;507,-99.99;-102.20
	2026-09-20 10:08:07.461,120.13027045,30.27067500,11.82,1.00,10,211.4,423,-97.10,-2.44,501;507;513,-99.15;-102.20;-102.20,501;507,-99.15;-102.20
	2026-09-20 10:08:07.719,120.13028392,30.27067709,11.87,0.88,8,227.0,423,-91.93,1.71,501;507;513,-95.39;-102.20;-102.20,501;507,-95.39;-102.20
	2026-09-20 10:08:08.015,120.13027375,30.27067568,12.49,0.60,11,161.6,423,-95.08,1.29,501;507;513,-99.99;-102.20;-102.20,501;507,-99.99;-102.20
	2026-09-20 10:08:08.217,120.13028595,30.27067634,11.78,0.75,14,178.7,423,-92.53,5.45,501;507;513,-102.20;-102.20;-102.20,501;507,-102.20;-102.20
	2026-09-20 10:08:08.474,120.13028418,30.27067925,11.96,0.95,11,176.3,423,-94.48,0.37,501;507;513,-97.54;-102.20;-102.20,501;507,-97.54;-102.20
	2026-09-20 10:08:08.763,120.13028556,30.27067055,11.70,0.27,11,298.1,423,-93.85,3.63,417;501;411,-100.36;-101.71;-102.05,417;501,-100.36;-101.71
	2026-09-20 10:08:09.009,120.13027387,30.27066722,12.05,0.69,11,129.0,423,-94.87,3.08,501;507;513,-98.61;-102.20;-102.20,501;507,-98.61;-102.20
	2026-09-20 10:08:09.208,120.13026655,30.27068573,11.61,0.27,10,234.8,423,-93.75,5.05,501;507;513,-100.60;-102.20;-102.20,501;507,-100.60;-102.20
	2026-09-20 10:08:09.424,120.13027320,30.27067009,12.30,1.14,8,257.1,423,-95.30,2.57,501;507;513,-101.16;-102.20;-102.20,501;507,-101.16;-102.20
	2026-09-20 10:08:09.681,120.13027706,30.27067909,12.26,0.22,14,82.0,423,-93.55,3.36,501;507;513,-97.57;-102.20;-102.20,501;507,-97.57;-102.20
	2026-09-20 10:08:09.905,120.13026825,30.27067093,12.25,0.43,11,160.5,423,-95.96,3.02,501;507;513,-101.53;-102.20;-102.20,501;507,-101.53;-102.20
	2026-09-20 10:08:10.169,120.13027306,30.27068165,12.32,1.20,11,166.3,423,-94.74,0.04,501;507;513,-98.95;-102.20;-102.20,501;507,-98.95;-102.20
	2026-09-20 10:08:10.400,120.13027718,30.27068556,12.04,0.81,9,113.1,423,-93.56,3.15,501;507;513,-99.41;-102.20;-102.20,501;507,-99.41;-102.20
	2026-09-20 10:08:10.652,120.13027298,30.27067532,12.42,0.74,11,44.2,423,-95.33,2.14,501;507;513,-99.61;-102.20;-102.20,501;507,-99.61;-102.20
	2026-09-20 10:08:10.955,120.13027558,30.27068657,11.59,0.68,14,96.0,423,-93.17,2.86,501;513;507,-99.32;-102.06;-102.20,501;513,-99.32;-102.06
	2026-09-20 10:08:11.192,120.13029034,30.27069782,12.41,0.44,8,58.0,423,-95.12,1.17,501;507;513,-99.70;-102.20;-102.20,501;507,-99.70;-102.20
	2026-09-20 10:08:11.470,120.13027838,30.27067872,12.09,1.23,12,82.7,423,-94.63,4.37,501;507;417,-100.15;-101.36;-101.82,501;507,-100.15;-101.36
	2026-09-20 10:08:11.760,120.13028240,30.27068241,11.56,0.35,11,261.7,423,-95.56,-1.18,501;429;507,-96.96;-101.16;-102.20,501;429,-96.96;-101.16
	2026-09-20 10:08:12.046,120.13027785,30.27068952,12.42,0.52,14,197.1,423,-93.04,7.07,501;507;513,-100.94;-102.20;-102.20,501;507,-100.94;-102.20
	2026-09-20 10:08:12.317,120.13028410,30.27068654,11.73,0.40,12,173.5,423,-92.58,2.10,501;507;513,-98.28;-102.20;-102.20,501;507,-98.28;-102.20
	2026-09-20 10:08:12.533,120.13028601,30.27069951,11.54,0.60,12,327.0,423,-92.77,2.49,501;417;507,-97.47;-101.89;-102.20,501;417,-97.47;-101.89
	2026-09-20 10:08:12.747,120.13026864,30.27069361,12.37,1.27,8,103.8,423,-95.64,-0.14,501;507;513,-98.01;-102.20;-102.20,501;507,-98.01;-102.20
	2026-09-20 10:08:13.067,120.13028663,30.27070223,12.48,0.78,11,336.7,423,-94.99,-0.39,501;507;513,-99.94;-102.20;-102.20,501;507,-99.94;-102.20
	2026-09-20 10:08:13.373,120.13028042,30.27070121,11.70,0.27,11,171.9,423,-92.92,3.89,501;411;507,-98.53;-101.22;-102.20,501;411,-98.53;-101.22
	2026-09-20 10:08:13.581,120.13027406,30.27069544,11.95,0.53,12,263.1,423,-95.53,-2.43,501;507;513,-95.95;-102.20;-102.20,501;507,-95.95;-102.20
	2026-09-20 10:08:13.867,120.13028364,30.27070189,11.65,0.63,13,232.1,423,-96.96,1.11,501;507;513,-100.43;-102.20;-102.20,501;507,-100.43;-102.20
	2026-09-20 10:08:14.116,120.13028289,30.27069525,11.78,0.56,12,316.4,423,-97.95,0.90,501;507;513,-100.58;-102.20;-102.20,501;507,-100.58;-102.20
	2026-09-20 10:08:14.343,120.13028712,30.27070451,12.07,1.25,14,104.3,423,-93.95,4.21,501;507;513,-100.40;-102.20;-102.20,501;507,-100.40;-102.20
	2026-09-20 10:08:14.657,120.13026800,30.27070778,11.53,0.41,12,0.1,423,-91.52,6.03,501;507;513,-100.39;-102.20;-102.20,501;507,-100.39;-102.20
	2026-09-20 10:08:14.945,120.13028778,30.27070556,11.68,0.21,14,190.8,423,-95.55,0.31,501;507;513,-98.91;-102.20;-102.20,501;507,-98.91;-102.20
	2026-09-20 10:08:15.251,120.13026729,30.27070738,12.49,0.26,12,113.1,423,-95.63,3.92,429;501;507,-101.51;-102.14;-102.20,429;501,-101.51;-102.14
	2026-09-20 10:08:15.444,120.13027209,30.27071533,12.48,0.56,14,130.6,423,-96.71,-0.03,501;507;513,-99.74;-102.20;-102.20,501;507,-99.74;-102.20
	2026-09-20 10:08:15.694,120.13028488,30.27070607,11.68,1.15,10,229.6,423,-95.81,0.70,501;507;513,-96.88;-102.20;-102.20,501;507,-96.88;-102.20
	2026-09-20 10:08:15.929,120.13028899,30.27071656,11.67,1.14,12,50.3,423,-96.27,-1.79,501;507;513,-97.06;-102.20;-102.20,501;507,-97.06;-102.20
	2026-09-20 10:08:16.120,120.13028738,30.27071357,12.01,1.10,12,246.1,423,-97.76,-2.50,501;507;513,-99.06;-102.20;-102.20,501;507,-99.06;-102.20
	2026-09-20 10:08:16.305,120.13028489,30.27072342,12.27,1.01,8,326.8,423,-97.11,-2.60,501;429;507,-98.33;-101.87;-102.20,501;429,-98.33;-101.87
	2026-09-20 10:08:16.620,120.13028956,30.27071891,11.78,1.09,14,323.0,423,-95.00,3.42,501;513;429,-98.92;-101.54;-101.83,501;513,-98.92;-101.54
	2026-09-20 10:08:16.918,120.13026686,30.27070830,12.10,1.12,13,129.0,501,-100.35,-1.57,423;507;513,-100.90;-102.20;-102.20,423;507,-100.90;-102.20
	2026-09-20 10:08:17.153,120.13029023,30.27071313,12.29,0.29,14,310.4,423,-95.73,-2.53,501;417;507,-96.70;-101.48;-102.20,501;417,-96.70;-101.48
	2026-09-20 10:08:17.388,120.13027546,30.27072214,11.66,0.44,12,53.1,423,-95.18,-0.06,501;507;513,-96.73;-102.20;-102.20,501;507,-96.73;-102.20
	2026-09-20 10:08:17.591,120.13028107,30.27072847,11.91,1.16,14,171.6,423,-96.86,-2.73,501;429;507,-97.52;-101.84;-102.20,501;429,-97.52;-101.84
	2026-09-20 10:08:17.796,120.13028686,30.27073052,12.15,0.92,11,171.5,501,-95.06,-0.56,423;507;513,-98.90;-102.20;-102.20,423;507,-98.90;-102.20
	2026-09-20 10:08:18.111,120.13028506,30.27072547,11.71,0.67,12,27.9,423,-94.49,0.64,501;507;513,-97.53;-102.20;-102.20,501;507,-97.53;-102.20
	2026-09-20 10:08:18.386,120.13027301,30.27073026,11.58,0.86,11,169.9,423,-95.53,0.47,501;411;507,-98.23;-100.88;-102.20,501;411,-98.23;-100.88
	2026-09-20 10:08:18.654,120.13028412,30.27072157,12.43,0.62,10,264.7,423,-92.49,2.75,501;429;507,-96.85;-100.77;-102.20,501;429,-96.85;-100.77
	2026-09-20 10:08:18.951,120.13027536,30.27072703,12.04,1.29,9,315.2,423,-97.25,2.45,429;501;507,-101.73;-101.76;-102.20,429;501,-101.73;-101.76
	2026-09-20 10:08:19.238,120.13028102,30.27072594,12.46,0.51,12,234.9,423,-98.11,-0.68,501;507;513,-100.06;-102.20;-102.20,501;507,-100.06;-102.20
	2026-09-20 10:08:19.557,120.13028428,30.27074347,12.32,1.24,11,158.8,501,-96.80,-0.36,423;429;507,-98.19;-101.72;-102.20,423;429,-98.19;-101.72
	2026-09-20 10:08:19.874,120.13027893,30.27074341,11.73,1.32,10,55.1,423,-98.68,-2.08,501;507;513,-98.90;-102.20;-102.20,501;507,-98.90;-102.20
	2026-09-20 10:08:20.089,120.13028668,30.27072603,12.36,1.16,9,103.6,423,-97.32,0.91,501;417;507,-100.33;-101.29;-102.20,501;417,-100.33;-101.29
	2026-09-20 10:08:20.391,120.13028898,30.27072743,11.96,1.10,8,247.3,423,-96.18,3.04,501;429;507,-101.28;-101.47;-101.98,501;429,-101.28;-101.47
	2026-09-20 10:08:20.612,120.13028868,30.27073841,12.10,0.53,14,80.0,423,-97.48,-2.00,501;507;513,-97.71;-102.20;-102.20,501;507,-97.71;-102.20
	2026-09-20 10:08:20.863,120.13026867,30.27074126,12.49,0.59,10,356.9,423,-95.09,-2.44,501;507;513,-95.88;-102.20;-102.20,501;507,-95.88;-102.20
	2026-09-20 10:08:21.092,120.13026665,30.27075020,11.68,1.31,13,189.9,423,-97.95,-0.83,501;507;513,-99.96;-102.20;-102.20,501;507,-99.96;-102.20
	2026-09-20 10:08:21.393,120.13028427,30.27074690,12.50,0.92,10,273.9,423,-97.00,0.33,513;501;507,-100.01;-100.55;-102.20,513;501,-100.01;-100.55
	2026-09-20 10:08:21.599,120.13028226,30.27074524,11.89,0.36,11,28.0,423,-94.10,1.28,501;507;513,-97.78;-102.20;-102.20,501;507,-97.78;-102.20
	2026-09-20 10:08:21.805,120.13027000,30.27074183,12.48,1.11,13,228.9,423,-96.32,-0.74,501;507;513,-97.93;-102.20;-102.20,501;507,-97.93;-102.20
	2026-09-20 10:08:22.082,120.13028326,30.27075001,11.60,1.16,13,336.9,423,-96.43,-0.60,501;429;507,-98.34;-102.18;-102.20,501;429,-98.34;-102.18
	2026-09-20 10:08:22.370,120.13028296,30.27074851,11.74,0.32,11,171.4,423,-95.88,2.67,501;507;513,-100.11;-102.20;-102.20,501;507,-100.11;-102.20
	2026-09-20 10:08:22.626,120.13028516,30.27075554,11.88,0.60,10,153.9,423,-92.53,3.20,501;417;411,-97.34;-100.69;-101.76,501;417,-97.34;-100.69
	2026-09-20 10:08:22.944,120.13027879,30.27075784,12.29,1.15,9,164.9,423,-96.60,3.43,501;507;513,-101.49;-102.20;-102.20,501;507,-101.49;-102.20
	2026-09-20 10:08:23.217,120.13028293,30.27074964,12.22,1.38,12,118.8,423,-96.78,-0.94,501;507;513,-96.78;-102.20;-102.20,501;507,-96.78;-102.20
	2026-09-20 10:08:23.509,120.13027445,30.27076317,12.29,0.40,12,143.3,423,-96.89,0.63,501;507;513,-100.11;-102.20;-102.20,501;507,-100.11;-102.20
	2026-09-20 10:08:23.811,120.13028271,30.27076071,11.51,0.97,9,305.1,423,-92.21,3.18,501;411;507,-98.46;-102.04;-102.20,501;411,-98.46;-102.04
	2026-09-20 10:08:24.089,120.13027518,30.27075019,12.23,1.26,9,88.0,423,-96.96,1.71,501;507;513,-99.68;-102.20;-102.20,501;507,-99.68;-102.20
	2026-09-20 10:08:24.280,120.13027752,30.27076079,11.54,1.39,8,287.2,423,-94.97,3.09,501;507;513,-100.58;-102.20;-102.20,501;507,-100.58;-102.20
	2026-09-20 10:08:24.475,120.13028706,30.27075285,12.33,0.95,8,266.1,423,-96.57,2.62,501;507;513,-100.63;-102.20;-102.20,501;507,-100.63;-102.20
	2026-09-20 10:08:24.786,120.13027509,30.27076982,11.53,0.44,14,59.1,423,-93.85,2.93,501;411;507,-99.79;-101.44;-102.20,501;411,-99.79;-101.44
	2026-09-20 10:08:25.036,120.13026999,30.27076239,12.27,0.76,9,194.5,501,-97.37,-0.81,423;507;513,-98.45;-102.20;-102.20,423;507,-98.45;-102.20
	2026-09-20 10:08:25.313,120.13027479,30.27077451,11.53,0.72,13,181.0,423,-98.19,-0.55,501;507;513,-98.86;-102.20;-102.20,501;507,-98.86;-102.20
	2026-09-20 10:08:25.500,120.13028814,30.27076655,12.33,0.63,11,275.2,423,-95.87,-0.96,501;411;507,-97.64;-100.53;-102.20,501;411,-97.64;-100.53
	2026-09-20 10:08:25.680,120.13027989,30.27077421,11.59,0.70,9,247.9,423,-96.41,1.43,501;417;507,-99.63;-101.62;-102.06,501;417,-99.63;-101.62
	2026-09-20 10:08:25.876,120.13027945,30.27077424,12.46,1.06,14,324.9,423,-97.00,-3.29,501;507;513,-97.22;-100.99;-102.20,501;507,-97.22;-100.99
	2026-09-20 10:08:26.094,120.13028007,30.27077704,12.06,0.73,13,68.0,423,-96.99,-2.10,501;429;507,-98.64;-101.08;-102.00,501;429,-98.64;-101.08
	2026-09-20 10:08:26.297,120.13026585,30.27077604,11.95,0.97,9,332.9,501,-99.49,-1.71,423;507;513,-99.80;-102.14;-102.20,423;507,-99.80;-102.14
	2026-09-20 10:08:26.614,120.13026672,30.27076585,11.73,1.31,14,243.6,423,-93.68,0.64,501;507;513,-97.81;-102.20;-102.20,501;507,-97.81;-102.20
	2026-09-20 10:08:26.873,120.13027488,30.27077839,12.33,0.32,12,351.8,423,-99.02,-2.54,501;507;513,-99.74;-102.20;-102.20,501;507,-99.74;-102.20
	2026-09-20 10:08:27.159,120.13027868,30.27078176,12.06,1.25,12,123.6,501,-96.97,-1.21,423;507;513,-98.05;-102.20;-102.20,423;507,-98.05;-102.20
	2026-09-20 10:08:27.376,120.13028359,30.27076803,12.22,1.20,13,284.3,423,-98.63,-0.06,501;507;513,-100.68;-102.20;-102.20,501;507,-100.68;-102.20
	2026-09-20 10:08:27.603,120.13028350,30.27078094,12.01,1.09,14,204.0,501,-96.36,2.10,423;507;513,-100.86;-102.05;-102.20,423;507,-100.86;-102.05
	2026-09-20 10:08:27.842,120.13028871,30.27076967,12.17,0.91,9,219.1,423,-96.48,1.68,501;507;513,-100.29;-102.20;-102.20,501;507,-100.29;-102.20
	2026-09-20 10:08:28.065,120.13028863,30.27079207,12.05,0.94,8,329.1,501,-98.69,-3.42,423;507;513,-98.96;-102.20;-102.20,423;507,-98.96;-102.20
	2026-09-20 10:08:28.326,120.13027009,30.27078957,12.16,0.68,14,302.5,423,-95.48,0.06,501;507;513,-96.07;-102.20;-102.20,501;507,-96.07;-102.20
	2026-09-20 10:08:28.629,120.13028275,30.27077821,11.76,1.09,13,176.2,423,-98.39,-1.65,501;507;513,-98.78;-102.20;-102.20,501;507,-98.78;-102.20
	2026-09-20 10:08:28.898,120.13026728,30.27078345,12.31,0.96,13,67.7,423,-96.34,-1.10,501;429;507,-97.51;-101.67;-102.20,501;429,-97.51;-101.67
	2026-09-20 10:08:29.177,120.13027425,30.27079663,12.03,0.77,11,201.1,501,-97.80,-3.09,423;507;513,-99.30;-102.20;-102.20,423;507,-99.30;-102.20
	2026-09-20 10:08:29.466,120.13026576,30.27078692,11.62,0.42,11,30.6,501,-98.61,-3.73,423;507;513,-98.77;-102.20;-102.20,423;507,-98.77;-102.20
	2026-09-20 10:08:29.663,120.13028543,30.27078925,12.02,1.02,12,186.2,423,-97.20,1.94,501;411;507,-100.32;-100.66;-102.20,501;411,-100.32;-100.66
	2026-09-20 10:08:29.864,120.13028557,30.27080014,11.90,0.55,12,262.1,423,-98.56,-2.27,501;429;507,-98.76;-100.16;-101.61,501;429,-98.76;-100.16
	2026-09-20 10:08:30.094,120.13028925,30.27080125,11.95,1.28,8,269.0,423,-98.67,-1.51,501;507;513,-100.01;-102.20;-102.20,501;507,-100.01;-102.20
	2026-09-20 10:08:30.298,120.13027808,30.27080155,11.92,0.36,13,211.4,423,-95.09,1.15,501;507;513,-98.52;-102.20;-102.20,501;507,-98.52;-102.20
	2026-09-20 10:08:30.575,120.13027193,30.27079839,12.39,0.36,11,275.7,423,-97.59,-0.62,501;507;513,-99.76;-102.20;-102.20,501;507,-99.76;-102.20
	2026-09-20 10:08:30.813,120.13028976,30.27080535,11.67,1.00,12,73.2,501,-96.80,-0.41,423;429;507,-97.52;-102.05;-102.20,423;429,-97.52;-102.05
	2026-09-20 10:08:31.042,120.13027788,30.27079463,11.73,1.08,11,250.7,501,-99.27,-1.75,423;429;507,-99.93;-102.19;-102.20,423;429,-99.93;-102.19
	2026-09-20 10:08:31.227,120.13026848,30.27080826,11.98,0.29,11,321.0,501,-99.04,-1.54,423;417;507,-99.93;-101.31;-102.20,423;417,-99.93;-101.31
	2026-09-20 10:08:31.457,120.13028067,30.27079630,12.26,1.17,8,214.5,423,-96.19,3.86,501;507;513,-100.84;-102.20;-102.20,501;507,-100.84;-102.20
	2026-09-20 10:08:31.642,120.13028826,30.27080831,12.42,0.96,8,262.9,423,-98.36,-1.43,501;417;429,-99.47;-100.96;-101.79,501;417,-99.47;-100.96
	2026-09-20 10:08:31.846,120.13028994,30.27080874,12.13,0.48,9,100.0,501,-98.08,-2.70,423;507;513,-98.70;-102.20;-102.20,423;507,-98.70;-102.20
	2026-09-20 10:08:32.137,120.13027709,30.27081396,12.01,0.30,11,306.5,501,-98.52,-1.33,423;429;507,-98.58;-100.10;-102.20,423;429,-98.58;-100.10
	2026-09-20 10:08:32.372,120.13027297,30.27080876,12.43,1.39,12,164.3,423,-98.58,-0.75,501;507;513,-101.70;-102.20;-102.20,501;507,-101.70;-102.20
	2026-09-20 10:08:32.553,120.13027798,30.27081567,11.96,0.29,13,295.4,423,-98.30,-1.69,501;507;513,-100.36;-102.20;-102.20,501;507,-100.36;-102.20
	2026-09-20 10:08:32.833,120.13028453,30.27080561,12.14,0.34,9,357.7,423,-99.89,-2.22,501;429;507,-100.81;-101.30;-102.20,501;429,-100.81;-101.30
	2026-09-20 10:08:33.061,120.13027179,30.27080897,12.33,0.47,8,185.9,501,-98.79,0.27,423;507;513,-99.53;-102.20;-102.20,423;507,-99.53;-102.20
	2026-09-20 10:08:33.269,120.13026975,30.27081796,12.34,0.46,9,76.3,501,-95.96,-1.40,423;417;507,-100.63;-101.53;-102.20,423;417,-100.63;-101.53
	2026-09-20 10:08:33.516,120.13027570,30.27082455,12.16,0.93,12,109.8,501,-97.44,-0.48,423;507;513,-99.20;-102.20;-102.20,423;507,-99.20;-102.20
	2026-09-20 10:08:33.715,120.13028659,30.27081963,11.68,0.36,12,166.9,501,-95.40,1.44,423;429;507,-98.69;-102.00;-102.20,423;429,-98.69;-102.00
	2026-09-20 10:08:34.035,120.13027332,30.27081168,12.01,0.52,11,132.2,501,-100.29,-0.23,411;423;507,-101.18;-101.87;-102.20,411;423,-101.18;-101.87
	2026-09-20 10:08:34.312,120.13026646,30.27081541,12.04,1.17,13,269.2,501,-98.10,-1.10,423;507;513,-98.26;-102.20;-102.20,423;507,-98.26;-102.20
	2026-09-20 10:08:34.576,120.13027907,30.27082286,12.42,0.53,12,77.4,423,-98.70,-0.39,501;507;513,-99.81;-101.54;-102.20,501;507,-99.81;-101.54
	2026-09-20 10:08:34.835,120.13027307,30.27082873,11.67,0.41,12,237.0,423,-99.88,-1.06,501;507;513,-101.27;-102.20;-102.20,501;507,-101.27;-102.20
	2026-09-20 10:08:35.030,120.13026897,30.27082058,12.02,0.83,10,167.4,501,-97.10,-3.28,423;507;513,-97.51;-102.20;-102.20,423;507,-97.51;-102.20
	2026-09-20 10:08:35.332,120.13026952,30.27081526,12.21,0.35,13,253.3,501,-96.53,-0.55,423;507;513,-100.29;-102.20;-102.20,423;507,-100.29;-102.20
	2026-09-20 10:08:35.606,120.13027367,30.27082796,12.47,0.82,11,215.3,501,-95.17,1.21,411;423;507,-100.34;-100.60;-102.20,411;423,-100.34;-100.60
	2026-09-20 10:08:35.807,120.13027486,30.27083719,12.35,1.09,14,108.3,501,-98.92,-2.45,423;429;507,-98.97;-100.28;-102.20,423;429,-98.97;-100.28
	2026-09-20 10:08:36.007,120.13028616,30.27083399,11.89,0.76,12,130.5,423,-95.75,-2.41,501;507;513,-95.91;-102.20;-102.20,501;507,-95.91;-102.20
	2026-09-20 10:08:36.208,120.13028330,30.27083771,11.65,1.30,9,275.8,501,-97.55,-0.73,423;507;513,-100.96;-102.20;-102.20,423;507,-100.96;-102.20
	2026-09-20 10:08:36.468,120.13026728,30.27084020,11.93,1.14,12,29.6,423,-97.27,0.06,501;507;513,-100.84;-102.20;-102.20,501;507,-100.84;-102.20
	2026-09-20 10:08:36.767,120.13028323,30.27084113,11.67,1.37,14,310.1,501,-97.56,0.37,423;507;513,-99.74;-102.20;-102.20,423;507,-99.74;-102.20
	2026-09-20 10:08:36.952,120.13027527,30.27083505,11.73,0.68,14,104.4,501,-95.96,-2.26,423;411;507,-97.02;-101.99;-102.20,423;411,-97.02;-101.99
	2026-09-20 10:08:37.192,120.13028027,30.27082938,12.03,0.74,10,104.7,501,-96.91,-1.79,423;417;513,-98.17;-101.96;-102.02,423;417,-98.17;-101.96
	2026-09-20 10:08:37.426,120.13028818,30.27084289,12.38,0.77,12,174.9,423,-97.40,2.18,501;507;513,-100.74;-102.20;-102.20,501;507,-100.74;-102.20
	2026-09-20 10:08:37.631,120.13028927,30.27083952,11.67,0.72,11,335.0,423,-98.34,-0.99,501;429;417,-99.30;-101.47;-102.13,501;429,-99.30;-101.47
	2026-09-20 10:08:37.921,120.13028708,30.27084534,11.98,0.77,11,238.1,501,-98.31,0.65,423;513;507,-99.33;-100.74;-102.20,423;513,-99.33;-100.74
	2026-09-20 10:08:38.152,120.13027877,30.27084228,12.33,1.37,14,204.3,501,-97.43,-4.52,423;507;513,-97.64;-102.20;-102.20,423;507,-97.64;-102.20
	2026-09-20 10:08:38.414,120.13027261,30.27085219,11.88,0.86,12,61.6,423,-97.96,-3.32,501;411;507,-98.32;-101.37;-102.20,501;411,-98.32;-101.37
	2026-09-20 10:08:38.598,120.13027838,30.27084880,12.19,0.49,8,318.9,501,-97.08,2.94,423;411;507,-100.23;-101.69;-102.20,423;411,-100.23;-101.69
	2026-09-20 10:08:38.881,120.13028090,30.27085370,11.64,0.42,14,40.9,423,-96.78,-0.80,501;507;513,-98.70;-102.20;-102.20,501;507,-98.70;-102.20
	2026-09-20 10:08:39.121,120.13027607,30.27084770,11.63,0.36,8,205.9,501,-97.49,-1.14,423;507;513,-98.80;-102.20;-102.20,423;507,-98.80;-102.20
	2026-09-20 10:08:39.365,120.13028255,30.27084884,12.16,0.81,12,22.7,501,-97.94,-1.92,423;507;513,-99.68;-102.20;-102.20,423;507,-99.68;-102.20
	2026-09-20 10:08:39.669,120.13028550,30.27085547,11.82,0.45,14,243.1,423,-97.34,-3.62,501;507;513,-97.51;-102.20;-102.20,501;507,-97.51;-102.20
	2026-09-20 10:08:39.973,120.13028930,30.27084855,12.34,1.19,14,184.3,423,-96.91,1.89,501;513;507,-100.99;-102.17;-102.20,501;513,-100.99;-102.17
	2026-09-20 10:08:40.256,120.13027074,30.27086154,12.19,0.76,11,236.3,501,-97.00,-0.47,423;507;513,-99.45;-102.20;-102.20,423;507,-99.45;-102.20
	2026-09-20 10:08:40.513,120.13028512,30.27086370,12.05,1.15,12,269.4,501,-98.18,-1.02,411;423;507,-99.03;-100.14;-102.20,411;423,-99.03;-100.14
	2026-09-20 10:08:40.813,120.13027831,30.27086178,12.03,0.83,8,68.1,423,-100.71,-2.00,501;507;417,-101.14;-101.50;-101.70,501;507,-101.14;-101.50
	2026-09-20 10:08:41.125,120.13027663,30.27085232,12.11,0.40,13,315.3,423,-97.76,-2.92,501;507;513,-98.39;-102.20;-102.20,501;507,-98.39;-102.20
	2026-09-20 10:08:41.418,120.13028119,30.27085386,11.78,1.28,9,145.0,501,-97.21,0.84,423;417;507,-100.59;-102.19;-102.20,423;417,-100.59;-102.19
	2026-09-20 10:08:41.613,120.13027234,30.27085043,12.38,0.22,10,286.6,423,-98.16,-0.90,501;507;513,-99.59;-102.20;-102.20,501;507,-99.59;-102.20
	2026-09-20 10:08:41.833,120.13027660,30.27086184,12.04,0.90,14,8.5,501,-98.27,-3.09,423;417;507,-98.46;-101.92;-102.20,423;417,-98.46;-101.92
	2026-09-20 10:08:42.059,120.13027274,30.27085496,12.21,0.41,13,0.3,501,-97.28,-0.20,423;417;507,-99.79;-101.71;-102.20,423;417,-99.79;-101.71
	2026-09-20 10:08:42.246,120.13028019,30.27085782,11.92,0.50,11,49.5,501,-98.00,-3.87,423;417;411,-98.02;-99.56;-99.95,423;417,-98.02;-99.56
	2026-09-20 10:08:42.562,120.13028744,30.27086440,11.85,0.42,12,312.3,423,-97.45,-0.10,501;507;513,-99.39;-102.20;-102.20,501;507,-99.39;-102.20
	2026-09-20 10:08:42.785,120.13026603,30.27086631,11.87,0.43,11,289.1,501,-98.35,1.10,423;507;513,-100.06;-102.20;-102.20,423;507,-100.06;-102.20
	2026-09-20 10:08:43.066,120.13027077,30.27085923,12.36,0.85,11,65.9,501,-95.57,0.75,423;411;507,-98.37;-100.61;-102.20,423;411,-98.37;-100.61
	2026-09-20 10:08:43.312,120.13028860,30.27087869,11.86,0.62,13,86.8,501,-97.59,0.20,423;411;507,-99.04;-99.48;-102.20,423;411,-99.04;-99.48
	2026-09-20 10:08:43.600,120.13027507,30.27087399,12.36,0.40,14,2.4,501,-98.89,-0.60,423;411;507,-100.73;-100.95;-102.20,423;411,-100.73;-100.95
	2026-09-20 10:08:43.841,120.13028798,30.27086674,11.68,0.53,9,116.9,501,-96.26,-0.69,423;417;507,-99.13;-102.18;-102.20,423;417,-99.13;-102.18
	2026-09-20 10:08:44.124,120.13027058,30.27088581,11.91,0.69,14,257.7,501,-94.64,3.06,423;411;507,-101.04;-101.35;-102.20,423;411,-101.04;-101.35
	2026-09-20 10:08:44.381,120.13028763,30.27088167,11.91,1.33,12,42.7,501,-96.60,0.36,417;423;507,-99.50;-101.20;-102.19,417;423,-99.50;-101.20
	2026-09-20 10:08:44.643,120.13027359,30.27086784,11.52,0.21,8,115.0,501,-97.46,-1.44,423;507;429,-98.94;-100.98;-101.27,423;507,-98.94;-100.98
	2026-09-20 10:08:44.949,120.13028822,30.27088863,11.51,0.69,11,317.5,501,-96.94,1.65,423;507;513,-101.41;-102.20;-102.20,423;507,-101.41;-102.20
	2026-09-20 10:08:45.203,120.13027836,30.27087975,11.98,0.63,13,122.0,501,-96.63,-2.23,423;507;513,-97.22;-99.77;-102.20,423;507,-97.22;-99.77
	2026-09-20 10:08:45.428,120.13026920,30.27088458,11.71,0.83,8,273.3,423,-98.63,-0.35,501;411;507,-99.54;-100.94;-102.20,501;411,-99.54;-100.94
	2026-09-20 10:08:45.744,120.13027206,30.27089211,12.12,0.58,13,189.7,501,-94.39,2.80,423;411;507,-97.78;-101.54;-102.20,423;411,-97.78;-101.54
	2026-09-20 10:08:45.977,120.13026879,30.27089301,12.02,0.23,14,249.8,501,-97.26,-1.97,423;507;513,-98.65;-102.20;-102.20,423;507,-98.65;-102.20
	2026-09-20 10:08:46.186,120.13027425,30.27089654,11.54,0.62,13,31.5,501,-99.36,-0.54,411;507;513,-101.28;-102.20;-102.20,411;507,-101.28;-102.20
	2026-09-20 10:08:46.476,120.13028897,30.27088882,11.60,0.63,11,307.1,501,-97.46,1.63,423;417;507,-99.59;-101.55;-102.20,423;417,-99.59;-101.55
	2026-09-20 10:08:46.775,120.13026848,30.27089828,11.65,0.98,12,90.8,501,-96.17,4.07,423;507;513,-102.10;-102.20;-102.20,423;507,-102.10;-102.20
	2026-09-20 10:08:47.059,120.13027961,30.27088008,11.74,1.22,11,218.7,501,-94.89,-0.34,423;507;513,-98.32;-102.20;-102.20,423;507,-98.32;-102.20
	2026-09-20 10:08:47.267,120.13028904,30.27088728,11.81,1.16,13,187.5,501,-98.24,-0.51,423;507;513,-99.71;-102.20;-102.20,423;507,-99.71;-102.20
	2026-09-20 10:08:47.557,120.13026875,30.27090128,12.12,0.94,8,125.3,501,-96.80,-1.78,423;411;429,-98.57;-100.78;-101.11,423;411,-98.57;-100.78
	2026-09-20 10:08:47.812,120.13028420,30.27089480,11.73,0.44,10,89.3,501,-96.68,-3.70,423;411;429,-97.14;-99.23;-102.06,423;411,-97.14;-99.23
	2026-09-20 10:08:47.994,120.13028601,30.27089165,12.14,0.48,10,21.8,501,-95.93,1.00,423;411;507,-99.16;-100.90;-102.20,423;411,-99.16;-100.90
	2026-09-20 10:08:48.296,120.13028014,30.27090527,12.01,1.04,14,274.5,501,-97.25,1.04,423;411;429,-100.23;-101.51;-102.01,423;411,-100.23;-101.51
	2026-09-20 10:08:48.544,120.13026736,30.27088980,12.37,0.74,11,17.7,501,-97.07,-1.93,411;423;507,-99.72;-99.90;-102.20,411;423,-99.72;-99.90
	2026-09-20 10:08:48.804,120.13027219,30.27090241,11.61,0.53,12,207.1,501,-95.83,1.62,423;507;513,-100.47;-102.20;-102.20,423;507,-100.47;-102.20
	2026-09-20 10:08:49.052,120.13028740,30.27090720,11.51,0.27,13,41.7,501,-98.33,1.39,429;507;513,-100.96;-102.20;-102.20,429;507,-100.96;-102.20
	2026-09-20 10:08:49.255,120.13027400,30.27091251,11.83,0.74,14,224.1,501,-97.78,1.45,417;507;513,-101.59;-102.20;-102.20,417;507,-101.59;-102.20
	2026-09-20 10:08:49.529,120.13027204,30.27090285,12.12,0.91,13,186.5,501,-95.29,1.93,423;417;507,-101.89;-102.09;-102.20,423;417,-101.89;-102.09
	2026-09-20 10:08:49.710,120.13026640,30.27091321,11.88,0.27,11,274.7,501,-98.17,0.12,423;411;507,-100.55;-102.12;-102.20,423;411,-100.55;-102.12
	2026-09-20 10:08:49.984,120.13028345,30.27090542,11.93,1.17,12,342.8,501,-94.92,0.25,423;507;513,-98.77;-102.20;-102.20,423;507,-98.77;-102.20
	2026-09-20 10:08:50.246,120.13027789,30.27090198,11.57,0.63,12,85.3,501,-99.35,-1.39,411;423;507,-100.72;-101.70;-102.20,411;423,-100.72;-101.70
	2026-09-20 10:08:50.485,120.13028097,30.27091804,12.41,0.46,9,30.5,501,-98.44,-1.21,423;507;513,-99.30;-102.20;-102.20,423;507,-99.30;-102.20
	2026-09-20 10:08:50.762,120.13027935,30.27092282,12.00,0.93,10,51.5,501,-96.12,1.25,423;411;513,-99.71;-100.79;-102.19,423;411,-99.71;-100.79
	2026-09-20 10:08:50.960,120.13028851,30.27092052,11.54,0.61,12,209.2,501,-96.69,-1.76,411;423;513,-98.81;-99.18;-102.18,411;423,-98.81;-99.18
	2026-09-20 10:08:51.272,120.13028613,30.27090680,11.64,0.59,8,108.9,501,-98.77,-1.64,423;411;507,-99.25;-101.81;-102.20,423;411,-99.25;-101.81
	2026-09-20 10:08:51.530,120.13026867,30.27091024,11.82,0.70,10,166.1,501,-98.21,1.82,411;417;507,-100.16;-100.86;-102.20,411;417,-100.16;-100.86
	2026-09-20 10:08:51.844,120.13028356,30.27090830,12.42,1.20,11,229.0,501,-98.13,0.01,423;513;507,-99.93;-101.87;-102.11,423;513,-99.93;-101.87
	2026-09-20 10:08:52.139,120.13027336,30.27092336,11.82,0.57,9,180.8,501,-95.15,1.39,411;423;507,-99.25;-101.37;-102.20,411;423,-99.25;-101.37
	2026-09-20 10:08:52.444,120.13028767,30.27092953,11.52,0.67,14,106.1,501,-97.58,0.24,423;417;507,-99.71;-99.88;-102.20,423;417,-99.71;-99.88
	2026-09-20 10:08:52.659,120.13027330,30.27092520,12.20,1.27,10,138.3,501,-98.07,-1.50,423;507;513,-98.38;-102.20;-102.20,423;507,-98.38;-102.20
	2026-09-20 10:08:52.865,120.13027520,30.27093069,12.14,0.78,14,287.2,501,-96.96,0.89,423;507;513,-99.51;-102.20;-102.20,423;507,-99.51;-102.20
	2026-09-20 10:08:53.049,120.13026742,30.27091852,12.11,1.16,12,99.1,501,-97.87,0.44,423;417;429,-100.42;-101.35;-101.44,423;417,-100.42;-101.35
	2026-09-20 10:08:53.321,120.13028643,30.27092611,12.21,0.85,14,136.9,501,-95.94,-0.38,423;411;417,-99.63;-100.29;-102.19,423;411,-99.63;-100.29
	2026-09-20 10:08:53.615,120.13027062,30.27093629,11.87,1.39,10,206.0,501,-95.10,1.60,411;423;507,-99.38;-99.95;-102.20,411;423,-99.38;-99.95
	2026-09-20 10:08:53.903,120.13027025,30.27093385,11.76,0.48,8,326.7,501,-99.11,-2.06,423;417;411,-100.04;-100.32;-100.81,423;417,-100.04;-100.32
	2026-09-20 10:08:54.140,120.13027259,30.27092953,11.82,0.55,13,115.2,501,-97.65,-0.90,423;507;513,-100.13;-102.20;-102.20,423;507,-100.13;-102.20
	2026-09-20 10:08:54.419,120.13027301,30.27092868,11.51,0.59,13,57.2,423,-98.30,-1.95,501;417;507,-98.57;-101.70;-102.20,501;417,-98.57;-101.70
	2026-09-20 10:08:54.659,120.13027504,30.27093923,11.69,0.25,14,325.1,501,-94.16,5.78,411;417;423,-101.03;-101.20;-101.96,411;417,-101.03;-101.20
	2026-09-20 10:08:54.879,120.13027854,30.27093621,12.25,0.34,13,209.4,501,-96.34,0.53,423;411;417,-98.77;-99.44;-102.05,423;411,-98.77;-99.44
	2026-09-20 10:08:55.179,120.13028319,30.27092959,11.59,0.30,14,330.1,501,-94.09,4.89,411;423;507,-101.03;-101.60;-102.20,411;423,-101.03;-101.60
	2026-09-20 10:08:55.368,120.13027293,30.27093690,11.66,1.30,14,80.8,501,-96.31,1.86,423;411;417,-99.41;-101.04;-101.57,423;411,-99.41;-101.04
	2026-09-20 10:08:55.566,120.13027407,30.27094661,12.06,1.17,14,84.8,501,-98.36,-1.43,423;429;507,-100.06;-101.11;-102.20,423;429,-100.06;-101.11
	2026-09-20 10:08:55.868,120.13027599,30.27093740,11.58,0.75,8,163.6,501,-97.00,-1.53,423;411;507,-99.11;-100.87;-102.20,423;411,-99.11;-100.87
	2026-09-20 10:08:56.114,120.13028980,30.27094619,11.78,0.63,9,64.3,501,-98.05,-1.72,423;507;513,-100.00;-102.20;-102.20,423;507,-100.00;-102.20
	2026-09-20 10:08:56.425,120.13028064,30.27093669,11.82,0.87,12,79.9,501,-98.44,-2.66,423;513;411,-99.37;-100.57;-102.06,423;513,-99.37;-100.57
	2026-09-20 10:08:56.708,120.13027440,30.27094623,11.88,0.67,8,29.1,501,-97.47,0.05,423;513;507,-100.97;-101.68;-102.20,423;513,-100.97;-101.68
	2026-09-20 10:08:56.963,120.13027674,30.27094776,11.86,0.73,8,311.3,423,-97.71,-3.27,501;411;507,-99.11;-100.32;-102.20,501;411,-99.11;-100.32
	2026-09-20 10:08:57.282,120.13028866,30.27095418,12.41,0.47,9,121.7,501,-98.42,2.31,507;513;429,-102.20;-102.20;-102.71,507;513,-102.20;-102.20
	2026-09-20 10:08:57.516,120.13028891,30.27095739,11.99,1.23,14,58.2,501,-97.33,0.18,423;411;429,-100.33;-100.44;-101.36,423;411,-100.33;-100.44
	2026-09-20 10:08:57.757,120.13027993,30.27095226,11.70,1.28,13,345.1,501,-95.12,3.00,411;423;417,-98.85;-100.63;-101.17,411;423,-98.85;-100.63
	2026-09-20 10:08:58.053,120.13027252,30.27095813,11.98,0.67,13,183.0,501,-93.49,2.44,411;423;417,-98.70;-100.25;-101.42,411;423,-98.70;-100.25
	2026-09-20 10:08:58.360,120.13027637,30.27095143,12.40,0.69,9,102.4,501,-96.68,0.56,411;507;513,-100.55;-102.20;-102.20,411;507,-100.55;-102.20
	2026-09-20 10:08:58.655,120.13026554,30.27095742,12.04,0.53,11,75.5,501,-98.09,1.19,423;507;513,-101.86;-102.20;-102.20,423;507,-101.86;-102.20
	2026-09-20 10:08:58.958,120.13026554,30.27095078,11.50,0.63,9,139.8,501,-94.80,2.95,411;429;507,-100.42;-102.14;-102.20,411;429,-100.42;-102.14
	2026-09-20 10:08:59.189,120.13027013,30.27096755,12.32,0.79,9,330.9,501,-95.72,3.61,423;411;507,-101.09;-101.70;-102.20,423;411,-101.09;-101.70
	2026-09-20 10:08:59.465,120.13027474,30.27095344,12.24,1.01,13,314.0,501,-96.54,2.84,423;507;513,-100.35;-102.20;-102.20,423;507,-100.35;-102.20
	2026-09-20 10:08:59.747,120.13027893,30.27096474,11.65,1.04,9,297.2,501,-95.09,3.66,411;417;507,-100.76;-101.88;-102.20,411;417,-100.76;-101.88
	2026-09-20 10:09:00.034,120.13026772,30.27097215,11.52,1.03,9,52.5,501,-93.67,0.76,423;429;411,-97.48;-100.53;-100.68,423;429,-97.48;-100.53
	2026-09-20 10:09:00.352,120.13028443,30.27096539,11.59,0.86,10,7.9,501,-94.01,3.92,423;507;513,-100.07;-102.20;-102.20,423;507,-100.07;-102.20
	2026-09-20 10:09:00.584,120.13027926,30.27097415,12.24,1.31,11,25.3,501,-97.08,3.20,417;423;411,-101.02;-102.03;-102.14,417;423,-101.02;-102.03
	2026-09-20 10:09:00.831,120.13028996,30.27095590,11.74,0.22,14,327.7,501,-98.27,-2.16,411;423;507,-99.47;-100.05;-101.68,411;423,-99.47;-100.05
	2026-09-20 10:09:01.113,120.13028351,30.27097371,12.35,1.20,8,222.7,501,-97.88,1.78,423;411;507,-101.32;-101.38;-102.20,423;411,-101.32;-101.38
	2026-09-20 10:09:01.342,120.13028079,30.27097323,12.49,0.85,14,38.2,501,-93.80,4.30,423;513;429,-99.20;-101.84;-102.13,423;513,-99.20;-101.84
	2026-09-20 10:09:01.542,120.13028632,30.27096461,12.34,1.33,10,313.6,501,-97.53,1.66,423;411;507,-100.98;-101.54;-102.20,423;411,-100.98;-101.54
	2026-09-20 10:09:01.735,120.13028854,30.27097648,11.81,1.10,14,12.7,501,-94.59,2.98,411;423;429,-101.27;-101.67;-102.09,411;423,-101.27;-101.67
	2026-09-20 10:09:02.029,120.13027986,30.27097644,11.64,0.86,12,172.9,501,-97.48,-1.25,411;417;423,-98.59;-99.78;-101.82,411;417,-98.59;-99.78
	2026-09-20 10:09:02.328,120.13028727,30.27097669,11.51,1.13,10,2.1,501,-96.80,2.49,411;423;507,-101.07;-101.28;-102.20,411;423,-101.07;-101.28
	2026-09-20 10:09:02.635,120.13028869,30.27097900,11.55,0.90,9,272.6,501,-97.09,-0.18,423;411;507,-99.04;-102.09;-102.20,423;411,-99.04;-102.09
	2026-09-20 10:09:02.885,120.13028475,30.27096743,11.75,1.20,9,115.0,411,-99.84,-2.67,501;423;513,-99.92;-101.01;-102.19,501;423,-99.92;-101.01
	2026-09-20 10:09:03.079,120.13028364,30.27098473,11.98,1.29,9,296.4,501,-97.86,-0.12,423;417;507,-99.68;-101.59;-102.20,423;417,-99.68;-101.59
	2026-09-20 10:09:03.338,120.13027107,30.27098905,12.43,0.26,12,130.0,501,-95.30,4.21,411;507;423,-100.17;-101.12;-101.52,411;507,-100.17;-101.12
	2026-09-20 10:09:03.544,120.13026972,30.27099297,12.13,0.88,10,187.1,501,-97.22,-0.49,411;423;507,-99.04;-99.97;-100.78,411;423,-99.04;-99.97
	2026-09-20 10:09:03.823,120.13028207,30.27099276,12.20,1.23,8,28.1,501,-96.71,0.27,411;423;417,-99.45;-101.49;-101.78,411;423,-99.45;-101.49
	2026-09-20 10:09:04.131,120.13028492,30.27098975,12.04,0.67,8,321.5,501,-93.94,3.85,411;507;513,-101.24;-102.20;-102.20,411;507,-101.24;-102.20
	2026-09-20 10:09:04.340,120.13026685,30.27097780,11.68,1.17,9,13.4,501,-95.21,0.77,423;411;507,-98.61;-100.79;-102.20,423;411,-98.61;-100.79
	2026-09-20 10:09:04.602,120.13027903,30.27098440,12.04,0.50,10,203.4,501,-94.09,2.40,417;423;411,-100.53;-100.58;-101.68,417;423,-100.53;-100.58
	2026-09-20 10:09:04.799,120.13027982,30.27098188,12.12,1.08,14,93.0,501,-98.05,0.76,411;507;513,-99.90;-102.20;-102.20,411;507,-99.90;-102.20
	2026-09-20 10:09:05.087,120.13027810,30.27099895,12.13,0.92,10,246.1,501,-96.69,-1.64,411;423;429,-99.18;-100.77;-102.06,411;423,-99.18;-100.77
	2026-09-20 10:09:05.397,120.13028921,30.27099153,11.58,0.33,14,168.5,501,-95.87,3.30,423;411;507,-100.81;-102.18;-102.20,423;411,-100.81;-102.18
	2026-09-20 10:09:05.657,120.13026676,30.27099856,12.07,0.25,8,96.7,501,-93.92,5.04,411;423;513,-99.90;-100.25;-102.06,411;423,-99.90;-100.25
	2026-09-20 10:09:05.968,120.13027707,30.27100013,12.47,1.16,11,315.6,501,-98.36,-1.71,423;507;513,-99.61;-102.20;-102.20,423;507,-99.61;-102.20
	2026-09-20 10:09:06.217,120.13028160,30.27099082,11.95,1.20,12,122.1,501,-96.81,-2.79,411;423;507,-97.35;-101.03;-102.20,411;423,-97.35;-101.03
	2026-09-20 10:09:06.504,120.13027779,30.27100606,12.34,1.16,8,10.8,501,-97.31,-0.25,411;423;417,-99.51;-102.01;-102.09,411;423,-99.51;-102.01
	2026-09-20 10:09:06.811,120.13028929,30.27100614,11.98,0.21,14,87.5,501,-97.98,-1.68,411;423;417,-98.75;-100.27;-101.49,411;423,-98.75;-100.27
	2026-09-20 10:09:07.111,120.13027747,30.27100805,11.92,0.26,8,63.9,501,-99.08,-1.46,423;429;507,-100.72;-101.25;-102.20,423;429,-100.72;-101.25
	2026-09-20 10:09:07.416,120.13028698,30.27099891,12.24,1.23,14,111.5,501,-94.68,3.39,411;507;513,-101.16;-102.20;-102.20,411;507,-101.16;-102.20
	2026-09-20 10:09:07.731,120.13026601,30.27100281,11.97,1.08,13,99.7,501,-94.00,6.39,513;507;429,-102.15;-102.20;-102.22,513;507,-102.15;-102.20
	2026-09-20 10:09:07.927,120.13028696,30.27100244,11.76,0.56,11,63.1,501,-95.39,2.12,411;507;513,-100.28;-102.20;-102.20,411;507,-100.28;-102.20
	2026-09-20 10:09:08.173,120.13028478,30.27100182,12.20,0.88,12,356.2,501,-94.06,4.04,423;411;417,-100.85;-101.45;-101.61,423;411,-100.85;-101.45
	2026-09-20 10:09:08.386,120.13027752,30.27101683,12.47,0.93,11,90.9,501,-96.07,0.90,423;411;513,-101.38;-101.48;-101.82,423;411,-101.38;-101.48
	2026-09-20 10:09:08.612,120.13028464,30.27101656,11.54,1.14,12,223.8,501,-95.51,2.93,411;429;507,-99.79;-101.24;-102.20,411;429,-99.79;-101.24
	2026-09-20 10:09:08.845,120.13026644,30.27101653,11.60,0.31,11,173.4,501,-94.20,3.50,411;507;513,-100.81;-102.20;-102.20,411;507,-100.81;-102.20
	2026-09-20 10:09:09.099,120.13027166,30.27101667,11.80,0.20,11,171.4,501,-95.58,1.09,411;417;507,-99.94;-102.17;-102.20,411;417,-99.94;-102.17
	2026-09-20 10:09:09.301,120.13027706,30.27102171,12.18,0.71,14,257.2,501,-96.59,-0.29,411;429;507,-100.36;-100.37;-102.20,411;429,-100.36;-100.37
	2026-09-20 10:09:09.515,120.13028155,30.27100794,12.21,0.33,8,247.5,501,-96.36,-0.80,411;507;513,-101.71;-102.20;-102.20,411;507,-101.71;-102.20
	2026-09-20 10:09:09.698,120.13028380,30.27102647,12.48,0.41,13,120.8,411,-97.27,-2.34,501;507;513,-97.97;-102.20;-102.20,501;507,-97.97;-102.20
	2026-09-20 10:09:09.985,120.13027194,30.27101484,12.05,0.89,13,267.2,501,-95.15,0.99,411;423;417,-99.33;-101.07;-101.39,411;423,-99.33;-101.07
	2026-09-20 10:09:10.209,120.13027713,30.27100888,11.67,0.71,9,59.7,501,-97.04,-1.83,411;429;507,-99.51;-101.26;-102.20,411;429,-99.51;-101.26
	2026-09-20 10:09:10.489,120.13027394,30.27102276,11.92,1.23,11,351.7,501,-94.42,5.43,423;411;507,-101.09;-101.16;-102.20,423;411,-101.09;-101.16
	2026-09-20 10:09:10.711,120.13028850,30.27101566,12.14,0.95,14,338.9,501,-94.92,2.67,417;507;513,-101.11;-102.20;-102.20,417;507,-101.11;-102.20
	2026-09-20 10:09:10.948,120.13028957,30.27101460,12.36,0.32,10,12.6,501,-98.39,1.17,507;513;411,-102.20;-102.20;-102.79,507;513,-102.20;-102.20
	2026-09-20 10:09:11.213,120.13027898,30.27102636,11.68,0.63,10,217.1,501,-99.40,-0.24,423;411;507,-101.85;-101.94;-102.20,423;411,-101.85;-101.94
	2026-09-20 10:09:11.464,120.13027127,30.27101991,12.39,0.29,10,140.4,501,-98.66,-1.84,423;411;507,-99.91;-100.07;-102.20,423;411,-99.91;-100.07
	2026-09-20 10:09:11.693,120.13028956,30.27102432,12.32,1.23,9,11.3,501,-97.29,-0.30,411;507;513,-99.47;-102.20;-102.20,411;507,-99.47;-102.20
	2026-09-20 10:09:11.954,120.13028324,30.27103194,11.77,0.21,13,226.9,501,-99.00,-3.52,411;513;507,-99.02;-101.74;-102.20,411;513,-99.02;-101.74
	2026-09-20 10:09:12.234,120.13027039,30.27103405,12.41,0.23,9,200.4,501,-93.98,0.33,411;513;429,-97.85;-100.09;-101.45,411;513,-97.85;-100.09
	2026-09-20 10:09:12.482,120.13028670,30.27103791,11.66,0.78,9,256.1,501,-97.55,1.34,513;411;507,-100.38;-102.09;-102.20,513;411,-100.38;-102.09
	2026-09-20 10:09:12.787,120.13028999,30.27102469,11.88,1.35,14,87.0,501,-95.28,2.78,411;423;513,-100.13;-101.08;-101.40,411;423,-100.13;-101.08
	2026-09-20 10:09:13.033,120.13028401,30.27104234,12.31,1.23,10,71.1,501,-99.17,-0.31,423;411;507,-100.94;-101.26;-102.20,423;411,-100.94;-101.26
	2026-09-20 10:09:13.327,120.13027768,30.27103127,12.18,0.38,10,61.0,501,-95.62,0.03,411;507;513,-99.28;-102.20;-102.20,411;507,-99.28;-102.20
	2026-09-20 10:09:13.610,120.13028974,30.27103274,12.07,1.35,13,321.7,501,-96.98,-0.96,411;423;507,-99.15;-100.45;-102.20,411;423,-99.15;-100.45
	2026-09-20 10:09:13.862,120.13027521,30.27103855,12.04,1.16,11,130.7,501,-94.72,3.43,411;507;513,-98.91;-102.20;-102.20,411;507,-98.91;-102.20
	2026-09-20 10:09:14.169,120.13027318,30.27103147,12.45,0.37,8,186.1,501,-95.18,1.64,411;429;423,-98.47;-101.87;-102.03,411;429,-98.47;-101.87
	2026-09-20 10:09:14.460,120.13027021,30.27103196,12.09,1.03,10,97.8,501,-94.05,3.41,423;411;507,-100.15;-100.97;-102.20,423;411,-100.15;-100.97
	2026-09-20 10:09:14.749,120.13027343,30.27104644,11.54,0.78,9,89.5,501,-95.37,2.39,411;423;507,-101.10;-101.72;-102.20,411;423,-101.10;-101.72
	2026-09-20 10:09:15.068,120.13028455,30.27104221,12.04,1.22,10,63.3,501,-95.11,3.16,411;417;507,-100.37;-102.17;-102.20,411;417,-100.37;-102.17
	2026-09-20 10:09:15.369,120.13026679,30.27105315,12.08,0.32,13,114.8,501,-97.03,-0.09,423;411;507,-99.76;-101.09;-102.20,423;411,-99.76;-101.09
	2026-09-20 10:09:15.634,120.13028084,30.27105297,12.13,0.77,13,176.9,501,-94.41,3.58,411;423;417,-100.21;-101.11;-102.17,411;423,-100.21;-101.11
	2026-09-20 10:09:15.936,120.13028750,30.27104545,12.49,0.73,10,283.4,501,-98.41,-2.75,411;507;513,-99.25;-102.20;-102.20,411;507,-99.25;-102.20
	2026-09-20 10:09:16.165,120.13028169,30.27104969,11.58,0.24,9,31.5,501,-94.62,3.03,411;507;423,-100.33;-101.87;-102.14,411;507,-100.33;-101.87
	2026-09-20 10:09:16.401,120.13028566,30.27106225,11.93,0.49,12,199.8,501,-95.83,1.06,411;417;423,-99.53;-100.41;-100.62,411;417,-99.53;-100.41
	2026-09-20 10:09:16.598,120.13028713,30.27105844,12.30,1.31,8,219.8,501,-97.14,0.38,411;423;417,-100.51;-101.85;-102.14,411;423,-100.51;-101.85
	2026-09-20 10:09:16.887,120.13027388,30.27105356,11.83,0.54,9,236.4,501,-93.55,4.72,411;417;429,-99.76;-101.97;-102.17,411;417,-99.76;-101.97
	2026-09-20 10:09:17.087,120.13027051,30.27104648,12.33,0.44,14,205.6,501,-95.85,2.37,417;411;423,-100.82;-101.78;-101.82,417;411,-100.82;-101.78
	2026-09-20 10:09:17.395,120.13026563,30.27105394,12.34,0.46,10,250.5,501,-98.33,-1.27,411;507;513,-99.55;-102.20;-102.20,411;507,-99.55;-102.20
	2026-09-20 10:09:17.708,120.13027674,30.27106435,12.07,1.21,8,94.7,411,-96.26,0.18,501;423;429,-98.08;-100.85;-101.45,501;423,-98.08;-100.85
	2026-09-20 10:09:17.982,120.13028277,30.27105186,12.38,0.87,11,197.6,501,-95.76,0.56,411;423;507,-99.16;-99.69;-102.20,411;423,-99.16;-99.69
	2026-09-20 10:09:18.299,120.13026811,30.27105731,11.83,0.26,14,22.1,501,-94.41,3.46,411;423;507,-99.92;-101.10;-101.77,411;423,-99.92;-101.10
	2026-09-20 10:09:18.503,120.13027160,30.27105819,11.67,0.43,14,347.1,501,-97.71,1.68,411;507;513,-101.59;-102.20;-102.20,411;507,-101.59;-102.20
	2026-09-20 10:09:18.713,120.13027251,30.27106822,12.46,0.51,11,103.5,501,-95.43,4.06,411;423;507,-99.14;-101.41;-102.20,411;423,-99.14;-101.41
	2026-09-20 10:09:18.932,120.13026911,30.27107133,12.07,0.56,8,314.6,501,-94.21,5.37,411;423;507,-101.05;-101.99;-102.20,411;423,-101.05;-101.99
	2026-09-20 10:09:19.199,120.13027566,30.27106585,11.57,0.25,13,265.9,501,-94.47,4.81,411;423;507,-100.79;-100.95;-102.20,411;423,-100.79;-100.95
	2026-09-20 10:09:19.442,120.13027838,30.27106984,11.81,0.89,13,41.7,501,-97.72,-2.58,411;429;423,-99.56;-100.60;-102.01,411;429,-99.56;-100.60
	2026-09-20 10:09:19.730,120.13028845,30.27108110,11.73,0.70,13,30.9,501,-96.47,-0.44,411;507;513,-98.58;-102.20;-102.20,411;507,-98.58;-102.20
	2026-09-20 10:09:19.988,120.13027238,30.27108310,12.34,1.03,10,59.5,501,-95.63,2.97,423;411;513,-100.23;-100.36;-101.47,423;411,-100.23;-100.36
	2026-09-20 10:09:20.238,120.13026848,30.27108367,12.09,0.74,11,159.2,501,-94.50,2.27,411;507;513,-98.94;-101.27;-102.20,411;507,-98.94;-101.27
	2026-09-20 10:09:20.478,120.13027709,30.27107137,12.00,1.30,10,280.9,501,-95.73,-0.16,411;423;507,-98.71;-101.91;-102.20,411;423,-98.71;-101.91
	2026-09-20 10:09:20.786,120.13026619,30.27107740,12.34,0.25,11,192.7,501,-94.67,1.76,411;417;429,-99.81;-101.33;-101.80,411;417,-99.81;-101.33
	2026-09-20 10:09:21.043,120.13026757,30.27107109,12.10,1.14,8,17.3,501,-94.99,3.18,411;507;513,-100.95;-101.73;-101.76,411;507,-100.95;-101.73
	2026-09-20 10:09:21.289,120.13027276,30.27107971,11.77,1.22,8,66.6,501,-97.17,0.58,411;507;513,-100.37;-101.80;-102.20,411;507,-100.37;-101.80
	2026-09-20 10:09:21.473,120.13028498,30.27108026,12.35,1.30,14,56.5,501,-96.29,-0.40,411;507;513,-99.25;-102.20;-102.20,411;507,-99.25;-102.20
	2026-09-20 10:09:21.733,120.13027880,30.27108552,11.79,0.88,9,66.6,501,-97.19,1.86,513;507;411,-99.98;-102.20;-102.44,513;507,-99.98;-102.20
	2026-09-20 10:09:21.960,120.13028980,30.27107353,12.46,1.31,9,87.9,411,-98.70,0.40,501;513;507,-100.42;-101.67;-102.20,501;513,-100.42;-101.67
	2026-09-20 10:09:22.184,120.13026584,30.27107832,12.05,1.32,10,334.7,501,-95.63,3.54,429;411;513,-100.28;-101.31;-101.38,429;411,-100.28;-101.31
	2026-09-20 10:09:22.422,120.13028895,30.27108513,12.45,0.34,13,215.2,501,-96.28,0.29,411;507;513,-99.45;-102.20;-102.20,411;507,-99.45;-102.20
	2026-09-20 10:09:22.709,120.13027913,30.27108304,12.07,0.63,13,232.6,501,-97.87,-1.99,423;411;429,-98.95;-99.30;-100.52,423;411,-98.95;-99.30
	2026-09-20 10:09:22.940,120.13026691,30.27107923,12.23,0.25,10,77.1,411,-96.55,-3.46,501;429;507,-97.11;-100.27;-102.20,501;429,-97.11;-100.27
	2026-09-20 10:09:23.214,120.13028646,30.27108137,12.43,1.09,13,324.0,501,-97.86,-0.08,411;507;513,-101.55;-102.20;-102.20,411;507,-101.55;-102.20
	2026-09-20 10:09:23.436,120.13027569,30.27108279,12.06,0.83,11,7.8,501,-96.74,0.38,411;429;507,-99.75;-101.80;-102.20,411;429,-99.75;-101.80
	2026-09-20 10:09:23.649,120.13027008,30.27108633,12.06,0.53,9,293.4,501,-96.38,1.41,411;507;513,-99.68;-102.20;-102.20,411;507,-99.68;-102.20
	2026-09-20 10:09:23.885,120.13027421,30.27108815,12.47,0.87,10,126.6,501,-93.38,5.00,411;507;513,-100.38;-102.20;-102.20,411;507,-100.38;-102.20
	2026-09-20 10:09:24.181,120.13027969,30.27110063,12.05,0.38,11,267.0,501,-95.26,2.31,411;513;507,-99.93;-101.54;-102.20,411;513,-99.93;-101.54
	2026-09-20 10:09:24.369,120.13027483,30.27110441,12.14,0.91,10,240.5,501,-96.63,-0.30,411;507;513,-98.59;-102.20;-102.20,411;507,-98.59;-102.20
	2026-09-20 10:09:24.558,120.13028214,30.27110588,12.10,0.87,11,329.8,411,-98.86,-3.99,501;507;513,-99.29;-102.20;-102.20,501;507,-99.29;-102.20
	2026-09-20 10:09:24.848,120.13027256,30.27110688,12.30,1.14,11,15.1,501,-98.29,-1.50,411;513;507,-98.56;-101.87;-102.20,411;513,-98.56;-101.87
	2026-09-20 10:09:25.167,120.13027885,30.27111175,12.39,0.70,12,207.8,501,-94.71,1.98,411;429;507,-99.61;-101.92;-102.20,411;429,-99.61;-101.92
	2026-09-20 10:09:25.374,120.13028615,30.27110060,11.70,1.29,11,17.4,501,-96.14,2.03,429;417;411,-100.70;-100.82;-101.85,429;417,-100.70;-100.82
	2026-09-20 10:09:25.611,120.13026668,30.27111169,11.53,0.85,8,108.6,501,-95.65,-0.75,411;423;507,-97.45;-100.57;-102.20,411;423,-97.45;-100.57
	2026-09-20 10:09:25.851,120.13028304,30.27110510,12.06,0.83,14,337.7,501,-95.55,2.83,411;417;507,-99.91;-101.36;-102.20,411;417,-99.91;-101.36
	2026-09-20 10:09:26.109,120.13027109,30.27109839,11.59,1.03,8,262.1,501,-98.12,-0.59,411;507;513,-100.04;-102.20;-102.20,411;507,-100.04;-102.20
	2026-09-20 10:09:26.423,120.13026729,30.27111890,12.21,0.41,9,111.0,501,-94.76,2.54,423;411;507,-100.03;-100.38;-102.20,423;411,-100.03;-100.38
	2026-09-20 10:09:26.610,120.13028205,30.27110721,12.12,1.19,11,256.3,501,-94.64,-2.45,411;513;429,-94.73;-99.27;-101.66,411;513,-94.73;-99.27
	2026-09-20 10:09:26.890,120.13027249,30.27110357,11.69,1.05,13,349.0,501,-95.01,1.38,411;513;507,-99.76;-100.63;-102.20,411;513,-99.76;-100.63
	2026-09-20 10:09:27.159,120.13028037,30.27111908,11.50,0.72,11,81.4,501,-94.44,1.78,411;507;513,-98.42;-102.20;-102.20,411;507,-98.42;-102.20
	2026-09-20 10:09:27.459,120.13027011,30.27111358,12.25,0.35,12,35.6,501,-93.35,2.68,411;507;513,-97.44;-102.20;-102.20,411;507,-97.44;-102.20
	2026-09-20 10:09:27.763,120.13027656,30.27111226,12.32,0.56,12,135.6,501,-94.97,0.94,411;423;507,-99.83;-102.01;-102.20,411;423,-99.83;-102.01
	2026-09-20 10:09:28.020,120.13026935,30.27110855,12.12,0.21,11,323.2,501,-96.41,2.16,411;423;507,-99.82;-100.52;-102.06,411;423,-99.82;-100.52
	2026-09-20 10:09:28.327,120.13028309,30.27111756,11.79,0.47,8,6.8,501,-95.75,0.18,411;429;507,-98.34;-100.36;-102.20,411;429,-98.34;-100.36
	2026-09-20 10:09:28.514,120.13028102,30.27111153,12.41,1.24,14,285.7,501,-95.72,0.36,411;507;513,-100.09;-102.20;-102.20,411;507,-100.09;-102.20
	2026-09-20 10:09:28.724,120.13028063,30.27112607,11.55,1.24,11,69.2,501,-96.11,-2.06,411;513;507,-96.68;-101.11;-102.20,411;513,-96.68;-101.11
	2026-09-20 10:09:28.947,120.13027020,30.27112305,12.27,0.70,10,11.6,501,-95.89,0.42,411;507;513,-99.88;-102.20;-102.20,411;507,-99.88;-102.20
	2026-09-20 10:09:29.223,120.13027898,30.27111995,11.83,1.00,13,218.7,501,-97.56,-1.08,411;507;513,-99.38;-102.20;-102.20,411;507,-99.38;-102.20
	2026-09-20 10:09:29.449,120.13027774,30.27112127,12.26,0.84,13,275.3,501,-94.51,3.75,411;417;507,-100.03;-101.26;-102.20,411;417,-100.03;-101.26
	2026-09-20 10:09:29.677,120.13027451,30.27113712,11.87,0.93,9,231.7,501,-96.75,1.83,411;513;507,-101.42;-101.65;-102.20,411;513,-101.42;-101.65
	2026-09-20 10:09:29.905,120.13028587,30.27112189,12.10,0.87,13,112.3,501,-93.77,2.27,411;429;507,-98.07;-101.67;-102.20,411;429,-98.07;-101.67
	2026-09-20 10:09:30.102,120.13028325,30.27114131,11.66,0.25,13,79.3,501,-96.42,1.99,411;507;513,-101.20;-102.20;-102.20,411;507,-101.20;-102.20
	2026-09-20 10:09:30.414,120.13026900,30.27113730,12.26,0.92,11,214.9,411,-97.38,-1.65,501;429;507,-97.72;-100.79;-102.20,501;429,-97.72;-100.79
	2026-09-20 10:09:30.733,120.13028879,30.27113729,12.10,1.04,8,51.4,501,-98.39,-1.70,411;507;513,-99.60;-102.20;-102.20,411;507,-99.60;-102.20
	2026-09-20 10:09:31.020,120.13029008,30.27114356,11.93,0.69,13,264.1,501,-93.66,3.60,411;429;507,-100.01;-101.61;-102.20,411;429,-100.01;-101.61
	2026-09-20 10:09:31.298,120.13028289,30.27113670,11.64,0.48,8,115.0,501,-96.79,0.90,411;507;513,-100.20;-102.20;-102.20,411;507,-100.20;-102.20
	2026-09-20 10:09:31.553,120.13027741,30.27112879,11.64,0.88,14,281.3,501,-96.43,2.30,411;429;417,-100.34;-101.04;-101.58,411;429,-100.34;-101.04
	2026-09-20 10:09:31.777,120.13029014,30.27114967,11.52,1.18,14,7.3,411,-96.61,-1.00,501;507;513,-97.12;-102.20;-102.20,501;507,-97.12;-102.20
	2026-09-20 10:09:31.978,120.13026624,30.27114239,11.97,1.14,10,103.7,501,-97.22,-0.44,411;507;513,-98.96;-101.97;-102.20,411;507,-98.96;-101.97
	2026-09-20 10:09:32.296,120.13027083,30.27113367,12.16,0.91,11,51.5,501,-95.90,-0.20,411;513;423,-99.65;-100.41;-102.19,411;513,-99.65;-100.41
	2026-09-20 10:09:32.591,120.13027400,30.27113803,11.76,1.38,9,12.6,411,-95.93,-0.30,501;513;507,-97.07;-100.87;-102.20,501;513,-97.07;-100.87
	2026-09-20 10:09:32.818,120.13027845,30.27115312,11.60,1.20,11,269.7,501,-95.08,3.42,411;423;507,-100.14;-102.15;-102.20,411;423,-100.14;-102.15
	2026-09-20 10:09:33.097,120.13028943,30.27114491,12.25,0.98,10,303.4,501,-94.25,0.47,411;423;513,-98.53;-100.53;-101.47,411;423,-98.53;-100.53
	2026-09-20 10:09:33.376,120.13028803,30.27114378,11.79,1.39,14,61.3,501,-96.00,0.50,411;423;507,-100.09;-101.72;-102.20,411;423,-100.09;-101.72
	2026-09-20 10:09:33.681,120.13026766,30.27115910,12.03,0.36,10,96.3,501,-95.60,2.30,411;429;507,-98.02;-101.90;-102.20,411;429,-98.02;-101.90
	2026-09-20 10:09:33.930,120.13028266,30.27115898,12.47,1.18,8,293.4,501,-96.70,-1.24,411;513;429,-98.88;-100.59;-101.61,411;513,-98.88;-100.59
	2026-09-20 10:09:34.228,120.13026824,30.27115070,11.99,0.76,11,352.7,501,-97.18,-3.44,411;513;507,-97.69;-98.68;-102.20,411;513,-97.69;-98.68
	2026-09-20 10:09:34.514,120.13027247,30.27116025,12.25,0.28,8,77.6,501,-95.84,1.84,411;513;429,-98.66;-101.14;-101.70,411;513,-98.66;-101.14
	2026-09-20 10:09:34.721,120.13027658,30.27114787,12.11,0.27,13,214.9,501,-94.31,1.64,411;423;417,-98.45;-101.66;-102.15,411;423,-98.45;-101.66
	2026-09-20 10:09:34.985,120.13027434,30.27116236,11.67,0.29,11,92.8,501,-98.21,-2.36,411;423;507,-99.98;-100.64;-102.20,411;423,-99.98;-100.64
	2026-09-20 10:09:35.190,120.13027507,30.27115597,12.18,0.33,8,49.9,501,-94.78,2.28,411;513;507,-99.14;-101.17;-102.20,411;513,-99.14;-101.17
	2026-09-20 10:09:35.446,120.13028972,30.27116988,12.08,0.40,14,159.5,501,-97.03,-0.15,411;507;513,-99.13;-102.20;-102.20,411;507,-99.13;-102.20
	2026-09-20 10:09:35.659,120.13027452,30.27115643,11.56,1.04,9,35.4,411,-96.70,-1.40,501;507;513,-97.27;-102.20;-102.20,501;507,-97.27;-102.20
	2026-09-20 10:09:35.968,120.13028301,30.27115696,12.29,0.62,10,44.9,501,-96.90,1.93,411;507;513,-100.81;-102.20;-102.20,411;507,-100.81;-102.20
	2026-09-20 10:09:36.172,120.13028155,30.27116122,11.56,1.02,12,122.6,411,-98.09,0.60,423;501;507,-101.28;-101.68;-102.20,423;501,-101.28;-101.68
	2026-09-20 10:09:36.479,120.13028020,30.27116759,12.26,1.20,10,299.6,411,-95.52,-2.72,501;507;513,-96.50;-102.20;-102.20,501;507,-96.50;-102.20
	2026-09-20 10:09:36.733,120.13026920,30.27116693,11.81,0.69,13,129.2,501,-94.03,4.02,411;507;513,-99.04;-102.20;-102.20,411;507,-99.04;-102.20
	2026-09-20 10:09:36.913,120.13028288,30.27117611,11.75,1.06,13,326.4,501,-94.30,-1.38,411;507;513,-95.60;-102.20;-102.20,411;507,-95.60;-102.20
	2026-09-20 10:09:37.123,120.13027921,30.27117287,11.60,0.30,12,75.1,501,-95.81,0.16,411;507;513,-98.35;-102.20;-102.20,411;507,-98.35;-102.20
	2026-09-20 10:09:37.429,120.13028302,30.27116317,12.14,1.27,11,152.1,501,-96.61,-0.96,411;507;513,-97.78;-102.20;-102.20,411;507,-97.78;-102.20
	2026-09-20 10:09:37.722,120.13026763,30.27117981,12.15,0.65,10,55.3,501,-93.93,2.22,411;507;513,-98.55;-101.28;-102.20,411;507,-98.55;-101.28
	2026-09-20 10:09:38.000,120.13028094,30.27117438,11.92,0.77,8,287.3,501,-95.33,2.49,411;507;513,-100.20;-102.20;-102.20,411;507,-100.20;-102.20
	2026-09-20 10:09:38.231,120.13028592,30.27117251,11.83,1.08,12,266.7,501,-94.19,1.52,411;429;507,-98.38;-101.29;-102.20,411;429,-98.38;-101.29
	2026-09-20 10:09:38.459,120.13027291,30.27118652,11.78,0.95,14,54.5,411,-95.57,-2.09,501;507;513,-96.80;-102.20;-102.20,501;507,-96.80;-102.20
	2026-09-20 10:09:38.719,120.13027462,30.27118688,11.73,0.26,8,353.0,411,-94.20,-0.14,501;513;507,-97.01;-100.28;-102.20,501;513,-97.01;-100.28
	2026-09-20 10:09:38.962,120.13027720,30.27117922,12.12,0.34,13,163.0,501,-92.01,3.97,411;429;507,-98.76;-101.34;-102.20,411;429,-98.76;-101.34
	2026-09-20 10:09:39.221,120.13027088,30.27117521,12.13,0.80,13,250.9,411,-94.88,-0.23,501;417;507,-96.93;-101.48;-102.20,501;417,-96.93;-101.48
	2026-09-20 10:09:39.501,120.13027167,30.27118832,11.72,1.37,13,322.3,501,-94.73,0.75,411;513;507,-98.15;-100.75;-102.20,411;513,-98.15;-100.75
	2026-09-20 10:09:39.806,120.13027970,30.27118612,11.64,1.03,11,279.6,501,-96.45,-1.13,411;417;507,-97.07;-101.48;-102.20,411;417,-97.07;-101.48
	2026-09-20 10:09:39.990,120.13028138,30.27119512,11.67,1.10,8,65.6,411,-93.48,-1.42,501;513;417,-95.37;-100.24;-101.98,501;513,-95.37;-100.24
	2026-09-20 10:09:40.246,120.13026877,30.27118196,11.75,0.41,14,67.2,411,-95.03,-0.20,513;501;423,-98.75;-99.38;-101.83,513;501,-98.75;-99.38
	2026-09-20 10:09:40.525,120.13028511,30.27117834,11.86,0.68,14,22.9,501,-97.58,-1.56,411;513;507,-97.87;-101.47;-102.20,411;513,-97.87;-101.47
	2026-09-20 10:09:40.825,120.13027448,30.27118730,11.85,0.51,10,79.2,501,-94.16,1.66,411;429;507,-98.00;-100.74;-102.20,411;429,-98.00;-100.74
	2026-09-20 10:09:41.112,120.13028936,30.27119194,11.60,1.29,11,73.0,501,-95.33,-1.74,411;429;417,-95.34;-101.45;-101.71,411;429,-95.34;-101.45
	2026-09-20 10:09:41.292,120.13027763,30.27119650,12.47,0.41,10,317.3,411,-96.89,-0.15,501;507;513,-97.51;-102.20;-102.20,501;507,-97.51;-102.20
	2026-09-20 10:09:41.530,120.13026870,30.27118473,12.16,0.46,14,192.2,501,-95.35,0.29,411;507;513,-98.54;-102.20;-102.20,411;507,-98.54;-102.20
	2026-09-20 10:09:41.728,120.13027377,30.27119895,11.68,0.42,9,359.2,501,-97.12,-0.43,411;417;507,-100.06;-101.25;-102.20,411;417,-100.06;-101.25
	2026-09-20 10:09:42.007,120.13026970,30.27119551,12.37,1.26,10,148.4,501,-96.00,-1.45,411;429;507,-96.59;-98.79;-102.20,411;429,-96.59;-98.79
	2026-09-20 10:09:42.307,120.13028019,30.27120459,12.32,0.33,10,356.4,411,-95.17,0.65,501;423;513,-98.85;-100.54;-101.90,501;423,-98.85;-100.54
	2026-09-20 10:09:42.494,120.13026991,30.27120595,12.29,0.91,12,159.1,411,-94.20,-0.50,501;513;507,-94.73;-102.01;-102.20,501;513,-94.73;-102.01
	2026-09-20 10:09:42.733,120.13028198,30.27119410,11.65,0.46,9,355.2,501,-96.41,-2.09,411;507;513,-97.05;-102.20;-102.20,411;507,-97.05;-102.20
	2026-09-20 10:09:42.937,120.13026800,30.27119719,12.41,0.49,8,165.9,501,-94.60,0.02,411;507;513,-96.53;-102.20;-102.20,411;507,-96.53;-102.20
	2026-09-20 10:09:43.117,120.13027409,30.27120657,11.74,0.59,13,81.4,501,-93.57,0.10,411;507;513,-95.27;-102.20;-102.20,411;507,-95.27;-102.20
	2026-09-20 10:09:43.403,120.13027780,30.27120797,12.11,1.02,11,330.7,411,-96.62,-1.53,501;417;507,-97.12;-101.46;-102.20,501;417,-97.12;-101.46
	2026-09-20 10:09:43.660,120.13029032,30.27121068,12.06,0.47,9,1.9,411,-95.24,-0.14,501;417;507,-96.29;-102.09;-102.20,501;417,-96.29;-102.09
	2026-09-20 10:09:43.971,120.13028253,30.27120203,11.55,0.63,14,234.2,501,-94.57,2.21,411;429;507,-98.23;-102.16;-102.20,411;429,-98.23;-102.16
	2026-09-20 10:09:44.199,120.13028267,30.27121277,12.21,0.41,13,183.1,501,-94.52,2.02,411;507;513,-97.43;-102.20;-102.20,411;507,-97.43;-102.20
	2026-09-20 10:09:44.419,120.13029018,30.27122164,11.69,0.68,11,165.9,501,-95.23,-0.80,411;507;513,-97.38;-102.20;-102.20,411;507,-97.38;-102.20
	2026-09-20 10:09:44.611,120.13028891,30.27120441,12.15,0.20,10,168.3,501,-93.44,-0.52,411;507;513,-94.93;-102.20;-102.20,411;507,-94.93;-102.20
	2026-09-20 10:09:44.916,120.13027215,30.27121512,11.54,1.11,14,91.2,501,-95.23,1.19,411;513;507,-97.89;-102.15;-102.20,411;513,-97.89;-102.15
	2026-09-20 10:09:45.160,120.13028366,30.27122136,11.57,1.32,11,234.0,501,-95.55,-0.71,411;423;507,-97.19;-101.48;-102.20,411;423,-97.19;-101.48
	2026-09-20 10:09:45.360,120.13027420,30.27121230,11.79,0.92,12,297.0,501,-93.31,3.24,411;423;513,-97.29;-100.59;-101.86,411;423,-97.29;-100.59
	2026-09-20 10:09:45.607,120.13027735,30.27122833,12.48,1.18,12,263.0,501,-95.15,-2.56,411;417;507,-95.74;-101.92;-102.20,411;417,-95.74;-101.92
	2026-09-20 10:09:45.846,120.13027413,30.27122705,11.51,0.49,10,105.8,411,-93.10,2.08,501;507;513,-96.27;-102.20;-102.20,501;507,-96.27;-102.20
	2026-09-20 10:09:46.055,120.13028276,30.27121162,11.59,0.82,8,41.5,501,-96.51,-0.69,411;417;507,-99.77;-102.11;-102.20,411;417,-99.77;-102.11
	2026-09-20 10:09:46.330,120.13027479,30.27121560,11.60,1.01,10,322.0,501,-95.86,2.32,411;513;507,-100.08;-100.28;-102.20,411;513,-100.08;-100.28
	2026-09-20 10:09:46.584,120.13027915,30.27122115,11.93,0.77,11,237.7,501,-94.17,-0.56,411;513;507,-97.41;-102.05;-102.20,411;513,-97.41;-102.05
	2026-09-20 10:09:46.871,120.13029002,30.27122105,11.64,1.28,11,56.9,501,-97.34,-2.04,411;429;507,-97.52;-101.28;-102.20,411;429,-97.52;-101.28
	2026-09-20 10:09:47.176,120.13026911,30.27122428,12.22,0.97,10,315.3,501,-97.06,-2.25,411;513;507,-97.47;-101.55;-102.20,411;513,-97.47;-101.55
	2026-09-20 10:09:47.410,120.13026935,30.27122698,11.51,0.31,14,123.6,501,-96.03,-1.50,411;507;513,-98.44;-102.20;-102.20,411;507,-98.44;-102.20
	2026-09-20 10:09:47.646,120.13026708,30.27123685,11.81,1.02,9,245.8,411,-95.54,0.61,501;507;513,-97.95;-102.20;-102.20,501;507,-97.95;-102.20
	2026-09-20 10:09:47.956,120.13028883,30.27124206,11.79,1.29,12,125.9,411,-96.15,-0.57,501;513;507,-96.83;-100.76;-101.44,501;513,-96.83;-100.76
	2026-09-20 10:09:48.170,120.13028034,30.27123126,11.67,1.30,14,160.3,501,-95.15,1.47,411;507;513,-97.27;-102.20;-102.20,411;507,-97.27;-102.20
	2026-09-20 10:09:48.401,120.13027796,30.27124379,12.20,0.45,10,136.4,411,-94.77,-1.43,501;429;507,-95.73;-101.84;-102.20,501;429,-95.73;-101.84
	2026-09-20 10:09:48.584,120.13028448,30.27123844,11.95,0.87,9,26.4,501,-95.20,0.98,411;507;513,-98.22;-102.20;-102.20,411;507,-98.22;-102.20
	2026-09-20 10:09:48.825,120.13027369,30.27123935,11.90,1.27,12,345.6,501,-95.96,-2.32,411;507;513,-97.76;-102.20;-102.20,411;507,-97.76;-102.20
	2026-09-20 10:09:49.012,120.13027953,30.27124023,12.12,0.90,14,321.0,411,-94.42,0.02,501;513;507,-95.31;-101.81;-102.20,501;513,-95.31;-101.81
	2026-09-20 10:09:49.331,120.13028410,30.27124670,12.43,0.42,10,170.2,411,-92.08,4.23,501;423;507,-97.35;-102.03;-102.20,501;423,-97.35;-102.03
	2026-09-20 10:09:49.550,120.13027508,30.27123868,12.13,1.10,12,114.5,411,-93.08,-1.15,501;417;507,-96.48;-102.14;-102.20,501;417,-96.48;-102.14
	2026-09-20 10:09:49.813,120.13027058,30.27125339,12.34,1.11,11,236.3,411,-95.34,-0.57,501;507;513,-97.80;-102.20;-102.20,501;507,-97.80;-102.20
	2026-09-20 10:09:50.100,120.13026631,30.27123549,11.67,0.26,14,132.4,411,-94.17,-1.02,501;513;507,-97.60;-101.64;-102.20,501;513,-97.60;-101.64
	2026-09-20 10:09:50.406,120.13027408,30.27124177,12.47,0.78,10,81.7,501,-93.69,0.74,411;507;513,-95.85;-102.20;-102.20,411;507,-95.85;-102.20
	2026-09-20 10:09:50.593,120.13027824,30.27125295,12.39,0.29,11,82.2,411,-94.23,-0.41,501;417;507,-98.83;-101.77;-102.20,501;417,-98.83;-101.77
	2026-09-20 10:09:50.846,120.13026845,30.27124768,12.27,0.32,10,111.8,411,-93.47,-0.89,501;507;513,-94.74;-102.20;-102.20,501;507,-94.74;-102.20
	2026-09-20 10:09:51.039,120.13028512,30.27125755,12.49,0.98,9,346.1,501,-95.00,-0.45,411;513;507,-96.97;-100.94;-102.20,411;513,-96.97;-100.94
	2026-09-20 10:09:51.355,120.13027513,30.27124926,12.47,0.76,11,216.6,411,-95.90,-2.27,501;513;507,-97.57;-101.69;-102.20,501;513,-97.57;-101.69
	2026-09-20 10:09:51.642,120.13027545,30.27126304,11.55,0.54,9,284.1,411,-93.39,1.12,501;513;429,-96.57;-100.27;-102.05,501;513,-96.57;-100.27
	2026-09-20 10:09:51.917,120.13028299,30.27126399,12.37,0.43,8,134.2,501,-93.04,-0.33,411;513;507,-95.38;-100.64;-102.20,411;513,-95.38;-100.64
	2026-09-20 10:09:52.104,120.13028620,30.27125302,12.25,1.19,13,129.4,411,-93.96,-1.14,501;429;417,-95.21;-100.80;-101.40,501;429,-95.21;-100.80
	2026-09-20 10:09:52.305,120.13028237,30.27125349,12.06,1.14,8,109.7,411,-94.65,-0.98,501;513;507,-96.44;-99.43;-102.20,501;513,-96.44;-99.43
	2026-09-20 10:09:52.568,120.13028157,30.27126163,11.73,0.40,12,279.8,411,-93.33,-0.16,501;513;507,-96.43;-100.22;-102.20,501;513,-96.43;-100.22
	2026-09-20 10:09:52.841,120.13026809,30.27125451,12.07,0.36,9,215.8,501,-95.63,-1.02,411;513;507,-96.41;-100.92;-102.20,411;513,-96.41;-100.92
	2026-09-20 10:09:53.083,120.13027893,30.27127184,11.69,1.37,10,300.6,411,-94.77,-2.28,501;507;513,-95.60;-102.20;-102.20,501;507,-95.60;-102.20
	2026-09-20 10:09:53.349,120.13027716,30.27125291,12.40,1.14,13,56.4,411,-94.67,-1.19,501;417;507,-96.68;-101.69;-102.20,501;417,-96.68;-101.69
	2026-09-20 10:09:53.600,120.13027991,30.27127539,11.68,0.91,10,320.3,411,-95.46,-2.50,501;417;507,-96.04;-102.02;-102.20,501;417,-96.04;-102.02
	2026-09-20 10:09:53.880,120.13026794,30.27125586,12.46,0.35,8,340.2,411,-95.44,0.23,501;417;429,-98.85;-100.42;-102.07,501;417,-98.85;-100.42
	2026-09-20 10:09:54.178,120.13028470,30.27126103,12.18,1.35,14,150.7,411,-95.38,-2.59,501;513;507,-96.61;-101.34;-102.20,501;513,-96.61;-101.34
	2026-09-20 10:09:54.440,120.13028583,30.27127708,12.07,0.77,12,14.6,411,-93.25,3.59,501;417;507,-97.70;-101.79;-102.20,501;417,-97.70;-101.79
	2026-09-20 10:09:54.638,120.13028231,30.27126837,12.04,0.23,11,283.6,411,-93.73,-0.89,501;417;507,-96.11;-102.11;-102.20,501;417,-96.11;-102.11
	2026-09-20 10:09:54.846,120.13028406,30.27127185,12.31,0.87,12,244.8,411,-96.65,2.05,501;507;513,-99.41;-102.20;-102.20,501;507,-99.41;-102.20
	2026-09-20 10:09:55.106,120.13027572,30.27126863,11.62,0.93,14,23.0,411,-93.93,-1.90,501;507;513,-94.62;-102.20;-102.20,501;507,-94.62;-102.20
	2026-09-20 10:09:55.300,120.13027078,30.27127250,12.44,1.24,9,190.2,411,-95.64,-0.07,501;513;507,-98.03;-102.13;-102.20,501;513,-98.03;-102.13
	2026-09-20 10:09:55.589,120.13028561,30.27126750,11.50,1.13,8,353.8,411,-94.85,-3.06,501;417;507,-94.93;-101.90;-102.05,501;417,-94.93;-101.90
	2026-09-20 10:09:55.880,120.13027601,30.27127542,12.25,0.20,9,81.4,411,-94.85,-1.06,501;429;513,-96.66;-100.65;-101.35,501;429,-96.66;-100.65
	2026-09-20 10:09:56.148,120.13027044,30.27126860,12.25,0.39,12,293.0,411,-95.47,-1.11,501;507;513,-97.77;-102.20;-102.20,501;507,-97.77;-102.20
	2026-09-20 10:09:56.419,120.13027890,30.27127164,12.11,0.76,9,346.2,411,-96.26,1.03,501;513;507,-99.62;-102.15;-102.20,501;513,-99.62;-102.15
	2026-09-20 10:09:56.602,120.13027874,30.27127409,12.21,0.40,12,137.4,411,-96.22,-0.14,501;513;423,-97.61;-101.44;-101.97,501;513,-97.61;-101.44
	2026-09-20 10:09:56.808,120.13026995,30.27127889,11.85,0.41,13,18.9,411,-96.62,-1.81,501;513;507,-97.75;-100.91;-102.20,501;513,-97.75;-100.91
	2026-09-20 10:09:57.047,120.13028114,30.27127772,11.54,0.21,12,331.7,411,-96.45,-2.46,501;507;513,-96.53;-102.20;-102.20,501;507,-96.53;-102.20
	2026-09-20 10:09:57.255,120.13027598,30.27128846,12.40,1.23,12,274.8,411,-94.61,-3.16,501;507;513,-94.99;-102.20;-102.20,501;507,-94.99;-102.20
	2026-09-20 10:09:57.515,120.13028912,30.27128136,12.44,0.24,13,327.0,411,-95.03,-0.88,501;507;513,-97.88;-102.20;-102.20,501;507,-97.88;-102.20
	2026-09-20 10:09:57.777,120.13028815,30.27128059,11.84,1.38,14,342.0,411,-91.63,2.04,501;513;417,-96.05;-100.40;-102.11,501;513,-96.05;-100.40
	2026-09-20 10:09:58.071,120.13028149,30.27129079,11.92,0.21,10,66.3,411,-92.58,1.46,501;507;513,-96.68;-102.20;-102.20,501;507,-96.68;-102.20
	2026-09-20 10:09:58.258,120.13028608,30.27128253,11.93,0.29,14,43.4,411,-95.18,0.46,501;507;513,-96.46;-102.20;-102.20,501;507,-96.46;-102.20
	2026-09-20 10:09:58.558,120.13028239,30.27128597,11.62,1.29,13,34.8,411,-93.53,2.77,501;507;513,-98.53;-102.20;-102.20,501;507,-98.53;-102.20
	2026-09-20 10:09:58.754,120.13027656,30.27129702,12.39,1.09,11,135.4,501,-95.06,-3.34,411;423;507,-95.29;-102.04;-102.20,411;423,-95.29;-102.04
	2026-09-20 10:09:58.998,120.13027155,30.27129040,11.78,0.93,11,96.6,411,-96.14,-0.30,501;507;513,-97.98;-102.20;-102.20,501;507,-97.98;-102.20
	2026-09-20 10:09:59.304,120.13027690,30.27128775,11.65,0.23,8,300.4,411,-93.08,1.68,501;513;507,-96.92;-100.78;-102.20,501;513,-96.92;-100.78
	2026-09-20 10:09:59.551,120.13027275,30.27129476,12.37,0.95,14,340.6,501,-95.80,-1.11,411;507;513,-97.55;-102.20;-102.20,411;507,-97.55;-102.20
	2026-09-20 10:09:59.737,120.13028747,30.27130150,12.33,0.40,10,337.8,411,-93.70,-1.84,501;507;513,-95.07;-102.20;-102.20,501;507,-95.07;-102.20
	2026-09-20 10:10:00.037,120.13028332,30.27130891,12.43,0.26,13,315.1,411,-93.74,3.02,501;507;513,-97.97;-102.20;-102.20,501;507,-97.97;-102.20
	2026-09-20 10:10:00.348,120.13027556,30.27130456,12.25,1.04,14,99.8,411,-92.83,3.06,501;507;513,-96.55;-102.20;-102.20,501;507,-96.55;-102.20
	2026-09-20 10:10:00.529,120.13027966,30.27130297,12.48,0.63,13,24.3,411,-96.61,-1.34,501;513;507,-98.38;-100.38;-102.20,501;513,-98.38;-100.38
	2026-09-20 10:10:00.738,120.13028758,30.27131605,12.04,0.81,13,315.3,501,-96.83,-3.63,411;507;513,-97.65;-102.20;-102.20,411;507,-97.65;-102.20
	2026-09-20 10:10:00.997,120.13028523,30.27131029,11.69,0.67,10,242.4,411,-93.80,2.12,501;513;507,-98.53;-101.02;-102.20,501;513,-98.53;-101.02
	2026-09-20 10:10:01.181,120.13028879,30.27130615,11.56,0.29,8,167.4,411,-90.48,2.17,501;417;507,-93.80;-101.70;-102.20,501;417,-93.80;-101.70
	2026-09-20 10:10:01.374,120.13027039,30.27132079,11.56,0.82,14,155.1,411,-94.39,-0.70,501;507;513,-95.23;-102.20;-102.20,501;507,-95.23;-102.20
