120.13027407	30.27130736	 2026-09-20 10:00:00.000	411	-94.87	501;507;513	-97.97;-102.20;-102.20	501;507		0.27
120.13028671	30.27130634	 2026-09-20 10:00:00.243	411	-92.26	501;513;507	-97.04;-100.79;-102.20	501;513		1.86
120.13028106	30.27130160	 2026-09-20 10:00:00.446	411	-94.40	501;513;507	-97.55;-102.01;-102.20	501;513		2.10
120.13028644	30.27131227	 2026-09-20 10:00:00.752	411	-92.19	501;507;513	-95.20;-102.20;-102.20	501;507		1.15
120.13029212	30.27131220	 2026-09-20 10:00:01.052	411	-93.71	501;513;507	-94.70;-101.94;-102.20	501;513		-0.18
120.13027509	30.27131529	 2026-09-20 10:00:01.275	501	-94.34	411;513;423	-97.02;-101.52;-102.20	411;513		1.83
120.13029244	30.27130234	 2026-09-20 10:00:01.514	411	-94.60	501;507;513	-95.97;-102.20;-102.20	501;507		-0.84
120.13028521	30.27130589	 2026-09-20 10:00:01.764	411	-97.26	501;513;507	-97.72;-102.18;-102.20	501;513		-0.87
120.13029851	30.27131987	 2026-09-20 10:00:02.056	411	-93.96	501;507;513	-97.79;-102.20;-102.20	501;507		2.51
120.13028876	30.27131681	 2026-09-20 10:00:02.260	411	-93.27	501;507;513	-95.89;-102.20;-102.20	501;507		0.94
120.13028667	30.27131463	 2026-09-20 10:00:02.523	411	-93.48	501;507;513	-97.33;-102.20;-102.20	501;507		2.15
120.13030572	30.27131239	 2026-09-20 10:00:02.752	411	-92.66	501;507;513	-97.19;-102.20;-102.20	501;507		4.49
120.13029931	30.27131006	 2026-09-20 10:00:03.003	411	-91.70	501;513;417	-97.69;-101.02;-101.68	501;513		3.61
120.13029059	30.27130663	 2026-09-20 10:00:03.280	411	-92.06	501;513;507	-97.99;-101.52;-102.20	501;513		4.48
120.13029123	30.27132170	 2026-09-20 10:00:03.501	411	-93.99	501;417;513	-98.11;-101.31;-101.41	501;417		1.83
120.13030283	30.27131803	 2026-09-20 10:00:03.700	411	-93.76	501;513;429	-97.01;-101.09;-102.16	501;513		2.01
120.13031106	30.27132132	 2026-09-20 10:00:04.006	411	-91.67	501;507;513	-97.71;-102.20;-102.20	501;507		4.70
120.13029488	30.27130693	 2026-09-20 10:00:04.268	411	-92.35	501;417;507	-96.92;-101.79;-102.20	501;417		1.33
120.13031385	30.27130478	 2026-09-20 10:00:04.503	411	-92.97	501;513;507	-96.53;-101.00;-102.20	501;513		-0.29
120.13030798	30.27131209	 2026-09-20 10:00:04.687	501	-93.68	411;429;417	-93.91;-101.52;-101.87	411;429		-2.03
120.13030957	30.27130264	 2026-09-20 10:00:04.937	411	-92.38	501;507;513	-96.62;-102.20;-102.20	501;507		1.17
120.13030472	30.27131427	 2026-09-20 10:00:05.228	411	-90.90	501;513;507	-96.26;-100.46;-102.20	501;513		2.03
120.13030795	30.27130624	 2026-09-20 10:00:05.429	501	-92.75	411;429;417	-92.88;-101.13;-101.40	411;429		-3.29
120.13031939	30.27130443	 2026-09-20 10:00:05.699	411	-92.83	501;513;507	-93.29;-101.75;-102.20	501;513		-2.63
120.13031118	30.27130246	 2026-09-20 10:00:05.917	411	-92.50	501;513;507	-98.26;-101.31;-102.20	501;513		2.69
120.13032013	30.27131260	 2026-09-20 10:00:06.189	411	-88.96	501;513;507	-95.56;-100.48;-102.20	501;513		3.35
120.13031452	30.27131913	 2026-09-20 10:00:06.442	411	-89.37	501;513;507	-98.69;-101.99;-102.20	501;513		6.76
120.13032398	30.27131226	 2026-09-20 10:00:06.678	411	-91.86	501;513;429	-96.88;-100.74;-100.89	501;513		2.07
120.13032576	30.27130566	 2026-09-20 10:00:06.950	411	-92.43	501;417;513	-98.37;-101.84;-102.13	501;417		3.73
120.13031357	30.27131510	 2026-09-20 10:00:07.195	411	-91.55	501;513;507	-97.62;-101.85;-102.20	501;513		3.57
120.13033541	30.27130230	 2026-09-20 10:00:07.482	411	-95.17	501;513;507	-95.46;-102.06;-102.20	501;513		-1.99
120.13033331	30.27131960	 2026-09-20 10:00:07.768	411	-90.55	501;513;417	-98.02;-99.69;-100.18	501;513		5.74
120.13032873	30.27132115	 2026-09-20 10:00:07.991	411	-91.66	501;513;429	-99.46;-102.08;-102.08	501;513		5.26
120.13033055	30.27131314	 2026-09-20 10:00:08.299	411	-92.97	501;507;513	-96.74;-102.20;-102.20	501;507		2.25
120.13034127	30.27131224	 2026-09-20 10:00:08.572	411	-91.28	501;513;429	-98.70;-101.11;-101.75	501;513		5.08
120.13034094	30.27130262	 2026-09-20 10:00:08.820	411	-93.28	501;429;507	-99.02;-102.01;-102.20	501;429		4.07
120.13032508	30.27132154	 2026-09-20 10:00:09.002	411	-91.79	501;507;513	-94.78;-102.20;-102.20	501;507		1.45
120.13033354	30.27131106	 2026-09-20 10:00:09.215	411	-91.75	501;513;507	-97.90;-101.39;-102.20	501;513		1.99
120.13033701	30.27130236	 2026-09-20 10:00:09.530	411	-94.81	501;429;507	-95.54;-101.37;-102.20	501;429		-1.08
120.13035214	30.27131100	 2026-09-20 10:00:09.796	411	-93.77	501;417;513	-95.59;-101.96;-102.05	501;417		-2.34
120.13035020	30.27132172	 2026-09-20 10:00:10.016	411	-91.43	501;513;507	-98.59;-101.31;-102.20	501;513		2.01
120.13034481	30.27130848	 2026-09-20 10:00:10.205	411	-91.42	501;513;507	-95.50;-101.51;-102.20	501;513		2.06
120.13033564	30.27130860	 2026-09-20 10:00:10.412	411	-93.03	501;429;507	-97.10;-98.65;-102.20	501;429		2.04
120.13033917	30.27131500	 2026-09-20 10:00:10.617	411	-91.75	501;513;507	-97.74;-101.39;-102.20	501;513		3.36
120.13035508	30.27130847	 2026-09-20 10:00:10.899	411	-91.76	501;513;507	-97.92;-102.03;-102.20	501;513		3.65
120.13034210	30.27132038	 2026-09-20 10:00:11.172	411	-91.61	501;513;507	-96.72;-98.99;-102.20	501;513		3.87
120.13035944	30.27131776	 2026-09-20 10:00:11.456	411	-91.93	501;513;429	-96.92;-100.05;-100.81	501;513		2.46
120.13035989	30.27130172	 2026-09-20 10:00:11.743	411	-89.13	501;513;417	-98.46;-100.85;-101.62	501;513		8.41
120.13035907	30.27130159	 2026-09-20 10:00:12.019	411	-92.77	501;507;513	-99.78;-101.69;-102.20	501;507		4.68
120.13036691	30.27132162	 2026-09-20 10:00:12.297	411	-91.20	501;417;507	-95.62;-101.81;-102.20	501;417		2.12
120.13036156	30.27131972	 2026-09-20 10:00:12.567	411	-94.52	501;513;429	-95.23;-101.24;-101.79	501;513		-2.82
120.13036486	30.27131029	 2026-09-20 10:00:12.874	411	-95.74	501;429;507	-96.69;-101.70;-102.20	501;429		-2.91
120.13036644	30.27131369	 2026-09-20 10:00:13.092	411	-93.01	501;513;507	-98.67;-102.12;-102.20	501;513		4.43
120.13036432	30.27131211	 2026-09-20 10:00:13.292	411	-92.51	501;417;507	-100.87;-101.15;-102.20	501;417		5.02
120.13036004	30.27131899	 2026-09-20 10:00:13.590	411	-93.46	501;513;507	-94.91;-101.70;-102.20	501;513		-0.41
120.13035774	30.27132116	 2026-09-20 10:00:13.868	411	-89.86	501;417;513	-99.26;-100.95;-101.85	501;417		8.78
120.13037152	30.27131165	 2026-09-20 10:00:14.067	411	-91.22	501;513;507	-96.50;-99.49;-102.20	501;513		3.89
120.13038260	30.27130745	 2026-09-20 10:00:14.381	411	-88.90	501;513;507	-97.52;-100.34;-102.20	501;513		5.88
120.13036332	30.27130351	 2026-09-20 10:00:14.680	411	-94.95	501;507;513	-96.39;-102.20;-102.20	501;507		-1.29
120.13037272	30.27131871	 2026-09-20 10:00:14.866	411	-88.44	501;417;429	-96.87;-101.84;-102.07	501;417		5.59
120.13036597	30.27130595	 2026-09-20 10:00:15.150	411	-89.78	501;513;507	-97.96;-100.17;-101.74	501;513		6.99
120.13038390	30.27131489	 2026-09-20 10:00:15.377	411	-91.09	513;501;423	-100.61;-100.71;-101.56	513;501		6.85
120.13039166	30.27130572	 2026-09-20 10:00:15.649	411	-90.59	501;417;507	-94.52;-98.81;-102.20	501;417		0.92
120.13037966	30.27131388	 2026-09-20 10:00:15.959	411	-93.60	501;417;513	-97.65;-101.34;-101.72	501;417		0.86
120.13038038	30.27132104	 2026-09-20 10:00:16.204	411	-93.23	501;429;417	-97.95;-99.88;-102.12	501;429		2.13
120.13037559	30.27130288	 2026-09-20 10:00:16.471	411	-89.65	501;507;513	-97.00;-102.20;-102.20	501;507		5.21
120.13037483	30.27131890	 2026-09-20 10:00:16.659	411	-93.23	501;513;429	-98.75;-101.14;-102.15	501;513		3.53
120.13038655	30.27130828	 2026-09-20 10:00:16.934	411	-91.36	501;513;417	-98.12;-99.65;-102.05	501;513		4.73
120.13037770	30.27132250	 2026-09-20 10:00:17.214	411	-92.91	501;507;513	-97.85;-102.20;-102.20	501;507		2.18
120.13038485	30.27130301	 2026-09-20 10:00:17.530	411	-93.59	501;507;513	-97.73;-102.20;-102.20	501;507		0.51
120.13038838	30.27130679	 2026-09-20 10:00:17.795	411	-91.01	501;423;417	-96.68;-101.93;-101.97	501;423		2.74
120.13038501	30.27130846	 2026-09-20 10:00:18.110	411	-90.75	501;513;507	-97.95;-101.52;-102.20	501;513		3.98
120.13039634	30.27130738	 2026-09-20 10:00:18.376	411	-88.44	501;507;513	-96.62;-102.20;-102.20	501;507		2.87
120.13040089	30.27132051	 2026-09-20 10:00:18.619	411	-92.75	501;423;507	-96.81;-101.50;-102.20	501;423		2.20
120.13040267	30.27130408	 2026-09-20 10:00:18.904	411	-90.75	501;507;513	-99.20;-102.20;-102.20	501;507		7.33
120.13040926	30.27131623	 2026-09-20 10:00:19.095	411	-94.30	501;513;507	-100.35;-102.02;-102.20	501;513		2.93
120.13041517	30.27130590	 2026-09-20 10:00:19.285	411	-92.28	501;513;417	-95.22;-99.65;-101.34	501;513		-1.53
120.13040418	30.27132148	 2026-09-20 10:00:19.479	411	-91.02	501;513;507	-98.38;-102.00;-102.20	501;513		5.39
120.13040588	30.27131970	 2026-09-20 10:00:19.664	411	-90.93	501;507;513	-100.43;-102.20;-102.20	501;507		7.84
120.13040943	30.27131971	 2026-09-20 10:00:19.899	411	-93.33	513;501;507	-99.54;-99.79;-102.20	513;501		4.18
120.13040071	30.27130446	 2026-09-20 10:00:20.192	411	-94.80	501;513;507	-97.12;-98.97;-102.20	501;513		0.26
120.13040889	30.27131939	 2026-09-20 10:00:20.449	411	-92.79	501;507;513	-95.86;-102.20;-102.20	501;507		-0.24
120.13042504	30.27130770	 2026-09-20 10:00:20.658	411	-93.15	501;513;417	-95.79;-98.01;-100.66	501;513		1.67
120.13042328	30.27130861	 2026-09-20 10:00:20.908	411	-91.82	501;513;507	-97.41;-101.14;-102.20	501;513		3.51
120.13040546	30.27131028	 2026-09-20 10:00:21.136	411	-93.70	501;507;513	-98.02;-102.20;-102.20	501;507		0.16
120.13042317	30.27131534	 2026-09-20 10:00:21.326	411	-91.63	501;429;417	-100.31;-101.49;-101.67	501;429		6.26
120.13041573	30.27130686	 2026-09-20 10:00:21.598	411	-90.25	501;513;507	-99.90;-101.12;-102.20	501;513		6.64
120.13042816	30.27131083	 2026-09-20 10:00:21.878	411	-93.26	501;513;417	-96.18;-98.02;-102.19	501;513		-0.56
120.13042540	30.27131481	 2026-09-20 10:00:22.066	411	-89.05	501;429;507	-95.29;-102.11;-102.20	501;429		2.85
120.13042752	30.27131591	 2026-09-20 10:00:22.290	411	-92.56	501;513;417	-96.54;-101.24;-101.47	501;513		2.27
120.13042330	30.27130820	 2026-09-20 10:00:22.487	411	-92.63	513;501;417	-98.24;-98.63;-102.05	513;501		2.16
120.13043036	30.27130551	 2026-09-20 10:00:22.693	411	-91.36	501;429;513	-97.52;-101.55;-101.73	501;429		2.69
120.13042808	30.27130908	 2026-09-20 10:00:22.941	411	-90.89	501;513;507	-96.14;-99.50;-102.20	501;513		2.79
120.13042225	30.27131929	 2026-09-20 10:00:23.139	411	-93.75	501;429;417	-95.15;-100.35;-101.28	501;429		-2.25
120.13043183	30.27130984	 2026-09-20 10:00:23.456	411	-92.69	501;513;507	-98.52;-100.39;-102.20	501;513		3.02
120.13043159	30.27130489	 2026-09-20 10:00:23.671	411	-89.69	501;507;513	-96.59;-102.20;-102.20	501;507		5.89
120.13043422	30.27130613	 2026-09-20 10:00:23.953	411	-92.42	501;513;417	-98.24;-99.94;-100.28	501;513		3.12
120.13044553	30.27130597	 2026-09-20 10:00:24.213	411	-90.71	501;513;507	-99.06;-101.90;-102.20	501;513		4.26
120.13043360	30.27130310	 2026-09-20 10:00:24.414	411	-92.99	501;513;417	-95.49;-100.19;-101.79	501;513		-1.38
120.13042938	30.27130523	 2026-09-20 10:00:24.702	411	-90.39	501;513;507	-95.46;-100.21;-102.20	501;513		3.55
120.13043368	30.27130620	 2026-09-20 10:00:24.897	411	-91.58	513;501;417	-98.68;-99.12;-101.21	513;501		4.46
120.13045500	30.27130533	 2026-09-20 10:00:25.165	411	-91.14	501;417;513	-100.76;-101.35;-101.46	501;417		6.78
120.13044221	30.27131900	 2026-09-20 10:00:25.366	411	-91.71	501;513;507	-99.20;-100.71;-102.20	501;513		4.84
120.13044061	30.27131677	 2026-09-20 10:00:25.654	411	-93.01	501;507;513	-99.41;-102.20;-102.20	501;507		4.37
120.13044993	30.27131194	 2026-09-20 10:00:25.967	411	-92.29	501;513;507	-97.12;-100.32;-102.20	501;513		1.44
120.13044026	30.27132110	 2026-09-20 10:00:26.148	411	-89.19	501;513;417	-98.18;-101.68;-101.95	501;513		7.00
120.13045369	30.27130685	 2026-09-20 10:00:26.403	411	-90.83	501;513;417	-98.20;-100.10;-100.44	501;513		4.10
120.13044333	30.27132040	 2026-09-20 10:00:26.601	411	-92.10	501;513;507	-98.11;-99.82;-102.20	501;513		3.89
120.13044400	30.27131655	 2026-09-20 10:00:26.853	411	-88.98	501;513;417	-96.30;-99.28;-100.61	501;513		4.85
120.13045049	30.27130359	 2026-09-20 10:00:27.170	411	-92.49	501;513;507	-97.75;-101.65;-102.20	501;513		2.95
120.13045070	30.27130805	 2026-09-20 10:00:27.440	411	-94.40	501;513;507	-99.24;-101.81;-102.20	501;513		1.37
120.13045840	30.27130567	 2026-09-20 10:00:27.745	411	-90.63	501;417;507	-99.44;-102.11;-102.20	501;417		5.66
120.13047002	30.27131780	 2026-09-20 10:00:27.984	411	-90.35	501;513;423	-99.76;-101.10;-101.89	501;513		9.08
120.13046240	30.27131937	 2026-09-20 10:00:28.197	411	-88.78	417;501;507	-100.48;-100.72;-102.20	417;501		9.73
120.13045521	30.27131305	 2026-09-20 10:00:28.495	411	-90.66	501;513;417	-95.79;-100.18;-101.69	501;513		1.36
120.13047165	30.27130973	 2026-09-20 10:00:28.676	411	-91.68	513;501;429	-99.89;-100.03;-101.17	513;501		5.74
120.13045700	30.27132250	 2026-09-20 10:00:28.903	411	-90.28	501;507;513	-102.11;-102.20;-102.20	501;507		8.42
120.13048099	30.27130732	 2026-09-20 10:00:29.190	411	-92.74	501;513;423	-99.59;-101.38;-101.82	501;513		3.93
120.13048150	30.27130381	 2026-09-20 10:00:29.457	411	-91.32	501;417;513	-98.50;-101.64;-101.89	501;417		5.08
120.13046411	30.27131154	 2026-09-20 10:00:29.754	411	-90.98	501;507;513	-95.88;-102.20;-102.20	501;507		2.61
120.13048604	30.27131748	 2026-09-20 10:00:30.046	411	-93.08	501;417;507	-100.33;-100.54;-102.20	501;417		3.77
120.13047197	30.27130302	 2026-09-20 10:00:30.260	411	-89.69	513;501;507	-101.00;-101.33;-102.20	513;501		9.84
120.13048391	30.27130309	 2026-09-20 10:00:30.468	411	-90.49	513;501;429	-98.51;-98.78;-100.73	513;501		5.62
120.13048386	30.27130737	 2026-09-20 10:00:30.704	411	-93.96	417;513;501	-99.83;-100.54;-101.58	417;513		2.16
120.13048006	30.27132267	 2026-09-20 10:00:30.970	411	-89.52	501;513;417	-99.23;-100.43;-101.86	501;513		6.47
120.13047269	30.27131013	 2026-09-20 10:00:31.236	411	-92.67	501;513;417	-95.86;-101.34;-101.50	501;513		0.27
120.13047876	30.27130522	 2026-09-20 10:00:31.528	411	-89.57	501;513;507	-99.42;-100.77;-102.20	501;513		6.45
120.13048291	30.27130768	 2026-09-20 10:00:31.782	411	-91.67	501;417;429	-99.06;-100.77;-101.56	501;417		5.08
120.13049446	30.27131833	 2026-09-20 10:00:32.049	411	-91.86	501;507;513	-95.67;-102.20;-102.20	501;507		3.87
120.13049932	30.27131618	 2026-09-20 10:00:32.250	411	-92.95	501;513;417	-97.04;-100.48;-100.70	501;513		1.96
120.13050162	30.27130261	 2026-09-20 10:00:32.471	411	-90.68	501;513;507	-97.26;-101.16;-101.85	501;513		4.90
120.13050563	30.27131113	 2026-09-20 10:00:32.785	411	-90.43	501;429;423	-99.06;-101.38;-101.94	501;429		5.00
120.13050230	30.27131340	 2026-09-20 10:00:32.973	411	-92.82	501;513;417	-98.52;-101.06;-101.19	501;513		2.85
120.13048606	30.27131168	 2026-09-20 10:00:33.268	411	-89.85	501;513;507	-100.49;-101.53;-102.20	501;513		8.15
120.13050973	30.27131030	 2026-09-20 10:00:33.550	411	-91.83	501;513;417	-97.17;-100.28;-102.02	501;513		3.80
120.13050449	30.27131685	 2026-09-20 10:00:33.857	411	-91.97	501;513;429	-97.94;-101.49;-102.15	501;513		4.98
120.13050140	30.27132114	 2026-09-20 10:00:34.113	411	-90.10	501;513;507	-98.71;-99.71;-102.20	501;513		5.87
120.13051045	30.27130509	 2026-09-20 10:00:34.356	411	-91.07	513;501;507	-98.45;-100.85;-102.20	513;501		4.29
120.13049519	30.27131589	 2026-09-20 10:00:34.569	411	-90.31	501;429;513	-98.97;-101.30;-101.81	501;429		5.34
120.13050817	30.27131648	 2026-09-20 10:00:34.827	411	-90.13	501;417;513	-95.92;-101.05;-101.77	501;417		2.81
120.13049831	30.27132152	 2026-09-20 10:00:35.123	411	-90.82	501;417;423	-96.94;-101.29;-101.92	501;417		3.81
120.13051820	30.27132217	 2026-09-20 10:00:35.310	411	-89.27	501;513;429	-99.08;-99.68;-100.99	501;513		7.63
120.13051286	30.27131752	 2026-09-20 10:00:35.596	411	-89.86	429;501;513	-99.47;-99.59;-100.94	429;501		9.10
120.13050528	30.27131820	 2026-09-20 10:00:35.797	411	-91.53	513;501;507	-99.84;-100.33;-102.01	513;501		5.79
120.13051518	30.27132194	 2026-09-20 10:00:36.077	411	-91.96	501;513;417	-97.52;-98.84;-101.52	501;513		3.14
120.13052089	30.27130946	 2026-09-20 10:00:36.389	411	-89.94	501;513;417	-97.52;-100.05;-100.40	501;513		5.34
120.13052556	30.27130737	 2026-09-20 10:00:36.676	411	-92.44	501;513;507	-97.30;-101.27;-102.20	501;513		2.58
120.13051131	30.27131437	 2026-09-20 10:00:36.940	411	-94.03	513;501;417	-99.08;-100.20;-101.12	513;501		2.42
120.13051121	30.27131776	 2026-09-20 10:00:37.260	411	-92.90	501;513;507	-97.89;-101.75;-102.20	501;513		2.15
120.13052977	30.27131964	 2026-09-20 10:00:37.510	411	-92.39	501;513;507	-98.04;-101.46;-102.20	501;513		4.50
120.13052376	30.27131579	 2026-09-20 10:00:37.770	411	-92.44	501;513;429	-100.03;-100.79;-101.20	501;513		5.19
120.13053584	30.27130326	 2026-09-20 10:00:37.983	411	-90.04	501;423;417	-97.94;-99.06;-100.59	501;423		6.55
120.13053685	30.27131874	 2026-09-20 10:00:38.299	411	-92.07	501;417;507	-97.87;-101.60;-102.20	501;417		1.95
120.13053436	30.27131481	 2026-09-20 10:00:38.537	411	-91.09	501;513;423	-98.79;-100.93;-101.98	501;513		4.76
120.13053874	30.27131222	 2026-09-20 10:00:38.847	411	-93.36	501;417;513	-97.71;-98.65;-100.35	501;417		2.43
120.13053916	30.27130884	 2026-09-20 10:00:39.167	411	-90.71	501;507;513	-96.06;-101.91;-102.20	501;507		3.93
120.13053120	30.27130107	 2026-09-20 10:00:39.445	411	-92.15	501;423;417	-96.36;-100.60;-101.02	501;423		4.49
120.13053902	30.27131945	 2026-09-20 10:00:39.753	411	-93.56	513;501;507	-98.65;-101.27;-102.20	513;501		3.26
120.13054029	30.27131575	 2026-09-20 10:00:40.062	411	-93.32	501;513;507	-100.34;-101.27;-102.20	501;513		3.34
120.13054313	30.27131656	 2026-09-20 10:00:40.310	411	-91.71	501;429;513	-98.28;-99.84;-102.17	501;429		2.23
120.13053957	30.27131074	 2026-09-20 10:00:40.606	411	-90.39	513;501;417	-99.59;-99.90;-101.01	513;501		9.26
120.13054838	30.27131413	 2026-09-20 10:00:40.871	411	-93.53	501;507;513	-98.17;-102.20;-102.20	501;507		2.42
120.13054396	30.27131757	 2026-09-20 10:00:41.147	411	-93.16	501;429;513	-98.87;-100.37;-100.68	501;429		3.05
120.13053793	30.27130996	 2026-09-20 10:00:41.332	411	-92.46	501;417;507	-97.91;-100.40;-102.20	501;417		1.62
120.13054809	30.27130923	 2026-09-20 10:00:41.589	411	-95.61	501;513;429	-100.84;-101.24;-102.14	501;513		2.81
120.13054154	30.27132004	 2026-09-20 10:00:41.878	411	-94.25	501;417;513	-96.77;-99.93;-100.40	501;417		0.96
120.13055478	30.27130348	 2026-09-20 10:00:42.072	411	-92.26	501;417;507	-99.73;-101.41;-102.20	501;417		4.69
120.13055464	30.27131897	 2026-09-20 10:00:42.269	411	-92.74	501;429;507	-99.85;-101.13;-101.43	501;429		6.13
120.13056574	30.27130393	 2026-09-20 10:00:42.538	411	-94.73	513;501;507	-98.21;-100.09;-102.20	513;501		2.06
120.13056351	30.27132105	 2026-09-20 10:00:42.721	411	-94.44	501;507;513	-98.13;-102.20;-102.20	501;507		1.75
120.13057028	30.27131054	 2026-09-20 10:00:42.928	411	-92.90	501;429;423	-100.63;-102.17;-102.20	501;429		4.57
120.13057026	30.27131641	 2026-09-20 10:00:43.200	411	-90.52	501;513;507	-99.55;-100.04;-101.83	501;513		5.57
120.13056679	30.27131332	 2026-09-20 10:00:43.481	411	-91.28	501;429;513	-96.98;-101.55;-101.57	501;429		4.87
120.13055460	30.27130698	 2026-09-20 10:00:43.720	411	-92.29	501;429;507	-98.82;-101.94;-102.20	501;429		6.29
120.13057389	30.27130306	 2026-09-20 10:00:43.974	411	-90.91	501;513;507	-99.84;-101.01;-102.20	501;513		5.22
120.13056670	30.27130445	 2026-09-20 10:00:44.196	411	-92.30	501;417;513	-96.98;-99.23;-101.80	501;417		1.68
120.13056181	30.27132073	 2026-09-20 10:00:44.470	411	-93.89	501;507;513	-97.90;-102.20;-102.20	501;507		2.17
120.13056288	30.27131498	 2026-09-20 10:00:44.782	411	-93.26	501;429;417	-100.04;-100.77;-100.87	501;429		4.52
120.13058113	30.27130796	 2026-09-20 10:00:44.988	411	-92.64	513;501;429	-98.76;-98.83;-101.12	513;501		3.35
120.13056284	30.27131738	 2026-09-20 10:00:45.190	411	-92.89	501;417;513	-96.40;-98.77;-101.40	501;417		-1.22
120.13057378	30.27130198	 2026-09-20 10:00:45.507	411	-94.05	417;501;513	-99.04;-99.10;-100.15	417;501		2.45
120.13058712	30.27130622	 2026-09-20 10:00:45.774	411	-91.16	513;417;501	-99.69;-101.30;-102.20	513;417		6.74
120.13058189	30.27131676	 2026-09-20 10:00:45.981	411	-92.82	501;513;423	-99.15;-99.92;-100.67	501;513		3.76
120.13059138	30.27131177	 2026-09-20 10:00:46.221	411	-90.01	417;513;501	-98.20;-98.51;-98.73	417;513		5.37
120.13058493	30.27131156	 2026-09-20 10:00:46.401	411	-90.16	501;513;417	-97.59;-97.79;-100.01	501;513		5.06
120.13058575	30.27130447	 2026-09-20 10:00:46.655	411	-92.47	417;513;501	-97.95;-98.39;-99.39	417;513		3.84
120.13058063	30.27131567	 2026-09-20 10:00:46.899	411	-92.18	501;429;513	-98.93;-99.65;-99.85	501;429		5.25
120.13058662	30.27131327	 2026-09-20 10:00:47.133	411	-90.08	501;513;429	-99.20;-100.83;-101.33	501;513		8.75
120.13057903	30.27131699	 2026-09-20 10:00:47.425	411	-88.63	513;501;417	-98.92;-100.21;-101.83	513;501		7.89
120.13058743	30.27130974	 2026-09-20 10:00:47.692	411	-92.67	501;417;513	-99.09;-99.70;-101.84	501;417		4.21
120.13057884	30.27131661	 2026-09-20 10:00:47.929	411	-91.41	501;417;507	-98.28;-99.49;-102.20	501;417		5.30
120.13060248	30.27131180	 2026-09-20 10:00:48.233	411	-91.71	501;417;513	-98.86;-99.18;-99.26	501;417		6.02
120.13058233	30.27131010	 2026-09-20 10:00:48.438	411	-92.30	429;501;513	-99.81;-100.49;-100.75	429;501		4.51
120.13059611	30.27131328	 2026-09-20 10:00:48.725	411	-93.00	501;417;513	-97.87;-100.75;-101.44	501;417		3.74
120.13060638	30.27131142	 2026-09-20 10:00:48.978	411	-90.89	417;501;513	-99.05;-101.76;-101.88	417;501		5.48
120.13059566	30.27130733	 2026-09-20 10:00:49.240	411	-92.09	501;507;513	-96.90;-100.84;-102.20	501;507		0.87
120.13058869	30.27131864	 2026-09-20 10:00:49.539	411	-93.32	501;417;513	-97.93;-99.50;-101.27	501;417		0.53
120.13060951	30.27131775	 2026-09-20 10:00:49.852	411	-93.81	501;513;429	-97.79;-100.50;-101.38	501;513		2.14
120.13059851	30.27130605	 2026-09-20 10:00:50.032	411	-92.42	501;513;417	-99.27;-100.28;-100.81	501;513		2.62
120.13060940	30.27131746	 2026-09-20 10:00:50.258	411	-92.57	501;417;513	-99.53;-100.00;-101.17	501;417		3.86
120.13061452	30.27131196	 2026-09-20 10:00:50.569	411	-90.83	501;417;513	-99.52;-99.82;-99.82	501;417		4.08
120.13061601	30.27131591	 2026-09-20 10:00:50.844	411	-90.94	501;513;417	-98.00;-100.16;-100.26	501;513		6.12
120.13062234	30.27131742	 2026-09-20 10:00:51.139	411	-89.92	501;417;513	-99.14;-100.37;-101.88	501;417		5.95
120.13060738	30.27130881	 2026-09-20 10:00:51.366	411	-89.42	501;513;507	-96.20;-101.54;-102.20	501;513		3.63
120.13062021	30.27131492	 2026-09-20 10:00:51.639	411	-94.19	501;513;507	-100.95;-101.57;-101.65	501;513		2.96
120.13060706	30.27131433	 2026-09-20 10:00:51.952	411	-92.08	501;429;417	-96.82;-99.74;-101.61	501;429		2.96
120.13060491	30.27131258	 2026-09-20 10:00:52.181	411	-91.25	501;417;429	-99.54;-99.74;-100.84	501;417		5.34
120.13061051	30.27131579	 2026-09-20 10:00:52.468	411	-91.08	417;501;513	-99.04;-99.32;-101.38	417;501		6.45
120.13062936	30.27131021	 2026-09-20 10:00:52.687	411	-88.92	513;501;429	-97.98;-100.49;-101.37	513;501		5.36
120.13062090	30.27131573	 2026-09-20 10:00:52.944	411	-93.60	501;417;513	-99.18;-99.55;-101.72	501;417		1.21
120.13063580	30.27130164	 2026-09-20 10:00:53.150	411	-96.55	501;417;513	-97.86;-99.88;-101.78	501;417		-0.55
120.13062551	30.27130546	 2026-09-20 10:00:53.339	411	-94.00	501;513;507	-97.96;-101.40;-102.20	501;513		1.35
120.13061826	30.27130798	 2026-09-20 10:00:53.650	411	-93.78	513;501;423	-98.15;-100.30;-102.07	513;501		1.28
120.13062030	30.27131644	 2026-09-20 10:00:53.934	411	-92.76	417;501;423	-99.18;-100.17;-101.72	417;501		3.29
120.13063703	30.27131432	 2026-09-20 10:00:54.170	411	-92.02	417;513;501	-97.25;-100.18;-100.57	417;513		1.06
120.13063949	30.27132230	 2026-09-20 10:00:54.356	411	-93.49	417;501;513	-99.38;-99.45;-99.84	417;501		2.94
120.13062954	30.27131718	 2026-09-20 10:00:54.598	411	-94.02	501;417;429	-98.14;-98.87;-100.80	501;417		0.67
120.13064376	30.27130213	 2026-09-20 10:00:54.891	411	-93.59	501;513;507	-101.34;-101.90;-102.20	501;513		6.55
120.13063930	30.27130518	 2026-09-20 10:00:55.140	411	-92.16	501;513;417	-98.58;-99.69;-101.24	501;513		1.81
120.13064764	30.27131692	 2026-09-20 10:00:55.423	411	-92.75	417;501;513	-99.48;-99.54;-101.67	417;501		3.45
120.13063014	30.27130896	 2026-09-20 10:00:55.661	411	-92.92	501;513;417	-97.33;-100.32;-100.88	501;513		2.18
120.13063380	30.27131850	 2026-09-20 10:00:55.904	411	-91.66	417;513;501	-98.64;-100.40;-101.24	417;513		3.29
120.13064477	30.27131242	 2026-09-20 10:00:56.153	411	-91.86	501;429;417	-99.57;-99.80;-101.84	501;429		6.19
120.13064257	30.27131205	 2026-09-20 10:00:56.376	411	-91.97	417;501;513	-97.86;-98.68;-99.96	417;501		4.44
120.13065273	30.27130744	 2026-09-20 10:00:56.629	411	-93.18	501;429;513	-99.93;-101.78;-101.98	501;429		3.37
120.13065868	30.27132046	 2026-09-20 10:00:56.895	411	-94.01	501;417;507	-99.61;-101.48;-102.20	501;417		4.04
120.13065704	30.27131053	 2026-09-20 10:00:57.120	411	-94.41	501;507;513	-99.63;-100.63;-100.75	501;507		4.17
120.13066404	30.27130541	 2026-09-20 10:00:57.431	411	-94.07	501;417;513	-96.77;-100.22;-100.52	501;417		1.70
120.13064512	30.27132118	 2026-09-20 10:00:57.695	411	-92.36	501;513;507	-100.94;-101.25;-102.20	501;513		4.62
120.13066667	30.27131810	 2026-09-20 10:00:57.978	411	-92.37	417;513;501	-99.73;-100.23;-100.40	417;513		3.52
120.13066650	30.27131118	 2026-09-20 10:00:58.213	411	-94.45	501;513;417	-99.46;-100.36;-101.07	501;513		2.54
120.13066711	30.27131487	 2026-09-20 10:00:58.512	411	-91.76	417;501;423	-98.78;-100.28;-100.56	417;501		5.33
120.13067217	30.27130504	 2026-09-20 10:00:58.822	411	-95.62	417;513;501	-99.47;-100.61;-101.93	417;513		1.56
120.13065262	30.27131488	 2026-09-20 10:00:59.011	411	-93.54	513;417;501	-98.40;-101.25;-102.13	513;417		1.33
120.13067254	30.27130187	 2026-09-20 10:00:59.268	411	-93.82	501;513;507	-96.72;-100.21;-101.31	501;513		1.11
120.13067721	30.27130215	 2026-09-20 10:00:59.460	411	-92.90	417;501;513	-98.05;-98.24;-99.67	417;501		3.13
120.13065480	30.27130754	 2026-09-20 10:00:59.727	411	-92.52	513;501;417	-97.51;-98.26;-99.34	513;501		1.76
120.13067663	30.27131234	 2026-09-20 10:00:59.970	411	-92.13	513;417;501	-97.00;-98.37;-100.79	513;417		3.72
120.13067048	30.27131949	 2026-09-20 10:01:00.282	411	-92.65	417;501;507	-100.18;-100.82;-101.48	417;501		3.93
120.13066519	30.27131792	 2026-09-20 10:01:00.475	411	-93.46	513;423;501	-98.44;-98.78;-100.60	513;423		5.40
120.13067759	30.27132224	 2026-09-20 10:01:00.681	411	-92.81	501;417;513	-98.79;-99.43;-99.96	501;417		3.11
120.13068054	30.27130648	 2026-09-20 10:01:00.900	411	-94.10	501;513;417	-99.00;-99.75;-101.03	501;513		1.18
120.13067405	30.27132226	 2026-09-20 10:01:01.169	411	-92.46	513;417;501	-99.18;-100.07;-101.43	513;417		2.58
120.13068012	30.27131552	 2026-09-20 10:01:01.431	411	-93.52	501;513;429	-98.36;-101.07;-101.31	501;513		2.97
120.13068100	30.27130307	 2026-09-20 10:01:01.751	411	-92.55	513;417;501	-98.44;-99.05;-99.52	513;417		2.95
120.13067754	30.27132245	 2026-09-20 10:01:02.027	411	-90.86	417;513;501	-99.88;-100.68;-100.93	417;513		5.99
120.13067597	30.27130220	 2026-09-20 10:01:02.327	411	-92.52	513;417;423	-97.80;-100.96;-101.70	513;417		1.60
120.13067407	30.27132092	 2026-09-20 10:01:02.622	411	-91.07	501;417;513	-99.80;-100.18;-100.96	501;417		6.87
120.13067560	30.27130109	 2026-09-20 10:01:02.844	411	-93.98	513;417;501	-99.71;-100.13;-100.52	513;417		3.00
120.13068809	30.27131959	 2026-09-20 10:01:03.130	411	-89.82	513;417;501	-98.96;-100.78;-101.55	513;417		6.04
120.13069303	30.27131353	 2026-09-20 10:01:03.397	411	-90.91	417;513;501	-97.87;-99.29;-100.66	417;513		4.37
120.13069237	30.27131671	 2026-09-20 10:01:03.613	411	-94.79	513;417;501	-99.81;-100.17;-100.70	513;417		3.64
120.13068148	30.27131837	 2026-09-20 10:01:03.814	411	-92.25	501;513;417	-98.57;-99.21;-100.33	501;513		4.22
120.13069714	30.27131083	 2026-09-20 10:01:03.996	411	-95.42	501;513;417	-97.52;-98.37;-100.15	501;513		-1.90
120.13070589	30.27130111	 2026-09-20 10:01:04.299	411	-92.72	501;513;429	-99.63;-100.97;-102.07	501;513		4.86
120.13069472	30.27131062	 2026-09-20 10:01:04.492	411	-95.06	501;513;417	-100.16;-100.63;-100.91	501;513		3.63
120.13070241	30.27131586	 2026-09-20 10:01:04.784	411	-92.74	417;429;501	-100.46;-101.32;-101.37	417;429		6.28
120.13069053	30.27131351	 2026-09-20 10:01:04.978	411	-92.43	501;429;423	-97.96;-101.21;-101.23	501;429		1.70
120.13069659	30.27131751	 2026-09-20 10:01:05.189	411	-92.09	513;417;501	-97.59;-98.65;-101.63	513;417		3.20
120.13069992	30.27130671	 2026-09-20 10:01:05.381	411	-93.83	501;417;513	-97.78;-98.63;-101.05	501;417		0.88
120.13071470	30.27131403	 2026-09-20 10:01:05.601	411	-94.99	513;417;501	-98.14;-101.39;-102.20	513;417		-0.56
120.13070335	30.27130334	 2026-09-20 10:01:05.915	411	-91.97	423;513;417	-99.65;-100.55;-100.63	423;513		5.93
120.13070731	30.27131629	 2026-09-20 10:01:06.135	411	-91.32	417;501;513	-98.08;-100.27;-100.37	417;501		4.66
120.13071412	30.27131682	 2026-09-20 10:01:06.381	411	-93.83	417;513;501	-100.41;-100.46;-102.20	417;513		4.24
120.13072518	30.27131908	 2026-09-20 10:01:06.625	411	-93.07	501;513;417	-95.99;-97.76;-99.44	501;513		-0.24
120.13071296	30.27130796	 2026-09-20 10:01:06.882	411	-93.50	501;513;417	-97.64;-98.28;-99.08	501;513		1.64
120.13072767	30.27131849	 2026-09-20 10:01:07.163	411	-95.61	417;513;501	-100.56;-101.08;-101.11	417;513		2.03
120.13071970	30.27130207	 2026-09-20 10:01:07.381	411	-95.97	501;417;513	-98.43;-99.09;-99.35	501;417		-0.91
120.13071359	30.27131318	 2026-09-20 10:01:07.668	411	-88.65	501;417;513	-98.57;-99.04;-99.68	501;417		7.79
120.13072175	30.27132201	 2026-09-20 10:01:07.955	411	-93.57	417;501;423	-100.52;-101.11;-102.06	417;501		3.34
120.13073504	30.27131826	 2026-09-20 10:01:08.161	411	-95.75	513;417;501	-98.64;-101.03;-102.20	513;417		-1.42
120.13073500	30.27130158	 2026-09-20 10:01:08.361	411	-91.12	501;513;423	-96.90;-100.24;-101.14	501;513		1.29
120.13071578	30.27131627	 2026-09-20 10:01:08.673	411	-91.29	501;417;423	-99.01;-100.33;-100.68	501;417		2.74
120.13071657	30.27130545	 2026-09-20 10:01:08.856	411	-91.79	417;513;501	-96.65;-96.96;-99.64	417;513		1.04
120.13072398	30.27131909	 2026-09-20 10:01:09.133	411	-92.73	501;513;429	-97.81;-100.35;-101.66	501;513		1.78
120.13073764	30.27130344	 2026-09-20 10:01:09.405	411	-93.67	513;501;417	-98.95;-100.82;-101.01	513;501		4.30
120.13072539	30.27130104	 2026-09-20 10:01:09.594	411	-93.81	417;513;501	-99.43;-100.61;-102.20	417;513		2.90
120.13074550	30.27130997	 2026-09-20 10:01:09.861	411	-92.66	513;501;417	-98.80;-99.94;-100.18	513;501		0.85
120.13073130	30.27131625	 2026-09-20 10:01:10.076	411	-94.81	513;501;417	-97.97;-98.90;-99.17	513;501		2.39
120.13074564	30.27130289	 2026-09-20 10:01:10.395	411	-93.57	501;417;423	-97.55;-99.21;-99.97	501;417		2.04
120.13075074	30.27131266	 2026-09-20 10:01:10.707	411	-93.13	501;513;417	-97.64;-98.78;-99.53	501;513		1.26
120.13073704	30.27130686	 2026-09-20 10:01:10.909	411	-94.11	513;501;417	-97.11;-99.76;-101.44	513;501		1.69
120.13075320	30.27130960	 2026-09-20 10:01:11.183	411	-91.45	501;513;429	-99.57;-99.88;-100.48	501;513		5.25
120.13073190	30.27131862	 2026-09-20 10:01:11.455	411	-92.90	417;513;423	-98.15;-99.21;-100.73	417;513		1.27
120.13075717	30.27131971	 2026-09-20 10:01:11.742	411	-93.56	513;417;501	-98.62;-99.70;-100.69	513;417		2.08
120.13075893	30.27130375	 2026-09-20 10:01:12.001	411	-94.46	417;513;501	-99.39;-99.81;-100.02	417;513		0.02
120.13075005	30.27130530	 2026-09-20 10:01:12.211	411	-92.20	417;501;513	-98.40;-101.16;-101.21	417;501		3.87
120.13074363	30.27131513	 2026-09-20 10:01:12.421	411	-95.53	417;513;501	-98.43;-99.30;-99.51	417;513		-1.18
120.13076016	30.27131439	 2026-09-20 10:01:12.697	411	-94.91	513;501;417	-97.46;-100.38;-100.67	513;501		-0.08
120.13074597	30.27130619	 2026-09-20 10:01:12.999	411	-95.44	417;501;513	-99.28;-100.60;-101.63	417;501		1.76
120.13076546	30.27131371	 2026-09-20 10:01:13.234	411	-92.37	417;513;507	-97.55;-100.00;-101.21	417;513		2.89
120.13074630	30.27130833	 2026-09-20 10:01:13.508	411	-94.39	417;513;507	-97.32;-98.40;-101.83	417;513		1.43
120.13076878	30.27131965	 2026-09-20 10:01:13.733	411	-96.88	417;513;429	-98.79;-99.16;-101.30	417;513		-2.32
120.13076841	30.27130669	 2026-09-20 10:01:13.979	411	-93.66	501;513;417	-100.69;-101.21;-101.42	501;513		4.72
120.13074994	30.27131548	 2026-09-20 10:01:14.259	411	-93.27	513;417;429	-99.45;-99.98;-101.39	513;417		1.47
120.13076160	30.27130744	 2026-09-20 10:01:14.530	417	-96.62	411;501;513	-96.75;-99.52;-99.72	411;501		-2.20
120.13075830	30.27131045	 2026-09-20 10:01:14.726	411	-92.93	417;501;429	-97.54;-98.51;-101.24	417;501		1.08
120.13077065	30.27131739	 2026-09-20 10:01:14.913	411	-91.00	513;417;501	-96.51;-98.96;-99.99	513;417		2.84
120.13076760	30.27132230	 2026-09-20 10:01:15.122	411	-93.33	513;417;501	-96.06;-98.03;-101.86	513;417		0.77
120.13076704	30.27131814	 2026-09-20 10:01:15.339	411	-93.86	417;501;513	-96.06;-99.13;-101.86	417;501		-0.95
120.13077090	30.27131312	 2026-09-20 10:01:15.539	411	-94.15	513;417;501	-96.62;-98.28;-98.57	513;417		0.67
120.13076478	30.27130402	 2026-09-20 10:01:15.724	411	-93.94	501;417;429	-98.74;-99.83;-102.09	501;417		2.03
120.13077003	30.27131018	 2026-09-20 10:01:15.950	411	-92.76	513;501;417	-98.41;-99.82;-101.14	513;501		1.76
120.13076685	30.27130959	 2026-09-20 10:01:16.138	411	-94.52	513;417;501	-97.85;-97.90;-100.10	513;417		0.15
120.13077975	30.27132265	 2026-09-20 10:01:16.378	411	-94.81	417;513;501	-98.41;-98.74;-99.89	417;513		0.86
120.13078089	30.27130966	 2026-09-20 10:01:16.605	411	-94.89	417;513;429	-94.90;-97.28;-100.86	417;513		-4.40
120.13077309	30.27131447	 2026-09-20 10:01:16.893	411	-93.20	513;501;417	-99.75;-100.88;-100.91	513;501		5.79
120.13079179	30.27130455	 2026-09-20 10:01:17.093	411	-95.00	417;513;501	-97.07;-97.85;-99.77	417;513		-0.35
120.13079170	30.27130162	 2026-09-20 10:01:17.311	513	-97.73	411;417;423	-98.00;-98.26;-99.64	411;417		-2.33
120.13078182	30.27130801	 2026-09-20 10:01:17.525	411	-94.46	417;513;429	-96.32;-99.11;-99.36	417;513		-0.03
120.13079844	30.27130411	 2026-09-20 10:01:17.785	411	-96.24	417;513;423	-97.95;-99.17;-101.26	417;513		-0.15
120.13078745	30.27130738	 2026-09-20 10:01:18.073	411	-96.54	501;417;429	-98.31;-99.14;-99.88	501;417		-0.31
120.13079063	30.27131871	 2026-09-20 10:01:18.323	411	-94.15	417;501;513	-97.67;-100.18;-101.54	417;501		2.12
120.13079312	30.27130645	 2026-09-20 10:01:18.527	411	-95.54	417;429;501	-98.88;-99.77;-101.13	417;429		-0.44
120.13079166	30.27130458	 2026-09-20 10:01:18.708	411	-94.62	513;417;507	-98.02;-99.74;-100.80	513;417		1.93
120.13079665	30.27130555	 2026-09-20 10:01:19.019	411	-94.05	513;423;501	-95.59;-100.05;-100.08	513;423		0.17
120.13079382	30.27130132	 2026-09-20 10:01:19.254	411	-96.42	501;513;507	-99.64;-100.49;-102.20	501;513		1.72
120.13079134	30.27130112	 2026-09-20 10:01:19.442	411	-94.95	417;501;507	-99.32;-100.35;-101.15	417;501		1.95
120.13079391	30.27130235	 2026-09-20 10:01:19.684	411	-96.24	513;417;429	-98.67;-99.93;-100.25	513;417		2.57
120.13080869	30.27130853	 2026-09-20 10:01:19.896	411	-95.50	417;501;513	-96.68;-99.47;-100.59	417;501		-1.78
120.13079328	30.27132199	 2026-09-20 10:01:20.198	411	-95.60	417;513;501	-97.37;-98.74;-99.45	417;513		0.17
120.13080832	30.27131245	 2026-09-20 10:01:20.387	417	-95.50	411;513;507	-95.74;-98.38;-98.71	411;513		-2.77
120.13080178	30.27130444	 2026-09-20 10:01:20.704	411	-94.27	417;501;513	-96.52;-100.53;-100.55	417;501		-1.22
120.13081080	30.27130164	 2026-09-20 10:01:20.922	411	-95.30	417;513;423	-99.65;-101.43;-101.66	417;513		3.76
120.13081534	30.27131948	 2026-09-20 10:01:21.238	411	-93.68	417;513;501	-98.18;-98.96;-99.45	417;513		2.77
120.13081165	30.27131778	 2026-09-20 10:01:21.523	411	-95.35	513;417;501	-99.24;-99.37;-102.20	513;417		0.89
120.13082413	30.27132154	 2026-09-20 10:01:21.730	411	-95.81	417;513;501	-97.54;-100.18;-102.20	417;513		-0.84
120.13082085	30.27130892	 2026-09-20 10:01:21.955	417	-96.66	513;411;429	-96.77;-97.57;-100.61	513;411		-2.73
120.13081428	30.27131200	 2026-09-20 10:01:22.212	411	-95.47	513;417;501	-96.52;-97.77;-100.98	513;417		-0.04
120.13082568	30.27130265	 2026-09-20 10:01:22.433	411	-93.52	417;513;501	-97.33;-99.68;-101.38	417;513		2.11
120.13081364	30.27130210	 2026-09-20 10:01:22.722	411	-95.18	429;513;417	-99.72;-99.76;-100.03	429;513		2.71
120.13083089	30.27130942	 2026-09-20 10:01:22.961	411	-92.15	417;423;513	-96.60;-100.87;-101.86	417;423		0.78
120.13081767	30.27131260	 2026-09-20 10:01:23.274	411	-93.57	417;513;423	-96.63;-100.06;-101.36	417;513		0.10
120.13083496	30.27131853	 2026-09-20 10:01:23.520	411	-93.47	417;513;429	-98.10;-99.54;-101.21	417;513		2.03
120.13083258	30.27130609	 2026-09-20 10:01:23.751	411	-96.82	513;417;507	-96.91;-98.25;-99.53	513;417		-1.43
120.13082472	30.27131273	 2026-09-20 10:01:23.941	411	-95.04	513;501;417	-98.22;-99.52;-99.95	513;501		0.65
120.13082377	30.27130801	 2026-09-20 10:01:24.214	411	-93.79	417;513;501	-96.79;-98.75;-100.26	417;513		-0.77
120.13082601	30.27130106	 2026-09-20 10:01:24.404	411	-95.27	417;513;501	-98.20;-99.48;-100.29	417;513		2.11
120.13082356	30.27131886	 2026-09-20 10:01:24.599	411	-94.29	513;417;423	-97.62;-98.49;-100.12	513;417		0.85
120.13083134	30.27131429	 2026-09-20 10:01:24.833	411	-95.16	501;513;417	-98.30;-98.49;-98.96	501;513		0.76
120.13082753	30.27132224	 2026-09-20 10:01:25.019	417	-96.73	513;411;501	-97.43;-97.51;-101.87	513;411		-0.00
120.13084034	30.27130933	 2026-09-20 10:01:25.203	411	-94.34	417;513;429	-96.16;-98.98;-100.06	417;513		-0.78
120.13085328	30.27131316	 2026-09-20 10:01:25.492	411	-95.28	513;417;501	-98.71;-99.80;-101.93	513;417		0.51
120.13085122	30.27130577	 2026-09-20 10:01:25.730	411	-94.95	417;513;429	-96.02;-97.66;-100.50	417;513		-2.34
120.13084325	30.27131691	 2026-09-20 10:01:26.020	411	-94.38	417;513;429	-98.42;-99.39;-100.94	417;513		1.25
120.13084026	30.27131995	 2026-09-20 10:01:26.202	417	-96.22	411;513;501	-96.42;-96.78;-99.93	411;513		-1.94
120.13084388	30.27130278	 2026-09-20 10:01:26.384	411	-96.06	513;501;417	-97.07;-99.89;-100.25	513;501		-3.46
120.13085357	30.27131731	 2026-09-20 10:01:26.684	411	-93.67	513;417;501	-98.63;-100.61;-102.15	513;417		2.50
120.13085351	30.27130553	 2026-09-20 10:01:26.883	411	-95.88	417;513;501	-98.89;-100.46;-101.46	417;513		0.38
120.13084211	30.27131414	 2026-09-20 10:01:27.161	411	-97.77	417;513;429	-98.72;-101.56;-102.02	417;513		-1.43
120.13085383	30.27131956	 2026-09-20 10:01:27.432	513	-96.50	411;417;423	-97.30;-98.47;-100.69	411;417		-0.05
120.13086007	30.27130379	 2026-09-20 10:01:27.613	411	-96.89	513;417;429	-97.29;-99.12;-101.16	513;417		0.48
120.13086901	30.27131555	 2026-09-20 10:01:27.850	411	-95.27	417;501;513	-98.03;-101.14;-101.67	417;501		0.93
120.13086261	30.27132207	 2026-09-20 10:01:28.131	417	-96.03	411;513;429	-96.32;-97.10;-99.91	411;513		-3.23
120.13086717	30.27131586	 2026-09-20 10:01:28.449	411	-95.01	417;513;429	-96.64;-96.85;-100.59	417;513		-3.86
120.13086172	30.27131917	 2026-09-20 10:01:28.698	411	-95.69	513;417;501	-98.89;-100.08;-100.48	513;417		1.63
120.13086197	30.27130878	 2026-09-20 10:01:28.916	411	-95.74	417;513;501	-97.38;-99.10;-100.94	417;513		-0.79
120.13086623	30.27130305	 2026-09-20 10:01:29.148	411	-98.02	417;501;513	-98.98;-99.88;-101.58	417;501		-3.55
120.13087165	30.27132078	 2026-09-20 10:01:29.415	411	-93.55	417;513;501	-97.97;-98.39;-100.63	417;513		0.73
120.13087839	30.27130343	 2026-09-20 10:01:29.729	411	-93.60	417;513;501	-95.32;-96.78;-98.10	417;513		-0.99
120.13087120	30.27131762	 2026-09-20 10:01:30.006	411	-96.57	417;423;513	-96.68;-98.70;-100.66	417;423		-0.99
120.13086266	30.27131249	 2026-09-20 10:01:30.306	411	-92.75	417;429;501	-98.04;-99.57;-99.81	417;429		2.70
120.13086542	30.27130299	 2026-09-20 10:01:30.563	411	-95.46	417;513;507	-97.27;-99.08;-101.42	417;513		-0.86
120.13087249	30.27130159	 2026-09-20 10:01:30.805	411	-95.68	417;501;513	-97.42;-97.87;-99.97	417;501		-0.81
120.13088016	30.27130126	 2026-09-20 10:01:31.000	411	-95.62	417;501;513	-99.20;-101.15;-101.36	417;501		1.24
120.13088312	30.27130628	 2026-09-20 10:01:31.291	411	-96.18	417;423;513	-98.46;-100.83;-101.21	417;423		0.20
120.13089194	30.27130609	 2026-09-20 10:01:31.603	411	-95.71	513;417;501	-97.34;-97.38;-101.59	513;417		-2.11
120.13087764	30.27131596	 2026-09-20 10:01:31.882	411	-94.63	501;417;513	-97.95;-99.98;-102.07	501;417		0.44
120.13087716	30.27132269	 2026-09-20 10:01:32.099	411	-94.94	417;513;501	-96.01;-101.08;-102.20	417;513		-1.99
120.13087621	30.27131276	 2026-09-20 10:01:32.367	417	-98.30	411;513;501	-98.75;-100.98;-101.56	411;513		-3.09
120.13089798	30.27131558	 2026-09-20 10:01:32.578	417	-93.47	411;513;501	-94.61;-98.20;-100.10	411;513		-0.82
120.13089995	30.27131459	 2026-09-20 10:01:32.787	411	-97.04	417;501;429	-99.47;-99.88;-100.51	417;501		-0.67
120.13089381	30.27130472	 2026-09-20 10:01:33.023	417	-97.18	411;423;513	-98.04;-99.92;-100.26	411;423		-2.25
120.13089869	30.27130392	 2026-09-20 10:01:33.267	411	-96.73	417;423;501	-97.77;-99.86;-100.00	417;423		-2.43
120.13089108	30.27130961	 2026-09-20 10:01:33.515	411	-96.66	513;417;429	-98.49;-98.60;-100.47	513;417		-1.82
120.13088564	30.27130739	 2026-09-20 10:01:33.731	411	-94.42	417;507;513	-99.18;-99.21;-99.46	417;507		1.23
120.13088881	30.27130101	 2026-09-20 10:01:33.989	417	-95.43	513;411;507	-98.82;-98.91;-99.79	513;411		3.51
120.13090191	30.27131233	 2026-09-20 10:01:34.210	417	-97.47	411;429;513	-98.11;-99.17;-99.45	411;429		-1.90
120.13089924	30.27130623	 2026-09-20 10:01:34.417	411	-95.18	513;417;501	-96.36;-96.48;-101.57	513;417		-1.88
120.13089168	30.27131965	 2026-09-20 10:01:34.714	417	-95.71	411;513;501	-96.37;-99.61;-101.25	411;513		-1.01
120.13090788	30.27131213	 2026-09-20 10:01:35.007	417	-96.50	411;513;429	-97.40;-97.89;-100.59	411;513		-2.86
120.13090350	30.27132133	 2026-09-20 10:01:35.320	411	-96.77	417;501;513	-97.31;-97.67;-98.81	417;501		-1.04
120.13091399	30.27131685	 2026-09-20 10:01:35.506	411	-93.76	417;513;429	-97.40;-99.62;-99.75	417;513		1.51
120.13090226	30.27131405	 2026-09-20 10:01:35.789	417	-98.57	411;513;501	-98.86;-99.00;-100.32	411;513		-1.72
120.13092064	30.27131673	 2026-09-20 10:01:36.039	417	-96.74	411;501;513	-97.74;-99.48;-100.43	411;501		-1.09
120.13092108	30.27130659	 2026-09-20 10:01:36.259	411	-98.78	417;513;501	-98.80;-101.37;-102.20	417;513		-2.26
120.13090206	30.27132183	 2026-09-20 10:01:36.535	411	-95.95	417;513;501	-96.96;-99.19;-102.17	417;513		-1.57
120.13091474	30.27131562	 2026-09-20 10:01:36.840	417	-95.68	411;513;429	-98.19;-100.18;-101.15	411;513		-0.02
120.13090763	30.27130339	 2026-09-20 10:01:37.021	513	-95.34	417;411;429	-95.79;-98.33;-100.29	417;411		-1.94
120.13092176	30.27130114	 2026-09-20 10:01:37.277	417	-96.30	411;513;423	-96.57;-98.79;-99.74	411;513		-4.67
120.13090997	30.27132269	 2026-09-20 10:01:37.474	411	-94.46	417;513;501	-97.54;-99.75;-100.44	417;513		2.16
120.13093170	30.27131815	 2026-09-20 10:01:37.755	411	-96.90	417;501;507	-97.36;-102.20;-102.20	417;501		-2.51
120.13093097	30.27130730	 2026-09-20 10:01:37.984	411	-98.22	417;513;501	-98.99;-99.63;-100.95	417;513		-0.77
120.13091902	30.27131011	 2026-09-20 10:01:38.172	411	-93.08	417;501;513	-94.25;-100.19;-100.74	417;501		-2.32
120.13092207	30.27130874	 2026-09-20 10:01:38.368	417	-97.26	411;423;513	-97.32;-99.80;-100.88	411;423		-2.87
120.13093294	30.27130127	 2026-09-20 10:01:38.668	417	-96.55	411;513;501	-97.89;-99.36;-100.19	411;513		-1.52
120.13092876	30.27131402	 2026-09-20 10:01:38.976	417	-95.21	501;411;513	-97.83;-97.84;-99.69	501;411		0.23
120.13092508	30.27130773	 2026-09-20 10:01:39.206	411	-97.19	513;417;507	-98.05;-98.07;-99.24	513;417		-2.86
120.13093564	30.27130206	 2026-09-20 10:01:39.491	411	-98.32	501;429;417	-98.47;-99.14;-100.78	501;429		-1.63
120.13094689	30.27130474	 2026-09-20 10:01:39.805	417	-95.88	411;513;429	-96.38;-99.11;-101.36	411;513		-2.48
120.13093584	30.27130380	 2026-09-20 10:01:40.095	417	-95.75	411;423;501	-97.98;-100.52;-100.57	411;423		-1.16
120.13094457	30.27131563	 2026-09-20 10:01:40.302	411	-96.54	417;501;513	-97.59;-99.42;-99.47	417;501		-2.25
120.13094126	30.27131973	 2026-09-20 10:01:40.487	417	-95.29	411;513;507	-97.00;-99.99;-100.98	411;513		-2.21
120.13094197	30.27131123	 2026-09-20 10:01:40.724	411	-93.19	417;513;429	-95.65;-99.39;-99.72	417;513		-2.32
120.13093656	30.27130648	 2026-09-20 10:01:40.976	411	-95.59	417;507;513	-98.90;-100.45;-100.49	417;507		2.49
120.13093609	30.27130719	 2026-09-20 10:01:41.177	417	-96.09	411;513;501	-98.88;-100.43;-100.92	411;513		-2.35
120.13094825	30.27131829	 2026-09-20 10:01:41.480	417	-94.61	411;513;501	-97.73;-99.07;-102.20	411;513		0.92
120.13094808	30.27132134	 2026-09-20 10:01:41.675	417	-94.87	411;513;429	-95.90;-99.35;-101.38	411;513		-2.80
120.13094144	30.27130239	 2026-09-20 10:01:41.965	417	-98.07	411;507;513	-99.66;-100.34;-101.55	411;507		-0.60
120.13094417	30.27130837	 2026-09-20 10:01:42.249	417	-96.77	411;513;507	-97.76;-100.04;-100.38	411;513		-1.94
120.13095302	30.27131545	 2026-09-20 10:01:42.496	417	-94.45	513;411;501	-98.88;-99.28;-100.60	513;411		0.80
120.13094641	30.27131137	 2026-09-20 10:01:42.685	417	-94.99	411;513;501	-98.96;-99.14;-101.36	411;513		0.51
120.13095944	30.27131592	 2026-09-20 10:01:42.890	417	-93.45	411;513;423	-97.95;-99.11;-99.94	411;513		1.22
120.13096477	30.27130834	 2026-09-20 10:01:43.204	417	-97.06	411;501;513	-97.31;-99.13;-100.38	411;501		-1.39
120.13097170	30.27130581	 2026-09-20 10:01:43.500	411	-94.52	417;513;501	-95.91;-100.11;-100.64	417;513		-0.92
120.13096155	30.27130467	 2026-09-20 10:01:43.804	417	-93.22	411;513;429	-97.54;-98.19;-101.02	411;513		0.69
120.13096172	30.27131367	 2026-09-20 10:01:44.041	411	-96.66	417;423;513	-98.22;-100.10;-101.85	417;423		-1.56
120.13096329	30.27132207	 2026-09-20 10:01:44.322	411	-95.77	417;513;429	-97.35;-97.44;-100.22	417;513		-0.42
120.13095947	30.27130646	 2026-09-20 10:01:44.576	417	-93.59	411;501;513	-97.74;-98.24;-100.34	411;501		1.56
120.13097992	30.27130658	 2026-09-20 10:01:44.842	417	-96.96	513;411;507	-97.66;-98.47;-99.89	513;411		-2.23
120.13096801	30.27131756	 2026-09-20 10:01:45.030	411	-95.03	417;507;501	-96.37;-100.56;-102.20	417;507		-2.83
120.13098168	30.27130183	 2026-09-20 10:01:45.329	417	-94.82	513;411;501	-96.84;-96.88;-100.35	513;411		-0.07
120.13098209	30.27131349	 2026-09-20 10:01:45.609	411	-96.69	417;513;507	-98.10;-98.85;-99.75	417;513		-2.30
120.13097858	30.27130317	 2026-09-20 10:01:45.920	417	-95.90	513;411;501	-97.62;-97.80;-102.20	513;411		-0.23
120.13098407	30.27130490	 2026-09-20 10:01:46.101	417	-98.61	411;513;501	-99.50;-99.70;-100.90	411;513		-0.84
120.13096754	30.27130838	 2026-09-20 10:01:46.373	417	-98.08	411;513;501	-98.15;-98.82;-101.22	411;513		-2.74
120.13097691	30.27131262	 2026-09-20 10:01:46.605	417	-96.79	411;507;513	-97.09;-100.74;-101.24	411;507		-0.92
120.13098617	30.27131528	 2026-09-20 10:01:46.830	417	-94.98	411;513;501	-96.62;-99.57;-100.03	411;513		-1.09
120.13098763	30.27130289	 2026-09-20 10:01:47.088	417	-96.11	411;513;423	-98.94;-98.96;-100.00	411;513		1.79
120.13097745	30.27131950	 2026-09-20 10:01:47.344	417	-95.24	411;513;429	-98.11;-98.95;-100.89	411;513		0.26
120.13098770	30.27130669	 2026-09-20 10:01:47.620	417	-96.25	507;411;513	-98.51;-98.59;-100.19	507;411		0.23
120.13098285	30.27130824	 2026-09-20 10:01:47.940	417	-94.90	411;513;507	-96.09;-99.51;-99.97	411;513		-0.41
120.13098667	30.27130498	 2026-09-20 10:01:48.147	417	-93.94	411;513;429	-98.86;-99.18;-102.12	411;513		1.97
120.13099943	30.27131899	 2026-09-20 10:01:48.454	417	-95.53	513;411;423	-95.58;-98.58;-101.29	513;411		-4.12
120.13099439	30.27130169	 2026-09-20 10:01:48.685	417	-96.47	513;411;423	-97.68;-98.77;-101.15	513;411		-1.41
120.13099171	30.27130558	 2026-09-20 10:01:48.981	417	-96.38	513;411;423	-96.71;-98.77;-101.41	513;411		-2.24
120.13099535	30.27130929	 2026-09-20 10:01:49.270	411	-95.67	417;513;429	-96.22;-98.05;-101.18	417;513		-3.56
120.13100510	30.27132035	 2026-09-20 10:01:49.560	417	-94.95	411;513;501	-98.39;-98.55;-98.93	411;513		1.90
120.13099062	30.27132143	 2026-09-20 10:01:49.845	417	-96.22	411;423;513	-97.54;-98.45;-98.76	411;423		-0.83
120.13099798	30.27130818	 2026-09-20 10:01:50.148	417	-96.01	411;513;501	-97.65;-99.88;-100.92	411;513		-2.81
120.13100347	30.27131310	 2026-09-20 10:01:50.343	417	-95.04	411;513;507	-97.37;-100.25;-101.51	411;513		-1.32
120.13101645	30.27131264	 2026-09-20 10:01:50.529	417	-92.99	513;411;429	-98.29;-99.52;-100.10	513;411		3.39
120.13099664	30.27130253	 2026-09-20 10:01:50.770	411	-97.88	417;513;501	-98.02;-98.18;-100.36	417;513		-0.88
120.13100008	30.27131658	 2026-09-20 10:01:51.027	417	-96.51	411;507;513	-98.54;-101.08;-101.28	411;507		-1.80
120.13099896	30.27130682	 2026-09-20 10:01:51.284	417	-94.19	513;411;501	-98.54;-100.72;-101.91	513;411		2.03
120.13100710	30.27131682	 2026-09-20 10:01:51.495	417	-97.15	411;513;429	-98.49;-98.61;-101.49	411;513		-1.30
120.13101647	30.27131376	 2026-09-20 10:01:51.815	417	-95.95	513;411;429	-98.81;-99.91;-100.30	513;411		2.18
120.13102540	30.27131760	 2026-09-20 10:01:52.130	417	-96.58	411;507;423	-97.85;-99.42;-100.13	411;507		-0.80
120.13101554	30.27131508	 2026-09-20 10:01:52.440	417	-96.37	411;513;429	-96.63;-100.83;-100.84	411;513		-0.84
120.13102553	30.27130261	 2026-09-20 10:01:52.680	417	-95.98	513;411;501	-99.54;-100.54;-100.71	513;411		3.05
120.13102207	30.27131817	 2026-09-20 10:01:52.919	411	-95.50	417;513;507	-96.11;-98.23;-100.81	417;513		-2.25
120.13101771	30.27131383	 2026-09-20 10:01:53.128	417	-96.82	513;411;501	-97.69;-98.79;-100.87	513;411		-0.74
120.13102957	30.27131494	 2026-09-20 10:01:53.379	417	-95.58	513;411;429	-99.18;-100.43;-101.75	513;411		1.69
120.13102096	30.27131517	 2026-09-20 10:01:53.685	417	-93.79	411;513;501	-96.40;-98.77;-102.07	411;513		-0.86
120.13103409	30.27131642	 2026-09-20 10:01:53.927	417	-94.73	513;411;501	-96.84;-100.05;-102.20	513;411		-0.48
120.13102409	30.27132252	 2026-09-20 10:01:54.222	417	-96.06	411;507;513	-99.11;-99.16;-100.17	411;507		1.27
120.13102683	30.27132046	 2026-09-20 10:01:54.443	417	-96.20	513;411;501	-98.03;-99.25;-101.46	513;411		-1.48
120.13103497	30.27130984	 2026-09-20 10:01:54.734	417	-92.24	411;513;501	-96.97;-100.50;-102.20	411;513		1.72
120.13102915	30.27131761	 2026-09-20 10:01:55.019	417	-95.53	513;411;501	-98.56;-100.78;-102.20	513;411		-0.09
120.13103686	30.27132146	 2026-09-20 10:01:55.323	417	-96.42	411;513;501	-96.71;-100.75;-102.20	411;513		-2.83
120.13104742	30.27131953	 2026-09-20 10:01:55.636	417	-92.94	513;411;507	-99.11;-100.37;-101.23	513;411		3.04
120.13102635	30.27130667	 2026-09-20 10:01:55.899	417	-93.62	411;513;501	-97.88;-99.95;-100.96	411;513		2.76
120.13103500	30.27132217	 2026-09-20 10:01:56.116	417	-92.95	411;513;501	-95.97;-99.51;-102.20	411;513		1.10
120.13103725	30.27130800	 2026-09-20 10:01:56.379	417	-92.92	411;513;429	-98.15;-99.42;-100.85	411;513		3.88
120.13105036	30.27130337	 2026-09-20 10:01:56.678	417	-94.80	513;429;507	-99.56;-100.89;-101.64	513;429		1.81
120.13104362	30.27131461	 2026-09-20 10:01:56.878	417	-93.60	501;411;507	-98.60;-99.60;-100.82	501;411		2.44
120.13103366	30.27131018	 2026-09-20 10:01:57.184	417	-95.06	513;411;423	-97.54;-97.61;-100.03	513;411		-0.13
120.13105777	30.27130526	 2026-09-20 10:01:57.446	417	-95.17	513;411;429	-100.05;-100.15;-100.50	513;411		1.63
120.13103815	30.27130751	 2026-09-20 10:01:57.640	417	-94.17	411;513;429	-97.01;-97.40;-98.82	411;513		0.94
120.13105637	30.27131954	 2026-09-20 10:01:57.861	417	-94.15	411;507;513	-100.15;-100.21;-100.36	411;507		4.20
120.13105677	30.27132248	 2026-09-20 10:01:58.136	417	-94.86	411;501;507	-99.21;-100.65;-102.20	411;501		0.45
120.13106061	30.27131786	 2026-09-20 10:01:58.350	417	-94.23	513;411;423	-98.58;-98.63;-101.91	513;411		2.68
120.13105334	30.27130928	 2026-09-20 10:01:58.652	417	-92.78	513;411;507	-96.60;-98.74;-101.14	513;411		2.72
120.13106623	30.27131758	 2026-09-20 10:01:58.932	417	-95.16	411;513;507	-98.07;-100.01;-100.14	411;513		0.27
120.13106789	30.27130821	 2026-09-20 10:01:59.148	417	-94.49	411;513;507	-97.53;-100.21;-100.99	411;513		-1.35
120.13105292	30.27132227	 2026-09-20 10:01:59.416	417	-94.55	411;513;507	-95.35;-100.51;-101.49	411;513		-0.82
120.13107273	30.27130890	 2026-09-20 10:01:59.608	417	-94.49	411;513;429	-98.96;-100.07;-100.27	411;513		2.24
120.13105129	30.27132141	 2026-09-20 10:01:59.837	417	-92.82	513;507;411	-98.04;-100.92;-101.00	513;507		2.49
120.13106146	30.27131761	 2026-09-20 10:02:00.060	417	-94.69	513;411;501	-98.61;-98.63;-101.16	513;411		0.34
120.13106451	30.27130574	 2026-09-20 10:02:00.345	417	-93.94	411;513;507	-96.73;-98.72;-100.61	411;513		0.41
120.13106081	30.27131898	 2026-09-20 10:02:00.549	417	-95.20	513;423;411	-96.95;-99.77;-100.59	513;423		-1.04
120.13107340	30.27130276	 2026-09-20 10:02:00.813	417	-92.62	411;513;501	-98.62;-99.03;-101.64	411;513		2.60
120.13106254	30.27132077	 2026-09-20 10:02:01.124	417	-95.16	513;411;501	-99.42;-101.91;-102.20	513;411		0.76
120.13106386	30.27130654	 2026-09-20 10:02:01.401	417	-91.95	501;411;429	-100.02;-100.82;-100.87	501;411		6.35
120.13108244	30.27131267	 2026-09-20 10:02:01.610	417	-94.99	411;501;513	-97.66;-100.27;-100.38	411;501		1.07
120.13108888	30.27130134	 2026-09-20 10:02:01.832	417	-91.36	513;411;501	-97.62;-100.31;-102.20	513;411		4.10
120.13108590	30.27130307	 2026-09-20 10:02:02.107	417	-94.82	513;423;411	-98.90;-102.02;-102.08	513;423		2.76
120.13109216	30.27131347	 2026-09-20 10:02:02.374	417	-92.58	513;411;501	-99.13;-100.83;-101.31	513;411		3.45
120.13108676	30.27130376	 2026-09-20 10:02:02.680	417	-91.29	513;411;423	-97.17;-98.51;-99.38	513;411		4.25
120.13108341	30.27132232	 2026-09-20 10:02:02.894	417	-96.17	513;411;507	-97.71;-98.54;-100.05	513;411		-0.47
120.13108696	30.27130343	 2026-09-20 10:02:03.170	417	-94.22	411;513;429	-97.79;-99.73;-101.39	411;513		1.31
120.13109586	30.27131035	 2026-09-20 10:02:03.391	417	-94.98	411;513;501	-98.72;-102.01;-102.13	411;513		1.88
120.13108355	30.27130325	 2026-09-20 10:02:03.710	417	-96.83	513;411;507	-98.76;-99.60;-101.64	513;411		-0.74
120.13108163	30.27132163	 2026-09-20 10:02:04.003	417	-93.52	513;411;501	-99.19;-99.65;-99.84	513;411		3.63
120.13109754	30.27131210	 2026-09-20 10:02:04.277	417	-92.60	411;513;423	-98.46;-99.90;-101.89	411;513		4.28
120.13110095	30.27130781	 2026-09-20 10:02:04.551	417	-93.45	411;513;507	-98.20;-98.59;-101.86	411;513		2.61
120.13109514	30.27131122	 2026-09-20 10:02:04.758	417	-92.94	411;513;423	-97.96;-99.51;-99.81	411;513		2.24
120.13110474	30.27130993	 2026-09-20 10:02:05.063	417	-91.75	513;411;507	-96.70;-97.34;-99.47	513;411		1.86
120.13109713	30.27132179	 2026-09-20 10:02:05.264	417	-92.83	411;429;507	-98.83;-100.39;-100.75	411;429		2.10
120.13109824	30.27131239	 2026-09-20 10:02:05.511	417	-94.83	411;501;513	-97.25;-98.58;-100.12	411;501		0.03
120.13109094	30.27130451	 2026-09-20 10:02:05.714	417	-94.60	513;501;423	-97.36;-101.25;-101.76	513;501		2.54
120.13109379	30.27130217	 2026-09-20 10:02:06.021	417	-95.46	513;411;429	-97.41;-97.74;-100.68	513;411		-0.95
120.13110119	30.27130204	 2026-09-20 10:02:06.238	417	-96.20	411;507;501	-97.81;-101.06;-102.20	411;507		0.96
120.13111454	30.27131527	 2026-09-20 10:02:06.459	417	-93.25	411;429;513	-97.85;-99.71;-100.03	411;429		1.02
120.13109658	30.27131674	 2026-09-20 10:02:06.697	417	-91.52	513;501;411	-98.36;-100.52;-100.80	513;501		6.47
120.13111507	30.27130375	 2026-09-20 10:02:06.919	417	-93.54	513;507;429	-100.17;-100.78;-101.23	513;507		2.98
120.13111047	30.27131219	 2026-09-20 10:02:07.192	417	-92.96	411;513;429	-98.41;-100.58;-101.43	411;513		2.59
120.13112378	30.27131907	 2026-09-20 10:02:07.374	417	-92.44	513;411;501	-95.58;-99.84;-99.97	513;411		-1.15
120.13110799	30.27132087	 2026-09-20 10:02:07.659	417	-96.77	411;513;507	-98.45;-101.13;-101.90	411;513		-0.44
120.13111629	30.27131159	 2026-09-20 10:02:07.868	417	-92.63	513;411;507	-96.84;-99.30;-101.33	513;411		3.51
120.13112233	30.27131111	 2026-09-20 10:02:08.173	417	-92.96	507;411;513	-97.98;-98.50;-102.03	507;411		1.20
120.13112095	30.27130439	 2026-09-20 10:02:08.376	417	-91.73	411;507;513	-101.22;-101.66;-102.10	411;507		9.15
120.13112619	30.27131628	 2026-09-20 10:02:08.596	417	-95.08	429;501;513	-98.86;-100.27;-100.74	429;501		0.01
120.13111514	30.27131296	 2026-09-20 10:02:08.869	417	-89.94	411;513;501	-100.37;-100.87;-101.74	411;513		8.06
120.13112754	30.27131589	 2026-09-20 10:02:09.130	417	-93.03	411;513;429	-98.49;-99.84;-100.74	411;513		4.50
120.13111361	30.27130502	 2026-09-20 10:02:09.361	417	-90.61	513;411;423	-97.69;-99.80;-100.89	513;411		6.12
120.13111938	30.27130687	 2026-09-20 10:02:09.585	417	-94.85	513;411;507	-100.19;-100.51;-101.25	513;411		3.52
120.13112492	30.27131847	 2026-09-20 10:02:09.781	417	-94.80	513;411;501	-96.18;-100.18;-101.40	513;411		-1.16
120.13113683	30.27130451	 2026-09-20 10:02:10.006	417	-92.83	411;513;507	-96.87;-97.50;-100.41	411;513		2.45
120.13114377	30.27131045	 2026-09-20 10:02:10.281	417	-93.13	411;423;507	-99.58;-100.29;-100.35	411;423		4.12
120.13114639	30.27131273	 2026-09-20 10:02:10.467	417	-93.03	411;513;423	-98.12;-98.80;-100.65	411;513		3.03
120.13112658	30.27130804	 2026-09-20 10:02:10.739	417	-94.53	411;429;513	-98.64;-99.39;-100.43	411;429		0.88
120.13112873	30.27131220	 2026-09-20 10:02:10.995	417	-91.70	411;513;507	-98.28;-100.20;-102.02	411;513		4.34
120.13114294	30.27131708	 2026-09-20 10:02:11.260	417	-91.89	513;411;501	-97.11;-99.25;-101.03	513;411		2.68
120.13114702	30.27130792	 2026-09-20 10:02:11.567	417	-94.06	411;513;501	-98.40;-100.25;-101.05	411;513		1.16
120.13113756	30.27131919	 2026-09-20 10:02:11.802	417	-92.58	513;411;501	-98.45;-100.20;-102.20	513;411		4.47
120.13115567	30.27130686	 2026-09-20 10:02:11.986	417	-90.14	411;513;507	-99.95;-99.98;-100.14	411;513		5.40
120.13114867	30.27131311	 2026-09-20 10:02:12.287	417	-92.60	513;411;507	-98.62;-100.94;-102.14	513;411		3.54
120.13113662	30.27130193	 2026-09-20 10:02:12.561	417	-92.03	513;411;429	-99.68;-100.31;-101.55	513;411		5.68
120.13113777	30.27131773	 2026-09-20 10:02:12.833	417	-93.50	411;513;507	-99.59;-101.68;-101.93	411;513		2.56
120.13115894	30.27130478	 2026-09-20 10:02:13.033	417	-92.04	411;513;501	-99.57;-101.86;-102.20	411;513		3.67
120.13114023	30.27131984	 2026-09-20 10:02:13.293	417	-88.33	411;513;507	-98.01;-98.47;-101.39	411;513		6.14
120.13116526	30.27131151	 2026-09-20 10:02:13.612	417	-92.90	411;507;513	-99.24;-100.09;-100.70	411;507		3.91
120.13114892	30.27131757	 2026-09-20 10:02:13.898	417	-93.42	411;513;423	-96.11;-99.16;-100.89	411;513		0.50
120.13116279	30.27130714	 2026-09-20 10:02:14.104	417	-91.65	411;507;501	-99.03;-99.90;-101.12	411;507		3.70
120.13115922	30.27131504	 2026-09-20 10:02:14.343	417	-90.55	507;513;411	-97.92;-98.70;-99.73	507;513		6.42
120.13115100	30.27130730	 2026-09-20 10:02:14.550	417	-94.12	411;513;423	-97.66;-98.31;-100.14	411;513		1.14
120.13115437	30.27131990	 2026-09-20 10:02:14.838	417	-94.06	513;411;423	-98.72;-99.26;-99.44	513;411		1.47
120.13115427	30.27131778	 2026-09-20 10:02:15.116	417	-94.79	513;411;429	-100.77;-100.98;-101.72	513;411		4.84
120.13115561	30.27130208	 2026-09-20 10:02:15.312	417	-90.48	513;411;423	-97.07;-99.76;-102.03	513;411		4.61
120.13116493	30.27132085	 2026-09-20 10:02:15.543	417	-89.49	513;411;429	-97.11;-99.37;-101.99	513;411		5.38
120.13117969	30.27132186	 2026-09-20 10:02:15.786	417	-94.66	513;429;507	-96.99;-98.86;-100.57	513;429		0.45
120.13117893	30.27131887	 2026-09-20 10:02:16.092	417	-90.15	411;513;507	-99.22;-99.80;-100.99	411;513		7.93
120.13117470	30.27131419	 2026-09-20 10:02:16.408	417	-90.31	411;513;507	-99.95;-99.97;-100.73	411;513		8.06
120.13116781	30.27130208	 2026-09-20 10:02:16.605	417	-90.52	513;411;507	-99.24;-99.80;-100.80	513;411		6.41
120.13116515	30.27131812	 2026-09-20 10:02:16.809	417	-89.12	411;507;423	-99.63;-100.11;-100.21	411;507		7.64
120.13116575	30.27130966	 2026-09-20 10:02:17.039	417	-89.58	513;411;501	-99.64;-101.05;-102.20	513;411		8.24
120.13117137	30.27131993	 2026-09-20 10:02:17.240	417	-92.02	411;513;507	-97.75;-100.20;-100.62	411;513		2.47
120.13117862	30.27131789	 2026-09-20 10:02:17.500	417	-92.35	513;411;423	-98.17;-98.36;-101.39	513;411		2.84
120.13118161	30.27130815	 2026-09-20 10:02:17.718	417	-92.56	411;507;513	-99.95;-100.99;-101.20	411;507		5.20
120.13119573	30.27130736	 2026-09-20 10:02:17.899	417	-93.50	429;513;411	-100.70;-100.73;-101.15	429;513		6.26
120.13119720	30.27131468	 2026-09-20 10:02:18.103	417	-91.90	513;507;501	-98.10;-100.17;-102.20	513;507		3.54
120.13118141	30.27131925	 2026-09-20 10:02:18.312	417	-92.12	411;513;507	-98.00;-98.73;-101.99	411;513		4.23
120.13118928	30.27131545	 2026-09-20 10:02:18.509	417	-91.41	513;507;411	-97.84;-98.79;-99.09	513;507		3.75
120.13119692	30.27132219	 2026-09-20 10:02:18.689	417	-90.87	513;501;507	-97.17;-102.20;-102.20	513;501		3.88
120.13120144	30.27132168	 2026-09-20 10:02:18.914	417	-89.60	513;429;411	-99.74;-100.61;-100.62	513;429		8.02
120.13120053	30.27130791	 2026-09-20 10:02:19.197	417	-91.68	411;513;501	-97.40;-99.13;-101.81	411;513		4.44
120.13120716	30.27131531	 2026-09-20 10:02:19.512	417	-92.54	513;411;507	-98.95;-100.05;-100.11	513;411		4.34
120.13119749	30.27131960	 2026-09-20 10:02:19.822	417	-91.50	411;429;513	-100.57;-100.82;-100.85	411;429		4.14
120.13119477	30.27130262	 2026-09-20 10:02:20.131	417	-90.10	513;411;423	-97.71;-101.07;-101.31	513;411		5.83
120.13119207	30.27130875	 2026-09-20 10:02:20.324	417	-91.19	513;411;501	-98.02;-99.79;-102.20	513;411		4.99
120.13119512	30.27131206	 2026-09-20 10:02:20.575	417	-91.05	513;411;507	-97.05;-100.39;-101.02	513;411		3.98
120.13119650	30.27130692	 2026-09-20 10:02:20.892	417	-91.69	411;507;513	-100.50;-100.52;-100.93	411;507		7.93
120.13119686	30.27130821	 2026-09-20 10:02:21.143	417	-92.32	507;513;411	-100.69;-100.80;-102.04	507;513		5.85
120.13120899	30.27131439	 2026-09-20 10:02:21.351	417	-90.95	513;411;501	-99.24;-99.38;-102.20	513;411		5.98
120.13119801	30.27130918	 2026-09-20 10:02:21.577	417	-92.74	513;507;501	-98.45;-100.77;-102.20	513;507		2.22
120.13120203	30.27130984	 2026-09-20 10:02:21.876	417	-92.23	411;513;501	-100.03;-101.35;-102.20	411;513		5.48
120.13121190	30.27131339	 2026-09-20 10:02:22.092	417	-92.34	411;429;501	-99.32;-100.69;-101.01	411;429		5.61
120.13120156	30.27131040	 2026-09-20 10:02:22.324	417	-92.54	513;507;411	-98.82;-100.01;-100.56	513;507		4.18
120.13120518	30.27131974	 2026-09-20 10:02:22.564	417	-92.38	507;411;501	-99.60;-101.11;-102.20	507;411		4.45
120.13121078	30.27131077	 2026-09-20 10:02:22.744	417	-92.40	507;513;411	-99.53;-100.46;-101.28	507;513		4.79
120.13121075	30.27130174	 2026-09-20 10:02:22.957	417	-89.63	507;513;411	-99.32;-100.92;-101.55	507;513		7.69
120.13121972	30.27130324	 2026-09-20 10:02:23.257	417	-90.70	411;429;501	-98.61;-102.10;-102.20	411;429		5.54
120.13122889	30.27130353	 2026-09-20 10:02:23.574	417	-91.14	411;507;513	-100.66;-101.10;-101.28	411;507		8.37
120.13121592	30.27131634	 2026-09-20 10:02:23.857	417	-91.08	411;513;423	-99.98;-100.48;-102.16	411;513		5.56
120.13123620	30.27130452	 2026-09-20 10:02:24.107	417	-90.13	429;513;411	-98.28;-99.76;-100.47	429;513		5.61
120.13122168	30.27131903	 2026-09-20 10:02:24.414	417	-89.27	411;513;501	-98.80;-99.34;-102.20	411;513		5.74
120.13122308	30.27131688	 2026-09-20 10:02:24.675	417	-92.29	411;507;513	-99.61;-100.85;-101.47	411;507		5.30
120.13122265	30.27130610	 2026-09-20 10:02:24.978	417	-93.32	513;411;507	-99.35;-99.71;-100.17	513;411		3.52
120.13122704	30.27130343	 2026-09-20 10:02:25.237	417	-87.43	411;501;507	-98.38;-99.61;-100.09	411;501		7.77
120.13124152	30.27131011	 2026-09-20 10:02:25.493	417	-89.21	411;513;507	-99.03;-99.72;-101.06	411;513		8.43
120.13124414	30.27130439	 2026-09-20 10:02:25.691	417	-91.15	513;507;411	-100.11;-100.94;-101.24	513;507		7.14
120.13122781	30.27131697	 2026-09-20 10:02:25.967	417	-92.31	423;513;507	-99.77;-100.00;-101.41	423;513		4.92
120.13122581	30.27131687	 2026-09-20 10:02:26.210	417	-89.70	513;507;411	-98.48;-98.52;-99.49	513;507		8.05
120.13124359	30.27131919	 2026-09-20 10:02:26.409	417	-87.79	411;429;507	-101.07;-101.97;-102.00	411;429		11.42
120.13124466	30.27131285	 2026-09-20 10:02:26.679	417	-90.88	507;429;411	-98.66;-99.86;-100.35	507;429		6.14
120.13124018	30.27131949	 2026-09-20 10:02:26.926	417	-91.89	513;507;429	-99.40;-100.77;-101.25	513;507		6.34
120.13123560	30.27130719	 2026-09-20 10:02:27.107	417	-89.61	513;411;507	-99.28;-99.86;-101.43	513;411		6.32
120.13123689	30.27131616	 2026-09-20 10:02:27.387	417	-90.24	513;429;411	-99.87;-100.67;-100.87	513;429		6.63
120.13124083	30.27131121	 2026-09-20 10:02:27.679	417	-90.34	507;411;501	-99.69;-101.50;-102.20	507;411		7.15
120.13123757	30.27131034	 2026-09-20 10:02:27.960	417	-89.74	513;507;501	-100.43;-101.10;-101.48	513;507		7.75
120.13125167	30.27130901	 2026-09-20 10:02:28.186	417	-89.17	513;411;501	-97.88;-99.45;-100.72	513;411		6.28
120.13125446	30.27131172	 2026-09-20 10:02:28.432	417	-88.99	513;411;507	-98.46;-99.61;-100.62	513;411		5.78
120.13125757	30.27131706	 2026-09-20 10:02:28.650	417	-89.13	423;513;507	-98.90;-100.93;-101.67	423;513		8.47
120.13124765	30.27130745	 2026-09-20 10:02:28.878	417	-90.58	513;501;411	-99.62;-101.44;-102.17	513;501		7.32
120.13126620	30.27131523	 2026-09-20 10:02:29.163	417	-91.23	429;513;507	-100.33;-100.54;-101.44	429;513		7.01
120.13126045	30.27130895	 2026-09-20 10:02:29.406	417	-89.80	411;429;513	-100.70;-100.95;-101.74	411;429		7.42
120.13126277	30.27130579	 2026-09-20 10:02:29.635	417	-90.44	411;513;501	-99.68;-100.13;-102.20	411;513		6.90
120.13126485	30.27131922	 2026-09-20 10:02:29.831	417	-90.53	513;411;507	-100.53;-101.15;-102.07	513;411		7.53
120.13125713	30.27130743	 2026-09-20 10:02:30.015	417	-94.17	429;513;411	-98.77;-99.11;-100.92	429;513		0.91
120.13126013	30.27131659	 2026-09-20 10:02:30.319	417	-88.97	411;513;501	-100.19;-100.91;-102.20	411;513		9.14
120.13125984	30.27130952	 2026-09-20 10:02:30.567	417	-87.60	513;507;411	-100.94;-101.21;-101.69	513;507		10.43
120.13125846	30.27131725	 2026-09-20 10:02:30.801	417	-90.41	411;501;513	-100.60;-101.63;-101.82	411;501		7.88
120.13127011	30.27131840	 2026-09-20 10:02:31.106	417	-89.83	513;507;423	-99.42;-100.86;-100.87	513;507		7.33
120.13127377	30.27130214	 2026-09-20 10:02:31.401	417	-90.85	513;411;429	-97.62;-100.64;-101.49	513;411		4.99
120.13127290	30.27130399	 2026-09-20 10:02:31.644	417	-91.24	429;513;501	-100.32;-100.76;-102.20	429;513		6.75
120.13127250	30.27131369	 2026-09-20 10:02:31.875	417	-90.04	507;513;411	-98.97;-99.04;-99.93	507;513		3.78
120.13128904	30.27131382	 2026-09-20 10:02:32.144	417	-89.37	513;411;507	-97.05;-100.94;-102.05	513;411		4.96
120.13127057	30.27131461	 2026-09-20 10:02:32.413	417	-88.70	411;501;507	-102.11;-102.20;-102.20	411;501		11.49
120.13127320	30.27131252	 2026-09-20 10:02:32.619	417	-89.07	513;411;501	-97.97;-99.21;-102.20	513;411		5.84
120.13127538	30.27131937	 2026-09-20 10:02:32.848	417	-88.85	411;507;513	-99.73;-101.11;-101.43	411;507		9.46
120.13129393	30.27131890	 2026-09-20 10:02:33.100	417	-88.49	507;513;423	-97.66;-97.77;-101.22	507;513		4.93
120.13128058	30.27131218	 2026-09-20 10:02:33.340	417	-91.24	507;513;423	-99.25;-99.30;-101.46	507;513		4.85
120.13128415	30.27131164	 2026-09-20 10:02:33.529	417	-87.63	423;513;507	-99.13;-100.65;-101.62	423;513		9.55
120.13129476	30.27131326	 2026-09-20 10:02:33.847	417	-90.42	513;507;501	-100.29;-100.46;-101.01	513;507		8.37
120.13129732	30.27132151	 2026-09-20 10:02:34.145	417	-87.29	429;501;507	-100.46;-101.17;-101.83	429;501		10.67
120.13128825	30.27132119	 2026-09-20 10:02:34.447	417	-89.39	507;411;429	-99.39;-101.00;-101.03	507;411		8.17
120.13129434	30.27130527	 2026-09-20 10:02:34.668	417	-91.01	411;507;513	-101.26;-101.39;-101.71	411;507		5.96
120.13129469	30.27132222	 2026-09-20 10:02:34.942	417	-87.21	513;501;507	-99.61;-102.20;-102.20	513;501		8.64
120.13130165	30.27132210	 2026-09-20 10:02:35.146	417	-88.53	507;513;501	-100.91;-101.63;-102.20	507;513		10.24
120.13129957	30.27131840	 2026-09-20 10:02:35.397	417	-89.98	411;513;507	-99.02;-99.96;-101.83	411;513		5.82
120.13130625	30.27130115	 2026-09-20 10:02:35.632	417	-88.83	513;411;507	-99.33;-99.50;-100.62	513;411		5.88
120.13130406	30.27131445	 2026-09-20 10:02:35.880	417	-89.88	513;507;423	-99.61;-100.45;-102.07	513;507		6.63
120.13130007	30.27130767	 2026-09-20 10:02:36.124	417	-89.61	513;411;501	-98.18;-100.79;-101.84	513;411		6.73
120.13130919	30.27132257	 2026-09-20 10:02:36.413	417	-86.15	513;501;507	-101.09;-102.20;-102.20	513;501		12.00
120.13130428	30.27130197	 2026-09-20 10:02:36.674	417	-88.60	507;411;513	-98.39;-99.47;-101.84	507;411		6.44
120.13130012	30.27130296	 2026-09-20 10:02:36.875	417	-88.18	507;513;429	-100.10;-100.19;-101.78	507;513		9.90
120.13130777	30.27131456	 2026-09-20 10:02:37.166	417	-91.52	411;513;429	-101.02;-102.00;-102.01	411;513		7.10
120.13131929	30.27130595	 2026-09-20 10:02:37.475	417	-90.74	513;429;501	-101.20;-101.21;-102.20	513;429		7.12
120.13130731	30.27131774	 2026-09-20 10:02:37.792	417	-88.96	411;507;501	-99.15;-100.80;-102.20	411;507		7.77
120.13132680	30.27131926	 2026-09-20 10:02:38.056	417	-89.85	507;513;411	-100.24;-101.63;-101.64	507;513		7.08
120.13132678	30.27131259	 2026-09-20 10:02:38.333	417	-91.51	507;501;513	-99.73;-100.03;-100.36	507;501		5.43
120.13131280	30.27131825	 2026-09-20 10:02:38.538	417	-87.18	513;429;411	-99.47;-100.62;-101.24	513;429		8.45
120.13130996	30.27130734	 2026-09-20 10:02:38.724	417	-92.45	507;411;501	-99.86;-100.74;-102.20	507;411		6.29
120.13130992	30.27131219	 2026-09-20 10:02:38.979	417	-91.62	513;423;411	-99.02;-101.75;-102.10	513;423		3.52
120.13133515	30.27130250	 2026-09-20 10:02:39.210	417	-87.92	507;501;513	-101.00;-101.72;-101.74	507;501		11.19
120.13131819	30.27131461	 2026-09-20 10:02:39.404	417	-91.41	507;513;411	-98.68;-101.33;-101.65	507;513		4.67
120.13131589	30.27132130	 2026-09-20 10:02:39.682	417	-89.88	411;513;507	-99.77;-101.05;-101.05	411;513		6.58
120.13133611	30.27132083	 2026-09-20 10:02:39.931	417	-85.88	513;429;507	-97.53;-100.54;-100.72	513;429		8.94
120.13134106	30.27130322	 2026-09-20 10:02:40.176	417	-91.65	507;513;429	-96.78;-101.25;-101.37	507;513		2.56
120.13132858	30.27131302	 2026-09-20 10:02:40.485	417	-89.11	513;507;429	-99.57;-100.08;-102.19	513;507		8.54
120.13133730	30.27131300	 2026-09-20 10:02:40.756	417	-88.94	513;429;507	-100.38;-100.67;-101.38	513;429		8.90
120.13132474	30.27131676	 2026-09-20 10:02:41.072	417	-90.63	507;411;513	-98.70;-99.05;-101.68	507;411		7.77
120.13134337	30.27130720	 2026-09-20 10:02:41.306	417	-90.63	423;411;501	-100.64;-101.43;-102.20	423;411		9.53
120.13134660	30.27131610	 2026-09-20 10:02:41.497	417	-90.50	507;501;513	-99.20;-102.20;-102.20	507;501		5.37
120.13132928	30.27130682	 2026-09-20 10:02:41.739	417	-90.03	513;507;429	-98.82;-101.15;-101.91	513;507		5.77
120.13134415	30.27131364	 2026-09-20 10:02:42.011	417	-89.78	507;513;429	-99.90;-101.26;-101.38	507;513		7.20
120.13135389	30.27131382	 2026-09-20 10:02:42.313	417	-91.40	411;507;501	-100.24;-101.58;-102.20	411;507		7.24
120.13134958	30.27131907	 2026-09-20 10:02:42.578	417	-88.18	411;507;513	-99.13;-100.35;-100.79	411;507		7.86
120.13135327	30.27130833	 2026-09-20 10:02:42.888	417	-90.55	507;411;501	-99.32;-99.70;-102.20	507;411		5.33
120.13135129	30.27131208	 2026-09-20 10:02:43.138	417	-88.72	507;501;513	-101.07;-101.15;-101.28	507;501		10.84
120.13136174	30.27131277	 2026-09-20 10:02:43.411	417	-91.70	507;513;429	-100.62;-100.85;-101.36	507;513		7.17
120.13135593	30.27131006	 2026-09-20 10:02:43.714	417	-88.47	507;501;513	-102.04;-102.20;-102.20	507;501		10.90
120.13134640	30.27131997	 2026-09-20 10:02:43.982	417	-92.65	513;507;429	-100.09;-100.29;-101.31	513;507		4.93
120.13135356	30.27131351	 2026-09-20 10:02:44.270	417	-85.97	513;507;501	-100.16;-102.18;-102.20	513;507		10.98
120.13136137	30.27130976	 2026-09-20 10:02:44.500	417	-88.04	507;513;429	-96.21;-100.62;-101.03	507;513		4.98
120.13136925	30.27130203	 2026-09-20 10:02:44.714	417	-89.69	507;513;501	-98.98;-101.30;-102.20	507;513		9.27
120.13136297	30.27131232	 2026-09-20 10:02:44.916	417	-86.75	423;429;513	-99.99;-100.42;-101.83	423;429		11.57
120.13136597	30.27130151	 2026-09-20 10:02:45.140	417	-91.40	411;513;507	-98.58;-99.64;-101.24	411;513		5.48
120.13135195	30.27131569	 2026-09-20 10:02:45.393	417	-89.26	507;513;501	-96.92;-99.26;-101.96	507;513		5.85
120.13136821	30.27130234	 2026-09-20 10:02:45.679	417	-86.48	507;411;513	-99.12;-100.46;-100.98	507;411		10.08
120.13136351	30.27131135	 2026-09-20 10:02:45.998	417	-86.04	411;501;513	-100.26;-101.71;-101.79	411;501		12.00
120.13136099	30.27131518	 2026-09-20 10:02:46.209	417	-87.82	507;513;411	-98.56;-99.86;-101.55	507;513		8.66
120.13137682	30.27131417	 2026-09-20 10:02:46.459	417	-90.81	507;513;501	-98.24;-100.70;-102.20	507;513		4.15
120.13137591	30.27132143	 2026-09-20 10:02:46.696	417	-86.84	507;513;411	-98.19;-98.93;-101.94	507;513		8.26
120.13137288	30.27130107	 2026-09-20 10:02:47.003	417	-90.04	513;507;411	-97.54;-98.72;-101.96	513;507		5.18
120.13136270	30.27131226	 2026-09-20 10:02:47.227	417	-88.88	411;507;513	-101.14;-101.38;-101.52	411;507		12.00
120.13138737	30.27131110	 2026-09-20 10:02:47.477	417	-90.04	507;429;501	-101.05;-101.88;-102.20	507;429		7.88
120.13136963	30.27130396	 2026-09-20 10:02:47.777	417	-92.52	411;513;507	-99.18;-100.26;-100.41	411;513		3.54
120.13137438	30.27131472	 2026-09-20 10:02:48.006	417	-87.58	411;513;507	-100.83;-101.36;-101.56	411;513		10.35
120.13137019	30.27132220	 2026-09-20 10:02:48.195	417	-87.96	507;429;513	-99.56;-100.29;-100.64	507;429		9.16
120.13139417	30.27131711	 2026-09-20 10:02:48.383	417	-87.59	507;513;411	-100.51;-101.29;-101.95	507;513		11.35
120.13137965	30.27131182	 2026-09-20 10:02:48.589	417	-87.38	429;507;501	-100.33;-100.51;-102.20	429;507		10.32
120.13139205	30.27131397	 2026-09-20 10:02:48.785	417	-88.38	507;513;501	-99.40;-101.89;-102.20	507;513		6.62
120.13139528	30.27130488	 2026-09-20 10:02:49.085	417	-88.52	411;507;513	-99.61;-100.99;-101.31	411;507		8.65
120.13138754	30.27131408	 2026-09-20 10:02:49.306	417	-88.76	507;513;429	-98.86;-99.56;-101.24	507;513		7.04
120.13139484	30.27131239	 2026-09-20 10:02:49.507	417	-88.16	513;507;411	-98.09;-98.44;-101.16	513;507		7.72
120.13139841	30.27132198	 2026-09-20 10:02:49.823	417	-85.73	513;429;411	-100.50;-101.26;-101.34	513;429		12.00
120.13140152	30.27131119	 2026-09-20 10:02:50.023	417	-92.07	513;501;423	-99.55;-100.45;-102.18	513;501		4.19
120.13140748	30.27131359	 2026-09-20 10:02:50.340	417	-91.69	507;411;501	-98.44;-99.26;-100.36	507;411		4.94
120.13138997	30.27130628	 2026-09-20 10:02:50.540	417	-89.89	507;513;429	-99.30;-99.68;-100.14	507;513		7.42
120.13139048	30.27131744	 2026-09-20 10:02:50.768	417	-88.67	507;513;501	-100.55;-101.99;-102.20	507;513		8.86
120.13141341	30.27132011	 2026-09-20 10:02:51.001	417	-86.80	507;411;513	-98.14;-100.47;-100.74	507;411		9.16
120.13141411	30.27131394	 2026-09-20 10:02:51.188	417	-86.28	507;513;501	-100.85;-101.31;-102.20	507;513		12.00
120.13139316	30.27132249	 2026-09-20 10:02:51.403	417	-87.40	507;513;423	-98.46;-101.03;-101.04	507;513		8.50
120.13140074	30.27131275	 2026-09-20 10:02:51.665	417	-90.95	507;513;501	-98.88;-100.38;-102.20	507;513		4.78
120.13140615	30.27130583	 2026-09-20 10:02:51.968	417	-87.99	507;513;411	-99.63;-99.84;-101.58	507;513		7.66
120.13140277	30.27130933	 2026-09-20 10:02:52.195	417	-90.92	411;429;513	-98.48;-100.80;-100.86	411;429		5.43
120.13140139	30.27131693	 2026-09-20 10:02:52.509	417	-89.30	507;513;501	-99.75;-101.11;-102.20	507;513		6.98
120.13140214	30.27131807	 2026-09-20 10:02:52.771	417	-87.42	513;429;411	-99.96;-100.45;-101.50	513;429		9.23
120.13140859	30.27131058	 2026-09-20 10:02:52.978	417	-88.96	429;501;507	-99.59;-101.03;-101.44	429;501		7.48
120.13142688	30.27130250	 2026-09-20 10:02:53.283	417	-90.27	507;513;411	-99.69;-99.81;-101.14	507;513		7.27
120.13142958	30.27131084	 2026-09-20 10:02:53.598	417	-88.37	423;507;513	-99.61;-100.22;-101.12	423;507		8.86
120.13141987	30.27130338	 2026-09-20 10:02:53.841	417	-90.37	513;507;501	-99.00;-99.56;-101.26	513;507		7.00
120.13143103	30.27131055	 2026-09-20 10:02:54.161	417	-88.67	507;513;429	-99.37;-100.32;-101.31	507;513		8.75
120.13141713	30.27131157	 2026-09-20 10:02:54.408	417	-87.30	411;507;501	-99.49;-101.78;-102.20	411;507		9.68
120.13142725	30.27129999	 2026-09-20 10:02:54.672	417	-89.58	513;423;507	-98.92;-100.64;-101.14	513;423		7.84
120.13142284	30.27131483	 2026-09-20 10:02:54.982	417	-86.83	507;501;513	-100.34;-102.20;-102.20	507;501		11.04
120.13141618	30.27130236	 2026-09-20 10:02:55.233	417	-88.45	507;429;501	-101.09;-101.93;-102.20	507;429		9.28
120.13143327	30.27129490	 2026-09-20 10:02:55.548	417	-84.39	411;507;501	-100.83;-101.24;-102.20	411;507		12.00
120.13142199	30.27130547	 2026-09-20 10:02:55.789	417	-88.63	507;513;501	-99.68;-101.43;-102.20	507;513		10.55
120.13141973	30.27131189	 2026-09-20 10:02:56.002	417	-90.46	423;507;501	-99.24;-99.83;-102.20	423;507		6.30
120.13141871	30.27130047	 2026-09-20 10:02:56.223	417	-90.49	411;507;501	-101.14;-101.16;-102.20	411;507		6.21
120.13142659	30.27129142	 2026-09-20 10:02:56.439	417	-88.17	513;507;501	-98.77;-100.49;-102.20	513;507		6.13
120.13142532	30.27130210	 2026-09-20 10:02:56.741	417	-88.98	501;507;513	-102.20;-102.20;-102.20	501;507		10.62
120.13143030	30.27130399	 2026-09-20 10:02:57.011	417	-92.26	507;501;513	-98.77;-99.52;-100.32	507;501		4.43
120.13143004	30.27129905	 2026-09-20 10:02:57.232	417	-89.07	507;513;429	-97.06;-100.19;-100.85	507;513		5.87
120.13142807	30.27129387	 2026-09-20 10:02:57.468	417	-89.23	411;501;507	-101.44;-102.20;-102.20	411;501		9.32
120.13142466	30.27130104	 2026-09-20 10:02:57.679	417	-84.94	507;429;501	-97.80;-101.07;-102.20	507;429		10.83
120.13142864	30.27128921	 2026-09-20 10:02:57.934	417	-91.94	513;429;507	-99.49;-101.78;-102.14	513;429		5.08
120.13141397	30.27128753	 2026-09-20 10:02:58.127	417	-89.31	507;513;429	-100.39;-101.06;-101.23	507;513		8.37
120.13141327	30.27128272	 2026-09-20 10:02:58.399	417	-91.42	513;507;411	-99.25;-99.99;-100.69	513;507		4.97
120.13143319	30.27128235	 2026-09-20 10:02:58.686	417	-91.03	507;513;411	-99.44;-99.89;-102.06	507;513		2.24
120.13141900	30.27128560	 2026-09-20 10:02:58.898	417	-89.23	429;507;513	-98.68;-99.27;-100.84	429;507		8.94
120.13142033	30.27127647	 2026-09-20 10:02:59.203	417	-90.63	513;507;411	-99.24;-100.01;-101.87	513;507		6.05
120.13142896	30.27127877	 2026-09-20 10:02:59.490	417	-88.48	507;501;513	-96.56;-100.97;-102.07	507;501		4.43
120.13141335	30.27127111	 2026-09-20 10:02:59.766	417	-87.63	501;513;507	-100.07;-100.11;-101.94	501;513		10.56
120.13143208	30.27128508	 2026-09-20 10:03:00.049	417	-90.90	507;411;423	-97.77;-99.05;-100.50	507;411		3.78
120.13141322	30.27127116	 2026-09-20 10:03:00.273	417	-90.75	507;423;501	-97.77;-101.15;-101.74	507;423		3.10
120.13142645	30.27127300	 2026-09-20 10:03:00.572	417	-88.18	507;411;513	-99.24;-100.54;-101.77	507;411		7.98
120.13141102	30.27126899	 2026-09-20 10:03:00.782	417	-90.71	507;513;411	-97.27;-97.52;-100.96	507;513		4.84
120.13142943	30.27127920	 2026-09-20 10:03:00.993	417	-89.79	507;411;501	-99.09;-100.66;-102.20	507;411		8.31
120.13141024	30.27127174	 2026-09-20 10:03:01.270	417	-91.85	507;429;501	-100.64;-102.07;-102.20	507;429		6.91
120.13143086	30.27127119	 2026-09-20 10:03:01.585	417	-90.64	507;513;429	-99.14;-100.34;-101.94	507;513		6.72
120.13141687	30.27126469	 2026-09-20 10:03:01.882	417	-88.15	507;429;513	-98.25;-101.75;-101.95	507;429		8.44
120.13141216	30.27125939	 2026-09-20 10:03:02.090	417	-93.15	507;513;411	-98.61;-101.29;-101.47	507;513		1.79
120.13143408	30.27126361	 2026-09-20 10:03:02.359	417	-92.17	507;501;411	-98.54;-100.91;-101.32	507;501		3.36
120.13140990	30.27126951	 2026-09-20 10:03:02.615	417	-92.00	507;513;423	-99.16;-100.23;-101.62	507;513		4.55
120.13143127	30.27125520	 2026-09-20 10:03:02.816	417	-90.01	507;429;501	-101.15;-101.59;-102.20	507;429		8.75
120.13142860	30.27126956	 2026-09-20 10:03:03.076	417	-86.89	423;513;411	-100.24;-100.70;-101.10	423;513		9.83
120.13143211	30.27125725	 2026-09-20 10:03:03.341	417	-89.55	507;513;501	-100.21;-100.93;-102.20	507;513		8.09
120.13141949	30.27125896	 2026-09-20 10:03:03.558	417	-90.39	507;513;429	-100.48;-100.71;-101.15	507;513		9.14
120.13142730	30.27126077	 2026-09-20 10:03:03.742	417	-93.96	513;507;429	-100.12;-100.62;-101.49	513;507		4.69
120.13142065	30.27125981	 2026-09-20 10:03:03.931	417	-90.38	513;507;501	-99.26;-100.58;-101.94	513;507		6.89
120.13141182	30.27126466	 2026-09-20 10:03:04.185	417	-91.69	507;429;513	-96.68;-98.28;-100.29	507;429		2.95
120.13141715	30.27125360	 2026-09-20 10:03:04.437	417	-92.14	507;513;501	-99.76;-101.73;-102.20	507;513		6.69
120.13142702	30.27124632	 2026-09-20 10:03:04.627	417	-92.48	513;507;429	-101.16;-101.48;-101.79	513;507		5.43
120.13142808	30.27124604	 2026-09-20 10:03:04.830	417	-90.55	507;501;513	-100.11;-100.80;-100.97	507;501		5.78
120.13142531	30.27125595	 2026-09-20 10:03:05.085	417	-92.73	507;513;501	-97.90;-99.59;-102.20	507;513		2.23
120.13142101	30.27125724	 2026-09-20 10:03:05.322	417	-89.97	513;507;501	-98.49;-101.77;-102.20	513;507		5.16
120.13143433	30.27124136	 2026-09-20 10:03:05.502	417	-93.24	507;513;411	-98.62;-100.81;-100.94	507;513		1.34
120.13141593	30.27124685	 2026-09-20 10:03:05.764	417	-91.18	507;513;423	-99.26;-100.48;-100.79	507;513		5.16
120.13143012	30.27124975	 2026-09-20 10:03:06.076	417	-93.60	513;507;429	-99.77;-100.41;-101.54	513;507		3.37
120.13142404	30.27124005	 2026-09-20 10:03:06.302	417	-90.58	507;411;501	-97.90;-102.08;-102.20	507;411		5.51
120.13142249	30.27125097	 2026-09-20 10:03:06.606	417	-90.18	507;501;411	-98.75;-101.63;-101.96	507;501		7.39
120.13143387	30.27123810	 2026-09-20 10:03:06.866	417	-93.34	411;507;429	-99.50;-99.51;-100.97	411;507		3.29
120.13141542	30.27123737	 2026-09-20 10:03:07.109	417	-91.56	507;429;411	-99.45;-99.67;-100.40	507;429		3.22
120.13141635	30.27123971	 2026-09-20 10:03:07.374	417	-91.72	507;513;501	-101.16;-102.06;-102.20	507;513		7.06
120.13142018	30.27122516	 2026-09-20 10:03:07.562	417	-94.26	429;507;513	-97.10;-99.00;-101.21	429;507		1.80
120.13142918	30.27124231	 2026-09-20 10:03:07.764	417	-91.61	507;429;513	-98.33;-99.52;-100.81	507;429		4.11
120.13141920	30.27122724	 2026-09-20 10:03:07.988	417	-92.94	513;507;501	-99.91;-101.09;-101.18	513;507		4.34
120.13140980	30.27123532	 2026-09-20 10:03:08.232	417	-91.14	513;507;429	-98.00;-100.94;-101.04	513;507		4.82
120.13142608	30.27122818	 2026-09-20 10:03:08.495	417	-91.00	507;429;501	-96.78;-101.37;-102.20	507;429		3.85
120.13142528	30.27121972	 2026-09-20 10:03:08.694	417	-93.86	507;423;513	-98.02;-100.86;-101.55	507;423		3.20
120.13142262	30.27121928	 2026-09-20 10:03:08.914	417	-92.32	423;429;507	-101.32;-101.35;-101.40	423;429		4.91
120.13141351	30.27122645	 2026-09-20 10:03:09.203	417	-91.11	507;513;429	-99.63;-99.79;-102.14	507;513		4.44
120.13142175	30.27121933	 2026-09-20 10:03:09.409	417	-95.77	507;411;501	-96.60;-101.54;-102.20	507;411		-2.20
120.13141784	30.27122232	 2026-09-20 10:03:09.724	417	-93.17	507;513;501	-98.44;-99.60;-102.20	507;513		2.76
120.13143133	30.27121756	 2026-09-20 10:03:09.974	417	-95.57	429;507;501	-99.70;-99.77;-100.71	429;507		1.81
120.13141178	30.27121972	 2026-09-20 10:03:10.162	417	-93.38	507;429;411	-97.89;-100.61;-101.30	507;429		0.61
120.13142351	30.27122844	 2026-09-20 10:03:10.371	417	-92.17	507;513;501	-97.39;-101.54;-102.20	507;513		2.16
120.13141582	30.27121069	 2026-09-20 10:03:10.632	417	-94.38	507;423;501	-101.81;-102.07;-102.20	507;423		5.44
120.13141185	30.27121162	 2026-09-20 10:03:10.832	417	-93.53	507;429;423	-98.99;-99.09;-102.16	507;429		4.02
120.13142974	30.27122069	 2026-09-20 10:03:11.049	417	-94.86	507;513;411	-97.06;-99.74;-101.62	507;513		-0.59
120.13141764	30.27121347	 2026-09-20 10:03:11.283	417	-95.41	507;423;513	-97.40;-100.15;-100.32	507;423		0.46
120.13141747	30.27120568	 2026-09-20 10:03:11.538	417	-91.34	507;501;513	-98.65;-102.20;-102.20	507;501		5.68
120.13141080	30.27121673	 2026-09-20 10:03:11.735	417	-92.50	507;429;513	-98.54;-98.94;-99.91	507;429		3.05
120.13141537	30.27119835	 2026-09-20 10:03:11.951	417	-92.71	411;507;513	-99.56;-100.56;-101.35	411;507		2.82
120.13143305	30.27119691	 2026-09-20 10:03:12.203	417	-94.15	429;411;501	-100.02;-100.15;-100.96	429;411		5.24
120.13143203	30.27120465	 2026-09-20 10:03:12.494	417	-90.55	507;411;423	-98.14;-101.79;-101.85	507;411		6.21
120.13143455	30.27120034	 2026-09-20 10:03:12.759	417	-95.53	429;501;507	-100.75;-101.85;-101.96	429;501		3.34
120.13141426	30.27120734	 2026-09-20 10:03:13.003	417	-91.32	507;513;501	-97.06;-101.17;-101.43	507;513		3.70
120.13141537	30.27121200	 2026-09-20 10:03:13.261	417	-95.09	507;513;411	-99.07;-101.12;-101.66	507;513		2.84
120.13141622	30.27120225	 2026-09-20 10:03:13.557	417	-93.05	507;429;513	-100.45;-100.85;-101.31	507;429		6.83
120.13142348	30.27120742	 2026-09-20 10:03:13.787	417	-95.03	507;429;501	-96.12;-101.67;-102.20	507;429		-1.06
120.13143074	30.27118856	 2026-09-20 10:03:14.070	417	-92.47	507;429;423	-97.30;-101.04;-102.01	507;429		4.38
120.13141826	30.27120250	 2026-09-20 10:03:14.349	417	-92.12	507;411;423	-99.32;-100.63;-101.49	507;411		3.63
120.13141438	30.27118761	 2026-09-20 10:03:14.625	417	-93.00	429;507;501	-99.12;-99.17;-102.20	429;507		5.10
120.13142341	30.27119368	 2026-09-20 10:03:14.921	417	-94.17	507;429;513	-98.95;-101.19;-101.60	507;429		3.13
120.13143145	30.27118297	 2026-09-20 10:03:15.106	417	-92.48	513;507;429	-99.58;-99.77;-99.87	513;507		3.24
120.13143337	30.27118691	 2026-09-20 10:03:15.345	417	-95.31	507;429;513	-101.11;-101.44;-101.75	507;429		3.39
120.13142166	30.27119206	 2026-09-20 10:03:15.620	417	-94.45	507;429;513	-99.59;-100.21;-100.61	507;429		3.38
120.13142456	30.27118368	 2026-09-20 10:03:15.888	417	-93.18	429;507;501	-100.31;-101.69;-102.20	429;507		4.74
120.13141668	30.27119149	 2026-09-20 10:03:16.182	417	-94.62	507;423;501	-100.70;-101.33;-102.20	507;423		4.44
120.13143175	30.27118372	 2026-09-20 10:03:16.479	417	-92.86	507;513;423	-98.10;-100.56;-101.46	507;513		0.05
120.13142612	30.27118554	 2026-09-20 10:03:16.750	417	-97.04	513;423;507	-100.36;-100.66;-101.05	513;423		1.07
120.13142355	30.27119024	 2026-09-20 10:03:16.952	417	-94.20	507;429;501	-97.63;-99.83;-101.69	507;429		3.36
120.13142008	30.27118387	 2026-09-20 10:03:17.187	417	-92.55	507;513;411	-98.69;-99.71;-102.03	507;513		4.31
120.13141429	30.27117634	 2026-09-20 10:03:17.386	417	-95.15	513;507;429	-98.52;-98.71;-98.80	513;507		0.50
120.13141349	30.27117707	 2026-09-20 10:03:17.646	417	-96.04	507;411;429	-99.34;-99.55;-101.07	507;411		0.73
120.13141241	30.27118439	 2026-09-20 10:03:17.874	417	-93.84	507;429;513	-98.42;-99.53;-101.20	507;429		2.25
120.13142865	30.27118369	 2026-09-20 10:03:18.108	417	-96.12	513;429;507	-100.52;-101.06;-101.36	513;429		0.64
120.13143108	30.27118030	 2026-09-20 10:03:18.425	417	-93.14	507;513;423	-98.39;-99.08;-100.96	507;513		1.82
120.13142846	30.27116293	 2026-09-20 10:03:18.729	417	-94.54	507;411;501	-96.27;-102.11;-102.20	507;411		-0.15
120.13143235	30.27116146	 2026-09-20 10:03:18.980	417	-96.46	507;429;501	-100.15;-101.42;-102.20	507;429		0.40
120.13141302	30.27117108	 2026-09-20 10:03:19.178	417	-92.36	507;429;411	-95.08;-100.21;-101.48	507;429		-0.55
120.13142748	30.27116388	 2026-09-20 10:03:19.498	417	-94.77	429;507;411	-97.34;-97.72;-100.38	429;507		-1.39
120.13142549	30.27115734	 2026-09-20 10:03:19.813	417	-91.82	507;423;429	-99.29;-100.16;-101.24	507;423		3.47
120.13141983	30.27115429	 2026-09-20 10:03:20.090	417	-95.17	507;411;513	-95.65;-99.93;-100.42	507;411		-1.00
120.13141981	30.27115348	 2026-09-20 10:03:20.302	417	-93.45	507;423;429	-95.03;-101.22;-101.33	507;423		-0.65
120.13141825	30.27115557	 2026-09-20 10:03:20.588	417	-94.08	507;513;501	-97.01;-100.80;-102.20	507;513		-0.45
120.13141847	30.27115556	 2026-09-20 10:03:20.810	417	-90.88	423;429;507	-98.35;-98.57;-99.58	423;429		5.80
120.13142849	30.27115053	 2026-09-20 10:03:21.085	417	-93.03	429;507;501	-98.33;-99.70;-102.20	429;507		3.50
120.13141045	30.27114825	 2026-09-20 10:03:21.341	417	-97.37	507;423;429	-101.39;-101.69;-101.74	507;423		2.42
120.13141908	30.27116518	 2026-09-20 10:03:21.619	417	-94.34	507;513;411	-97.40;-101.33;-101.41	507;513		0.40
120.13142756	30.27115604	 2026-09-20 10:03:21.805	417	-94.40	429;507;501	-101.02;-101.49;-102.20	429;507		3.41
120.13141189	30.27115847	 2026-09-20 10:03:22.008	417	-94.83	507;411;513	-99.45;-99.57;-99.65	507;411		1.86
120.13143434	30.27114784	 2026-09-20 10:03:22.204	417	-93.84	507;513;429	-97.13;-100.49;-100.57	507;513		-0.73
120.13142743	30.27114485	 2026-09-20 10:03:22.434	417	-89.58	507;429;411	-97.51;-98.13;-100.90	507;429		5.29
120.13141157	30.27114474	 2026-09-20 10:03:22.726	507	-97.11	417;423;411	-97.86;-100.51;-101.57	417;423		-1.47
120.13141593	30.27113917	 2026-09-20 10:03:22.912	417	-95.66	411;429;513	-101.11;-101.47;-101.51	411;429		3.26
120.13142044	30.27113623	 2026-09-20 10:03:23.153	417	-94.81	507;513;411	-96.51;-101.19;-101.20	507;513		-0.45
120.13142813	30.27115224	 2026-09-20 10:03:23.338	417	-94.17	507;513;501	-99.76;-101.97;-102.20	507;513		2.52
120.13143247	30.27113762	 2026-09-20 10:03:23.627	417	-93.35	411;507;501	-100.10;-100.66;-100.77	411;507		3.96
120.13141639	30.27114422	 2026-09-20 10:03:23.811	417	-94.39	507;429;411	-95.92;-97.43;-101.27	507;429		-0.81
120.13142703	30.27114476	 2026-09-20 10:03:24.051	417	-97.51	507;423;513	-100.39;-100.61;-101.42	507;423		-0.03
120.13141402	30.27113362	 2026-09-20 10:03:24.274	417	-94.97	507;429;513	-100.37;-101.29;-101.41	507;429		2.70
120.13141757	30.27113189	 2026-09-20 10:03:24.490	417	-94.89	507;429;411	-96.03;-98.48;-101.86	507;429		-1.76
120.13143013	30.27112547	 2026-09-20 10:03:24.713	417	-93.99	507;513;429	-97.16;-101.02;-101.96	507;513		2.76
120.13141279	30.27113258	 2026-09-20 10:03:24.973	417	-95.62	507;513;411	-98.18;-99.93;-100.76	507;513		-0.01
120.13141277	30.27112982	 2026-09-20 10:03:25.246	417	-93.31	507;429;423	-98.02;-101.02;-101.77	507;429		3.27
120.13142854	30.27112815	 2026-09-20 10:03:25.466	507	-99.22	417;429;411	-99.48;-100.56;-101.21	417;429		-0.54
120.13142444	30.27111909	 2026-09-20 10:03:25.679	417	-94.19	507;423;501	-97.28;-99.49;-102.20	507;423		-0.35
120.13142041	30.27113035	 2026-09-20 10:03:25.966	417	-96.57	507;501;513	-96.64;-102.20;-102.20	507;501		-3.44
120.13142802	30.27112571	 2026-09-20 10:03:26.265	417	-93.71	507;429;411	-95.48;-98.42;-100.01	507;429		-2.22
120.13142994	30.27112958	 2026-09-20 10:03:26.539	417	-95.12	507;429;423	-99.80;-100.74;-100.94	507;429		1.62
120.13142112	30.27112185	 2026-09-20 10:03:26.728	417	-94.63	429;507;411	-96.73;-98.49;-101.12	429;507		-0.77
120.13142767	30.27113084	 2026-09-20 10:03:26.910	417	-95.42	507;513;423	-98.58;-101.16;-101.36	507;513		0.98
120.13142644	30.27111706	 2026-09-20 10:03:27.169	417	-96.49	507;429;411	-98.53;-99.00;-101.11	507;429		-1.33
120.13142332	30.27111658	 2026-09-20 10:03:27.462	417	-96.22	507;501;429	-98.23;-101.04;-101.05	507;501		-0.94
120.13142478	30.27112726	 2026-09-20 10:03:27.645	507	-96.47	417;501;513	-96.84;-100.66;-102.20	417;501		-1.67
120.13142028	30.27112228	 2026-09-20 10:03:27.964	417	-95.55	507;501;411	-97.13;-101.27;-102.11	507;501		1.37
120.13141751	30.27111438	 2026-09-20 10:03:28.204	507	-98.47	417;429;423	-98.56;-100.96;-101.05	417;429		-3.90
120.13143027	30.27111865	 2026-09-20 10:03:28.458	417	-92.64	507;429;501	-99.53;-101.03;-101.46	507;429		5.61
120.13141347	30.27112230	 2026-09-20 10:03:28.734	417	-93.29	507;411;423	-99.62;-101.41;-101.92	507;411		4.85
120.13142352	30.27111463	 2026-09-20 10:03:28.947	417	-96.69	507;423;429	-97.84;-99.65;-100.29	507;423		-0.26
120.13141142	30.27110683	 2026-09-20 10:03:29.136	417	-96.54	507;429;411	-97.33;-100.75;-101.22	507;429		-1.40
120.13141211	30.27109874	 2026-09-20 10:03:29.317	507	-96.69	429;417;501	-98.39;-99.07;-102.20	429;417		-1.31
120.13141837	30.27110898	 2026-09-20 10:03:29.520	417	-96.51	507;429;423	-97.71;-99.95;-100.56	507;429		-1.38
120.13143372	30.27111524	 2026-09-20 10:03:29.756	417	-96.69	507;423;411	-97.04;-99.62;-101.54	507;423		-1.80
120.13141073	30.27111368	 2026-09-20 10:03:29.945	417	-96.71	507;423;429	-98.90;-99.08;-99.32	507;423		0.52
120.13141860	30.27110386	 2026-09-20 10:03:30.232	417	-94.51	507;429;501	-97.08;-100.37;-102.20	507;429		-0.54
120.13141704	30.27110072	 2026-09-20 10:03:30.419	429	-96.37	417;507;501	-97.10;-99.70;-102.20	417;507		-0.55
120.13143281	30.27109975	 2026-09-20 10:03:30.627	417	-95.17	429;501;507	-100.75;-102.20;-102.20	429;501		2.83
120.13141248	30.27110156	 2026-09-20 10:03:30.937	417	-96.69	507;423;501	-98.86;-101.95;-102.20	507;423		-0.92
120.13143432	30.27109945	 2026-09-20 10:03:31.219	507	-97.07	417;429;513	-97.48;-99.51;-99.96	417;429		-1.38
120.13142458	30.27108651	 2026-09-20 10:03:31.433	507	-97.82	417;411;429	-98.69;-99.57;-101.25	417;411		-1.07
120.13142577	30.27108365	 2026-09-20 10:03:31.689	417	-95.36	507;429;411	-97.57;-99.95;-100.61	507;429		-1.16
120.13142390	30.27108784	 2026-09-20 10:03:32.006	507	-96.85	417;429;513	-99.62;-100.99;-101.03	417;429		0.73
120.13141234	30.27109881	 2026-09-20 10:03:32.294	417	-96.17	507;429;501	-97.12;-99.96;-100.27	507;429		-2.62
120.13142220	30.27108927	 2026-09-20 10:03:32.509	417	-94.74	507;429;423	-97.04;-99.06;-100.64	507;429		1.05
120.13140995	30.27108074	 2026-09-20 10:03:32.704	417	-97.55	507;411;423	-101.34;-101.61;-101.87	507;411		1.47
120.13141250	30.27107657	 2026-09-20 10:03:32.950	417	-95.42	507;423;513	-96.79;-98.96;-99.88	507;423		-0.54
120.13141917	30.27107446	 2026-09-20 10:03:33.198	417	-97.36	507;429;501	-97.96;-100.09;-102.20	507;429		-1.82
120.13142829	30.27108805	 2026-09-20 10:03:33.423	417	-95.67	507;429;501	-99.44;-99.52;-102.20	507;429		1.14
120.13140983	30.27108463	 2026-09-20 10:03:33.698	417	-97.52	507;423;429	-97.93;-100.08;-100.46	507;423		-1.37
120.13142878	30.27107693	 2026-09-20 10:03:33.955	417	-99.99	507;429;501	-100.58;-100.95;-102.20	507;429		-1.98
120.13141662	30.27108878	 2026-09-20 10:03:34.248	417	-97.81	507;429;513	-98.29;-99.33;-100.12	507;429		-0.81
120.13142927	30.27107537	 2026-09-20 10:03:34.440	417	-95.07	507;429;501	-95.70;-99.43;-100.49	507;429		-1.18
120.13141596	30.27107034	 2026-09-20 10:03:34.638	417	-97.57	429;507;501	-99.38;-99.95;-101.91	429;507		-1.09
120.13143210	30.27107139	 2026-09-20 10:03:34.948	417	-95.12	507;429;423	-99.03;-100.17;-100.67	507;429		2.08
120.13142593	30.27107518	 2026-09-20 10:03:35.199	417	-94.34	429;507;411	-98.36;-98.62;-102.05	429;507		3.37
120.13142182	30.27107298	 2026-09-20 10:03:35.462	417	-96.12	507;429;423	-99.23;-100.77;-101.28	507;429		-0.90
120.13141837	30.27106420	 2026-09-20 10:03:35.654	417	-95.94	507;429;513	-99.72;-100.12;-100.74	507;429		3.18
120.13142103	30.27107319	 2026-09-20 10:03:35.917	417	-97.84	507;423;411	-100.32;-100.44;-101.00	507;423		0.66
120.13142728	30.27107117	 2026-09-20 10:03:36.099	417	-95.98	507;429;423	-97.38;-98.65;-100.95	507;429		-1.65
120.13141397	30.27107205	 2026-09-20 10:03:36.363	507	-96.69	417;429;423	-97.12;-100.29;-101.00	417;429		-0.57
120.13142918	30.27106317	 2026-09-20 10:03:36.671	417	-96.81	429;513;507	-100.19;-101.18;-101.37	429;513		0.74
120.13143108	30.27106045	 2026-09-20 10:03:36.987	417	-96.41	507;513;429	-97.64;-101.40;-101.48	507;513		-0.19
120.13142546	30.27106606	 2026-09-20 10:03:37.288	417	-95.08	507;423;429	-99.91;-100.60;-101.28	507;423		3.25
120.13141361	30.27106715	 2026-09-20 10:03:37.506	417	-94.85	507;429;411	-97.01;-99.76;-102.07	507;429		0.10
120.13142632	30.27106716	 2026-09-20 10:03:37.737	417	-94.51	429;507;501	-95.13;-95.76;-102.20	429;507		-1.31
120.13143445	30.27106633	 2026-09-20 10:03:37.943	417	-95.81	507;429;501	-97.78;-98.80;-102.20	507;429		-2.99
120.13141029	30.27105402	 2026-09-20 10:03:38.222	507	-95.23	429;417;423	-99.49;-99.90;-100.16	429;417		2.40
120.13141277	30.27105884	 2026-09-20 10:03:38.509	417	-97.47	507;411;429	-98.73;-99.35;-101.33	507;411		-0.92
120.13141291	30.27104510	 2026-09-20 10:03:38.712	417	-96.64	429;507;423	-98.45;-99.06;-100.84	429;507		-1.31
120.13143416	30.27104725	 2026-09-20 10:03:38.950	417	-96.24	507;429;423	-97.55;-99.37;-101.01	507;429		-1.64
120.13142144	30.27104091	 2026-09-20 10:03:39.187	417	-95.99	507;429;501	-98.95;-100.10;-102.20	507;429		-0.50
120.13141346	30.27104802	 2026-09-20 10:03:39.392	417	-93.22	507;429;423	-96.28;-100.31;-100.33	507;429		-1.83
120.13142724	30.27105309	 2026-09-20 10:03:39.659	507	-93.45	429;411;417	-98.36;-99.10;-99.90	429;411		2.26
120.13142148	30.27104228	 2026-09-20 10:03:39.952	417	-96.13	429;507;411	-96.47;-96.95;-100.35	429;507		-3.42
120.13141150	30.27104263	 2026-09-20 10:03:40.264	507	-95.66	417;429;411	-96.95;-98.29;-99.25	417;429		0.17
120.13141636	30.27103388	 2026-09-20 10:03:40.493	507	-97.28	417;429;411	-97.97;-99.37;-101.38	417;429		-1.44
120.13140999	30.27103211	 2026-09-20 10:03:40.675	507	-96.09	429;423;417	-98.81;-101.64;-101.84	429;423		0.24
120.13142928	30.27104271	 2026-09-20 10:03:40.925	507	-97.40	429;417;411	-98.07;-98.83;-100.53	429;417		-1.57
120.13143002	30.27104162	 2026-09-20 10:03:41.238	507	-96.43	417;429;423	-98.88;-100.49;-101.83	417;429		1.15
120.13142563	30.27103628	 2026-09-20 10:03:41.528	417	-95.36	507;429;411	-96.37;-96.43;-101.08	507;429		-1.59
120.13141135	30.27103969	 2026-09-20 10:03:41.797	417	-95.67	507;429;423	-96.41;-98.92;-101.23	507;429		-2.27
120.13142775	30.27102493	 2026-09-20 10:03:42.009	417	-96.14	507;423;429	-98.77;-99.77;-101.31	507;423		0.55
120.13143255	30.27102871	 2026-09-20 10:03:42.199	429	-96.58	507;417;423	-97.21;-99.35;-100.56	507;417		-3.02
120.13141144	30.27103572	 2026-09-20 10:03:42.504	507	-96.51	417;429;411	-97.74;-98.24;-99.76	417;429		-0.57
120.13143284	30.27102757	 2026-09-20 10:03:42.812	429	-96.68	417;507;423	-97.01;-97.76;-101.79	417;507		-2.48
120.13141399	30.27103133	 2026-09-20 10:03:43.105	423	-96.74	417;429;507	-97.42;-98.14;-99.73	417;429		-3.28
120.13141691	30.27103693	 2026-09-20 10:03:43.293	507	-95.37	429;417;411	-97.74;-98.49;-100.72	429;417		-0.29
120.13143107	30.27103310	 2026-09-20 10:03:43.542	417	-96.62	507;423;429	-98.74;-99.12;-100.89	507;423		-0.64
120.13141058	30.27101974	 2026-09-20 10:03:43.731	417	-96.44	507;429;411	-98.41;-99.30;-99.94	507;429		-0.56
120.13143167	30.27101986	 2026-09-20 10:03:44.002	417	-95.45	429;507;411	-98.68;-99.29;-102.01	429;507		1.20
120.13141149	30.27102576	 2026-09-20 10:03:44.225	417	-96.55	429;423;507	-99.17;-100.56;-100.93	429;423		-0.50
120.13142197	30.27102471	 2026-09-20 10:03:44.497	429	-99.35	507;417;411	-99.43;-99.59;-101.35	507;417		-0.48
120.13142942	30.27102594	 2026-09-20 10:03:44.798	507	-96.08	429;417;501	-98.02;-98.77;-102.20	429;417		-0.72
120.13141963	30.27102688	 2026-09-20 10:03:44.997	507	-97.25	429;417;411	-98.64;-98.87;-100.92	429;417		-1.08
120.13141599	30.27101182	 2026-09-20 10:03:45.298	417	-95.86	429;507;411	-98.14;-99.79;-99.84	429;507		-0.02
120.13142976	30.27100553	 2026-09-20 10:03:45.491	507	-94.49	417;429;423	-96.25;-100.63;-101.62	417;429		-1.04
120.13141976	30.27101424	 2026-09-20 10:03:45.760	417	-94.27	507;429;513	-98.13;-98.41;-99.23	507;429		0.89
120.13142403	30.27101729	 2026-09-20 10:03:45.945	429	-96.36	417;507;501	-97.75;-97.96;-102.20	417;507		-0.45
120.13143312	30.27101174	 2026-09-20 10:03:46.221	507	-96.78	429;417;513	-97.27;-97.95;-102.10	429;417		-2.26
120.13141830	30.27101662	 2026-09-20 10:03:46.472	507	-97.73	417;429;501	-100.09;-100.23;-102.20	417;429		0.49
120.13142649	30.27101030	 2026-09-20 10:03:46.763	507	-95.66	429;417;411	-98.55;-98.94;-100.80	429;417		0.96
120.13141991	30.27101672	 2026-09-20 10:03:46.960	417	-97.58	429;411;507	-100.76;-100.82;-101.23	429;411		-1.08
120.13143295	30.27101332	 2026-09-20 10:03:47.227	507	-98.41	417;429;411	-98.80;-99.02;-100.32	417;429		-0.97
120.13140972	30.27100701	 2026-09-20 10:03:47.473	417	-93.04	429;507;501	-98.59;-99.20;-102.20	429;507		2.85
120.13141264	30.27100601	 2026-09-20 10:03:47.723	507	-94.15	429;417;423	-97.75;-99.31;-99.73	429;417		0.37
120.13141963	30.27100058	 2026-09-20 10:03:47.903	429	-96.99	417;507;411	-97.60;-98.99;-101.62	417;507		0.60
120.13142957	30.27099387	 2026-09-20 10:03:48.087	507	-95.91	429;417;501	-98.01;-98.73;-100.24	429;417		0.69
120.13141724	30.27100333	 2026-09-20 10:03:48.330	507	-96.01	417;429;513	-97.16;-99.92;-100.55	417;429		-1.34
120.13142195	30.27098998	 2026-09-20 10:03:48.541	429	-97.40	507;417;423	-97.52;-97.73;-99.90	507;417		-2.07
120.13141640	30.27100010	 2026-09-20 10:03:48.813	507	-95.63	429;417;423	-98.69;-99.26;-100.86	429;417		0.21
120.13141882	30.27099692	 2026-09-20 10:03:49.003	417	-96.03	429;507;423	-97.58;-99.70;-101.01	429;507		-0.97
120.13142953	30.27098319	 2026-09-20 10:03:49.190	507	-96.51	429;417;411	-98.66;-99.76;-101.41	429;417		0.23
120.13142998	30.27098407	 2026-09-20 10:03:49.389	417	-96.45	429;411;507	-97.88;-99.67;-100.60	429;411		-2.22
120.13143311	30.27098337	 2026-09-20 10:03:49.673	417	-96.37	507;429;423	-97.27;-98.06;-102.05	507;429		-0.90
120.13142094	30.27099739	 2026-09-20 10:03:49.856	507	-97.89	417;423;429	-99.17;-99.48;-101.46	417;423		0.18
120.13141725	30.27097927	 2026-09-20 10:03:50.101	429	-95.32	417;507;423	-97.34;-97.81;-101.79	417;507		1.53
120.13143057	30.27097881	 2026-09-20 10:03:50.377	507	-97.24	429;417;513	-98.47;-99.07;-101.58	429;417		0.10
120.13143237	30.27099121	 2026-09-20 10:03:50.567	507	-95.34	429;417;423	-97.76;-98.73;-99.65	429;417		1.37
120.13141170	30.27097395	 2026-09-20 10:03:50.868	429	-96.93	507;417;411	-97.02;-99.55;-100.74	507;417		-3.89
120.13143430	30.27098255	 2026-09-20 10:03:51.147	507	-94.54	429;417;501	-97.49;-102.03;-102.20	429;417		-1.79
120.13143044	30.27097188	 2026-09-20 10:03:51.436	507	-96.10	417;429;411	-97.04;-98.09;-99.61	417;429		-2.11
120.13141175	30.27097792	 2026-09-20 10:03:51.720	429	-96.22	507;417;411	-96.76;-98.80;-101.58	507;417		-1.55
120.13141694	30.27096717	 2026-09-20 10:03:51.943	417	-97.30	507;429;423	-97.75;-99.48;-100.52	507;429		-2.83
120.13142349	30.27097216	 2026-09-20 10:03:52.241	507	-94.39	411;429;417	-98.18;-98.19;-100.49	411;429		1.32
120.13141707	30.27098363	 2026-09-20 10:03:52.537	429	-96.39	507;417;501	-97.37;-98.62;-102.20	507;417		-1.78
120.13143271	30.27098017	 2026-09-20 10:03:52.750	507	-97.22	429;417;423	-98.41;-99.08;-99.21	429;417		-1.16
120.13141913	30.27098013	 2026-09-20 10:03:53.008	507	-94.32	429;417;513	-97.15;-97.57;-102.13	429;417		0.11
120.13143075	30.27097682	 2026-09-20 10:03:53.308	429	-94.96	507;417;513	-96.65;-99.86;-100.44	507;417		-0.11
120.13142413	30.27097836	 2026-09-20 10:03:53.569	429	-95.40	417;507;423	-96.68;-97.96;-100.98	417;507		-1.63
120.13141994	30.27095855	 2026-09-20 10:03:53.841	429	-97.44	507;417;513	-98.29;-98.69;-101.32	507;417		0.56
120.13141993	30.27095441	 2026-09-20 10:03:54.083	507	-95.83	429;417;513	-98.64;-101.10;-101.13	429;417		0.43
120.13141320	30.27095861	 2026-09-20 10:03:54.397	429	-95.19	417;507;411	-99.08;-99.23;-99.49	417;507		2.18
120.13142710	30.27095276	 2026-09-20 10:03:54.580	507	-96.22	429;417;423	-96.98;-99.65;-102.11	429;417		-1.90
120.13143292	30.27096400	 2026-09-20 10:03:54.778	429	-96.15	417;423;507	-98.04;-98.94;-98.95	417;423		-0.17
120.13142100	30.27095352	 2026-09-20 10:03:55.087	429	-94.73	417;507;501	-97.36;-98.61;-102.20	417;507		1.20
120.13141936	30.27095064	 2026-09-20 10:03:55.309	429	-96.77	417;507;423	-97.24;-100.23;-100.67	417;507		-1.52
120.13142248	30.27095122	 2026-09-20 10:03:55.563	417	-98.85	507;429;411	-99.30;-99.36;-100.91	507;429		-0.33
120.13142965	30.27095710	 2026-09-20 10:03:55.770	507	-96.98	429;417;501	-99.17;-99.82;-102.20	429;417		0.42
120.13141631	30.27095364	 2026-09-20 10:03:56.051	507	-96.55	417;423;411	-97.66;-100.16;-100.57	417;423		0.57
120.13141114	30.27094165	 2026-09-20 10:03:56.308	429	-96.45	417;507;513	-96.66;-96.98;-99.71	417;507		-4.02
120.13142770	30.27094380	 2026-09-20 10:03:56.580	429	-95.30	507;417;423	-95.48;-100.01;-100.27	507;417		-2.96
120.13143346	30.27094189	 2026-09-20 10:03:56.805	507	-97.30	417;429;411	-99.43;-99.56;-100.94	417;429		0.47
120.13142992	30.27094939	 2026-09-20 10:03:57.117	507	-96.52	429;417;423	-98.32;-98.83;-101.75	429;417		-1.87
120.13142837	30.27095161	 2026-09-20 10:03:57.329	507	-95.69	429;417;411	-96.61;-99.42;-100.45	429;417		-2.68
120.13141754	30.27094380	 2026-09-20 10:03:57.549	429	-95.44	507;417;423	-97.59;-98.93;-101.22	507;417		1.22
120.13143158	30.27093575	 2026-09-20 10:03:57.860	507	-96.96	429;423;417	-97.59;-101.31;-101.46	429;423		-0.57
120.13142431	30.27094214	 2026-09-20 10:03:58.170	429	-95.87	507;423;417	-98.92;-99.45;-99.65	507;423		-0.17
120.13141926	30.27093120	 2026-09-20 10:03:58.472	429	-96.42	507;417;411	-96.46;-99.63;-102.13	507;417		-2.36
120.13142406	30.27094381	 2026-09-20 10:03:58.728	417	-97.31	507;429;513	-97.79;-97.97;-101.24	507;429		-2.81
120.13141261	30.27094156	 2026-09-20 10:03:59.032	429	-96.46	507;417;501	-100.35;-100.61;-102.20	507;417		2.46
120.13143216	30.27094629	 2026-09-20 10:03:59.245	417	-97.19	429;423;507	-98.06;-99.82;-100.64	429;423		-0.26
120.13142645	30.27092490	 2026-09-20 10:03:59.536	429	-95.43	507;417;423	-96.44;-97.07;-100.53	507;417		-2.41
120.13142775	30.27093796	 2026-09-20 10:03:59.718	429	-96.77	507;423;417	-96.80;-99.61;-99.66	507;423		-5.28
120.13142507	30.27093033	 2026-09-20 10:03:59.909	429	-94.52	507;417;501	-96.49;-99.27;-99.78	507;417		-0.60
120.13142442	30.27092566	 2026-09-20 10:04:00.190	507	-96.31	429;423;417	-97.70;-99.12;-102.13	429;423		-0.52
120.13142009	30.27092907	 2026-09-20 10:04:00.501	429	-95.07	507;417;423	-95.90;-100.60;-100.77	507;417		-2.09
120.13142000	30.27091828	 2026-09-20 10:04:00.749	507	-92.56	429;417;501	-95.77;-96.53;-102.20	429;417		-0.09
120.13142364	30.27093530	 2026-09-20 10:04:01.067	507	-99.28	429;501;513	-99.64;-102.20;-102.20	429;501		-3.80
120.13141969	30.27092879	 2026-09-20 10:04:01.367	429	-95.98	417;507;513	-96.57;-98.98;-101.85	417;507		-1.48
120.13142804	30.27091253	 2026-09-20 10:04:01.659	429	-96.48	507;417;423	-96.92;-100.11;-101.26	507;417		-2.53
120.13141933	30.27091504	 2026-09-20 10:04:01.972	429	-95.64	507;417;423	-99.83;-100.37;-101.79	507;417		1.05
120.13141319	30.27091729	 2026-09-20 10:04:02.168	507	-95.20	429;417;411	-95.90;-100.17;-100.81	429;417		-2.25
120.13141300	30.27092928	 2026-09-20 10:04:02.435	429	-94.43	507;417;423	-97.44;-99.42;-100.95	507;417		0.43
120.13142717	30.27092517	 2026-09-20 10:04:02.644	429	-95.39	507;417;501	-95.85;-99.43;-102.20	507;417		-2.62
120.13141758	30.27092196	 2026-09-20 10:04:02.852	429	-94.71	507;423;411	-97.47;-98.67;-101.36	507;423		0.83
120.13142981	30.27091439	 2026-09-20 10:04:03.129	429	-94.92	507;417;501	-99.31;-101.76;-102.20	507;417		0.35
120.13141918	30.27092068	 2026-09-20 10:04:03.398	507	-96.41	429;423;417	-98.10;-99.70;-99.96	429;423		-1.27
120.13141913	30.27091905	 2026-09-20 10:04:03.618	429	-95.11	507;417;411	-99.07;-100.20;-100.22	507;417		2.83
120.13141368	30.27091013	 2026-09-20 10:04:03.840	429	-95.06	417;507;411	-99.06;-99.48;-100.00	417;507		1.39
120.13141133	30.27090849	 2026-09-20 10:04:04.127	507	-96.31	429;417;423	-100.02;-101.40;-102.13	429;417		1.47
120.13142140	30.27089830	 2026-09-20 10:04:04.368	429	-96.60	507;417;423	-97.15;-99.06;-101.86	507;417		-1.37
120.13143074	30.27090258	 2026-09-20 10:04:04.586	507	-96.88	429;417;423	-97.97;-99.75;-100.39	429;417		-0.41
120.13141375	30.27091181	 2026-09-20 10:04:04.771	507	-96.00	429;423;411	-96.14;-100.84;-100.87	429;423		-3.20
120.13143148	30.27089960	 2026-09-20 10:04:05.060	429	-93.09	507;423;417	-97.35;-99.19;-99.26	507;423		1.48
120.13141194	30.27091024	 2026-09-20 10:04:05.258	507	-95.59	429;423;411	-97.63;-98.63;-101.23	429;423		-1.15
120.13141231	30.27089343	 2026-09-20 10:04:05.545	507	-96.63	429;411;423	-97.21;-99.44;-101.74	429;411		-3.37
120.13141850	30.27090431	 2026-09-20 10:04:05.726	429	-93.29	507;423;417	-94.20;-100.05;-101.24	507;423		-1.83
120.13142089	30.27089654	 2026-09-20 10:04:05.987	429	-96.05	507;423;513	-96.06;-100.13;-100.40	507;423		-3.11
120.13141071	30.27089525	 2026-09-20 10:04:06.267	429	-95.03	507;417;423	-98.24;-99.38;-101.95	507;417		0.60
120.13143350	30.27089110	 2026-09-20 10:04:06.580	429	-94.53	507;417;513	-96.33;-99.13;-101.40	507;417		-1.47
120.13142885	30.27088508	 2026-09-20 10:04:06.781	507	-95.33	429;423;417	-95.45;-101.53;-102.11	429;423		-3.20
120.13143334	30.27089702	 2026-09-20 10:04:07.058	507	-97.40	429;423;417	-97.86;-99.50;-100.06	429;423		-2.77
120.13141073	30.27089489	 2026-09-20 10:04:07.258	429	-95.63	507;417;513	-96.12;-101.71;-101.73	507;417		-0.22
120.13141542	30.27089665	 2026-09-20 10:04:07.537	429	-93.20	507;501;513	-98.50;-102.20;-102.20	507;501		3.63
120.13143297	30.27088858	 2026-09-20 10:04:07.752	429	-93.35	507;417;423	-98.16;-99.02;-100.37	507;417		1.58
120.13143252	30.27089010	 2026-09-20 10:04:07.947	507	-95.91	429;423;417	-96.02;-101.81;-101.82	429;423		-2.37
120.13140977	30.27088385	 2026-09-20 10:04:08.244	429	-92.73	507;417;423	-95.99;-97.99;-99.51	507;417		-0.89
120.13143426	30.27089124	 2026-09-20 10:04:08.546	507	-97.30	429;411;417	-97.51;-99.42;-101.92	429;411		-3.69
120.13143429	30.27089061	 2026-09-20 10:04:08.759	429	-97.04	507;417;411	-99.90;-100.73;-100.90	507;417		1.51
120.13143427	30.27087906	 2026-09-20 10:04:09.074	507	-95.72	429;417;423	-95.94;-100.91;-101.38	429;417		-1.40
120.13142878	30.27087440	 2026-09-20 10:04:09.258	429	-96.28	507;417;513	-98.95;-99.79;-101.19	507;417		1.34
120.13142854	30.27087388	 2026-09-20 10:04:09.502	429	-94.67	507;417;423	-96.57;-98.30;-102.04	507;417		-1.24
120.13141071	30.27088159	 2026-09-20 10:04:09.804	429	-96.37	507;417;423	-96.68;-98.42;-101.31	507;417		-0.06
120.13143452	30.27088205	 2026-09-20 10:04:10.029	429	-95.65	507;501;513	-96.53;-102.20;-102.20	507;501		-1.72
120.13143042	30.27086822	 2026-09-20 10:04:10.255	429	-95.25	507;423;417	-98.01;-100.45;-101.50	507;423		1.08
120.13141251	30.27087180	 2026-09-20 10:04:10.438	429	-96.74	507;423;417	-98.31;-100.71;-102.00	507;423		-0.92
120.13142217	30.27086766	 2026-09-20 10:04:10.727	507	-93.30	429;501;513	-98.29;-102.20;-102.20	429;501		1.77
120.13143081	30.27087792	 2026-09-20 10:04:11.001	507	-94.87	429;417;411	-96.40;-101.33;-101.42	429;417		-1.08
120.13141070	30.27086934	 2026-09-20 10:04:11.272	507	-95.81	429;417;423	-95.98;-98.14;-100.39	429;417		-2.37
120.13142300	30.27086067	 2026-09-20 10:04:11.571	429	-93.51	417;507;423	-98.97;-98.98;-99.98	417;507		3.45
120.13142349	30.27085622	 2026-09-20 10:04:11.763	429	-95.85	507;423;417	-100.32;-101.17;-101.38	507;423		1.84
120.13143012	30.27087250	 2026-09-20 10:04:11.969	429	-94.54	507;417;411	-97.23;-100.18;-102.05	507;417		0.69
120.13142304	30.27085403	 2026-09-20 10:04:12.239	429	-96.02	507;501;513	-98.39;-102.20;-102.20	507;501		1.30
120.13142331	30.27086046	 2026-09-20 10:04:12.428	507	-94.39	429;417;501	-95.98;-100.18;-102.20	429;417		-0.40
120.13142689	30.27086813	 2026-09-20 10:04:12.742	429	-95.72	507;423;411	-96.94;-100.30;-101.61	507;423		-1.13
120.13142216	30.27085099	 2026-09-20 10:04:12.976	507	-95.43	429;423;417	-96.11;-99.07;-100.63	429;423		-2.00
120.13142642	30.27084563	 2026-09-20 10:04:13.196	507	-94.07	429;423;501	-94.58;-102.00;-102.20	429;423		-2.23
120.13141116	30.27086250	 2026-09-20 10:04:13.505	507	-95.57	429;417;423	-96.44;-101.09;-101.69	429;417		-2.10
120.13142391	30.27086008	 2026-09-20 10:04:13.714	429	-94.68	507;513;423	-96.10;-100.02;-100.04	507;513		-2.31
120.13141567	30.27085630	 2026-09-20 10:04:13.931	429	-93.10	507;417;423	-94.89;-100.44;-100.90	507;417		0.46
120.13142104	30.27085986	 2026-09-20 10:04:14.251	429	-95.47	507;501;417	-95.60;-99.23;-100.57	507;501		-0.95
120.13141149	30.27085210	 2026-09-20 10:04:14.522	507	-97.23	429;411;501	-98.03;-99.79;-101.96	429;411		-1.82
120.13142682	30.27084601	 2026-09-20 10:04:14.770	429	-95.55	507;417;501	-97.91;-99.81;-102.20	507;417		0.25
120.13143256	30.27084173	 2026-09-20 10:04:15.004	429	-94.61	507;411;423	-94.90;-99.41;-100.64	507;411		-0.46
120.13142029	30.27083951	 2026-09-20 10:04:15.234	507	-92.95	429;417;423	-96.27;-100.20;-101.94	429;417		-0.31
120.13141677	30.27083668	 2026-09-20 10:04:15.538	429	-93.09	507;423;417	-98.24;-100.11;-100.36	507;423		1.53
120.13143030	30.27083339	 2026-09-20 10:04:15.852	429	-97.17	507;417;501	-97.38;-100.51;-102.20	507;417		-2.91
120.13143111	30.27084755	 2026-09-20 10:04:16.129	429	-92.65	507;411;423	-96.62;-101.49;-101.63	507;411		2.92
120.13141053	30.27083551	 2026-09-20 10:04:16.364	429	-94.34	507;501;513	-96.83;-102.20;-102.20	507;501		0.51
120.13140977	30.27084400	 2026-09-20 10:04:16.629	429	-95.54	507;411;417	-97.83;-101.15;-101.51	507;411		-2.25
120.13141066	30.27083316	 2026-09-20 10:04:16.866	429	-92.36	507;501;513	-95.67;-102.20;-102.20	507;501		0.46
120.13141131	30.27083041	 2026-09-20 10:04:17.090	429	-94.62	507;411;501	-97.69;-101.43;-102.20	507;411		-0.99
120.13142055	30.27084377	 2026-09-20 10:04:17.335	429	-96.39	507;423;501	-98.31;-100.11;-102.20	507;423		0.00
120.13140994	30.27084174	 2026-09-20 10:04:17.568	429	-93.97	507;417;411	-98.28;-101.28;-101.56	507;417		1.97
120.13141591	30.27083300	 2026-09-20 10:04:17.762	429	-93.27	507;417;423	-97.63;-100.01;-100.11	507;417		1.80
120.13141952	30.27082845	 2026-09-20 10:04:18.080	429	-95.06	507;423;501	-97.66;-101.96;-102.20	507;423		-1.90
120.13142634	30.27083204	 2026-09-20 10:04:18.389	429	-94.13	507;423;417	-95.56;-99.67;-101.03	507;423		-1.56
120.13143421	30.27082202	 2026-09-20 10:04:18.662	429	-93.38	507;423;501	-96.73;-101.81;-102.20	507;423		-0.18
120.13143005	30.27081616	 2026-09-20 10:04:18.967	429	-92.81	507;417;423	-97.63;-99.32;-101.98	507;417		2.90
120.13141608	30.27082119	 2026-09-20 10:04:19.181	429	-95.56	507;423;411	-96.94;-100.36;-101.46	507;423		-1.39
120.13141097	30.27081657	 2026-09-20 10:04:19.469	429	-93.77	507;423;417	-95.74;-99.88;-101.17	507;423		-0.82
120.13141722	30.27081076	 2026-09-20 10:04:19.751	429	-93.60	507;417;501	-98.45;-100.86;-102.20	507;417		2.51
120.13142701	30.27082270	 2026-09-20 10:04:20.013	507	-94.92	429;501;513	-97.91;-102.20;-102.20	429;501		3.08
120.13141321	30.27081127	 2026-09-20 10:04:20.321	429	-95.56	507;501;513	-101.48;-102.20;-102.20	507;501		3.89
120.13141547	30.27082592	 2026-09-20 10:04:20.559	429	-94.89	507;417;423	-96.22;-99.44;-100.32	507;417		-2.11
120.13143225	30.27081768	 2026-09-20 10:04:20.845	429	-93.02	507;417;513	-96.58;-100.98;-102.10	507;417		0.82
120.13142634	30.27080968	 2026-09-20 10:04:21.134	429	-93.92	507;423;501	-97.47;-101.39;-102.20	507;423		1.08
120.13141492	30.27080781	 2026-09-20 10:04:21.422	429	-94.24	507;417;423	-98.22;-100.02;-101.43	507;417		0.09
120.13142940	30.27081144	 2026-09-20 10:04:21.698	429	-94.34	507;501;513	-96.88;-102.20;-102.20	507;501		1.46
120.13141302	30.27080883	 2026-09-20 10:04:21.924	429	-95.50	423;507;417	-97.50;-99.02;-100.38	423;507		0.49
120.13141588	30.27080178	 2026-09-20 10:04:22.221	429	-92.68	507;411;417	-98.68;-99.97;-100.25	507;411		3.49
120.13141049	30.27081204	 2026-09-20 10:04:22.404	429	-95.64	507;423;417	-96.06;-101.29;-101.32	507;423		-2.28
120.13143443	30.27080035	 2026-09-20 10:04:22.714	429	-91.54	507;423;411	-97.61;-101.11;-101.53	507;423		1.69
120.13142433	30.27081023	 2026-09-20 10:04:22.942	429	-95.67	507;423;501	-96.36;-100.69;-102.20	507;423		-1.43
120.13142998	30.27080619	 2026-09-20 10:04:23.145	429	-93.45	507;423;417	-96.22;-101.55;-101.56	507;423		0.48
120.13142901	30.27080692	 2026-09-20 10:04:23.368	429	-92.72	507;417;501	-95.25;-101.21;-102.20	507;417		0.20
120.13141257	30.27080462	 2026-09-20 10:04:23.675	429	-94.19	507;423;411	-96.98;-100.10;-101.62	507;423		1.57
120.13141252	30.27080593	 2026-09-20 10:04:23.876	429	-91.55	507;501;513	-99.65;-102.20;-102.20	507;501		5.69
120.13142586	30.27078944	 2026-09-20 10:04:24.083	429	-93.33	507;423;501	-97.59;-99.60;-102.20	507;423		3.09
120.13142199	30.27079825	 2026-09-20 10:04:24.288	429	-90.10	507;423;501	-97.23;-101.15;-102.20	507;423		5.02
120.13142558	30.27079645	 2026-09-20 10:04:24.473	429	-91.35	507;423;501	-94.18;-98.30;-102.20	507;423		-0.43
120.13141089	30.27078688	 2026-09-20 10:04:24.688	429	-91.97	507;417;501	-95.30;-101.98;-102.20	507;417		2.28
120.13142176	30.27080047	 2026-09-20 10:04:24.942	429	-93.57	507;423;417	-94.57;-100.89;-102.12	507;423		-0.61
120.13142069	30.27079812	 2026-09-20 10:04:25.124	507	-96.00	429;417;501	-96.88;-101.24;-102.20	429;417		-3.83
120.13142199	30.27078110	 2026-09-20 10:04:25.385	429	-94.25	507;417;501	-95.24;-100.21;-102.20	507;417		-1.46
120.13141205	30.27078209	 2026-09-20 10:04:25.699	429	-93.86	507;411;501	-97.43;-100.95;-102.20	507;411		1.31
120.13142003	30.27078442	 2026-09-20 10:04:25.966	429	-91.08	507;501;513	-94.48;-102.20;-102.20	507;501		0.52
120.13143219	30.27077546	 2026-09-20 10:04:26.148	429	-92.08	507;417;423	-100.24;-101.42;-101.52	507;417		5.02
120.13141471	30.27077961	 2026-09-20 10:04:26.402	429	-91.56	507;501;513	-96.75;-102.20;-102.20	507;501		2.89
120.13141498	30.27078364	 2026-09-20 10:04:26.699	429	-89.28	507;423;417	-96.18;-99.59;-101.28	507;423		5.42
120.13142041	30.27077912	 2026-09-20 10:04:27.004	429	-92.84	507;417;501	-93.36;-101.84;-102.20	507;417		-2.45
120.13141045	30.27078490	 2026-09-20 10:04:27.284	429	-92.15	507;501;513	-98.40;-102.20;-102.20	507;501		2.34
120.13141151	30.27077373	 2026-09-20 10:04:27.577	429	-93.86	507;501;513	-95.68;-102.20;-102.20	507;501		-1.54
120.13142610	30.27076420	 2026-09-20 10:04:27.832	429	-90.09	507;417;423	-96.34;-99.44;-101.22	507;417		3.65
120.13141526	30.27078218	 2026-09-20 10:04:28.031	429	-93.86	507;423;501	-94.96;-99.42;-102.20	507;423		-2.86
120.13143033	30.27076496	 2026-09-20 10:04:28.339	429	-91.07	507;423;501	-94.51;-99.78;-102.20	507;423		0.92
120.13142048	30.27076198	 2026-09-20 10:04:28.539	429	-92.08	507;501;513	-96.57;-102.20;-102.20	507;501		1.32
120.13142852	30.27077210	 2026-09-20 10:04:28.736	429	-93.47	507;423;501	-96.94;-100.80;-102.20	507;423		-0.74
120.13142186	30.27077744	 2026-09-20 10:04:28.930	429	-91.61	507;417;501	-96.11;-101.84;-102.20	507;417		1.66
120.13141115	30.27077049	 2026-09-20 10:04:29.164	429	-90.03	507;417;513	-97.29;-101.17;-101.51	507;417		5.15
120.13141809	30.27075807	 2026-09-20 10:04:29.361	429	-91.18	507;411;417	-94.77;-100.26;-100.74	507;411		0.81
120.13142727	30.27076966	 2026-09-20 10:04:29.594	429	-92.40	507;423;501	-99.57;-99.95;-102.20	507;423		2.49
120.13142413	30.27075414	 2026-09-20 10:04:29.786	429	-92.38	507;417;501	-99.11;-101.30;-102.20	507;417		3.98
120.13142104	30.27076381	 2026-09-20 10:04:30.058	429	-91.56	507;423;417	-96.98;-99.67;-100.02	507;423		2.25
120.13141705	30.27076067	 2026-09-20 10:04:30.338	429	-89.86	507;423;417	-96.42;-101.74;-102.01	507;423		2.76
120.13143191	30.27075307	 2026-09-20 10:04:30.521	429	-92.17	507;417;501	-96.13;-100.47;-102.20	507;417		0.87
120.13143234	30.27076347	 2026-09-20 10:04:30.820	429	-92.14	507;501;513	-97.79;-102.20;-102.20	507;501		2.76
120.13142786	30.27076126	 2026-09-20 10:04:31.089	429	-92.42	507;501;513	-96.46;-102.20;-102.20	507;501		0.69
120.13141779	30.27075627	 2026-09-20 10:04:31.372	429	-90.29	507;423;513	-96.47;-99.32;-101.20	507;423		4.18
120.13143245	30.27075201	 2026-09-20 10:04:31.555	429	-92.99	507;411;417	-96.34;-99.97;-102.12	507;411		0.15
120.13142353	30.27074463	 2026-09-20 10:04:31.840	429	-91.83	507;423;501	-96.42;-100.99;-101.61	507;423		1.96
120.13143136	30.27075331	 2026-09-20 10:04:32.139	429	-92.18	507;423;513	-97.07;-99.38;-100.30	507;423		1.97
120.13143404	30.27074724	 2026-09-20 10:04:32.437	429	-95.97	507;501;513	-97.48;-102.20;-102.20	507;501		0.58
120.13142449	30.27074496	 2026-09-20 10:04:32.754	429	-93.39	507;417;501	-96.79;-101.84;-102.20	507;417		2.80
120.13142465	30.27074757	 2026-09-20 10:04:33.042	429	-88.84	507;501;513	-95.16;-102.20;-102.20	507;501		5.00
120.13142182	30.27073362	 2026-09-20 10:04:33.237	429	-91.98	507;423;501	-95.85;-101.55;-102.20	507;423		1.68
120.13141535	30.27073348	 2026-09-20 10:04:33.436	429	-90.81	507;423;501	-95.79;-99.71;-102.20	507;423		2.02
120.13141389	30.27075066	 2026-09-20 10:04:33.637	429	-92.70	423;507;501	-98.86;-99.17;-102.20	423;507		2.94
120.13142644	30.27073531	 2026-09-20 10:04:33.823	429	-92.70	507;417;501	-97.53;-99.22;-101.27	507;417		1.07
120.13142341	30.27073619	 2026-09-20 10:04:34.024	429	-93.82	507;423;501	-95.05;-100.98;-102.20	507;423		-1.59
120.13143103	30.27074106	 2026-09-20 10:04:34.215	429	-95.43	507;417;423	-97.13;-100.60;-101.42	507;417		-0.74
120.13142379	30.27073638	 2026-09-20 10:04:34.414	429	-89.30	507;417;501	-95.60;-102.07;-102.20	507;417		4.58
120.13141387	30.27073433	 2026-09-20 10:04:34.637	429	-91.60	507;423;501	-98.81;-101.38;-102.20	507;423		6.52
120.13142965	30.27073489	 2026-09-20 10:04:34.923	429	-90.49	507;417;513	-97.37;-101.11;-101.27	507;417		4.81
120.13141075	30.27072239	 2026-09-20 10:04:35.156	429	-93.25	507;423;501	-96.43;-101.60;-102.20	507;423		0.78
120.13141773	30.27073392	 2026-09-20 10:04:35.338	429	-91.64	507;423;501	-99.73;-101.64;-102.20	507;423		5.78
120.13142870	30.27071896	 2026-09-20 10:04:35.559	429	-89.62	507;417;501	-98.71;-101.00;-102.20	507;417		6.52
120.13140979	30.27072322	 2026-09-20 10:04:35.820	429	-90.78	507;423;513	-97.00;-99.58;-101.65	507;423		4.31
120.13142628	30.27071818	 2026-09-20 10:04:36.010	429	-89.54	507;423;411	-96.70;-100.63;-100.94	507;423		4.39
120.13143341	30.27071583	 2026-09-20 10:04:36.308	429	-89.26	507;411;501	-98.77;-100.88;-102.20	507;411		6.83
120.13142994	30.27072058	 2026-09-20 10:04:36.584	429	-89.35	507;423;501	-97.09;-100.52;-102.20	507;423		5.46
120.13142170	30.27071308	 2026-09-20 10:04:36.793	429	-88.44	507;423;417	-97.17;-99.82;-101.97	507;423		6.76
120.13143195	30.27071006	 2026-09-20 10:04:37.088	429	-88.10	507;411;501	-96.81;-101.99;-102.20	507;411		6.93
120.13143063	30.27072707	 2026-09-20 10:04:37.276	429	-93.60	507;423;501	-95.42;-101.60;-102.20	507;423		-2.14
120.13141890	30.27072360	 2026-09-20 10:04:37.494	429	-90.33	507;417;501	-97.53;-100.88;-102.20	507;417		4.50
120.13143243	30.27071504	 2026-09-20 10:04:37.806	429	-87.17	507;501;513	-96.86;-102.20;-102.20	507;501		9.73
120.13141578	30.27071203	 2026-09-20 10:04:38.085	429	-89.28	507;423;417	-99.14;-100.95;-101.96	507;423		8.77
120.13142980	30.27071891	 2026-09-20 10:04:38.387	429	-87.44	507;417;501	-97.29;-101.42;-102.20	507;417		6.53
120.13142052	30.27070211	 2026-09-20 10:04:38.594	429	-91.03	507;423;501	-97.93;-102.00;-102.20	507;423		3.31
120.13143115	30.27070995	 2026-09-20 10:04:38.861	429	-92.30	507;501;513	-99.80;-102.20;-102.20	507;501		4.90
120.13142720	30.27071146	 2026-09-20 10:04:39.163	429	-87.99	507;423;501	-96.77;-101.90;-102.20	507;423		5.65
120.13141978	30.27071135	 2026-09-20 10:04:39.414	429	-90.00	507;423;417	-96.47;-100.64;-101.41	507;423		2.40
120.13142289	30.27071489	 2026-09-20 10:04:39.730	429	-90.86	507;423;501	-99.94;-102.09;-102.20	507;423		5.26
120.13141887	30.27070749	 2026-09-20 10:04:40.021	429	-89.45	507;423;501	-99.73;-101.40;-102.20	507;423		8.12
120.13141469	30.27070690	 2026-09-20 10:04:40.326	429	-89.24	507;417;423	-96.85;-101.58;-101.89	507;417		5.48
120.13142048	30.27070861	 2026-09-20 10:04:40.542	429	-88.07	423;507;501	-98.40;-98.62;-102.20	423;507		9.40
120.13143156	30.27068969	 2026-09-20 10:04:40.832	429	-88.08	507;423;501	-98.86;-100.81;-102.20	507;423		7.40
120.13142633	30.27069548	 2026-09-20 10:04:41.120	429	-87.49	507;423;417	-99.31;-100.32;-101.09	507;423		8.36
120.13141904	30.27068885	 2026-09-20 10:04:41.330	429	-89.17	507;423;501	-96.89;-101.19;-102.20	507;423		5.15
120.13141137	30.27070186	 2026-09-20 10:04:41.625	429	-89.79	507;411;513	-96.29;-102.06;-102.09	507;411		4.27
120.13141153	30.27069611	 2026-09-20 10:04:41.900	429	-88.44	507;501;513	-95.98;-102.20;-102.20	507;501		3.99
120.13143359	30.27069946	 2026-09-20 10:04:42.208	429	-90.42	507;423;501	-95.58;-101.15;-102.20	507;423		2.02
120.13141900	30.27068183	 2026-09-20 10:04:42.518	429	-89.50	507;423;417	-98.09;-100.47;-101.62	507;423		5.69
120.13140990	30.27067878	 2026-09-20 10:04:42.788	429	-89.74	507;417;423	-96.42;-100.81;-101.81	507;417		5.64
120.13141974	30.27067712	 2026-09-20 10:04:42.969	429	-90.87	507;423;411	-99.18;-100.89;-101.57	507;423		7.12
120.13142301	30.27069055	 2026-09-20 10:04:43.237	429	-89.47	507;417;501	-96.73;-102.05;-102.20	507;417		4.53
120.13141216	30.27069468	 2026-09-20 10:04:43.528	429	-89.64	507;501;513	-97.48;-102.20;-102.20	507;501		4.66
120.13141101	30.27068133	 2026-09-20 10:04:43.715	429	-90.39	507;501;513	-98.00;-102.20;-102.20	507;501		3.93
120.13142525	30.27067526	 2026-09-20 10:04:43.991	429	-87.79	507;417;501	-98.38;-101.80;-102.20	507;417		8.28
120.13142589	30.27067751	 2026-09-20 10:04:44.197	429	-88.42	507;423;501	-96.26;-100.97;-102.20	507;423		5.16
120.13142927	30.27067090	 2026-09-20 10:04:44.397	429	-89.09	507;423;501	-97.31;-101.34;-102.20	507;423		5.36
120.13143148	30.27068142	 2026-09-20 10:04:44.608	429	-86.56	507;423;501	-97.49;-99.59;-102.20	507;423		9.33
120.13141762	30.27067630	 2026-09-20 10:04:44.851	429	-89.74	507;417;423	-94.93;-101.06;-101.26	507;417		2.16
120.13142467	30.27066969	 2026-09-20 10:04:45.053	429	-88.21	507;411;501	-97.74;-101.69;-102.20	507;411		4.57
120.13141278	30.27067065	 2026-09-20 10:04:45.298	429	-85.84	507;423;417	-95.79;-102.11;-102.14	507;423		8.26
120.13141951	30.27066130	 2026-09-20 10:04:45.478	429	-88.81	507;423;501	-94.98;-99.28;-102.20	507;423		5.51
120.13142390	30.27067740	 2026-09-20 10:04:45.729	429	-91.08	507;423;417	-97.38;-100.63;-101.48	507;423		3.39
120.13143269	30.27067285	 2026-09-20 10:04:45.925	429	-86.63	507;423;501	-97.79;-100.05;-102.20	507;423		9.76
120.13142250	30.27066372	 2026-09-20 10:04:46.240	429	-86.05	507;423;501	-94.10;-100.42;-102.20	507;423		5.40
120.13141701	30.27065593	 2026-09-20 10:04:46.546	429	-89.32	507;423;501	-98.95;-100.87;-102.20	507;423		6.86
120.13142151	30.27066103	 2026-09-20 10:04:46.727	429	-88.29	507;411;501	-94.92;-101.16;-102.20	507;411		4.31
120.13141880	30.27065571	 2026-09-20 10:04:47.009	429	-89.56	507;423;501	-96.25;-99.15;-102.20	507;423		4.75
120.13142514	30.27066590	 2026-09-20 10:04:47.296	429	-88.00	507;417;501	-100.12;-100.79;-102.20	507;417		10.43
120.13141017	30.27065814	 2026-09-20 10:04:47.532	429	-89.35	507;501;513	-96.66;-102.20;-102.20	507;501		5.26
120.13142514	30.27064921	 2026-09-20 10:04:47.828	429	-87.27	507;423;501	-97.41;-101.65;-102.20	507;423		7.22
120.13142954	30.27065717	 2026-09-20 10:04:48.141	429	-88.34	507;417;501	-95.01;-101.15;-102.20	507;417		4.09
120.13142346	30.27066454	 2026-09-20 10:04:48.448	429	-89.60	507;423;501	-99.53;-101.18;-102.20	507;423		6.78
120.13141473	30.27064780	 2026-09-20 10:04:48.733	429	-88.02	507;501;513	-97.65;-102.20;-102.20	507;501		7.16
120.13141062	30.27066268	 2026-09-20 10:04:48.925	429	-91.05	507;423;417	-95.94;-98.24;-101.16	507;423		1.61
120.13141246	30.27064794	 2026-09-20 10:04:49.189	429	-88.15	507;501;513	-97.30;-102.20;-102.20	507;501		9.34
120.13141156	30.27064075	 2026-09-20 10:04:49.387	429	-88.51	507;423;501	-97.56;-98.26;-102.20	507;423		6.40
120.13140990	30.27064775	 2026-09-20 10:04:49.582	429	-87.49	507;423;513	-98.01;-100.85;-102.02	507;423		6.81
120.13142331	30.27064431	 2026-09-20 10:04:49.852	429	-87.39	507;423;501	-95.71;-102.03;-102.20	507;423		5.22
120.13142872	30.27063566	 2026-09-20 10:04:50.106	429	-86.83	507;501;513	-97.79;-102.20;-102.20	507;501		8.50
120.13142704	30.27065472	 2026-09-20 10:04:50.342	429	-88.39	507;501;513	-96.89;-102.20;-102.20	507;501		5.80
120.13142759	30.27064124	 2026-09-20 10:04:50.616	429	-85.99	507;513;501	-99.47;-101.09;-102.20	507;513		11.13
120.13141423	30.27064521	 2026-09-20 10:04:50.894	429	-83.91	507;501;513	-97.87;-102.20;-102.20	507;501		11.61
120.13141707	30.27063595	 2026-09-20 10:04:51.111	429	-87.98	507;501;513	-98.15;-102.20;-102.20	507;501		7.52
120.13142103	30.27063128	 2026-09-20 10:04:51.404	429	-85.25	507;501;513	-99.18;-102.20;-102.20	507;501		10.19
120.13141999	30.27064636	 2026-09-20 10:04:51.631	429	-88.24	507;423;501	-97.19;-102.11;-102.20	507;423		7.92
120.13141400	30.27064508	 2026-09-20 10:04:51.910	429	-87.90	507;501;513	-97.32;-102.20;-102.20	507;501		9.19
120.13141614	30.27063203	 2026-09-20 10:04:52.183	429	-88.83	507;501;513	-97.57;-102.20;-102.20	507;501		5.46
120.13142499	30.27064053	 2026-09-20 10:04:52.499	429	-88.81	507;423;501	-97.63;-102.15;-102.20	507;423		5.52
120.13142979	30.27063530	 2026-09-20 10:04:52.744	429	-85.82	507;423;501	-96.40;-101.68;-102.20	507;423		7.57
120.13141890	30.27063542	 2026-09-20 10:04:52.959	429	-86.88	507;423;501	-98.19;-98.70;-102.20	507;423		9.93
120.13142312	30.27062204	 2026-09-20 10:04:53.152	429	-87.58	507;423;501	-98.75;-101.96;-102.20	507;423		6.74
120.13141156	30.27062220	 2026-09-20 10:04:53.372	429	-85.83	507;423;501	-96.73;-99.81;-102.20	507;423		7.50
120.13142905	30.27061905	 2026-09-20 10:04:53.577	429	-84.41	507;423;501	-98.50;-101.17;-102.20	507;423		11.42
120.13142707	30.27062887	 2026-09-20 10:04:53.891	429	-87.90	507;501;513	-99.48;-102.20;-102.20	507;501		10.63
120.13143337	30.27062162	 2026-09-20 10:04:54.132	429	-85.96	507;417;423	-96.14;-100.74;-101.22	507;417		6.36
120.13143036	30.27062960	 2026-09-20 10:04:54.379	429	-84.08	507;423;501	-99.30;-101.51;-102.20	507;423		11.49
120.13143093	30.27061720	 2026-09-20 10:04:54.567	429	-86.53	507;411;501	-96.26;-99.80;-102.20	507;411		5.32
120.13143071	30.27062642	 2026-09-20 10:04:54.751	429	-85.99	507;417;501	-98.83;-102.09;-102.20	507;417		10.21
120.13141697	30.27061017	 2026-09-20 10:04:54.948	429	-87.19	507;423;501	-98.36;-100.56;-102.20	507;423		6.29
120.13142492	30.27061472	 2026-09-20 10:04:55.171	429	-83.24	507;423;501	-99.36;-100.36;-102.20	507;423		12.00
120.13143243	30.27062134	 2026-09-20 10:04:55.441	429	-87.45	507;501;513	-98.26;-102.20;-102.20	507;501		8.85
120.13143354	30.27060978	 2026-09-20 10:04:55.713	429	-85.21	507;423;501	-98.18;-101.18;-101.88	507;423		10.70
120.13141924	30.27061774	 2026-09-20 10:04:55.924	429	-84.12	507;423;501	-97.37;-99.06;-102.20	507;423		10.57
120.13141160	30.27060119	 2026-09-20 10:04:56.207	429	-81.50	507;423;501	-98.39;-101.11;-102.20	507;423		12.00
120.13141975	30.27060352	 2026-09-20 10:04:56.491	429	-84.65	507;501;513	-96.38;-102.20;-102.20	507;501		10.01
120.13143123	30.27060281	 2026-09-20 10:04:56.677	429	-84.88	507;501;513	-99.04;-102.20;-102.20	507;501		12.00
120.13141638	30.27060434	 2026-09-20 10:04:56.988	429	-83.19	507;423;501	-98.77;-99.64;-102.20	507;423		12.00
120.13142731	30.27059810	 2026-09-20 10:04:57.249	429	-87.57	507;423;501	-96.35;-100.86;-102.20	507;423		6.84
120.13141898	30.27059742	 2026-09-20 10:04:57.481	429	-85.32	507;501;513	-100.28;-102.20;-102.20	507;501		11.90
120.13141317	30.27059756	 2026-09-20 10:04:57.691	429	-85.33	507;423;501	-98.56;-101.51;-102.20	507;423		9.09
120.13142144	30.27059266	 2026-09-20 10:04:57.898	429	-84.54	507;501;513	-97.41;-102.20;-102.20	507;501		10.54
120.13142321	30.27060872	 2026-09-20 10:04:58.216	429	-83.54	507;501;513	-101.16;-102.20;-102.20	507;501		12.00
120.13141244	30.27060103	 2026-09-20 10:04:58.416	429	-85.45	507;423;501	-97.73;-101.44;-102.20	507;423		9.35
120.13142695	30.27058696	 2026-09-20 10:04:58.630	429	-84.36	507;501;513	-98.94;-102.20;-102.20	507;501		9.94
120.13142394	30.27059964	 2026-09-20 10:04:58.916	429	-85.11	507;501;513	-99.29;-102.20;-102.20	507;501		11.73
120.13142237	30.27058689	 2026-09-20 10:04:59.215	429	-85.30	507;423;501	-99.70;-101.10;-102.20	507;423		11.51
120.13140963	30.27058820	 2026-09-20 10:04:59.436	429	-84.46	507;501;513	-98.52;-102.20;-102.20	507;501		11.81
120.13141265	30.27058104	 2026-09-20 10:04:59.671	429	-85.14	507;423;501	-100.16;-101.14;-102.20	507;423		12.00
120.13141624	30.27057817	 2026-09-20 10:04:59.949	429	-84.65	507;423;513	-97.28;-101.39;-102.18	507;423		9.35
120.13142686	30.27057834	 2026-09-20 10:05:00.154	429	-84.27	507;423;501	-98.38;-99.98;-102.20	507;423		12.00
120.13142906	30.27058378	 2026-09-20 10:05:00.407	429	-83.95	507;501;513	-99.62;-102.20;-102.20	507;501		12.00
120.13140787	30.27058363	 2026-09-20 10:05:00.607	429	-83.84	507;423;501	-98.56;-101.28;-102.20	507;423		11.59
120.13140441	30.27059496	 2026-09-20 10:05:00.787	429	-85.14	507;423;417	-99.12;-99.57;-100.66	507;423		11.26
120.13140832	30.27058288	 2026-09-20 10:05:00.993	429	-85.09	507;501;513	-98.89;-102.20;-102.20	507;501		11.21
120.13141911	30.27058517	 2026-09-20 10:05:01.237	429	-85.14	507;423;501	-99.77;-100.64;-102.20	507;423		12.00
120.13140857	30.27058524	 2026-09-20 10:05:01.553	429	-85.08	423;507;501	-101.49;-101.52;-102.20	423;507		12.00
120.13140472	30.27059823	 2026-09-20 10:05:01.744	429	-85.80	507;501;513	-95.87;-102.20;-102.20	507;501		7.32
120.13140687	30.27059526	 2026-09-20 10:05:01.980	429	-83.05	507;423;501	-96.92;-101.02;-102.20	507;423		8.39
120.13141339	30.27058826	 2026-09-20 10:05:02.245	429	-82.91	507;423;501	-100.11;-101.94;-102.20	507;423		12.00
120.13141021	30.27057873	 2026-09-20 10:05:02.530	429	-85.29	507;423;501	-98.02;-101.46;-102.20	507;423		8.92
120.13139214	30.27059197	 2026-09-20 10:05:02.843	429	-86.24	507;501;513	-98.61;-102.20;-102.20	507;501		11.04
120.13138913	30.27059557	 2026-09-20 10:05:03.042	429	-88.41	507;411;501	-96.68;-101.87;-102.20	507;411		5.55
120.13140752	30.27057784	 2026-09-20 10:05:03.240	429	-85.87	507;423;501	-99.39;-102.12;-102.20	507;423		11.89
120.13140405	30.27059509	 2026-09-20 10:05:03.440	429	-83.66	507;423;501	-98.54;-99.31;-102.20	507;423		12.00
120.13140707	30.27058353	 2026-09-20 10:05:03.636	429	-84.98	507;501;513	-100.62;-102.20;-102.20	507;501		12.00
120.13139672	30.27059714	 2026-09-20 10:05:03.920	429	-86.15	507;423;501	-99.19;-99.82;-102.20	507;423		10.89
120.13139772	30.27059360	 2026-09-20 10:05:04.149	429	-85.92	507;423;501	-98.41;-101.58;-102.20	507;423		11.41
120.13138563	30.27059766	 2026-09-20 10:05:04.398	429	-86.44	507;501;513	-99.48;-101.76;-102.20	507;501		11.01
120.13138201	30.27058026	 2026-09-20 10:05:04.656	429	-89.49	507;423;501	-99.63;-100.34;-102.20	507;423		6.02
120.13138557	30.27057966	 2026-09-20 10:05:04.966	429	-86.60	507;501;513	-97.54;-102.20;-102.20	507;501		11.91
120.13138665	30.27058035	 2026-09-20 10:05:05.229	429	-88.88	507;501;513	-96.82;-102.20;-102.20	507;501		4.88
120.13138234	30.27059869	 2026-09-20 10:05:05.463	429	-85.09	507;423;501	-97.77;-100.46;-102.20	507;423		10.11
120.13137421	30.27059282	 2026-09-20 10:05:05.740	429	-88.89	423;507;501	-99.72;-100.85;-102.20	423;507		9.92
120.13139184	30.27058662	 2026-09-20 10:05:06.013	429	-82.12	507;423;501	-96.93;-98.62;-102.20	507;423		12.00
120.13137645	30.27059103	 2026-09-20 10:05:06.289	429	-85.12	507;501;513	-101.28;-102.20;-102.20	507;501		12.00
120.13137728	30.27058523	 2026-09-20 10:05:06.482	429	-86.76	507;423;501	-97.40;-101.34;-102.20	507;423		8.56
120.13137395	30.27059003	 2026-09-20 10:05:06.751	429	-89.05	507;423;501	-99.46;-101.08;-102.20	507;423		7.91
120.13136360	30.27058823	 2026-09-20 10:05:06.986	429	-86.36	507;513;501	-99.61;-101.25;-102.20	507;513		11.75
120.13137530	30.27058746	 2026-09-20 10:05:07.241	429	-87.16	423;501;507	-100.48;-102.20;-102.20	423;501		11.29
120.13138236	30.27057792	 2026-09-20 10:05:07.471	429	-86.73	507;501;513	-99.42;-102.20;-102.20	507;501		9.26
120.13135752	30.27057870	 2026-09-20 10:05:07.658	429	-86.90	507;501;513	-95.86;-102.20;-102.20	507;501		7.24
120.13135707	30.27059284	 2026-09-20 10:05:07.918	429	-87.91	507;423;501	-100.60;-102.02;-102.20	507;423		10.95
120.13136178	30.27058731	 2026-09-20 10:05:08.189	429	-86.98	507;501;513	-100.51;-102.20;-102.20	507;501		9.63
120.13136354	30.27059335	 2026-09-20 10:05:08.388	429	-89.47	507;423;501	-98.88;-101.05;-102.20	507;423		5.22
120.13135414	30.27058390	 2026-09-20 10:05:08.615	429	-86.68	507;501;513	-96.45;-102.20;-102.20	507;501		6.96
120.13137138	30.27058209	 2026-09-20 10:05:08.849	429	-87.95	423;507;501	-99.21;-102.01;-102.20	423;507		10.15
120.13135871	30.27058326	 2026-09-20 10:05:09.129	429	-87.24	507;423;501	-96.52;-102.06;-102.20	507;423		6.19
120.13136355	30.27059156	 2026-09-20 10:05:09.319	429	-86.62	507;423;501	-98.27;-101.66;-102.20	507;423		6.82
120.13135006	30.27058719	 2026-09-20 10:05:09.547	429	-83.92	507;423;501	-99.25;-101.17;-102.20	507;423		12.00
120.13135806	30.27059395	 2026-09-20 10:05:09.768	429	-88.93	507;513;423	-96.84;-100.44;-101.13	507;513		5.62
120.13135158	30.27059466	 2026-09-20 10:05:10.085	429	-82.50	507;423;501	-97.90;-101.64;-102.20	507;423		12.00
120.13135157	30.27059755	 2026-09-20 10:05:10.398	429	-86.19	507;423;501	-99.08;-101.90;-102.20	507;423		11.49
120.13134136	30.27058675	 2026-09-20 10:05:10.711	429	-86.54	507;501;513	-99.65;-102.20;-102.20	507;501		10.97
120.13133853	30.27058011	 2026-09-20 10:05:10.974	429	-86.88	507;501;513	-95.80;-102.20;-102.20	507;501		7.54
120.13134895	30.27059114	 2026-09-20 10:05:11.174	429	-87.49	423;507;501	-98.79;-99.05;-102.20	423;507		9.21
120.13134843	30.27058709	 2026-09-20 10:05:11.440	429	-89.69	507;423;501	-98.63;-101.65;-102.20	507;423		7.67
120.13135213	30.27059751	 2026-09-20 10:05:11.715	429	-88.98	507;501;513	-98.51;-102.20;-102.20	507;501		6.78
120.13133006	30.27059095	 2026-09-20 10:05:12.027	429	-89.12	507;423;501	-98.56;-101.16;-102.20	507;423		6.81
120.13134915	30.27057867	 2026-09-20 10:05:12.226	429	-88.63	507;423;417	-98.58;-100.96;-101.95	507;423		9.08
120.13133067	30.27059573	 2026-09-20 10:05:12.456	429	-88.81	423;507;501	-98.93;-100.59;-102.17	423;507		7.86
120.13133996	30.27058361	 2026-09-20 10:05:12.742	429	-91.76	507;423;501	-100.76;-101.11;-102.20	507;423		6.07
120.13134537	30.27059543	 2026-09-20 10:05:13.002	429	-84.30	507;423;501	-97.98;-99.97;-102.20	507;423		11.38
120.13134245	30.27058528	 2026-09-20 10:05:13.193	429	-89.97	507;423;501	-100.07;-101.78;-102.20	507;423		7.80
120.13132983	30.27058329	 2026-09-20 10:05:13.396	429	-88.51	507;423;501	-97.75;-99.51;-101.84	507;423		6.24
120.13132248	30.27058799	 2026-09-20 10:05:13.694	429	-87.90	423;411;507	-98.68;-99.89;-102.07	423;411		8.42
120.13132532	30.27058917	 2026-09-20 10:05:14.005	429	-85.80	507;501;513	-101.53;-102.20;-102.20	507;501		12.00
120.13133225	30.27057772	 2026-09-20 10:05:14.286	429	-86.44	423;417;513	-101.21;-101.84;-101.89	423;417		12.00
120.13132644	30.27058546	 2026-09-20 10:05:14.603	429	-89.01	507;417;423	-99.88;-101.00;-101.63	507;417		8.81
120.13132636	30.27058990	 2026-09-20 10:05:14.799	429	-86.38	507;417;423	-100.29;-101.32;-101.35	507;417		11.99
120.13132314	30.27058863	 2026-09-20 10:05:15.072	429	-88.96	507;423;501	-101.33;-101.84;-102.20	507;423		10.76
120.13132787	30.27058404	 2026-09-20 10:05:15.322	429	-89.24	507;501;513	-100.03;-102.20;-102.20	507;501		7.10
120.13131972	30.27058732	 2026-09-20 10:05:15.608	429	-88.12	507;501;513	-100.87;-102.20;-102.20	507;501		10.51
120.13131286	30.27059428	 2026-09-20 10:05:15.804	429	-89.18	507;423;501	-96.92;-101.98;-102.20	507;423		5.50
120.13130660	30.27058297	 2026-09-20 10:05:16.033	429	-86.97	423;507;501	-98.77;-100.03;-102.20	423;507		9.76
120.13130994	30.27058078	 2026-09-20 10:05:16.227	429	-88.87	507;423;501	-99.97;-102.09;-102.20	507;423		6.51
120.13131811	30.27059310	 2026-09-20 10:05:16.493	429	-90.34	507;501;513	-98.65;-102.20;-102.20	507;501		6.55
120.13129874	30.27057752	 2026-09-20 10:05:16.695	429	-88.64	507;423;501	-100.23;-100.94;-102.20	507;423		9.02
120.13131157	30.27058078	 2026-09-20 10:05:16.878	429	-89.06	507;423;501	-98.88;-99.67;-102.20	507;423		6.32
120.13131020	30.27058709	 2026-09-20 10:05:17.072	429	-88.71	507;423;501	-98.86;-101.54;-102.19	507;423		10.19
120.13129802	30.27058438	 2026-09-20 10:05:17.313	429	-89.13	507;423;501	-99.69;-101.12;-102.20	507;423		9.54
120.13130094	30.27059504	 2026-09-20 10:05:17.568	429	-91.42	507;423;501	-100.04;-101.39;-102.20	507;423		6.36
120.13130499	30.27058660	 2026-09-20 10:05:17.827	429	-88.78	507;513;423	-99.84;-101.42;-101.48	507;513		9.67
120.13128865	30.27057781	 2026-09-20 10:05:18.042	429	-88.83	507;423;501	-99.22;-100.84;-102.20	507;423		8.14
120.13128859	30.27057769	 2026-09-20 10:05:18.311	429	-89.31	507;423;501	-96.99;-100.63;-102.20	507;423		5.46
120.13130406	30.27058100	 2026-09-20 10:05:18.559	429	-89.72	507;423;501	-98.38;-100.25;-102.20	507;423		5.51
120.13130383	30.27057859	 2026-09-20 10:05:18.873	429	-90.84	507;423;501	-101.24;-102.14;-102.20	507;423		8.56
120.13128200	30.27059812	 2026-09-20 10:05:19.093	429	-89.44	507;501;513	-98.49;-102.20;-102.20	507;501		7.51
120.13130374	30.27058038	 2026-09-20 10:05:19.338	429	-89.39	507;423;501	-98.12;-100.58;-102.20	507;423		4.07
120.13129574	30.27059880	 2026-09-20 10:05:19.624	429	-89.14	507;501;513	-101.17;-102.20;-102.20	507;501		10.11
120.13129882	30.27059526	 2026-09-20 10:05:19.903	429	-92.46	507;423;411	-101.74;-101.78;-102.15	507;423		7.02
120.13128264	30.27058464	 2026-09-20 10:05:20.178	429	-87.27	423;507;501	-101.78;-101.85;-102.20	423;507		11.54
120.13129071	30.27058209	 2026-09-20 10:05:20.424	429	-89.66	507;501;513	-98.49;-102.20;-102.20	507;501		3.69
120.13128413	30.27059860	 2026-09-20 10:05:20.647	429	-90.04	507;423;501	-97.69;-99.35;-102.20	507;423		4.52
120.13127501	30.27059312	 2026-09-20 10:05:20.861	429	-90.66	507;501;513	-97.95;-102.20;-102.20	507;501		5.99
120.13126796	30.27058156	 2026-09-20 10:05:21.145	429	-90.60	423;507;501	-98.06;-100.57;-102.20	423;507		5.05
120.13126987	30.27058985	 2026-09-20 10:05:21.360	429	-90.14	423;507;417	-99.87;-100.13;-100.54	423;507		7.00
120.13126603	30.27059442	 2026-09-20 10:05:21.658	429	-87.29	507;423;501	-96.64;-100.20;-102.20	507;423		5.83
120.13126333	30.27059818	 2026-09-20 10:05:21.914	429	-90.96	507;423;501	-96.90;-101.43;-102.20	507;423		3.30
120.13127913	30.27059534	 2026-09-20 10:05:22.187	429	-89.87	507;423;501	-100.17;-100.61;-102.20	507;423		7.02
120.13127806	30.27058923	 2026-09-20 10:05:22.385	429	-92.54	507;423;501	-99.61;-100.90;-102.20	507;423		4.28
120.13125944	30.27058036	 2026-09-20 10:05:22.588	429	-88.93	507;423;501	-97.75;-99.58;-102.20	507;423		6.41
120.13128054	30.27058615	 2026-09-20 10:05:22.784	429	-90.57	507;423;417	-98.21;-98.91;-101.51	507;423		4.08
120.13126992	30.27057754	 2026-09-20 10:05:23.101	429	-89.51	423;507;501	-97.31;-100.02;-102.20	423;507		6.21
120.13126875	30.27058925	 2026-09-20 10:05:23.389	429	-91.35	507;501;513	-98.70;-102.20;-102.20	507;501		3.13
120.13127639	30.27057977	 2026-09-20 10:05:23.647	429	-91.03	507;423;501	-98.73;-100.90;-101.75	507;423		3.57
120.13126663	30.27058532	 2026-09-20 10:05:23.909	429	-89.82	423;501;507	-98.66;-102.20;-102.20	423;501		5.63
120.13126596	30.27059755	 2026-09-20 10:05:24.176	429	-90.73	423;507;417	-99.17;-101.06;-101.59	423;507		5.27
120.13126225	30.27059681	 2026-09-20 10:05:24.407	429	-91.05	507;501;513	-97.20;-102.20;-102.20	507;501		4.03
120.13126429	30.27058959	 2026-09-20 10:05:24.640	429	-91.75	507;411;423	-99.94;-101.97;-102.08	507;411		5.05
120.13126096	30.27059767	 2026-09-20 10:05:24.926	429	-91.52	507;423;501	-97.36;-99.44;-102.20	507;423		2.65
120.13125824	30.27057761	 2026-09-20 10:05:25.242	429	-91.29	507;423;513	-98.30;-100.69;-101.63	507;423		4.43
120.13124682	30.27058474	 2026-09-20 10:05:25.538	429	-91.44	507;411;423	-97.83;-101.03;-101.16	507;411		3.22
120.13124982	30.27059459	 2026-09-20 10:05:25.724	429	-91.35	423;507;501	-100.59;-101.88;-102.20	423;507		7.52
120.13125286	30.27057807	 2026-09-20 10:05:26.040	429	-90.47	507;417;423	-97.46;-101.15;-101.17	507;417		4.04
120.13123590	30.27059215	 2026-09-20 10:05:26.349	429	-92.79	507;423;501	-100.70;-101.52;-102.20	507;423		7.01
120.13124325	30.27058098	 2026-09-20 10:05:26.592	429	-92.41	507;423;501	-99.63;-100.66;-102.20	507;423		3.98
120.13124757	30.27058898	 2026-09-20 10:05:26.879	429	-90.30	423;507;501	-97.04;-100.91;-102.20	423;507		3.84
120.13123391	30.27058472	 2026-09-20 10:05:27.140	429	-95.13	507;423;501	-101.38;-101.43;-102.20	507;423		3.06
120.13124030	30.27059042	 2026-09-20 10:05:27.397	429	-89.95	423;507;501	-100.16;-101.76;-102.20	423;507		7.38
120.13125037	30.27059125	 2026-09-20 10:05:27.579	429	-89.79	507;423;501	-97.82;-98.33;-102.20	507;423		5.77
120.13123976	30.27058979	 2026-09-20 10:05:27.864	429	-88.64	507;501;513	-98.60;-102.20;-102.20	507;501		7.07
120.13124426	30.27059354	 2026-09-20 10:05:28.132	429	-93.32	423;507;501	-99.30;-99.88;-102.20	423;507		3.44
120.13122935	30.27058222	 2026-09-20 10:05:28.350	429	-94.59	507;423;501	-98.86;-101.33;-102.20	507;423		0.03
120.13123893	30.27057852	 2026-09-20 10:05:28.616	429	-91.90	423;501;507	-99.58;-102.20;-102.20	423;501		6.02
120.13122826	30.27057799	 2026-09-20 10:05:28.933	429	-92.34	507;423;501	-101.01;-101.34;-102.20	507;423		4.87
120.13123895	30.27058588	 2026-09-20 10:05:29.245	429	-93.62	423;507;501	-99.10;-101.10;-102.20	423;507		1.71
120.13121804	30.27057943	 2026-09-20 10:05:29.448	429	-92.82	423;507;501	-98.57;-101.13;-102.20	423;507		3.48
120.13123379	30.27058923	 2026-09-20 10:05:29.761	429	-88.68	507;423;501	-98.54;-99.02;-102.20	507;423		7.43
120.13122132	30.27058201	 2026-09-20 10:05:29.998	429	-92.08	507;423;501	-99.47;-100.88;-102.20	507;423		3.10
120.13123473	30.27058980	 2026-09-20 10:05:30.291	429	-93.10	507;423;501	-98.28;-100.52;-102.20	507;423		2.89
120.13122387	30.27059502	 2026-09-20 10:05:30.585	429	-94.65	423;417;501	-100.96;-101.56;-102.20	423;417		5.90
120.13121258	30.27058434	 2026-09-20 10:05:30.802	429	-91.67	507;423;501	-95.69;-95.95;-102.20	507;423		0.76
120.13121625	30.27058799	 2026-09-20 10:05:31.031	429	-93.43	423;507;501	-99.95;-100.31;-102.20	423;507		4.75
120.13120683	30.27059032	 2026-09-20 10:05:31.254	429	-92.59	507;423;501	-99.21;-100.56;-102.20	507;423		4.80
120.13122006	30.27059494	 2026-09-20 10:05:31.487	429	-91.90	423;507;501	-95.86;-98.38;-102.20	423;507		-0.31
120.13122384	30.27059032	 2026-09-20 10:05:31.744	429	-92.04	507;423;501	-97.21;-98.35;-102.20	507;423		2.61
120.13121272	30.27058522	 2026-09-20 10:05:31.980	429	-90.27	507;423;501	-97.72;-100.10;-102.20	507;423		5.62
120.13120222	30.27059485	 2026-09-20 10:05:32.245	429	-91.82	423;507;501	-99.43;-101.75;-102.20	423;507		4.44
120.13121366	30.27059432	 2026-09-20 10:05:32.482	429	-92.84	423;507;417	-99.56;-99.97;-101.40	423;507		6.03
120.13121160	30.27057891	 2026-09-20 10:05:32.733	429	-93.47	507;423;501	-97.20;-98.16;-102.20	507;423		2.37
120.13119243	30.27059897	 2026-09-20 10:05:33.037	429	-92.80	423;507;501	-99.24;-100.34;-102.20	423;507		3.53
120.13119922	30.27059640	 2026-09-20 10:05:33.311	429	-90.32	507;423;501	-98.37;-98.54;-102.20	507;423		7.34
120.13121122	30.27059676	 2026-09-20 10:05:33.519	429	-92.23	507;423;501	-98.83;-101.14;-102.20	507;423		3.27
120.13119355	30.27059259	 2026-09-20 10:05:33.774	429	-92.17	423;507;501	-99.54;-100.70;-102.20	423;507		4.70
120.13119042	30.27057881	 2026-09-20 10:05:34.069	429	-94.32	423;507;501	-98.65;-99.80;-102.20	423;507		4.03
120.13119861	30.27057773	 2026-09-20 10:05:34.273	429	-91.41	423;507;417	-99.77;-99.82;-101.40	423;507		5.73
120.13120479	30.27058775	 2026-09-20 10:05:34.496	429	-92.95	423;507;417	-97.96;-98.75;-101.97	423;507		0.83
120.13119447	30.27058399	 2026-09-20 10:05:34.748	429	-92.94	423;507;417	-100.35;-100.47;-100.66	423;507		3.92
120.13120209	30.27058136	 2026-09-20 10:05:34.966	429	-94.23	423;507;501	-98.61;-100.12;-102.20	423;507		1.14
120.13119926	30.27057796	 2026-09-20 10:05:35.208	429	-88.73	507;423;501	-101.04;-101.15;-102.20	507;423		10.90
120.13117710	30.27059450	 2026-09-20 10:05:35.505	429	-89.33	423;507;501	-98.17;-100.55;-102.20	423;507		6.05
120.13118475	30.27058040	 2026-09-20 10:05:35.777	429	-92.82	423;507;501	-99.56;-101.01;-102.20	423;507		4.09
120.13118739	30.27058988	 2026-09-20 10:05:35.983	429	-90.74	507;423;501	-98.73;-100.23;-102.01	507;423		5.17
120.13119416	30.27059122	 2026-09-20 10:05:36.266	429	-92.83	507;423;513	-99.40;-100.34;-101.90	507;423		4.21
120.13119129	30.27059004	 2026-09-20 10:05:36.577	429	-90.90	423;507;501	-98.63;-99.58;-102.20	423;507		5.89
120.13116901	30.27058264	 2026-09-20 10:05:36.835	429	-91.84	423;507;501	-97.39;-100.00;-101.65	423;507		2.87
120.13118357	30.27059850	 2026-09-20 10:05:37.048	429	-90.60	507;423;501	-96.56;-98.35;-102.20	507;423		3.56
120.13118509	30.27057963	 2026-09-20 10:05:37.247	429	-95.13	507;423;501	-100.31;-101.30;-102.20	507;423		5.13
120.13117579	30.27058134	 2026-09-20 10:05:37.495	429	-94.79	507;423;501	-96.49;-101.00;-102.20	507;423		-0.62
120.13118110	30.27058268	 2026-09-20 10:05:37.750	429	-91.36	423;507;513	-97.53;-101.35;-101.66	423;507		3.14
120.13116129	30.27059194	 2026-09-20 10:05:38.038	429	-95.11	417;507;423	-99.96;-100.23;-100.71	417;507		0.90
120.13116468	30.27059544	 2026-09-20 10:05:38.300	429	-93.89	423;507;417	-99.27;-100.47;-101.67	423;507		3.43
120.13117773	30.27058365	 2026-09-20 10:05:38.570	429	-94.95	423;507;417	-99.27;-100.66;-101.44	423;507		2.42
120.13115932	30.27059807	 2026-09-20 10:05:38.805	429	-93.45	423;507;501	-99.32;-100.00;-102.20	423;507		2.42
120.13116222	30.27058492	 2026-09-20 10:05:38.998	429	-93.27	507;423;501	-98.04;-99.96;-102.20	507;423		2.59
120.13115576	30.27057748	 2026-09-20 10:05:39.202	429	-92.62	507;423;501	-99.92;-101.21;-102.20	507;423		3.70
120.13117147	30.27058251	 2026-09-20 10:05:39.416	429	-93.86	423;507;411	-95.55;-98.09;-102.15	423;507		-0.36
120.13115987	30.27059474	 2026-09-20 10:05:39.613	429	-92.05	507;423;501	-99.34;-100.29;-102.20	507;423		5.45
120.13116087	30.27057883	 2026-09-20 10:05:39.914	429	-92.57	507;501;513	-97.02;-102.20;-102.20	507;501		2.19
120.13115292	30.27059552	 2026-09-20 10:05:40.198	429	-95.15	423;507;501	-98.37;-100.17;-102.20	423;507		2.32
120.13115146	30.27058601	 2026-09-20 10:05:40.432	429	-94.52	507;423;501	-99.34;-100.23;-102.20	507;423		5.82
120.13114520	30.27057759	 2026-09-20 10:05:40.748	429	-94.84	423;513;507	-96.16;-101.01;-101.31	423;513		-1.13
120.13114164	30.27058529	 2026-09-20 10:05:41.056	429	-92.40	423;507;501	-98.53;-99.70;-102.20	423;507		3.72
120.13116128	30.27058616	 2026-09-20 10:05:41.277	429	-91.48	507;501;513	-99.07;-102.20;-102.20	507;501		4.76
120.13116111	30.27057792	 2026-09-20 10:05:41.512	429	-94.31	507;423;501	-100.18;-100.24;-102.20	507;423		4.61
120.13113909	30.27059256	 2026-09-20 10:05:41.693	429	-95.16	423;501;507	-97.75;-102.20;-102.20	423;501		-0.70
120.13115649	30.27058560	 2026-09-20 10:05:41.999	429	-92.01	423;501;507	-98.65;-102.20;-102.20	423;501		3.87
120.13114858	30.27058043	 2026-09-20 10:05:42.257	429	-93.20	507;423;501	-98.62;-98.90;-102.20	507;423		3.84
120.13115366	30.27058471	 2026-09-20 10:05:42.516	429	-95.64	423;507;411	-98.51;-98.69;-102.18	423;507		-0.14
120.13115079	30.27058677	 2026-09-20 10:05:42.731	429	-94.25	423;507;501	-98.30;-102.09;-102.20	423;507		0.63
120.13114010	30.27057741	 2026-09-20 10:05:42.912	429	-91.77	507;423;501	-98.89;-100.84;-102.09	507;423		4.62
120.13113146	30.27058673	 2026-09-20 10:05:43.192	429	-92.93	423;417;507	-97.94;-101.31;-101.91	423;417		2.26
120.13114255	30.27057787	 2026-09-20 10:05:43.472	429	-91.61	423;507;501	-98.45;-100.46;-102.20	423;507		5.39
120.13112880	30.27059570	 2026-09-20 10:05:43.655	423	-95.40	429;507;501	-95.82;-99.75;-102.20	429;507		-1.33
120.13113333	30.27057800	 2026-09-20 10:05:43.836	429	-92.95	423;507;501	-98.25;-99.72;-102.20	423;507		2.20
120.13112318	30.27058486	 2026-09-20 10:05:44.026	429	-94.97	423;507;501	-99.53;-99.62;-102.20	423;507		2.71
120.13112398	30.27059557	 2026-09-20 10:05:44.222	429	-93.06	423;507;501	-98.38;-101.87;-102.20	423;507		2.04
120.13113527	30.27057951	 2026-09-20 10:05:44.537	429	-95.13	423;501;507	-97.75;-102.20;-102.20	423;501		-0.82
120.13112528	30.27059443	 2026-09-20 10:05:44.816	429	-93.00	423;507;501	-98.22;-98.73;-102.20	423;507		0.61
120.13113280	30.27059520	 2026-09-20 10:05:45.087	429	-95.61	423;501;507	-97.49;-102.20;-102.20	423;501		-0.34
120.13111868	30.27059346	 2026-09-20 10:05:45.322	429	-93.93	423;507;417	-98.43;-99.45;-100.05	423;507		1.88
120.13113125	30.27057885	 2026-09-20 10:05:45.584	429	-95.24	423;507;501	-95.43;-101.18;-102.20	423;507		-2.85
120.13112685	30.27058133	 2026-09-20 10:05:45.783	429	-95.24	507;423;501	-95.46;-100.51;-102.20	507;423		-3.16
120.13112147	30.27058849	 2026-09-20 10:05:45.973	429	-94.44	423;507;501	-95.30;-99.71;-102.20	423;507		-2.12
120.13112476	30.27059285	 2026-09-20 10:05:46.216	429	-94.28	423;507;513	-95.85;-100.36;-101.14	423;507		-0.63
120.13110440	30.27058184	 2026-09-20 10:05:46.506	429	-95.10	423;507;417	-99.46;-101.22;-101.72	423;507		0.92
120.13112398	30.27059417	 2026-09-20 10:05:46.690	429	-96.25	423;417;501	-99.59;-101.20;-101.63	423;417		-0.05
120.13112270	30.27058034	 2026-09-20 10:05:46.904	429	-94.53	423;507;501	-96.95;-101.59;-102.20	423;507		-2.19
120.13110450	30.27059596	 2026-09-20 10:05:47.185	429	-95.08	423;507;501	-98.91;-100.52;-102.20	423;507		1.41
120.13111694	30.27058095	 2026-09-20 10:05:47.404	429	-92.65	423;507;513	-98.28;-100.80;-101.63	423;507		2.31
120.13109401	30.27058901	 2026-09-20 10:05:47.613	429	-92.49	507;423;411	-98.75;-99.15;-101.81	507;423		4.33
120.13110641	30.27059543	 2026-09-20 10:05:47.930	429	-93.61	507;423;501	-100.16;-100.96;-102.20	507;423		3.50
120.13109717	30.27058460	 2026-09-20 10:05:48.169	429	-96.87	423;507;513	-97.42;-100.17;-101.06	423;507		-0.79
120.13110784	30.27058037	 2026-09-20 10:05:48.366	429	-92.74	507;423;501	-96.96;-99.11;-102.20	507;423		1.04
120.13110301	30.27057978	 2026-09-20 10:05:48.604	429	-94.78	423;507;501	-98.65;-98.99;-102.20	423;507		1.00
120.13110659	30.27059551	 2026-09-20 10:05:48.883	429	-92.40	423;507;417	-98.84;-98.99;-100.66	423;507		5.21
120.13109238	30.27058184	 2026-09-20 10:05:49.145	429	-94.97	423;507;501	-96.98;-99.99;-102.20	423;507		-0.13
120.13108988	30.27058923	 2026-09-20 10:05:49.392	429	-95.57	423;507;513	-97.64;-100.55;-101.00	423;507		-0.89
120.13110035	30.27057847	 2026-09-20 10:05:49.634	429	-96.45	423;507;501	-97.44;-99.14;-102.20	423;507		-2.18
120.13108673	30.27059057	 2026-09-20 10:05:49.901	429	-95.36	423;507;501	-100.33;-100.87;-102.20	423;507		1.30
120.13108390	30.27059521	 2026-09-20 10:05:50.142	429	-94.57	423;507;501	-97.95;-98.97;-102.20	423;507		0.20
120.13109342	30.27058216	 2026-09-20 10:05:50.328	429	-92.66	507;423;501	-97.97;-101.12;-102.20	507;423		1.49
120.13109424	30.27058947	 2026-09-20 10:05:50.602	429	-93.37	507;423;501	-99.32;-100.73;-102.20	507;423		2.50
120.13107610	30.27058461	 2026-09-20 10:05:50.897	429	-93.95	423;507;501	-98.88;-100.55;-102.20	423;507		3.26
120.13109408	30.27058412	 2026-09-20 10:05:51.145	429	-96.49	423;507;501	-98.98;-99.46;-101.94	423;507		1.89
120.13108345	30.27058225	 2026-09-20 10:05:51.344	429	-95.37	423;501;513	-97.91;-99.86;-99.92	423;501		0.17
120.13106883	30.27059041	 2026-09-20 10:05:51.543	429	-96.17	423;417;507	-97.98;-101.19;-101.24	423;417		-1.49
120.13107878	30.27058287	 2026-09-20 10:05:51.852	429	-97.53	423;507;501	-98.80;-100.10;-102.20	423;507		1.36
120.13107266	30.27058160	 2026-09-20 10:05:52.152	429	-97.55	507;423;501	-98.25;-98.40;-102.20	507;423		-2.69
120.13107487	30.27058958	 2026-09-20 10:05:52.409	429	-95.93	423;501;507	-96.70;-102.20;-102.20	423;501		-2.17
120.13107999	30.27058166	 2026-09-20 10:05:52.722	429	-93.92	423;513;417	-100.90;-101.38;-101.78	423;513		5.71
120.13106325	30.27059088	 2026-09-20 10:05:52.998	429	-96.71	423;507;501	-99.32;-101.86;-102.20	423;507		0.27
120.13107781	30.27057944	 2026-09-20 10:05:53.272	429	-92.68	423;507;411	-97.59;-99.27;-102.15	423;507		3.23
120.13108006	30.27059044	 2026-09-20 10:05:53.471	429	-92.87	423;507;501	-97.91;-100.63;-102.20	423;507		3.10
120.13107624	30.27058571	 2026-09-20 10:05:53.709	429	-94.77	423;507;501	-96.36;-99.94;-102.20	423;507		-1.75
120.13106516	30.27059236	 2026-09-20 10:05:54.015	429	-95.38	423;507;513	-99.38;-100.87;-101.51	423;507		0.44
120.13106180	30.27059179	 2026-09-20 10:05:54.305	429	-93.82	423;501;507	-97.30;-102.20;-102.20	423;501		1.71
120.13106506	30.27058931	 2026-09-20 10:05:54.529	429	-92.83	423;507;417	-98.00;-100.28;-100.53	423;507		1.74
120.13105427	30.27057916	 2026-09-20 10:05:54.803	429	-94.29	423;417;507	-98.04;-101.32;-101.46	423;417		1.19
120.13105019	30.27058496	 2026-09-20 10:05:55.045	429	-91.78	423;507;501	-99.50;-101.39;-102.20	423;507		4.86
120.13106799	30.27058157	 2026-09-20 10:05:55.346	429	-95.79	423;411;507	-98.51;-100.55;-101.05	423;411		1.68
120.13106276	30.27057802	 2026-09-20 10:05:55.553	423	-96.13	429;507;501	-96.71;-100.91;-102.20	429;507		-2.71
120.13105391	30.27057763	 2026-09-20 10:05:55.859	429	-95.92	423;501;507	-100.31;-102.20;-102.20	423;501		1.84
120.13104172	30.27059877	 2026-09-20 10:05:56.064	429	-93.13	423;513;507	-95.53;-101.94;-102.01	423;513		0.12
120.13104284	30.27059538	 2026-09-20 10:05:56.379	429	-97.54	423;507;501	-98.46;-102.06;-102.20	423;507		-2.18
120.13104407	30.27059255	 2026-09-20 10:05:56.588	423	-95.38	429;507;501	-96.97;-101.15;-102.20	429;507		-0.67
120.13105440	30.27059357	 2026-09-20 10:05:56.840	429	-96.56	423;507;501	-96.90;-98.79;-102.20	423;507		-1.54
120.13104058	30.27059612	 2026-09-20 10:05:57.066	429	-94.32	423;507;501	-97.35;-98.31;-102.20	423;507		0.54
120.13104168	30.27058867	 2026-09-20 10:05:57.305	429	-95.27	423;507;501	-97.50;-101.20;-102.20	423;507		-0.64
120.13105036	30.27058000	 2026-09-20 10:05:57.602	429	-95.08	423;501;507	-99.12;-102.20;-102.20	423;501		0.87
120.13104355	30.27057888	 2026-09-20 10:05:57.904	429	-95.13	423;507;501	-97.62;-101.59;-102.20	423;507		-0.35
120.13104414	30.27058125	 2026-09-20 10:05:58.133	429	-95.22	423;507;501	-95.36;-102.06;-102.10	423;507		-2.12
120.13104855	30.27059147	 2026-09-20 10:05:58.376	429	-94.18	423;507;501	-96.58;-100.96;-102.20	423;507		-0.56
120.13102306	30.27059099	 2026-09-20 10:05:58.628	423	-97.57	429;507;417	-97.83;-101.14;-101.24	429;507		-2.33
120.13104546	30.27059559	 2026-09-20 10:05:58.921	429	-96.69	507;423;501	-99.08;-100.16;-102.20	507;423		0.48
120.13103886	30.27057914	 2026-09-20 10:05:59.147	429	-95.85	423;507;501	-98.06;-98.98;-102.20	423;507		-1.59
120.13103842	30.27059132	 2026-09-20 10:05:59.386	429	-94.53	423;507;501	-97.42;-100.83;-102.20	423;507		0.29
120.13103441	30.27059124	 2026-09-20 10:05:59.684	429	-96.49	423;513;507	-100.01;-101.09;-101.62	423;513		1.03
120.13102178	30.27058459	 2026-09-20 10:05:59.892	429	-95.27	423;507;501	-99.64;-101.11;-102.20	423;507		1.54
120.13103527	30.27058050	 2026-09-20 10:06:00.114	429	-95.23	423;501;507	-96.14;-102.20;-102.20	423;501		-2.39
120.13103431	30.27057962	 2026-09-20 10:06:00.355	429	-94.49	423;507;501	-96.51;-100.20;-102.20	423;507		0.99
120.13101217	30.27058687	 2026-09-20 10:06:00.645	429	-96.92	423;411;417	-98.76;-99.57;-99.85	423;411		-1.76
120.13101586	30.27059645	 2026-09-20 10:06:00.951	429	-95.66	423;507;501	-98.50;-102.07;-102.20	423;507		1.48
120.13100919	30.27059844	 2026-09-20 10:06:01.191	429	-95.15	423;507;417	-96.64;-97.52;-101.91	423;507		-0.84
120.13101329	30.27058705	 2026-09-20 10:06:01.468	429	-95.30	423;501;507	-100.12;-102.20;-102.20	423;501		2.69
120.13101961	30.27059836	 2026-09-20 10:06:01.689	429	-96.09	423;507;501	-97.88;-99.96;-101.66	423;507		0.94
120.13101079	30.27057994	 2026-09-20 10:06:01.901	429	-95.95	423;501;507	-100.00;-102.20;-102.20	423;501		0.93
120.13100958	30.27059223	 2026-09-20 10:06:02.208	423	-97.35	429;417;501	-98.06;-101.73;-102.20	429;417		-1.24
120.13099805	30.27059496	 2026-09-20 10:06:02.422	429	-96.85	423;501;507	-97.56;-100.93;-102.20	423;501		-2.91
120.13101585	30.27058728	 2026-09-20 10:06:02.615	429	-96.61	423;501;507	-98.94;-102.20;-102.20	423;501		1.97
120.13100752	30.27059219	 2026-09-20 10:06:02.891	429	-93.40	423;507;501	-94.73;-99.12;-102.20	423;507		-1.93
120.13101608	30.27059350	 2026-09-20 10:06:03.099	423	-96.04	429;507;513	-97.13;-101.49;-101.87	429;507		-3.31
120.13101023	30.27059605	 2026-09-20 10:06:03.307	429	-95.30	423;507;501	-97.62;-100.06;-102.20	423;507		0.05
120.13100028	30.27058574	 2026-09-20 10:06:03.490	429	-95.45	423;507;501	-97.05;-99.19;-102.20	423;507		-1.44
120.13099723	30.27058291	 2026-09-20 10:06:03.690	423	-98.44	429;507;501	-98.76;-100.60;-102.20	429;507		-1.65
120.13100532	30.27059076	 2026-09-20 10:06:03.995	429	-97.12	423;417;507	-97.16;-99.27;-101.94	423;417		-1.83
120.13098648	30.27058970	 2026-09-20 10:06:04.206	429	-95.84	423;507;417	-97.84;-97.92;-101.44	423;507		-0.23
120.13100776	30.27059132	 2026-09-20 10:06:04.486	429	-94.21	423;507;417	-96.50;-100.47;-100.88	423;507		0.85
120.13098326	30.27058244	 2026-09-20 10:06:04.720	423	-94.09	429;507;501	-99.29;-101.35;-102.10	429;507		2.53
120.13099804	30.27059747	 2026-09-20 10:06:05.021	429	-96.87	423;501;507	-98.58;-102.20;-102.20	423;501		-1.30
120.13098293	30.27058176	 2026-09-20 10:06:05.262	429	-96.22	423;507;417	-98.84;-99.55;-100.88	423;507		-0.13
120.13099498	30.27058020	 2026-09-20 10:06:05.506	423	-97.52	429;507;501	-97.93;-98.67;-102.20	429;507		-2.86
120.13098199	30.27058914	 2026-09-20 10:06:05.806	429	-96.35	423;501;507	-99.83;-100.45;-101.21	423;501		-1.09
120.13099117	30.27057839	 2026-09-20 10:06:06.102	423	-97.98	429;507;417	-98.52;-101.13;-101.65	429;507		-2.48
120.13098582	30.27058252	 2026-09-20 10:06:06.354	423	-97.46	429;507;501	-98.90;-101.07;-102.20	429;507		-2.42
120.13099183	30.27058191	 2026-09-20 10:06:06.659	423	-97.19	429;507;417	-98.29;-101.24;-101.90	429;507		-1.24
120.13098608	30.27058619	 2026-09-20 10:06:06.940	429	-95.75	507;513;423	-100.24;-101.30;-101.67	507;513		2.77
120.13097265	30.27059563	 2026-09-20 10:06:07.174	423	-96.74	429;507;513	-97.63;-99.49;-100.69	429;507		-2.53
120.13097670	30.27057796	 2026-09-20 10:06:07.359	429	-94.69	423;507;417	-97.27;-101.25;-101.64	423;507		0.60
120.13097915	30.27059166	 2026-09-20 10:06:07.615	423	-97.46	429;507;501	-98.77;-99.18;-100.91	429;507		-1.42
120.13097239	30.27058438	 2026-09-20 10:06:07.904	429	-94.68	423;507;501	-96.96;-101.61;-102.20	423;507		-0.11
120.13096428	30.27057744	 2026-09-20 10:06:08.132	423	-94.29	429;513;501	-97.63;-101.73;-102.20	429;513		2.37
120.13097518	30.27059484	 2026-09-20 10:06:08.348	423	-95.26	429;507;513	-96.29;-100.83;-101.29	429;507		-1.16
120.13097534	30.27057861	 2026-09-20 10:06:08.543	429	-94.95	423;507;501	-98.00;-100.35;-102.20	423;507		1.32
120.13096826	30.27059172	 2026-09-20 10:06:08.803	429	-95.22	423;507;501	-96.72;-100.48;-102.20	423;507		-0.08
120.13095453	30.27059465	 2026-09-20 10:06:09.024	429	-96.40	423;501;507	-97.09;-102.20;-102.20	423;501		-0.79
120.13097629	30.27058910	 2026-09-20 10:06:09.326	429	-95.51	423;507;411	-97.43;-100.39;-101.21	423;507		-0.08
120.13095667	30.27057881	 2026-09-20 10:06:09.600	423	-97.46	429;417;507	-97.77;-101.02;-102.19	429;417		-0.71
120.13096515	30.27058421	 2026-09-20 10:06:09.799	423	-97.47	429;501;417	-99.98;-100.53;-101.28	429;501		0.55
120.13097008	30.27059352	 2026-09-20 10:06:10.107	429	-94.69	423;417;507	-95.79;-102.10;-102.20	423;417		-2.51
120.13095832	30.27059242	 2026-09-20 10:06:10.322	423	-95.58	429;417;501	-100.03;-100.23;-102.20	429;417		0.42
120.13096537	30.27057846	 2026-09-20 10:06:10.636	429	-93.99	423;507;501	-97.91;-99.54;-102.20	423;507		0.38
120.13095093	30.27059244	 2026-09-20 10:06:10.848	429	-97.23	423;507;411	-100.01;-101.33;-101.87	423;507		-0.93
120.13095098	30.27059087	 2026-09-20 10:06:11.071	423	-94.70	429;507;513	-96.66;-100.44;-101.86	429;507		0.60
120.13094594	30.27057941	 2026-09-20 10:06:11.257	423	-94.60	429;507;411	-98.48;-99.35;-102.19	429;507		2.16
120.13094275	30.27058426	 2026-09-20 10:06:11.528	423	-95.99	429;411;501	-98.05;-100.73;-102.20	429;411		-0.64
120.13095449	30.27059402	 2026-09-20 10:06:11.812	429	-96.24	423;507;501	-96.52;-101.34;-102.20	423;507		-3.40
120.13094801	30.27058833	 2026-09-20 10:06:12.059	429	-96.46	423;501;507	-96.88;-102.20;-102.20	423;501		-0.86
120.13094070	30.27059703	 2026-09-20 10:06:12.335	423	-95.78	429;507;501	-96.76;-100.12;-102.20	429;507		-0.29
120.13093183	30.27058624	 2026-09-20 10:06:12.641	423	-96.63	429;513;507	-98.38;-100.39;-100.42	429;513		0.10
120.13093122	30.27058762	 2026-09-20 10:06:12.908	423	-95.49	429;417;501	-99.29;-102.07;-102.20	429;417		1.60
120.13095159	30.27059856	 2026-09-20 10:06:13.181	429	-96.94	423;417;501	-97.64;-99.91;-102.20	423;417		-1.63
120.13092777	30.27059704	 2026-09-20 10:06:13.453	423	-96.25	429;417;507	-97.72;-101.52;-101.84	429;417		1.42
120.13092426	30.27059726	 2026-09-20 10:06:13.693	423	-93.68	429;507;513	-98.73;-101.56;-101.73	429;507		1.85
120.13092849	30.27059471	 2026-09-20 10:06:13.939	423	-95.91	429;513;501	-98.17;-101.79;-102.20	429;513		-0.27
120.13092324	30.27059539	 2026-09-20 10:06:14.225	423	-96.71	429;417;411	-100.22;-100.63;-100.67	429;417		1.35
120.13094038	30.27059446	 2026-09-20 10:06:14.542	429	-96.77	423;501;507	-97.31;-102.01;-102.19	423;501		-1.73
120.13092519	30.27057811	 2026-09-20 10:06:14.806	423	-96.98	507;429;501	-98.77;-100.72;-102.20	507;429		1.31
120.13093179	30.27058463	 2026-09-20 10:06:15.123	423	-97.11	429;501;507	-99.32;-102.19;-102.20	429;501		-0.08
120.13092735	30.27058023	 2026-09-20 10:06:15.408	423	-96.26	429;507;411	-96.63;-100.96;-101.27	429;507		-1.72
120.13092822	30.27059557	 2026-09-20 10:06:15.708	423	-96.45	429;507;501	-97.74;-101.75;-102.20	429;507		-2.41
120.13093377	30.27059079	 2026-09-20 10:06:15.994	423	-95.42	429;507;417	-97.25;-98.83;-99.26	429;507		-0.06
120.13093335	30.27057820	 2026-09-20 10:06:16.197	423	-95.57	429;501;507	-98.31;-99.73;-102.03	429;501		-0.28
120.13092406	30.27059723	 2026-09-20 10:06:16.448	423	-96.23	429;501;507	-97.93;-100.28;-102.20	429;501		-1.02
120.13093023	30.27058212	 2026-09-20 10:06:16.628	423	-95.28	429;501;507	-98.94;-102.20;-102.20	429;501		1.91
120.13092107	30.27059468	 2026-09-20 10:06:16.869	423	-97.17	429;501;507	-97.44;-102.20;-102.20	429;501		-0.75
120.13092014	30.27059367	 2026-09-20 10:06:17.063	423	-95.71	429;417;507	-98.34;-99.68;-101.74	429;417		-0.93
120.13091928	30.27059772	 2026-09-20 10:06:17.335	429	-96.29	423;501;507	-97.98;-102.20;-102.20	423;501		-1.11
120.13090531	30.27059588	 2026-09-20 10:06:17.529	429	-95.90	423;507;501	-97.08;-100.72;-102.20	423;507		-1.36
120.13090854	30.27059099	 2026-09-20 10:06:17.796	423	-95.96	429;507;513	-98.17;-99.72;-102.02	429;507		-2.17
120.13090320	30.27058016	 2026-09-20 10:06:18.063	429	-94.56	423;501;507	-98.16;-99.93;-102.20	423;501		-0.15
120.13090095	30.27057949	 2026-09-20 10:06:18.261	423	-94.03	429;411;507	-94.79;-100.36;-101.33	429;411		-1.31
120.13091377	30.27059551	 2026-09-20 10:06:18.543	423	-94.88	429;501;507	-96.75;-101.87;-102.20	429;501		0.61
120.13089401	30.27059461	 2026-09-20 10:06:18.743	423	-95.29	429;507;501	-97.96;-101.48;-102.20	429;507		1.31
120.13090797	30.27059519	 2026-09-20 10:06:18.980	429	-94.82	423;501;507	-94.86;-100.77;-102.18	423;501		-2.18
120.13090125	30.27059445	 2026-09-20 10:06:19.257	423	-92.66	429;507;501	-98.19;-101.99;-102.20	429;507		4.33
120.13089969	30.27058569	 2026-09-20 10:06:19.571	501	-99.70	423;429;513	-99.81;-101.28;-101.84	423;429		-1.57
120.13089424	30.27058979	 2026-09-20 10:06:19.817	423	-93.11	429;501;507	-98.42;-100.69;-101.56	429;501		4.38
120.13090498	30.27058586	 2026-09-20 10:06:20.117	423	-93.54	429;417;411	-96.83;-100.64;-100.70	429;417		0.53
120.13088456	30.27059689	 2026-09-20 10:06:20.320	423	-94.40	429;507;501	-98.67;-101.35;-102.20	429;507		0.92
120.13088748	30.27059532	 2026-09-20 10:06:20.598	423	-96.62	429;507;417	-98.57;-101.36;-101.78	429;507		-0.03
120.13090093	30.27058335	 2026-09-20 10:06:20.791	423	-94.62	429;501;507	-96.62;-101.28;-101.52	429;501		-1.04
120.13087750	30.27059013	 2026-09-20 10:06:21.072	423	-95.01	429;501;417	-101.01;-101.64;-102.18	429;501		2.43
120.13088729	30.27058899	 2026-09-20 10:06:21.354	423	-95.69	429;507;501	-100.25;-100.57;-102.20	429;507		2.86
120.13088073	30.27059217	 2026-09-20 10:06:21.602	423	-93.91	429;411;501	-100.14;-102.11;-102.20	429;411		2.75
120.13089320	30.27059395	 2026-09-20 10:06:21.826	423	-95.46	429;507;501	-99.83;-101.56;-102.20	429;507		2.70
120.13088780	30.27059218	 2026-09-20 10:06:22.106	423	-92.84	429;507;501	-97.06;-101.09;-101.91	429;507		1.51
120.13089042	30.27057950	 2026-09-20 10:06:22.347	423	-94.93	429;507;501	-97.22;-101.10;-102.20	429;507		-2.45
120.13089073	30.27058581	 2026-09-20 10:06:22.572	423	-94.53	429;507;513	-100.86;-101.13;-102.18	429;507		1.97
120.13086632	30.27058066	 2026-09-20 10:06:22.785	423	-95.56	429;501;507	-97.97;-101.45;-101.96	429;501		-1.88
120.13086892	30.27057888	 2026-09-20 10:06:23.003	423	-96.09	429;501;507	-97.53;-102.20;-102.20	429;501		0.12
120.13086494	30.27057828	 2026-09-20 10:06:23.202	423	-95.30	507;429;501	-98.57;-100.24;-102.20	507;429		-0.18
120.13086817	30.27058183	 2026-09-20 10:06:23.403	429	-96.83	423;507;501	-96.90;-101.91;-102.20	423;507		-4.62
120.13087033	30.27058877	 2026-09-20 10:06:23.693	423	-92.86	429;507;501	-97.66;-101.35;-102.20	429;507		3.35
120.13086420	30.27059266	 2026-09-20 10:06:23.988	423	-95.09	429;507;501	-99.77;-100.52;-102.20	429;507		2.56
120.13085800	30.27058099	 2026-09-20 10:06:24.174	423	-94.59	429;513;501	-99.73;-100.73;-102.20	429;513		3.79
120.13086154	30.27059327	 2026-09-20 10:06:24.417	423	-93.62	429;507;501	-96.44;-100.89;-101.49	429;507		0.81
120.13086025	30.27058942	 2026-09-20 10:06:24.631	423	-95.82	429;513;501	-99.97;-101.75;-102.20	429;513		1.67
120.13085305	30.27059495	 2026-09-20 10:06:24.829	423	-95.76	429;507;501	-97.57;-99.83;-102.20	429;507		-0.43
120.13085300	30.27058014	 2026-09-20 10:06:25.121	423	-92.78	429;501;507	-100.87;-102.20;-102.20	429;501		5.71
120.13086817	30.27059481	 2026-09-20 10:06:25.395	423	-93.36	429;411;501	-97.61;-102.15;-102.20	429;411		0.48
120.13085240	30.27057982	 2026-09-20 10:06:25.664	423	-93.00	429;507;501	-99.76;-102.07;-102.20	429;507		4.14
120.13085479	30.27058779	 2026-09-20 10:06:25.969	423	-95.27	429;501;507	-99.80;-102.20;-102.20	429;501		2.81
120.13085418	30.27059417	 2026-09-20 10:06:26.166	423	-95.33	429;507;501	-95.99;-101.59;-102.20	429;507		-2.39
120.13085178	30.27058255	 2026-09-20 10:06:26.418	423	-91.55	429;501;507	-99.36;-101.43;-102.20	429;501		5.66
120.13084433	30.27059083	 2026-09-20 10:06:26.679	423	-97.22	429;507;501	-98.14;-101.62;-102.20	429;507		-2.41
120.13083686	30.27059145	 2026-09-20 10:06:26.932	423	-92.12	501;429;411	-100.71;-101.57;-102.05	501;429		5.93
120.13083873	30.27058777	 2026-09-20 10:06:27.222	423	-95.69	429;507;501	-97.06;-99.32;-102.20	429;507		-2.72
120.13084821	30.27059779	 2026-09-20 10:06:27.474	423	-96.92	429;501;507	-98.63;-102.20;-102.20	429;501		-0.27
120.13083160	30.27057966	 2026-09-20 10:06:27.666	423	-92.59	429;411;501	-99.61;-102.03;-102.20	429;411		2.49
120.13084388	30.27059890	 2026-09-20 10:06:27.948	423	-94.11	507;429;501	-101.01;-101.09;-102.08	507;429		2.19
120.13084441	30.27058532	 2026-09-20 10:06:28.128	423	-93.27	429;501;507	-99.04;-100.72;-101.43	429;501		3.65
120.13083673	30.27057815	 2026-09-20 10:06:28.436	423	-93.54	429;501;507	-100.25;-101.62;-102.20	429;501		4.14
120.13084396	30.27059715	 2026-09-20 10:06:28.691	423	-92.14	429;501;507	-98.88;-102.20;-102.20	429;501		5.17
120.13082623	30.27059749	 2026-09-20 10:06:28.988	423	-91.70	429;507;501	-100.44;-102.08;-102.20	429;507		7.62
120.13083696	30.27058069	 2026-09-20 10:06:29.221	423	-92.08	429;507;501	-95.65;-100.38;-102.20	429;507		1.48
120.13082661	30.27058851	 2026-09-20 10:06:29.461	423	-92.75	429;501;411	-97.02;-98.95;-101.36	429;501		3.27
120.13082785	30.27058839	 2026-09-20 10:06:29.781	423	-91.00	429;417;513	-99.86;-100.33;-101.56	429;417		6.21
120.13083583	30.27059602	 2026-09-20 10:06:30.063	423	-95.64	429;501;417	-95.95;-100.23;-100.33	429;501		-2.59
120.13083362	30.27059295	 2026-09-20 10:06:30.377	423	-93.91	429;411;501	-99.32;-99.94;-101.78	429;411		3.69
120.13083648	30.27058202	 2026-09-20 10:06:30.627	423	-92.59	429;417;507	-96.37;-101.72;-102.18	429;417		2.00
120.13081258	30.27058566	 2026-09-20 10:06:30.883	423	-94.34	507;429;501	-100.52;-100.96;-102.06	507;429		3.08
120.13082362	30.27059294	 2026-09-20 10:06:31.129	423	-94.76	429;501;507	-99.60;-102.20;-102.20	429;501		3.36
120.13082528	30.27059159	 2026-09-20 10:06:31.440	423	-92.47	429;507;501	-96.70;-101.92;-102.20	429;507		1.11
120.13081327	30.27058375	 2026-09-20 10:06:31.647	423	-94.26	429;501;507	-98.99;-102.20;-102.20	429;501		2.73
120.13081485	30.27057762	 2026-09-20 10:06:31.936	423	-95.56	429;417;501	-100.46;-102.10;-102.20	429;417		4.09
120.13081139	30.27059693	 2026-09-20 10:06:32.173	423	-95.79	429;417;501	-98.90;-102.09;-102.20	429;417		-0.04
120.13081390	30.27059665	 2026-09-20 10:06:32.445	423	-93.39	429;417;501	-98.81;-101.67;-102.20	429;417		1.45
120.13082348	30.27057896	 2026-09-20 10:06:32.691	423	-91.83	417;429;411	-99.90;-100.17;-101.65	417;429		6.51
120.13081486	30.27058689	 2026-09-20 10:06:32.959	423	-95.61	429;501;507	-98.53;-102.20;-102.20	429;501		-0.88
120.13081831	30.27059472	 2026-09-20 10:06:33.254	423	-92.70	429;507;501	-100.42;-100.69;-102.20	429;507		6.02
120.13079905	30.27058504	 2026-09-20 10:06:33.492	423	-93.98	429;513;501	-97.58;-101.36;-102.20	429;513		1.40
120.13079617	30.27059531	 2026-09-20 10:06:33.728	423	-93.33	429;507;417	-95.88;-99.37;-100.88	429;507		0.31
120.13081186	30.27057799	 2026-09-20 10:06:33.998	423	-93.53	429;501;507	-98.20;-100.08;-102.20	429;501		1.67
120.13081212	30.27058691	 2026-09-20 10:06:34.223	423	-93.05	429;501;507	-95.91;-100.07;-102.20	429;501		0.50
120.13079438	30.27059459	 2026-09-20 10:06:34.411	423	-94.93	429;501;507	-96.06;-101.45;-102.12	429;501		-0.44
120.13080245	30.27057950	 2026-09-20 10:06:34.700	423	-95.70	429;507;501	-96.70;-101.23;-102.15	429;507		-1.04
120.13080776	30.27057964	 2026-09-20 10:06:34.944	423	-95.64	429;507;501	-99.79;-100.80;-102.20	429;507		0.97
120.13078610	30.27058863	 2026-09-20 10:06:35.217	423	-92.30	429;507;501	-97.78;-100.75;-101.19	429;507		3.89
120.13078617	30.27058783	 2026-09-20 10:06:35.450	423	-96.45	429;501;507	-99.33;-102.20;-102.20	429;501		0.04
120.13078982	30.27059466	 2026-09-20 10:06:35.758	423	-93.18	429;507;501	-99.73;-101.01;-101.16	429;507		5.44
120.13079554	30.27057907	 2026-09-20 10:06:36.066	423	-93.49	429;417;501	-100.04;-100.22;-102.20	429;417		4.63
120.13079341	30.27059012	 2026-09-20 10:06:36.313	423	-92.33	429;501;507	-100.50;-101.61;-101.84	429;501		6.26
120.13078165	30.27059841	 2026-09-20 10:06:36.514	423	-93.10	429;513;501	-99.45;-100.29;-101.97	429;513		2.93
120.13078177	30.27059659	 2026-09-20 10:06:36.727	423	-94.31	429;501;507	-99.18;-99.94;-101.62	429;501		2.12
120.13078561	30.27059186	 2026-09-20 10:06:37.028	423	-95.48	429;417;501	-101.91;-102.18;-102.20	429;417		3.02
120.13079264	30.27058810	 2026-09-20 10:06:37.338	423	-92.88	429;507;501	-100.13;-100.75;-101.65	429;507		7.49
120.13078356	30.27059038	 2026-09-20 10:06:37.615	423	-92.03	429;501;507	-99.37;-100.78;-102.20	429;501		3.72
120.13077926	30.27059652	 2026-09-20 10:06:37.842	423	-94.56	429;507;501	-99.14;-100.98;-102.20	429;507		3.08
120.13077471	30.27057961	 2026-09-20 10:06:38.083	423	-93.44	429;501;507	-100.47;-102.20;-102.20	429;501		4.56
120.13076622	30.27058099	 2026-09-20 10:06:38.370	423	-92.75	429;501;507	-99.76;-102.20;-102.20	429;501		5.26
120.13078614	30.27058581	 2026-09-20 10:06:38.616	423	-94.70	507;429;501	-101.19;-101.57;-102.20	507;429		3.64
120.13076629	30.27058237	 2026-09-20 10:06:38.928	423	-95.67	429;417;501	-100.65;-101.04;-102.20	429;417		0.77
120.13077227	30.27058234	 2026-09-20 10:06:39.132	423	-92.33	429;501;507	-100.20;-101.16;-101.95	429;501		6.58
120.13076868	30.27058660	 2026-09-20 10:06:39.348	423	-94.60	429;513;501	-99.32;-101.51;-102.20	429;513		2.51
120.13075600	30.27058293	 2026-09-20 10:06:39.631	423	-89.00	417;429;501	-100.63;-101.91;-102.08	417;429		9.53
120.13077069	30.27058600	 2026-09-20 10:06:39.881	423	-90.75	507;429;501	-99.08;-99.42;-102.20	507;429		6.12
120.13075383	30.27058005	 2026-09-20 10:06:40.092	423	-93.55	507;501;513	-100.93;-102.20;-102.20	507;501		5.51
120.13075398	30.27059079	 2026-09-20 10:06:40.384	423	-91.36	429;501;507	-100.18;-102.20;-102.20	429;501		7.02
120.13075601	30.27057872	 2026-09-20 10:06:40.605	423	-93.01	429;501;507	-98.53;-102.16;-102.20	429;501		2.13
120.13075991	30.27058415	 2026-09-20 10:06:40.830	423	-92.52	429;507;501	-100.21;-100.84;-101.11	429;507		4.20
120.13076362	30.27058165	 2026-09-20 10:06:41.087	423	-92.62	429;501;507	-100.43;-101.38;-102.20	429;501		7.14
120.13075830	30.27059355	 2026-09-20 10:06:41.389	423	-92.70	429;507;501	-100.02;-101.19;-102.20	429;507		5.49
120.13076623	30.27057990	 2026-09-20 10:06:41.635	423	-92.93	513;507;501	-102.03;-102.18;-102.20	513;507		4.81
120.13075221	30.27058884	 2026-09-20 10:06:41.938	423	-93.04	429;507;417	-100.18;-100.83;-101.34	429;507		4.92
120.13075219	30.27059571	 2026-09-20 10:06:42.192	423	-91.63	429;411;417	-97.02;-101.93;-102.19	429;411		2.50
120.13075305	30.27059579	 2026-09-20 10:06:42.480	423	-91.23	507;429;501	-99.63;-101.40;-101.58	507;429		7.21
120.13075757	30.27057864	 2026-09-20 10:06:42.682	423	-92.12	429;501;507	-98.73;-102.20;-102.20	429;501		4.29
120.13073807	30.27059387	 2026-09-20 10:06:42.957	423	-92.67	429;501;507	-100.34;-102.20;-102.20	429;501		6.12
120.13074664	30.27059512	 2026-09-20 10:06:43.206	423	-94.22	429;501;417	-101.22;-101.34;-101.52	429;501		1.90
120.13074797	30.27059528	 2026-09-20 10:06:43.429	423	-91.50	429;501;507	-101.51;-102.20;-102.20	429;501		7.14
120.13075074	30.27059584	 2026-09-20 10:06:43.706	423	-91.92	501;429;507	-100.05;-100.62;-102.20	501;429		5.88
120.13073135	30.27059232	 2026-09-20 10:06:44.013	423	-90.25	429;501;507	-99.31;-102.20;-102.20	429;501		5.11
120.13073505	30.27058799	 2026-09-20 10:06:44.322	423	-91.29	429;501;507	-98.29;-100.34;-102.20	429;501		4.34
120.13074307	30.27057752	 2026-09-20 10:06:44.562	423	-90.13	429;501;507	-100.43;-102.20;-102.20	429;501		9.49
120.13073714	30.27058029	 2026-09-20 10:06:44.861	423	-93.12	429;417;501	-99.53;-100.30;-101.62	429;417		3.26
120.13072479	30.27059738	 2026-09-20 10:06:45.072	423	-92.66	429;507;501	-98.37;-100.61;-102.10	429;507		4.57
120.13072472	30.27059145	 2026-09-20 10:06:45.361	423	-92.22	429;507;501	-97.20;-99.82;-101.02	429;507		1.97
120.13072075	30.27058202	 2026-09-20 10:06:45.655	423	-94.05	429;417;507	-100.81;-101.76;-102.13	429;417		3.19
120.13073097	30.27058081	 2026-09-20 10:06:45.862	423	-93.30	429;501;507	-100.81;-101.64;-102.20	429;501		6.96
120.13071945	30.27058880	 2026-09-20 10:06:46.146	423	-91.40	429;417;501	-100.44;-101.55;-102.20	429;417		7.25
120.13072573	30.27059701	 2026-09-20 10:06:46.406	423	-90.97	429;417;501	-99.51;-101.85;-102.20	429;417		6.12
120.13071799	30.27058264	 2026-09-20 10:06:46.592	423	-91.28	429;501;507	-101.94;-102.20;-102.20	429;501		7.15
120.13072871	30.27058674	 2026-09-20 10:06:46.809	423	-91.05	501;507;513	-102.20;-102.20;-102.20	501;507		8.59
120.13072928	30.27058186	 2026-09-20 10:06:47.005	423	-90.98	429;501;411	-98.73;-101.56;-101.81	429;501		4.28
120.13072884	30.27058524	 2026-09-20 10:06:47.302	423	-90.30	429;507;501	-100.02;-101.85;-102.20	429;507		8.69
120.13072085	30.27058766	 2026-09-20 10:06:47.605	423	-92.48	429;417;501	-101.02;-101.65;-101.96	429;417		6.27
120.13071968	30.27057904	 2026-09-20 10:06:47.849	423	-92.91	417;411;501	-101.52;-102.19;-102.20	417;411		6.55
120.13070466	30.27058984	 2026-09-20 10:06:48.119	423	-92.48	501;429;507	-100.74;-101.40;-102.20	501;429		6.22
120.13070626	30.27057948	 2026-09-20 10:06:48.424	423	-89.75	429;507;501	-98.05;-101.62;-101.70	429;507		5.62
120.13071838	30.27059481	 2026-09-20 10:06:48.623	423	-92.07	429;501;507	-100.88;-102.20;-102.20	429;501		6.00
120.13070744	30.27057999	 2026-09-20 10:06:48.870	423	-90.11	507;501;513	-101.63;-102.20;-102.20	507;501		8.47
120.13070783	30.27059117	 2026-09-20 10:06:49.121	423	-90.82	501;507;513	-102.20;-102.20;-102.20	501;507		11.05
120.13071237	30.27059463	 2026-09-20 10:06:49.347	423	-92.13	429;501;507	-98.82;-102.20;-102.20	429;501		2.53
120.13071596	30.27057967	 2026-09-20 10:06:49.586	423	-89.02	429;507;501	-99.12;-100.38;-101.63	429;507		8.83
120.13070483	30.27058236	 2026-09-20 10:06:49.823	423	-87.81	501;507;513	-102.20;-102.20;-102.20	501;507		10.57
120.13071225	30.27059466	 2026-09-20 10:06:50.116	423	-92.02	429;501;507	-101.21;-102.20;-102.20	429;501		6.45
120.13070681	30.27057976	 2026-09-20 10:06:50.317	423	-93.15	429;507;501	-99.45;-100.80;-100.83	429;507		2.84
120.13069151	30.27059069	 2026-09-20 10:06:50.540	423	-90.40	507;429;501	-100.14;-101.59;-102.20	507;429		7.03
120.13069800	30.27059690	 2026-09-20 10:06:50.814	423	-90.23	501;429;507	-99.49;-100.67;-101.06	501;429		8.20
120.13069350	30.27058484	 2026-09-20 10:06:51.063	423	-89.37	429;417;501	-99.79;-101.52;-101.97	429;417		8.18
120.13069457	30.27059534	 2026-09-20 10:06:51.307	423	-93.42	429;507;501	-101.02;-101.98;-102.20	429;507		3.19
120.13068187	30.27058770	 2026-09-20 10:06:51.530	423	-92.37	501;507;429	-100.42;-100.69;-101.81	501;507		5.60
120.13068319	30.27059317	 2026-09-20 10:06:51.799	423	-90.48	429;501;507	-101.73;-102.20;-102.20	429;501		8.95
120.13068702	30.27058800	 2026-09-20 10:06:52.081	423	-92.75	429;507;501	-101.82;-101.84;-102.20	429;507		7.17
120.13068466	30.27059891	 2026-09-20 10:06:52.397	423	-89.93	501;429;417	-98.93;-100.72;-101.93	501;429		5.66
120.13068798	30.27058989	 2026-09-20 10:06:52.684	423	-90.76	501;507;417	-100.45;-101.39;-101.99	501;507		6.11
120.13068724	30.27059422	 2026-09-20 10:06:52.874	423	-89.70	429;501;507	-98.01;-99.76;-102.20	429;501		7.29
120.13069124	30.27058156	 2026-09-20 10:06:53.141	423	-92.95	429;501;507	-101.57;-102.20;-102.20	429;501		6.24
120.13069134	30.27057923	 2026-09-20 10:06:53.386	423	-90.58	429;501;507	-96.89;-102.20;-102.20	429;501		4.43
120.13067547	30.27058181	 2026-09-20 10:06:53.578	423	-92.95	501;429;507	-101.06;-101.61;-102.20	501;429		4.52
120.13067852	30.27059599	 2026-09-20 10:06:53.763	423	-91.38	501;417;507	-100.96;-101.97;-102.20	501;417		6.56
120.13066959	30.27059383	 2026-09-20 10:06:53.946	423	-88.14	429;501;513	-99.92;-100.23;-101.72	429;501		10.26
120.13067018	30.27058172	 2026-09-20 10:06:54.156	423	-93.69	429;501;507	-100.18;-102.20;-102.20	429;501		3.90
120.13068006	30.27058388	 2026-09-20 10:06:54.336	423	-91.47	417;507;501	-100.34;-101.80;-102.20	417;507		6.67
120.13066198	30.27058605	 2026-09-20 10:06:54.535	423	-92.27	429;417;501	-101.55;-101.99;-102.20	429;417		6.44
120.13065928	30.27058513	 2026-09-20 10:06:54.809	423	-89.26	429;501;507	-100.51;-100.74;-102.20	429;501		7.07
120.13067102	30.27058014	 2026-09-20 10:06:55.083	423	-89.08	501;429;507	-99.84;-100.72;-102.20	501;429		7.37
120.13067694	30.27057772	 2026-09-20 10:06:55.285	423	-92.55	507;429;501	-100.19;-102.18;-102.20	507;429		5.92
120.13065282	30.27058848	 2026-09-20 10:06:55.491	423	-88.16	429;507;501	-101.30;-101.72;-102.20	429;507		10.83
120.13066542	30.27059659	 2026-09-20 10:06:55.745	423	-91.00	429;417;501	-99.96;-101.92;-102.20	429;417		6.03
120.13064719	30.27058864	 2026-09-20 10:06:55.944	423	-88.75	501;411;507	-101.22;-102.09;-102.20	501;411		9.42
120.13066386	30.27059494	 2026-09-20 10:06:56.166	423	-91.01	501;411;429	-99.83;-101.20;-101.41	501;411		5.54
120.13064799	30.27058337	 2026-09-20 10:06:56.399	423	-92.21	429;501;507	-101.52;-102.20;-102.20	429;501		7.16
120.13065018	30.27058388	 2026-09-20 10:06:56.670	423	-91.02	501;507;513	-101.69;-102.20;-102.20	501;507		6.90
120.13064221	30.27057990	 2026-09-20 10:06:56.864	423	-90.18	501;507;513	-100.20;-102.20;-102.20	501;507		8.84
120.13065884	30.27059041	 2026-09-20 10:06:57.151	423	-87.01	429;501;507	-99.01;-102.20;-102.20	429;501		9.35
120.13064802	30.27059623	 2026-09-20 10:06:57.402	423	-87.58	501;507;513	-101.43;-102.20;-102.20	501;507		10.62
120.13064699	30.27059809	 2026-09-20 10:06:57.602	423	-88.03	429;501;507	-102.09;-102.20;-102.20	429;501		12.00
120.13064737	30.27058311	 2026-09-20 10:06:57.817	423	-89.18	429;411;501	-100.95;-101.61;-102.20	429;411		10.54
120.13064732	30.27058520	 2026-09-20 10:06:58.121	423	-90.06	429;411;501	-100.20;-100.76;-102.20	429;411		7.36
120.13064860	30.27057888	 2026-09-20 10:06:58.379	423	-89.61	501;429;507	-100.78;-101.22;-101.44	501;429		8.91
120.13063409	30.27057957	 2026-09-20 10:06:58.698	423	-86.16	501;507;513	-102.20;-102.20;-102.20	501;507		12.00
120.13062932	30.27058341	 2026-09-20 10:06:58.970	423	-88.20	429;501;507	-99.31;-100.67;-101.87	429;501		8.23
120.13064834	30.27058967	 2026-09-20 10:06:59.277	423	-90.16	429;501;507	-99.09;-99.14;-102.19	429;501		7.20
120.13062746	30.27058395	 2026-09-20 10:06:59.561	423	-88.62	417;501;507	-99.80;-101.49;-102.20	417;501		7.29
120.13063615	30.27059370	 2026-09-20 10:06:59.768	423	-89.76	411;429;501	-100.62;-100.79;-102.20	411;429		7.78
120.13064413	30.27058992	 2026-09-20 10:07:00.076	423	-91.25	417;501;429	-101.55;-101.67;-102.15	417;501		8.86
120.13062139	30.27057933	 2026-09-20 10:07:00.352	423	-90.77	501;507;513	-101.04;-102.20;-102.20	501;507		8.16
120.13062559	30.27057953	 2026-09-20 10:07:00.556	423	-86.83	501;429;507	-100.65;-101.36;-102.20	501;429		11.71
120.13062150	30.27058112	 2026-09-20 10:07:00.773	423	-90.07	429;501;507	-99.23;-102.20;-102.20	429;501		5.81
120.13063712	30.27059021	 2026-09-20 10:07:01.008	423	-87.87	429;501;507	-99.08;-102.20;-102.20	429;501		8.80
120.13063701	30.27059463	 2026-09-20 10:07:01.195	423	-89.83	429;501;507	-101.84;-102.20;-102.20	429;501		10.31
120.13063319	30.27058508	 2026-09-20 10:07:01.459	423	-88.57	501;429;507	-100.48;-100.82;-102.20	501;429		8.90
120.13061881	30.27057815	 2026-09-20 10:07:01.760	423	-87.89	513;501;507	-101.16;-101.85;-102.20	513;501		11.74
120.13062508	30.27059033	 2026-09-20 10:07:02.031	423	-90.00	429;501;507	-97.53;-101.83;-102.20	429;501		6.76
120.13061599	30.27058034	 2026-09-20 10:07:02.271	423	-90.88	417;501;429	-101.01;-101.01;-101.21	417;501		7.51
120.13061621	30.27059733	 2026-09-20 10:07:02.482	423	-88.87	507;429;501	-99.75;-100.01;-101.54	507;429		9.30
120.13061401	30.27059163	 2026-09-20 10:07:02.703	423	-86.17	507;513;429	-100.93;-101.50;-101.71	507;513		11.96
120.13062129	30.27059089	 2026-09-20 10:07:02.921	423	-87.62	501;507;513	-102.20;-102.20;-102.20	501;507		11.67
120.13061408	30.27058001	 2026-09-20 10:07:03.194	423	-85.67	501;429;507	-98.58;-99.23;-102.20	501;429		10.00
120.13061587	30.27058366	 2026-09-20 10:07:03.399	423	-88.37	501;429;507	-98.88;-99.85;-102.20	501;429		7.34
120.13061852	30.27059520	 2026-09-20 10:07:03.583	423	-88.26	501;507;411	-100.73;-100.79;-101.57	501;507		10.79
120.13061077	30.27058298	 2026-09-20 10:07:03.764	423	-89.21	429;501;507	-99.58;-102.13;-102.20	429;501		8.11
120.13060906	30.27057995	 2026-09-20 10:07:04.082	423	-85.18	417;411;429	-101.13;-101.64;-101.76	417;411		12.00
120.13059563	30.27058131	 2026-09-20 10:07:04.376	423	-87.00	507;429;501	-101.51;-101.67;-102.14	507;429		10.34
120.13059565	30.27058380	 2026-09-20 10:07:04.580	423	-85.63	501;507;513	-100.55;-102.20;-102.20	501;507		12.00
120.13060868	30.27057791	 2026-09-20 10:07:04.794	423	-86.94	429;501;507	-101.88;-102.20;-102.20	429;501		12.00
120.13059233	30.27057856	 2026-09-20 10:07:05.027	423	-88.52	429;501;507	-99.16;-101.35;-102.20	429;501		10.42
120.13059584	30.27059541	 2026-09-20 10:07:05.308	423	-85.55	429;501;507	-101.97;-102.20;-102.20	429;501		12.00
120.13059286	30.27058622	 2026-09-20 10:07:05.625	423	-90.31	429;501;507	-100.14;-101.75;-102.20	429;501		7.84
120.13059728	30.27058932	 2026-09-20 10:07:05.870	423	-86.80	507;501;513	-101.77;-102.20;-102.20	507;501		12.00
120.13058318	30.27059888	 2026-09-20 10:07:06.188	423	-87.32	429;417;501	-101.29;-101.58;-102.20	429;417		10.26
120.13058374	30.27059867	 2026-09-20 10:07:06.396	423	-86.21	501;411;417	-101.42;-101.55;-101.93	501;411		12.00
120.13058124	30.27058808	 2026-09-20 10:07:06.621	423	-89.76	501;417;507	-100.87;-101.37;-102.20	501;417		9.61
120.13057560	30.27058515	 2026-09-20 10:07:06.919	423	-87.92	429;417;501	-100.60;-101.81;-102.20	429;417		10.58
120.13059571	30.27058933	 2026-09-20 10:07:07.129	423	-90.16	429;501;507	-100.88;-101.18;-102.20	429;501		7.49
120.13059538	30.27058865	 2026-09-20 10:07:07.336	423	-90.12	429;507;501	-100.90;-102.16;-102.20	429;507		8.72
120.13058365	30.27058902	 2026-09-20 10:07:07.531	423	-87.43	429;501;507	-100.62;-102.20;-102.20	429;501		10.16
120.13057354	30.27059385	 2026-09-20 10:07:07.805	423	-87.64	429;501;417	-100.38;-101.72;-102.17	429;501		10.67
120.13057501	30.27058820	 2026-09-20 10:07:08.105	423	-85.88	501;513;507	-101.28;-101.59;-102.20	501;513		12.00
120.13058903	30.27059149	 2026-09-20 10:07:08.312	423	-86.42	429;501;411	-98.92;-100.54;-101.81	429;501		9.95
120.13056937	30.27059222	 2026-09-20 10:07:08.513	423	-87.34	429;501;507	-101.59;-102.20;-102.20	429;501		11.81
120.13057302	30.27058156	 2026-09-20 10:07:08.695	423	-85.18	501;429;417	-99.72;-100.35;-101.74	501;429		12.00
120.13056437	30.27058275	 2026-09-20 10:07:08.916	423	-88.66	501;507;513	-101.24;-102.20;-102.20	501;507		10.40
120.13055912	30.27058457	 2026-09-20 10:07:09.219	423	-86.56	507;501;513	-102.00;-102.20;-102.20	507;501		12.00
120.13056283	30.27059145	 2026-09-20 10:07:09.445	423	-89.17	429;501;507	-101.69;-102.20;-102.20	429;501		9.98
120.13056006	30.27058612	 2026-09-20 10:07:09.669	423	-90.02	501;507;513	-102.20;-102.20;-102.20	501;507		10.18
120.13056145	30.27058037	 2026-09-20 10:07:09.915	423	-87.00	507;501;513	-101.70;-102.20;-102.20	507;501		12.00
120.13057142	30.27057988	 2026-09-20 10:07:10.145	423	-87.75	429;501;507	-100.00;-100.59;-102.20	429;501		9.54
120.13056790	30.27059179	 2026-09-20 10:07:10.464	423	-88.07	507;501;513	-99.50;-100.81;-101.35	507;501		7.96
120.13055337	30.27058155	 2026-09-20 10:07:10.713	423	-88.00	501;507;513	-100.60;-102.20;-102.20	501;507		9.99
120.13055500	30.27058383	 2026-09-20 10:07:10.897	423	-85.35	501;507;513	-101.68;-102.20;-102.20	501;507		12.00
120.13055390	30.27057992	 2026-09-20 10:07:11.201	423	-86.60	501;429;417	-100.56;-101.03;-101.77	501;429		10.80
120.13056247	30.27059154	 2026-09-20 10:07:11.429	423	-90.93	429;501;507	-98.79;-102.20;-102.20	429;501		6.08
120.13055887	30.27058211	 2026-09-20 10:07:11.676	423	-88.91	429;501;507	-100.66;-102.20;-102.20	429;501		8.42
120.13055587	30.27059473	 2026-09-20 10:07:11.879	423	-87.60	429;513;501	-99.63;-102.07;-102.20	429;513		10.87
120.13054932	30.27058498	 2026-09-20 10:07:12.079	423	-87.48	429;507;501	-100.86;-101.95;-102.15	429;507		10.35
120.13054566	30.27057978	 2026-09-20 10:07:12.314	423	-87.69	501;429;507	-100.98;-101.60;-101.81	501;429		10.80
120.13054143	30.27058665	 2026-09-20 10:07:12.602	423	-85.58	429;501;507	-99.09;-102.20;-102.20	429;501		10.62
120.13054689	30.27058890	 2026-09-20 10:07:12.812	423	-90.46	501;429;507	-101.18;-102.15;-102.20	501;429		9.84
120.13055633	30.27059664	 2026-09-20 10:07:13.011	423	-88.22	501;507;513	-102.20;-102.20;-102.20	501;507		11.80
120.13055183	30.27057913	 2026-09-20 10:07:13.198	423	-86.31	429;501;507	-101.42;-102.20;-102.20	429;501		12.00
120.13053317	30.27059784	 2026-09-20 10:07:13.452	423	-86.58	501;507;513	-99.43;-102.20;-102.20	501;507		11.93
120.13053790	30.27058473	 2026-09-20 10:07:13.645	423	-85.16	501;507;513	-99.13;-102.20;-102.20	501;507		11.00
120.13052823	30.27058567	 2026-09-20 10:07:13.865	423	-85.79	501;429;411	-100.21;-101.43;-101.98	501;429		10.53
120.13054485	30.27059516	 2026-09-20 10:07:14.099	423	-87.25	429;501;507	-100.70;-101.65;-102.20	429;501		11.04
120.13053696	30.27058220	 2026-09-20 10:07:14.289	423	-91.35	501;417;507	-100.74;-101.96;-102.20	501;417		7.78
120.13052273	30.27059609	 2026-09-20 10:07:14.586	423	-84.56	501;507;513	-102.20;-102.20;-102.20	501;507		12.00
120.13053630	30.27058030	 2026-09-20 10:07:14.887	423	-86.85	501;507;513	-101.90;-102.20;-102.20	501;507		11.92
120.13053699	30.27059088	 2026-09-20 10:07:15.152	423	-89.36	429;501;507	-100.06;-102.08;-102.20	429;501		7.23
120.13052757	30.27058492	 2026-09-20 10:07:15.425	423	-89.42	501;507;513	-101.87;-102.20;-102.20	501;507		9.02
120.13053385	30.27057929	 2026-09-20 10:07:15.677	423	-89.82	507;501;513	-102.09;-102.17;-102.20	507;501		9.18
120.13053528	30.27059130	 2026-09-20 10:07:15.912	423	-85.58	501;507;513	-102.20;-102.20;-102.20	501;507		12.00
120.13052281	30.27058516	 2026-09-20 10:07:16.114	423	-89.82	429;501;507	-101.64;-102.20;-102.20	429;501		7.16
120.13051292	30.27058218	 2026-09-20 10:07:16.355	423	-87.81	501;507;513	-101.06;-102.20;-102.20	501;507		11.65
120.13053029	30.27059060	 2026-09-20 10:07:16.622	423	-85.78	501;429;507	-99.96;-100.67;-102.20	501;429		11.31
120.13051628	30.27059850	 2026-09-20 10:07:16.860	423	-86.14	501;429;507	-101.07;-101.92;-102.20	501;429		11.80
120.13050890	30.27057823	 2026-09-20 10:07:17.041	423	-88.71	501;507;513	-100.25;-102.20;-102.20	501;507		10.01
120.13051843	30.27058370	 2026-09-20 10:07:17.328	423	-85.49	501;507;513	-101.21;-102.20;-102.20	501;507		11.51
120.13050616	30.27059776	 2026-09-20 10:07:17.590	423	-86.30	501;507;513	-102.20;-102.20;-102.20	501;507		12.00
120.13050090	30.27059478	 2026-09-20 10:07:17.877	423	-86.52	501;507;513	-99.16;-100.49;-102.20	501;507		10.08
120.13050243	30.27057937	 2026-09-20 10:07:18.075	423	-88.41	501;507;513	-98.63;-102.20;-102.20	501;507		6.69
120.13050441	30.27058255	 2026-09-20 10:07:18.382	423	-87.53	417;501;429	-101.32;-101.53;-102.15	417;501		10.33
120.13051694	30.27058859	 2026-09-20 10:07:18.687	423	-89.09	501;507;513	-102.20;-102.20;-102.20	501;507		10.90
120.13049715	30.27058279	 2026-09-20 10:07:18.912	423	-85.90	501;507;513	-99.86;-102.20;-102.20	501;507		10.87
120.13051060	30.27057801	 2026-09-20 10:07:19.125	423	-83.75	501;429;417	-99.93;-101.60;-101.84	501;429		12.00
120.13049081	30.27058088	 2026-09-20 10:07:19.445	423	-87.29	501;507;513	-102.20;-102.20;-102.20	501;507		11.44
120.13050588	30.27059339	 2026-09-20 10:07:19.699	423	-89.27	507;417;501	-99.45;-101.44;-102.20	507;417		8.05
120.13050825	30.27058398	 2026-09-20 10:07:19.880	423	-85.73	429;501;507	-100.10;-102.20;-102.20	429;501		11.46
120.13050068	30.27058508	 2026-09-20 10:07:20.156	423	-86.37	501;429;507	-99.03;-101.38;-102.20	501;429		10.38
120.13049078	30.27058862	 2026-09-20 10:07:20.375	423	-89.04	501;507;513	-101.71;-102.20;-102.20	501;507		10.81
120.13050248	30.27059676	 2026-09-20 10:07:20.578	423	-86.51	501;429;507	-99.35;-100.91;-102.20	501;429		10.64
120.13049336	30.27059569	 2026-09-20 10:07:20.892	423	-87.51	501;417;507	-100.42;-101.27;-101.43	501;417		9.50
120.13049550	30.27058578	 2026-09-20 10:07:21.160	423	-86.46	429;501;507	-101.18;-102.20;-102.20	429;501		12.00
120.13048157	30.27058114	 2026-09-20 10:07:21.359	423	-85.51	501;507;513	-98.37;-102.20;-102.20	501;507		9.05
120.13049262	30.27058830	 2026-09-20 10:07:21.549	423	-84.83	501;507;513	-102.20;-102.20;-102.20	501;507		12.00
120.13047528	30.27059718	 2026-09-20 10:07:21.788	423	-86.80	429;501;507	-100.32;-101.22;-102.20	429;501		11.12
120.13048780	30.27058139	 2026-09-20 10:07:22.101	423	-87.78	501;429;507	-99.30;-101.78;-102.20	501;429		8.85
120.13047116	30.27058955	 2026-09-20 10:07:22.360	423	-83.52	429;513;501	-100.24;-101.40;-102.20	429;513		12.00
120.13046855	30.27058342	 2026-09-20 10:07:22.639	423	-87.15	501;507;513	-102.20;-102.20;-102.20	501;507		12.00
120.13047662	30.27058413	 2026-09-20 10:07:22.935	423	-88.05	501;507;513	-100.92;-102.20;-102.20	501;507		10.55
120.13047039	30.27059617	 2026-09-20 10:07:23.141	423	-87.63	501;507;513	-102.08;-102.20;-102.20	501;507		12.00
120.13046675	30.27057984	 2026-09-20 10:07:23.375	423	-86.87	501;417;429	-100.00;-100.11;-101.61	501;417		12.00
120.13047299	30.27059787	 2026-09-20 10:07:23.681	423	-88.71	501;507;513	-101.75;-102.20;-102.20	501;507		11.54
120.13048239	30.27058461	 2026-09-20 10:07:23.877	423	-85.43	501;429;507	-101.14;-101.56;-102.20	501;429		12.00
120.13048017	30.27059766	 2026-09-20 10:07:24.171	423	-87.26	501;429;507	-100.65;-101.45;-102.20	501;429		10.95
120.13045919	30.27057735	 2026-09-20 10:07:24.481	423	-88.37	501;507;513	-100.89;-102.20;-102.20	501;507		9.24
120.13047469	30.27059305	 2026-09-20 10:07:24.794	423	-87.15	507;501;513	-101.23;-101.69;-102.20	507;501		8.80
120.13047055	30.27058184	 2026-09-20 10:07:25.010	423	-87.50	429;501;411	-100.87;-101.22;-102.01	429;501		10.31
120.13047451	30.27059080	 2026-09-20 10:07:25.259	423	-90.85	501;417;507	-99.93;-100.46;-102.20	501;417		6.06
120.13045667	30.27059402	 2026-09-20 10:07:25.463	423	-87.83	501;507;513	-101.58;-102.20;-102.20	501;507		10.35
120.13045572	30.27057864	 2026-09-20 10:07:25.699	423	-86.52	501;507;513	-98.93;-102.20;-102.20	501;507		10.79
120.13046327	30.27059156	 2026-09-20 10:07:25.928	423	-87.27	501;507;513	-98.96;-102.20;-102.20	501;507		9.45
120.13044950	30.27059057	 2026-09-20 10:07:26.207	423	-86.39	501;429;507	-100.94;-101.41;-102.20	501;429		11.51
120.13044702	30.27058260	 2026-09-20 10:07:26.417	423	-86.04	501;429;507	-101.28;-101.59;-102.20	501;429		12.00
120.13045602	30.27058719	 2026-09-20 10:07:26.624	423	-83.14	501;507;513	-101.83;-102.20;-102.20	501;507		12.00
120.13045744	30.27058371	 2026-09-20 10:07:26.908	423	-88.55	417;501;507	-101.62;-102.20;-102.20	417;501		11.72
120.13044349	30.27059846	 2026-09-20 10:07:27.090	423	-86.20	501;507;513	-102.06;-102.20;-102.20	501;507		12.00
120.13044832	30.27059713	 2026-09-20 10:07:27.339	423	-85.75	501;429;507	-98.74;-100.43;-100.79	501;429		9.95
120.13044639	30.27059310	 2026-09-20 10:07:27.544	423	-91.33	417;501;507	-100.67;-102.20;-102.20	417;501		6.78
120.13045313	30.27057904	 2026-09-20 10:07:27.809	423	-85.21	429;501;507	-101.15;-102.20;-102.20	429;501		12.00
120.13044624	30.27059890	 2026-09-20 10:07:28.128	423	-86.97	429;501;507	-101.84;-102.20;-102.20	429;501		12.00
120.13043932	30.27058615	 2026-09-20 10:07:28.354	423	-83.38	429;501;507	-100.37;-101.21;-102.20	429;501		12.00
120.13045269	30.27057877	 2026-09-20 10:07:28.550	423	-87.18	501;507;513	-101.12;-102.20;-102.20	501;507		11.13
120.13043764	30.27057956	 2026-09-20 10:07:28.763	423	-84.50	429;501;507	-100.00;-102.20;-102.20	429;501		12.00
120.13042564	30.27059440	 2026-09-20 10:07:28.944	423	-87.57	501;429;507	-98.30;-101.90;-102.20	501;429		8.66
120.13044535	30.27059425	 2026-09-20 10:07:29.227	423	-83.55	501;507;513	-101.56;-102.20;-102.20	501;507		12.00
120.13042385	30.27058472	 2026-09-20 10:07:29.433	423	-87.74	429;501;507	-100.97;-101.10;-102.20	429;501		11.04
120.13043640	30.27059227	 2026-09-20 10:07:29.650	423	-87.94	501;507;513	-102.20;-102.20;-102.20	501;507		12.00
120.13043108	30.27058989	 2026-09-20 10:07:29.939	423	-87.43	417;501;507	-100.45;-101.32;-102.20	417;501		10.49
120.13043107	30.27058245	 2026-09-20 10:07:30.206	423	-84.05	429;501;507	-99.74;-100.48;-102.20	429;501		11.86
120.13043578	30.27058908	 2026-09-20 10:07:30.517	423	-84.17	501;507;513	-102.20;-102.20;-102.20	501;507		12.00
120.13042430	30.27059421	 2026-09-20 10:07:30.808	423	-88.39	501;507;513	-100.44;-101.59;-102.20	501;507		8.08
120.13041604	30.27059748	 2026-09-20 10:07:31.066	423	-88.79	513;501;507	-100.03;-100.38;-102.20	513;501		8.18
120.13042778	30.27058098	 2026-09-20 10:07:31.348	423	-87.44	501;507;513	-102.02;-102.20;-102.20	501;507		11.87
120.13042833	30.27059378	 2026-09-20 10:07:31.541	423	-87.12	501;507;513	-101.33;-102.20;-102.20	501;507		11.28
120.13041125	30.27059824	 2026-09-20 10:07:31.856	423	-88.41	501;507;513	-100.63;-102.20;-102.20	501;507		11.78
120.13042314	30.27059231	 2026-09-20 10:07:32.132	423	-86.08	501;417;507	-101.61;-102.00;-102.20	501;417		12.00
120.13040663	30.27058609	 2026-09-20 10:07:32.364	423	-84.49	501;507;513	-101.62;-102.20;-102.20	501;507		12.00
120.13041989	30.27057948	 2026-09-20 10:07:32.605	423	-85.09	501;507;513	-102.20;-102.20;-102.20	501;507		12.00
120.13041597	30.27058853	 2026-09-20 10:07:32.792	423	-84.79	501;507;513	-101.35;-102.20;-102.20	501;507		12.00
120.13041111	30.27057898	 2026-09-20 10:07:33.103	423	-85.85	501;507;513	-101.47;-102.20;-102.20	501;507		11.71
120.13040434	30.27058197	 2026-09-20 10:07:33.416	423	-88.28	501;411;507	-100.41;-101.87;-102.20	501;411		11.51
120.13040748	30.27057775	 2026-09-20 10:07:33.683	423	-86.52	501;507;513	-102.20;-102.20;-102.20	501;507		12.00
120.13040445	30.27058427	 2026-09-20 10:07:33.967	423	-90.56	501;429;507	-98.55;-102.12;-102.20	501;429		5.07
120.13041272	30.27058141	 2026-09-20 10:07:34.259	423	-87.17	501;429;507	-99.89;-102.18;-102.20	501;429		10.31
120.13040236	30.27058146	 2026-09-20 10:07:34.512	423	-87.14	501;429;411	-97.55;-100.52;-101.68	501;429		7.99
120.13039843	30.27058452	 2026-09-20 10:07:34.724	423	-83.57	501;417;507	-99.08;-102.08;-102.20	501;417		12.00
120.13041032	30.27059853	 2026-09-20 10:07:34.992	423	-84.78	513;501;507	-102.11;-102.20;-102.20	513;501		12.00
120.13040539	30.27058428	 2026-09-20 10:07:35.246	423	-86.83	417;501;507	-102.17;-102.20;-102.20	417;501		10.88
120.13038365	30.27058185	 2026-09-20 10:07:35.462	423	-87.16	501;417;507	-98.69;-100.90;-102.20	501;417		9.10
120.13040508	30.27059598	 2026-09-20 10:07:35.727	423	-88.85	501;507;513	-101.17;-102.20;-102.20	501;507		7.91
120.13038285	30.27059812	 2026-09-20 10:07:36.036	423	-88.07	501;507;513	-99.04;-102.20;-102.20	501;507		8.78
120.13039533	30.27058338	 2026-09-20 10:07:36.218	423	-87.51	429;501;507	-101.57;-102.20;-102.20	429;501		11.50
120.13039190	30.27059170	 2026-09-20 10:07:36.428	423	-88.29	501;507;513	-101.06;-102.20;-102.20	501;507		10.13
120.13039992	30.27058009	 2026-09-20 10:07:36.719	423	-89.55	501;507;513	-102.20;-102.20;-102.20	501;507		9.14
120.13038864	30.27059309	 2026-09-20 10:07:37.031	423	-85.84	501;507;513	-102.20;-102.20;-102.20	501;507		12.00
120.13038406	30.27057872	 2026-09-20 10:07:37.325	423	-86.56	429;501;507	-100.98;-102.20;-102.20	429;501		11.51
120.13038786	30.27057757	 2026-09-20 10:07:37.543	423	-87.16	501;507;513	-95.89;-102.20;-102.20	501;507		7.34
120.13039104	30.27059068	 2026-09-20 10:07:37.858	423	-89.83	501;507;513	-100.87;-102.20;-102.20	501;507		9.03
120.13038260	30.27058046	 2026-09-20 10:07:38.157	423	-87.68	501;507;513	-101.42;-102.20;-102.20	501;507		12.00
120.13037416	30.27059575	 2026-09-20 10:07:38.438	423	-88.78	501;507;513	-99.00;-102.20;-102.20	501;507		6.87
120.13037751	30.27059333	 2026-09-20 10:07:38.735	423	-87.91	501;429;507	-99.18;-102.04;-102.20	501;429		7.67
120.13036528	30.27058458	 2026-09-20 10:07:38.966	423	-88.14	501;507;513	-100.71;-102.20;-102.20	501;507		9.85
120.13036516	30.27058011	 2026-09-20 10:07:39.249	423	-86.99	501;417;507	-99.22;-100.60;-102.20	501;417		9.43
120.13037908	30.27059345	 2026-09-20 10:07:39.551	423	-90.23	501;507;513	-102.20;-102.20;-102.20	501;507		9.61
120.13036851	30.27058044	 2026-09-20 10:07:39.762	423	-88.20	501;507;513	-100.92;-102.20;-102.20	501;507		9.07
120.13036622	30.27058810	 2026-09-20 10:07:40.069	423	-86.13	501;507;513	-101.91;-102.20;-102.20	501;507		12.00
120.13035802	30.27059021	 2026-09-20 10:07:40.333	423	-90.33	501;507;513	-100.69;-102.20;-102.20	501;507		7.85
120.13037689	30.27059737	 2026-09-20 10:07:40.639	423	-87.29	507;501;513	-101.39;-101.85;-102.20	507;501		12.00
120.13035535	30.27058559	 2026-09-20 10:07:40.947	423	-89.29	501;507;513	-99.89;-101.99;-102.20	501;507		9.45
120.13035581	30.27058733	 2026-09-20 10:07:41.242	423	-89.00	501;507;513	-99.34;-102.20;-102.20	501;507		8.69
120.13034870	30.27058894	 2026-09-20 10:07:41.518	423	-91.21	501;507;513	-102.20;-102.20;-102.20	501;507		9.62
120.13036172	30.27057745	 2026-09-20 10:07:41.709	423	-87.70	501;507;513	-100.78;-102.20;-102.20	501;507		11.96
120.13035034	30.27059173	 2026-09-20 10:07:42.013	423	-86.40	501;429;513	-101.10;-101.82;-102.11	501;429		12.00
120.13035051	30.27059871	 2026-09-20 10:07:42.204	423	-90.95	501;507;513	-100.35;-101.90;-102.20	501;507		6.80
120.13034602	30.27059419	 2026-09-20 10:07:42.449	423	-87.92	501;507;513	-100.80;-102.20;-102.20	501;507		10.58
120.13035768	30.27059325	 2026-09-20 10:07:42.719	423	-87.80	501;429;507	-99.79;-101.49;-102.20	501;429		9.12
120.13035135	30.27059170	 2026-09-20 10:07:43.020	423	-88.84	501;507;513	-100.48;-102.20;-102.20	501;507		8.09
120.13035764	30.27058711	 2026-09-20 10:07:43.200	423	-91.26	501;507;513	-102.20;-102.20;-102.20	501;507		7.93
120.13034884	30.27058263	 2026-09-20 10:07:43.406	423	-87.50	501;507;513	-101.45;-102.20;-102.20	501;507		11.20
120.13034855	30.27059851	 2026-09-20 10:07:43.659	423	-90.54	429;501;507	-100.42;-101.11;-102.20	429;501		6.48
120.13033609	30.27059816	 2026-09-20 10:07:43.844	423	-89.67	429;501;507	-101.04;-102.20;-102.20	429;501		8.53
120.13033790	30.27058004	 2026-09-20 10:07:44.031	423	-86.24	501;507;513	-101.62;-102.20;-102.20	501;507		12.00
120.13032859	30.27059606	 2026-09-20 10:07:44.303	423	-89.03	507;501;513	-101.66;-102.20;-102.20	507;501		10.15
120.13033888	30.27058005	 2026-09-20 10:07:44.520	423	-92.20	501;507;513	-101.26;-101.69;-102.20	501;507		4.47
120.13033234	30.27059793	 2026-09-20 10:07:44.755	423	-90.83	501;507;513	-100.24;-102.20;-102.20	501;507		6.46
120.13032573	30.27058572	 2026-09-20 10:07:44.967	423	-89.50	501;507;513	-102.20;-102.20;-102.20	501;507		11.00
120.13034460	30.27058064	 2026-09-20 10:07:45.153	423	-90.29	501;507;513	-100.21;-102.20;-102.20	501;507		5.91
120.13034171	30.27059294	 2026-09-20 10:07:45.437	423	-89.06	501;417;507	-101.63;-101.92;-102.20	501;417		8.89
120.13034061	30.27058908	 2026-09-20 10:07:45.711	423	-88.39	501;507;513	-100.10;-102.20;-102.20	501;507		8.79
120.13033353	30.27059244	 2026-09-20 10:07:45.966	423	-90.06	501;507;513	-100.59;-102.20;-102.20	501;507		7.95
120.13033100	30.27057772	 2026-09-20 10:07:46.236	423	-89.24	507;501;513	-100.69;-100.70;-102.20	507;501		8.73
120.13031536	30.27058702	 2026-09-20 10:07:46.547	423	-89.49	501;417;507	-96.83;-100.67;-102.20	501;417		5.22
120.13033350	30.27058231	 2026-09-20 10:07:46.827	423	-86.78	501;507;513	-100.74;-102.20;-102.20	501;507		11.32
120.13032358	30.27058279	 2026-09-20 10:07:47.125	423	-88.58	501;507;513	-102.20;-102.20;-102.20	501;507		10.68
120.13031375	30.27058733	 2026-09-20 10:07:47.406	423	-92.09	429;501;507	-101.66;-102.07;-102.20	429;501		8.87
120.13032878	30.27058706	 2026-09-20 10:07:47.662	423	-88.88	501;507;513	-99.40;-102.20;-102.20	501;507		8.11
120.13030721	30.27059311	 2026-09-20 10:07:47.949	423	-90.98	501;507;513	-99.15;-102.20;-102.20	501;507		5.75
120.13030653	30.27058675	 2026-09-20 10:07:48.240	423	-90.24	501;507;513	-98.13;-102.20;-102.20	501;507		5.10
120.13032196	30.27059882	 2026-09-20 10:07:48.479	423	-90.21	501;507;513	-102.20;-102.20;-102.20	501;507		9.04
120.13031031	30.27057816	 2026-09-20 10:07:48.698	423	-88.01	501;507;513	-99.45;-102.20;-102.20	501;507		9.06
120.13030956	30.27058850	 2026-09-20 10:07:48.989	423	-89.46	501;429;507	-100.54;-101.73;-102.20	501;429		8.81
120.13031710	30.27057985	 2026-09-20 10:07:49.266	423	-90.34	501;429;507	-99.94;-102.05;-102.20	501;429		7.32
120.13031030	30.27057845	 2026-09-20 10:07:49.543	423	-90.08	501;507;513	-100.81;-102.20;-102.20	501;507		8.50
120.13031612	30.27059192	 2026-09-20 10:07:49.764	423	-89.20	501;507;513	-100.56;-102.20;-102.20	501;507		9.42
120.13030546	30.27058764	 2026-09-20 10:07:50.077	423	-91.60	501;507;513	-99.22;-102.20;-102.20	501;507		6.67
120.13030568	30.27058915	 2026-09-20 10:07:50.313	423	-91.73	501;507;513	-100.20;-102.20;-102.20	501;507		4.87
120.13030322	30.27059366	 2026-09-20 10:07:50.563	423	-90.09	501;507;513	-99.94;-102.20;-102.20	501;507		7.43
120.13029366	30.27058812	 2026-09-20 10:07:50.824	423	-89.92	501;507;513	-101.10;-102.20;-102.20	501;507		10.08
120.13030809	30.27058424	 2026-09-20 10:07:51.138	423	-90.56	501;507;513	-101.51;-102.20;-102.20	501;507		9.12
120.13029246	30.27059642	 2026-09-20 10:07:51.341	423	-89.68	501;507;513	-101.37;-102.20;-102.20	501;507		10.30
120.13030135	30.27057990	 2026-09-20 10:07:51.544	423	-89.44	501;507;513	-98.42;-102.20;-102.20	501;507		6.32
120.13028201	30.27059012	 2026-09-20 10:07:51.749	423	-93.80	501;507;513	-101.26;-102.20;-102.20	501;507		4.64
120.13028014	30.27059852	 2026-09-20 10:07:51.975	423	-92.07	501;507;513	-102.20;-102.20;-102.20	501;507		8.39
120.13027926	30.27059374	 2026-09-20 10:07:52.193	423	-93.30	501;507;513	-99.46;-102.20;-102.20	501;507		0.98
120.13027881	30.27059436	 2026-09-20 10:07:52.404	423	-91.38	501;429;507	-100.23;-101.62;-102.20	501;429		6.40
120.13029460	30.27059604	 2026-09-20 10:07:52.629	423	-94.64	501;507;513	-102.20;-102.20;-102.20	501;507		5.84
120.13027871	30.27058816	 2026-09-20 10:07:52.829	423	-93.51	429;501;507	-100.51;-102.06;-102.20	429;501		5.09
120.13029094	30.27059078	 2026-09-20 10:07:53.023	423	-89.52	501;507;513	-102.20;-102.20;-102.20	501;507		8.77
120.13028999	30.27057794	 2026-09-20 10:07:53.284	423	-90.20	501;507;513	-101.04;-102.20;-102.20	501;507		7.43
120.13028320	30.27059210	 2026-09-20 10:07:53.525	423	-91.08	501;507;513	-102.20;-102.20;-102.20	501;507		8.44
120.13027095	30.27059913	 2026-09-20 10:07:53.771	423	-91.98	501;429;507	-101.25;-102.18;-102.20	501;429		5.77
120.13028693	30.27058256	 2026-09-20 10:07:54.061	423	-89.10	501;507;513	-102.16;-102.20;-102.20	501;507		11.45
120.13027302	30.27059043	 2026-09-20 10:07:54.308	423	-93.45	501;507;513	-100.83;-102.20;-102.20	501;507		5.34
120.13027855	30.27058558	 2026-09-20 10:07:54.558	423	-90.01	501;507;513	-100.29;-102.20;-102.20	501;507		7.03
120.13028453	30.27059020	 2026-09-20 10:07:54.857	423	-89.12	501;507;513	-101.00;-102.20;-102.20	501;507		10.29
120.13026604	30.27060431	 2026-09-20 10:07:55.137	423	-91.32	501;507;513	-100.56;-102.09;-102.20	501;507		6.91
120.13027092	30.27059441	 2026-09-20 10:07:55.378	423	-93.48	501;507;513	-100.10;-102.20;-102.20	501;507		5.17
120.13028372	30.27060691	 2026-09-20 10:07:55.637	423	-90.78	501;507;513	-99.35;-102.20;-102.20	501;507		5.52
120.13028021	30.27060127	 2026-09-20 10:07:55.890	423	-92.38	501;507;513	-99.39;-102.20;-102.20	501;507		3.21
120.13028919	30.27060095	 2026-09-20 10:07:56.109	423	-93.13	501;507;513	-101.89;-102.20;-102.20	501;507		6.44
120.13026698	30.27059970	 2026-09-20 10:07:56.382	423	-94.44	501;507;513	-97.80;-102.20;-102.20	501;507		2.14
120.13028523	30.27059387	 2026-09-20 10:07:56.660	423	-92.16	501;507;513	-99.33;-102.20;-102.20	501;507		4.14
120.13027466	30.27060582	 2026-09-20 10:07:56.841	423	-91.61	501;507;513	-99.98;-102.20;-102.20	501;507		6.11
120.13027450	30.27059770	 2026-09-20 10:07:57.039	423	-90.57	501;507;513	-99.83;-102.20;-102.20	501;507		5.85
120.13026869	30.27059889	 2026-09-20 10:07:57.270	423	-90.40	501;507;513	-98.87;-102.20;-102.20	501;507		5.88
120.13027812	30.27060023	 2026-09-20 10:07:57.585	423	-95.19	501;507;513	-101.67;-102.20;-102.20	501;507		4.11
120.13028292	30.27061776	 2026-09-20 10:07:57.814	423	-92.78	501;507;513	-101.51;-102.20;-102.20	501;507		5.58
120.13027951	30.27061267	 2026-09-20 10:07:57.997	423	-91.33	501;507;513	-101.16;-102.20;-102.20	501;507		6.27
120.13027200	30.27060535	 2026-09-20 10:07:58.282	423	-90.61	501;507;513	-96.81;-102.20;-102.20	501;507		4.52
120.13027110	30.27060665	 2026-09-20 10:07:58.529	423	-90.25	501;507;513	-98.91;-102.20;-102.20	501;507		5.13
120.13029001	30.27060930	 2026-09-20 10:07:58.810	423	-93.01	507;501;513	-100.18;-100.93;-102.20	507;501		3.74
120.13027252	30.27062608	 2026-09-20 10:07:59.126	423	-96.42	429;501;507	-98.86;-100.95;-102.20	429;501		0.47
120.13027036	30.27062389	 2026-09-20 10:07:59.340	423	-93.36	501;507;513	-100.60;-102.20;-102.20	501;507		5.56
120.13027147	30.27061523	 2026-09-20 10:07:59.616	423	-93.36	501;507;417	-99.48;-101.50;-102.18	501;507		2.64
120.13027115	30.27061790	 2026-09-20 10:07:59.869	423	-92.54	501;429;507	-101.02;-101.83;-102.20	501;429		5.92
120.13028647	30.27061717	 2026-09-20 10:08:00.161	423	-91.46	501;507;513	-102.20;-102.20;-102.20	501;507		8.12
120.13028662	30.27062431	 2026-09-20 10:08:00.386	423	-92.31	501;507;513	-99.31;-102.20;-102.20	501;507		5.11
120.13028845	30.27062137	 2026-09-20 10:08:00.576	423	-93.70	501;507;513	-97.03;-102.20;-102.20	501;507		1.29
120.13027691	30.27063164	 2026-09-20 10:08:00.851	423	-92.12	501;507;513	-99.13;-101.90;-102.20	501;507		6.21
120.13028082	30.27063621	 2026-09-20 10:08:01.087	423	-91.69	501;507;513	-102.20;-102.20;-102.20	501;507		9.82
120.13027387	30.27062730	 2026-09-20 10:08:01.357	423	-91.74	501;411;507	-100.43;-101.62;-102.20	501;411		5.73
120.13026945	30.27062992	 2026-09-20 10:08:01.603	423	-92.56	501;429;507	-99.08;-101.46;-102.20	501;429		2.98
120.13028225	30.27063546	 2026-09-20 10:08:01.898	423	-93.31	501;507;513	-100.12;-102.20;-102.20	501;507		3.50
120.13028561	30.27064427	 2026-09-20 10:08:02.132	423	-90.44	501;507;513	-100.14;-102.20;-102.20	501;507		7.98
120.13028467	30.27062711	 2026-09-20 10:08:02.430	423	-93.34	501;507;513	-102.20;-102.20;-102.20	501;507		8.25
120.13027542	30.27064529	 2026-09-20 10:08:02.654	423	-94.85	501;507;513	-99.69;-102.20;-102.20	501;507		3.93
120.13028821	30.27064361	 2026-09-20 10:08:02.974	423	-93.92	501;507;513	-100.76;-102.20;-102.20	501;507		4.87
120.13027947	30.27064924	 2026-09-20 10:08:03.197	423	-91.62	501;507;513	-98.21;-102.20;-102.20	501;507		3.56
120.13027327	30.27063652	 2026-09-20 10:08:03.487	423	-95.01	501;507;513	-100.28;-102.20;-102.20	501;507		3.03
120.13026981	30.27063370	 2026-09-20 10:08:03.770	423	-97.49	501;507;513	-98.26;-102.20;-102.20	501;507		-2.10
120.13026973	30.27063541	 2026-09-20 10:08:03.999	423	-95.64	501;507;513	-100.18;-102.20;-102.20	501;507		0.48
120.13027396	30.27064856	 2026-09-20 10:08:04.189	423	-93.47	501;429;507	-99.92;-102.15;-102.20	501;429		3.36
120.13027529	30.27064520	 2026-09-20 10:08:04.487	423	-91.09	501;507;513	-99.80;-102.20;-102.20	501;507		5.45
120.13028687	30.27065838	 2026-09-20 10:08:04.729	423	-93.67	501;417;507	-101.18;-102.10;-102.20	501;417		5.84
120.13028770	30.27065794	 2026-09-20 10:08:04.910	423	-92.34	501;507;513	-98.95;-102.20;-102.20	501;507		4.44
120.13027257	30.27066169	 2026-09-20 10:08:05.206	423	-94.90	501;507;513	-101.52;-102.20;-102.20	501;507		5.70
120.13028078	30.27065038	 2026-09-20 10:08:05.436	423	-94.68	501;507;513	-100.95;-102.20;-102.20	501;507		2.59
120.13026556	30.27064778	 2026-09-20 10:08:05.712	423	-93.02	501;411;507	-101.63;-102.19;-102.20	501;411		6.00
120.13027054	30.27064902	 2026-09-20 10:08:05.901	423	-93.46	501;507;513	-96.59;-102.20;-102.20	501;507		1.53
120.13028106	30.27066674	 2026-09-20 10:08:06.093	423	-97.49	501;429;507	-100.03;-101.53;-102.20	501;429		0.29
120.13026919	30.27066115	 2026-09-20 10:08:06.413	423	-97.15	501;507;513	-97.86;-102.20;-102.20	501;507		0.56
120.13028145	30.27065513	 2026-09-20 10:08:06.637	501	-96.61	423;507;513	-96.92;-102.20;-102.20	423;507		-2.35
120.13027103	30.27067327	 2026-09-20 10:08:06.886	423	-93.38	501;507;513	-97.32;-102.20;-102.20	501;507		2.33
120.13028677	30.27066269	 2026-09-20 10:08:07.160	423	-93.61	501;507;513	-99.99;-102.20;-102.20	501;507		2.67
120.13027045	30.27067500	 2026-09-20 10:08:07.461	423	-97.10	501;507;513	-99.15;-102.20;-102.20	501;507		-2.44
120.13028392	30.27067709	 2026-09-20 10:08:07.719	423	-91.93	501;507;513	-95.39;-102.20;-102.20	501;507		1.71
120.13027375	30.27067568	 2026-09-20 10:08:08.015	423	-95.08	501;507;513	-99.99;-102.20;-102.20	501;507		1.29
120.13028595	30.27067634	 2026-09-20 10:08:08.217	423	-92.53	501;507;513	-102.20;-102.20;-102.20	501;507		5.45
120.13028418	30.27067925	 2026-09-20 10:08:08.474	423	-94.48	501;507;513	-97.54;-102.20;-102.20	501;507		0.37
120.13028556	30.27067055	 2026-09-20 10:08:08.763	423	-93.85	417;501;411	-100.36;-101.71;-102.05	417;501		3.63
120.13027387	30.27066722	 2026-09-20 10:08:09.009	423	-94.87	501;507;513	-98.61;-102.20;-102.20	501;507		3.08
120.13026655	30.27068573	 2026-09-20 10:08:09.208	423	-93.75	501;507;513	-100.60;-102.20;-102.20	501;507		5.05
120.13027320	30.27067009	 2026-09-20 10:08:09.424	423	-95.30	501;507;513	-101.16;-102.20;-102.20	501;507		2.57
120.13027706	30.27067909	 2026-09-20 10:08:09.681	423	-93.55	501;507;513	-97.57;-102.20;-102.20	501;507		3.36
120.13026825	30.27067093	 2026-09-20 10:08:09.905	423	-95.96	501;507;513	-101.53;-102.20;-102.20	501;507		3.02
120.13027306	30.27068165	 2026-09-20 10:08:10.169	423	-94.74	501;507;513	-98.95;-102.20;-102.20	501;507		0.04
120.13027718	30.27068556	 2026-09-20 10:08:10.400	423	-93.56	501;507;513	-99.41;-102.20;-102.20	501;507		3.15
120.13027298	30.27067532	 2026-09-20 10:08:10.652	423	-95.33	501;507;513	-99.61;-102.20;-102.20	501;507		2.14
120.13027558	30.27068657	 2026-09-20 10:08:10.955	423	-93.17	501;513;507	-99.32;-102.06;-102.20	501;513		2.86
120.13029034	30.27069782	 2026-09-20 10:08:11.192	423	-95.12	501;507;513	-99.70;-102.20;-102.20	501;507		1.17
120.13027838	30.27067872	 2026-09-20 10:08:11.470	423	-94.63	501;507;417	-100.15;-101.36;-101.82	501;507		4.37
120.13028240	30.27068241	 2026-09-20 10:08:11.760	423	-95.56	501;429;507	-96.96;-101.16;-102.20	501;429		-1.18
120.13027785	30.27068952	 2026-09-20 10:08:12.046	423	-93.04	501;507;513	-100.94;-102.20;-102.20	501;507		7.07
120.13028410	30.27068654	 2026-09-20 10:08:12.317	423	-92.58	501;507;513	-98.28;-102.20;-102.20	501;507		2.10
120.13028601	30.27069951	 2026-09-20 10:08:12.533	423	-92.77	501;417;507	-97.47;-101.89;-102.20	501;417		2.49
120.13026864	30.27069361	 2026-09-20 10:08:12.747	423	-95.64	501;507;513	-98.01;-102.20;-102.20	501;507		-0.14
120.13028663	30.27070223	 2026-09-20 10:08:13.067	423	-94.99	501;507;513	-99.94;-102.20;-102.20	501;507		-0.39
120.13028042	30.27070121	 2026-09-20 10:08:13.373	423	-92.92	501;411;507	-98.53;-101.22;-102.20	501;411		3.89
120.13027406	30.27069544	 2026-09-20 10:08:13.581	423	-95.53	501;507;513	-95.95;-102.20;-102.20	501;507		-2.43
120.13028364	30.27070189	 2026-09-20 10:08:13.867	423	-96.96	501;507;513	-100.43;-102.20;-102.20	501;507		1.11
120.13028289	30.27069525	 2026-09-20 10:08:14.116	423	-97.95	501;507;513	-100.58;-102.20;-102.20	501;507		0.90
120.13028712	30.27070451	 2026-09-20 10:08:14.343	423	-93.95	501;507;513	-100.40;-102.20;-102.20	501;507		4.21
120.13026800	30.27070778	 2026-09-20 10:08:14.657	423	-91.52	501;507;513	-100.39;-102.20;-102.20	501;507		6.03
120.13028778	30.27070556	 2026-09-20 10:08:14.945	423	-95.55	501;507;513	-98.91;-102.20;-102.20	501;507		0.31
120.13026729	30.27070738	 2026-09-20 10:08:15.251	423	-95.63	429;501;507	-101.51;-102.14;-102.20	429;501		3.92
120.13027209	30.27071533	 2026-09-20 10:08:15.444	423	-96.71	501;507;513	-99.74;-102.20;-102.20	501;507		-0.03
120.13028488	30.27070607	 2026-09-20 10:08:15.694	423	-95.81	501;507;513	-96.88;-102.20;-102.20	501;507		0.70
120.13028899	30.27071656	 2026-09-20 10:08:15.929	423	-96.27	501;507;513	-97.06;-102.20;-102.20	501;507		-1.79
120.13028738	30.27071357	 2026-09-20 10:08:16.120	423	-97.76	501;507;513	-99.06;-102.20;-102.20	501;507		-2.50
120.13028489	30.27072342	 2026-09-20 10:08:16.305	423	-97.11	501;429;507	-98.33;-101.87;-102.20	501;429		-2.60
120.13028956	30.27071891	 2026-09-20 10:08:16.620	423	-95.00	501;513;429	-98.92;-101.54;-101.83	501;513		3.42
120.13026686	30.27070830	 2026-09-20 10:08:16.918	501	-100.35	423;507;513	-100.90;-102.20;-102.20	423;507		-1.57
120.13029023	30.27071313	 2026-09-20 10:08:17.153	423	-95.73	501;417;507	-96.70;-101.48;-102.20	501;417		-2.53
120.13027546	30.27072214	 2026-09-20 10:08:17.388	423	-95.18	501;507;513	-96.73;-102.20;-102.20	501;507		-0.06
120.13028107	30.27072847	 2026-09-20 10:08:17.591	423	-96.86	501;429;507	-97.52;-101.84;-102.20	501;429		-2.73
120.13028686	30.27073052	 2026-09-20 10:08:17.796	501	-95.06	423;507;513	-98.90;-102.20;-102.20	423;507		-0.56
120.13028506	30.27072547	 2026-09-20 10:08:18.111	423	-94.49	501;507;513	-97.53;-102.20;-102.20	501;507		0.64
120.13027301	30.27073026	 2026-09-20 10:08:18.386	423	-95.53	501;411;507	-98.23;-100.88;-102.20	501;411		0.47
120.13028412	30.27072157	 2026-09-20 10:08:18.654	423	-92.49	501;429;507	-96.85;-100.77;-102.20	501;429		2.75
120.13027536	30.27072703	 2026-09-20 10:08:18.951	423	-97.25	429;501;507	-101.73;-101.76;-102.20	429;501		2.45
120.13028102	30.27072594	 2026-09-20 10:08:19.238	423	-98.11	501;507;513	-100.06;-102.20;-102.20	501;507		-0.68
120.13028428	30.27074347	 2026-09-20 10:08:19.557	501	-96.80	423;429;507	-98.19;-101.72;-102.20	423;429		-0.36
120.13027893	30.27074341	 2026-09-20 10:08:19.874	423	-98.68	501;507;513	-98.90;-102.20;-102.20	501;507		-2.08
120.13028668	30.27072603	 2026-09-20 10:08:20.089	423	-97.32	501;417;507	-100.33;-101.29;-102.20	501;417		0.91
120.13028898	30.27072743	 2026-09-20 10:08:20.391	423	-96.18	501;429;507	-101.28;-101.47;-101.98	501;429		3.04
120.13028868	30.27073841	 2026-09-20 10:08:20.612	423	-97.48	501;507;513	-97.71;-102.20;-102.20	501;507		-2.00
120.13026867	30.27074126	 2026-09-20 10:08:20.863	423	-95.09	501;507;513	-95.88;-102.20;-102.20	501;507		-2.44
120.13026665	30.27075020	 2026-09-20 10:08:21.092	423	-97.95	501;507;513	-99.96;-102.20;-102.20	501;507		-0.83
120.13028427	30.27074690	 2026-09-20 10:08:21.393	423	-97.00	513;501;507	-100.01;-100.55;-102.20	513;501		0.33
120.13028226	30.27074524	 2026-09-20 10:08:21.599	423	-94.10	501;507;513	-97.78;-102.20;-102.20	501;507		1.28
120.13027000	30.27074183	 2026-09-20 10:08:21.805	423	-96.32	501;507;513	-97.93;-102.20;-102.20	501;507		-0.74
120.13028326	30.27075001	 2026-09-20 10:08:22.082	423	-96.43	501;429;507	-98.34;-102.18;-102.20	501;429		-0.60
120.13028296	30.27074851	 2026-09-20 10:08:22.370	423	-95.88	501;507;513	-100.11;-102.20;-102.20	501;507		2.67
120.13028516	30.27075554	 2026-09-20 10:08:22.626	423	-92.53	501;417;411	-97.34;-100.69;-101.76	501;417		3.20
120.13027879	30.27075784	 2026-09-20 10:08:22.944	423	-96.60	501;507;513	-101.49;-102.20;-102.20	501;507		3.43
120.13028293	30.27074964	 2026-09-20 10:08:23.217	423	-96.78	501;507;513	-96.78;-102.20;-102.20	501;507		-0.94
120.13027445	30.27076317	 2026-09-20 10:08:23.509	423	-96.89	501;507;513	-100.11;-102.20;-102.20	501;507		0.63
120.13028271	30.27076071	 2026-09-20 10:08:23.811	423	-92.21	501;411;507	-98.46;-102.04;-102.20	501;411		3.18
120.13027518	30.27075019	 2026-09-20 10:08:24.089	423	-96.96	501;507;513	-99.68;-102.20;-102.20	501;507		1.71
120.13027752	30.27076079	 2026-09-20 10:08:24.280	423	-94.97	501;507;513	-100.58;-102.20;-102.20	501;507		3.09
120.13028706	30.27075285	 2026-09-20 10:08:24.475	423	-96.57	501;507;513	-100.63;-102.20;-102.20	501;507		2.62
120.13027509	30.27076982	 2026-09-20 10:08:24.786	423	-93.85	501;411;507	-99.79;-101.44;-102.20	501;411		2.93
120.13026999	30.27076239	 2026-09-20 10:08:25.036	501	-97.37	423;507;513	-98.45;-102.20;-102.20	423;507		-0.81
120.13027479	30.27077451	 2026-09-20 10:08:25.313	423	-98.19	501;507;513	-98.86;-102.20;-102.20	501;507		-0.55
120.13028814	30.27076655	 2026-09-20 10:08:25.500	423	-95.87	501;411;507	-97.64;-100.53;-102.20	501;411		-0.96
120.13027989	30.27077421	 2026-09-20 10:08:25.680	423	-96.41	501;417;507	-99.63;-101.62;-102.06	501;417		1.43
120.13027945	30.27077424	 2026-09-20 10:08:25.876	423	-97.00	501;507;513	-97.22;-100.99;-102.20	501;507		-3.29
120.13028007	30.27077704	 2026-09-20 10:08:26.094	423	-96.99	501;429;507	-98.64;-101.08;-102.00	501;429		-2.10
120.13026585	30.27077604	 2026-09-20 10:08:26.297	501	-99.49	423;507;513	-99.80;-102.14;-102.20	423;507		-1.71
120.13026672	30.27076585	 2026-09-20 10:08:26.614	423	-93.68	501;507;513	-97.81;-102.20;-102.20	501;507		0.64
120.13027488	30.27077839	 2026-09-20 10:08:26.873	423	-99.02	501;507;513	-99.74;-102.20;-102.20	501;507		-2.54
120.13027868	30.27078176	 2026-09-20 10:08:27.159	501	-96.97	423;507;513	-98.05;-102.20;-102.20	423;507		-1.21
120.13028359	30.27076803	 2026-09-20 10:08:27.376	423	-98.63	501;507;513	-100.68;-102.20;-102.20	501;507		-0.06
120.13028350	30.27078094	 2026-09-20 10:08:27.603	501	-96.36	423;507;513	-100.86;-102.05;-102.20	423;507		2.10
120.13028871	30.27076967	 2026-09-20 10:08:27.842	423	-96.48	501;507;513	-100.29;-102.20;-102.20	501;507		1.68
120.13028863	30.27079207	 2026-09-20 10:08:28.065	501	-98.69	423;507;513	-98.96;-102.20;-102.20	423;507		-3.42
120.13027009	30.27078957	 2026-09-20 10:08:28.326	423	-95.48	501;507;513	-96.07;-102.20;-102.20	501;507		0.06
120.13028275	30.27077821	 2026-09-20 10:08:28.629	423	-98.39	501;507;513	-98.78;-102.20;-102.20	501;507		-1.65
120.13026728	30.27078345	 2026-09-20 10:08:28.898	423	-96.34	501;429;507	-97.51;-101.67;-102.20	501;429		-1.10
120.13027425	30.27079663	 2026-09-20 10:08:29.177	501	-97.80	423;507;513	-99.30;-102.20;-102.20	423;507		-3.09
120.13026576	30.27078692	 2026-09-20 10:08:29.466	501	-98.61	423;507;513	-98.77;-102.20;-102.20	423;507		-3.73
120.13028543	30.27078925	 2026-09-20 10:08:29.663	423	-97.20	501;411;507	-100.32;-100.66;-102.20	501;411		1.94
120.13028557	30.27080014	 2026-09-20 10:08:29.864	423	-98.56	501;429;507	-98.76;-100.16;-101.61	501;429		-2.27
120.13028925	30.27080125	 2026-09-20 10:08:30.094	423	-98.67	501;507;513	-100.01;-102.20;-102.20	501;507		-1.51
120.13027808	30.27080155	 2026-09-20 10:08:30.298	423	-95.09	501;507;513	-98.52;-102.20;-102.20	501;507		1.15
120.13027193	30.27079839	 2026-09-20 10:08:30.575	423	-97.59	501;507;513	-99.76;-102.20;-102.20	501;507		-0.62
120.13028976	30.27080535	 2026-09-20 10:08:30.813	501	-96.80	423;429;507	-97.52;-102.05;-102.20	423;429		-0.41
120.13027788	30.27079463	 2026-09-20 10:08:31.042	501	-99.27	423;429;507	-99.93;-102.19;-102.20	423;429		-1.75
120.13026848	30.27080826	 2026-09-20 10:08:31.227	501	-99.04	423;417;507	-99.93;-101.31;-102.20	423;417		-1.54
120.13028067	30.27079630	 2026-09-20 10:08:31.457	423	-96.19	501;507;513	-100.84;-102.20;-102.20	501;507		3.86
120.13028826	30.27080831	 2026-09-20 10:08:31.642	423	-98.36	501;417;429	-99.47;-100.96;-101.79	501;417		-1.43
120.13028994	30.27080874	 2026-09-20 10:08:31.846	501	-98.08	423;507;513	-98.70;-102.20;-102.20	423;507		-2.70
120.13027709	30.27081396	 2026-09-20 10:08:32.137	501	-98.52	423;429;507	-98.58;-100.10;-102.20	423;429		-1.33
120.13027297	30.27080876	 2026-09-20 10:08:32.372	423	-98.58	501;507;513	-101.70;-102.20;-102.20	501;507		-0.75
120.13027798	30.27081567	 2026-09-20 10:08:32.553	423	-98.30	501;507;513	-100.36;-102.20;-102.20	501;507		-1.69
120.13028453	30.27080561	 2026-09-20 10:08:32.833	423	-99.89	501;429;507	-100.81;-101.30;-102.20	501;429		-2.22
120.13027179	30.27080897	 2026-09-20 10:08:33.061	501	-98.79	423;507;513	-99.53;-102.20;-102.20	423;507		0.27
120.13026975	30.27081796	 2026-09-20 10:08:33.269	501	-95.96	423;417;507	-100.63;-101.53;-102.20	423;417		-1.40
120.13027570	30.27082455	 2026-09-20 10:08:33.516	501	-97.44	423;507;513	-99.20;-102.20;-102.20	423;507		-0.48
120.13028659	30.27081963	 2026-09-20 10:08:33.715	501	-95.40	423;429;507	-98.69;-102.00;-102.20	423;429		1.44
120.13027332	30.27081168	 2026-09-20 10:08:34.035	501	-100.29	411;423;507	-101.18;-101.87;-102.20	411;423		-0.23
120.13026646	30.27081541	 2026-09-20 10:08:34.312	501	-98.10	423;507;513	-98.26;-102.20;-102.20	423;507		-1.10
120.13027907	30.27082286	 2026-09-20 10:08:34.576	423	-98.70	501;507;513	-99.81;-101.54;-102.20	501;507		-0.39
120.13027307	30.27082873	 2026-09-20 10:08:34.835	423	-99.88	501;507;513	-101.27;-102.20;-102.20	501;507		-1.06
120.13026897	30.27082058	 2026-09-20 10:08:35.030	501	-97.10	423;507;513	-97.51;-102.20;-102.20	423;507		-3.28
120.13026952	30.27081526	 2026-09-20 10:08:35.332	501	-96.53	423;507;513	-100.29;-102.20;-102.20	423;507		-0.55
120.13027367	30.27082796	 2026-09-20 10:08:35.606	501	-95.17	411;423;507	-100.34;-100.60;-102.20	411;423		1.21
120.13027486	30.27083719	 2026-09-20 10:08:35.807	501	-98.92	423;429;507	-98.97;-100.28;-102.20	423;429		-2.45
120.13028616	30.27083399	 2026-09-20 10:08:36.007	423	-95.75	501;507;513	-95.91;-102.20;-102.20	501;507		-2.41
120.13028330	30.27083771	 2026-09-20 10:08:36.208	501	-97.55	423;507;513	-100.96;-102.20;-102.20	423;507		-0.73
120.13026728	30.27084020	 2026-09-20 10:08:36.468	423	-97.27	501;507;513	-100.84;-102.20;-102.20	501;507		0.06
120.13028323	30.27084113	 2026-09-20 10:08:36.767	501	-97.56	423;507;513	-99.74;-102.20;-102.20	423;507		0.37
120.13027527	30.27083505	 2026-09-20 10:08:36.952	501	-95.96	423;411;507	-97.02;-101.99;-102.20	423;411		-2.26
120.13028027	30.27082938	 2026-09-20 10:08:37.192	501	-96.91	423;417;513	-98.17;-101.96;-102.02	423;417		-1.79
120.13028818	30.27084289	 2026-09-20 10:08:37.426	423	-97.40	501;507;513	-100.74;-102.20;-102.20	501;507		2.18
120.13028927	30.27083952	 2026-09-20 10:08:37.631	423	-98.34	501;429;417	-99.30;-101.47;-102.13	501;429		-0.99
120.13028708	30.27084534	 2026-09-20 10:08:37.921	501	-98.31	423;513;507	-99.33;-100.74;-102.20	423;513		0.65
120.13027877	30.27084228	 2026-09-20 10:08:38.152	501	-97.43	423;507;513	-97.64;-102.20;-102.20	423;507		-4.52
120.13027261	30.27085219	 2026-09-20 10:08:38.414	423	-97.96	501;411;507	-98.32;-101.37;-102.20	501;411		-3.32
120.13027838	30.27084880	 2026-09-20 10:08:38.598	501	-97.08	423;411;507	-100.23;-101.69;-102.20	423;411		2.94
120.13028090	30.27085370	 2026-09-20 10:08:38.881	423	-96.78	501;507;513	-98.70;-102.20;-102.20	501;507		-0.80
120.13027607	30.27084770	 2026-09-20 10:08:39.121	501	-97.49	423;507;513	-98.80;-102.20;-102.20	423;507		-1.14
120.13028255	30.27084884	 2026-09-20 10:08:39.365	501	-97.94	423;507;513	-99.68;-102.20;-102.20	423;507		-1.92
120.13028550	30.27085547	 2026-09-20 10:08:39.669	423	-97.34	501;507;513	-97.51;-102.20;-102.20	501;507		-3.62
120.13028930	30.27084855	 2026-09-20 10:08:39.973	423	-96.91	501;513;507	-100.99;-102.17;-102.20	501;513		1.89
120.13027074	30.27086154	 2026-09-20 10:08:40.256	501	-97.00	423;507;513	-99.45;-102.20;-102.20	423;507		-0.47
120.13028512	30.27086370	 2026-09-20 10:08:40.513	501	-98.18	411;423;507	-99.03;-100.14;-102.20	411;423		-1.02
120.13027831	30.27086178	 2026-09-20 10:08:40.813	423	-100.71	501;507;417	-101.14;-101.50;-101.70	501;507		-2.00
120.13027663	30.27085232	 2026-09-20 10:08:41.125	423	-97.76	501;507;513	-98.39;-102.20;-102.20	501;507		-2.92
120.13028119	30.27085386	 2026-09-20 10:08:41.418	501	-97.21	423;417;507	-100.59;-102.19;-102.20	423;417		0.84
120.13027234	30.27085043	 2026-09-20 10:08:41.613	423	-98.16	501;507;513	-99.59;-102.20;-102.20	501;507		-0.90
120.13027660	30.27086184	 2026-09-20 10:08:41.833	501	-98.27	423;417;507	-98.46;-101.92;-102.20	423;417		-3.09
120.13027274	30.27085496	 2026-09-20 10:08:42.059	501	-97.28	423;417;507	-99.79;-101.71;-102.20	423;417		-0.20
120.13028019	30.27085782	 2026-09-20 10:08:42.246	501	-98.00	423;417;411	-98.02;-99.56;-99.95	423;417		-3.87
120.13028744	30.27086440	 2026-09-20 10:08:42.562	423	-97.45	501;507;513	-99.39;-102.20;-102.20	501;507		-0.10
120.13026603	30.27086631	 2026-09-20 10:08:42.785	501	-98.35	423;507;513	-100.06;-102.20;-102.20	423;507		1.10
120.13027077	30.27085923	 2026-09-20 10:08:43.066	501	-95.57	423;411;507	-98.37;-100.61;-102.20	423;411		0.75
120.13028860	30.27087869	 2026-09-20 10:08:43.312	501	-97.59	423;411;507	-99.04;-99.48;-102.20	423;411		0.20
120.13027507	30.27087399	 2026-09-20 10:08:43.600	501	-98.89	423;411;507	-100.73;-100.95;-102.20	423;411		-0.60
120.13028798	30.27086674	 2026-09-20 10:08:43.841	501	-96.26	423;417;507	-99.13;-102.18;-102.20	423;417		-0.69
120.13027058	30.27088581	 2026-09-20 10:08:44.124	501	-94.64	423;411;507	-101.04;-101.35;-102.20	423;411		3.06
120.13028763	30.27088167	 2026-09-20 10:08:44.381	501	-96.60	417;423;507	-99.50;-101.20;-102.19	417;423		0.36
120.13027359	30.27086784	 2026-09-20 10:08:44.643	501	-97.46	423;507;429	-98.94;-100.98;-101.27	423;507		-1.44
120.13028822	30.27088863	 2026-09-20 10:08:44.949	501	-96.94	423;507;513	-101.41;-102.20;-102.20	423;507		1.65
120.13027836	30.27087975	 2026-09-20 10:08:45.203	501	-96.63	423;507;513	-97.22;-99.77;-102.20	423;507		-2.23
120.13026920	30.27088458	 2026-09-20 10:08:45.428	423	-98.63	501;411;507	-99.54;-100.94;-102.20	501;411		-0.35
120.13027206	30.27089211	 2026-09-20 10:08:45.744	501	-94.39	423;411;507	-97.78;-101.54;-102.20	423;411		2.80
120.13026879	30.27089301	 2026-09-20 10:08:45.977	501	-97.26	423;507;513	-98.65;-102.20;-102.20	423;507		-1.97
120.13027425	30.27089654	 2026-09-20 10:08:46.186	501	-99.36	411;507;513	-101.28;-102.20;-102.20	411;507		-0.54
120.13028897	30.27088882	 2026-09-20 10:08:46.476	501	-97.46	423;417;507	-99.59;-101.55;-102.20	423;417		1.63
120.13026848	30.27089828	 2026-09-20 10:08:46.775	501	-96.17	423;507;513	-102.10;-102.20;-102.20	423;507		4.07
120.13027961	30.27088008	 2026-09-20 10:08:47.059	501	-94.89	423;507;513	-98.32;-102.20;-102.20	423;507		-0.34
120.13028904	30.27088728	 2026-09-20 10:08:47.267	501	-98.24	423;507;513	-99.71;-102.20;-102.20	423;507		-0.51
120.13026875	30.27090128	 2026-09-20 10:08:47.557	501	-96.80	423;411;429	-98.57;-100.78;-101.11	423;411		-1.78
120.13028420	30.27089480	 2026-09-20 10:08:47.812	501	-96.68	423;411;429	-97.14;-99.23;-102.06	423;411		-3.70
120.13028601	30.27089165	 2026-09-20 10:08:47.994	501	-95.93	423;411;507	-99.16;-100.90;-102.20	423;411		1.00
120.13028014	30.27090527	 2026-09-20 10:08:48.296	501	-97.25	423;411;429	-100.23;-101.51;-102.01	423;411		1.04
120.13026736	30.27088980	 2026-09-20 10:08:48.544	501	-97.07	411;423;507	-99.72;-99.90;-102.20	411;423		-1.93
120.13027219	30.27090241	 2026-09-20 10:08:48.804	501	-95.83	423;507;513	-100.47;-102.20;-102.20	423;507		1.62
120.13028740	30.27090720	 2026-09-20 10:08:49.052	501	-98.33	429;507;513	-100.96;-102.20;-102.20	429;507		1.39
120.13027400	30.27091251	 2026-09-20 10:08:49.255	501	-97.78	417;507;513	-101.59;-102.20;-102.20	417;507		1.45
120.13027204	30.27090285	 2026-09-20 10:08:49.529	501	-95.29	423;417;507	-101.89;-102.09;-102.20	423;417		1.93
120.13026640	30.27091321	 2026-09-20 10:08:49.710	501	-98.17	423;411;507	-100.55;-102.12;-102.20	423;411		0.12
120.13028345	30.27090542	 2026-09-20 10:08:49.984	501	-94.92	423;507;513	-98.77;-102.20;-102.20	423;507		0.25
120.13027789	30.27090198	 2026-09-20 10:08:50.246	501	-99.35	411;423;507	-100.72;-101.70;-102.20	411;423		-1.39
120.13028097	30.27091804	 2026-09-20 10:08:50.485	501	-98.44	423;507;513	-99.30;-102.20;-102.20	423;507		-1.21
120.13027935	30.27092282	 2026-09-20 10:08:50.762	501	-96.12	423;411;513	-99.71;-100.79;-102.19	423;411		1.25
120.13028851	30.27092052	 2026-09-20 10:08:50.960	501	-96.69	411;423;513	-98.81;-99.18;-102.18	411;423		-1.76
120.13028613	30.27090680	 2026-09-20 10:08:51.272	501	-98.77	423;411;507	-99.25;-101.81;-102.20	423;411		-1.64
120.13026867	30.27091024	 2026-09-20 10:08:51.530	501	-98.21	411;417;507	-100.16;-100.86;-102.20	411;417		1.82
120.13028356	30.27090830	 2026-09-20 10:08:51.844	501	-98.13	423;513;507	-99.93;-101.87;-102.11	423;513		0.01
120.13027336	30.27092336	 2026-09-20 10:08:52.139	501	-95.15	411;423;507	-99.25;-101.37;-102.20	411;423		1.39
120.13028767	30.27092953	 2026-09-20 10:08:52.444	501	-97.58	423;417;507	-99.71;-99.88;-102.20	423;417		0.24
120.13027330	30.27092520	 2026-09-20 10:08:52.659	501	-98.07	423;507;513	-98.38;-102.20;-102.20	423;507		-1.50
120.13027520	30.27093069	 2026-09-20 10:08:52.865	501	-96.96	423;507;513	-99.51;-102.20;-102.20	423;507		0.89
120.13026742	30.27091852	 2026-09-20 10:08:53.049	501	-97.87	423;417;429	-100.42;-101.35;-101.44	423;417		0.44
120.13028643	30.27092611	 2026-09-20 10:08:53.321	501	-95.94	423;411;417	-99.63;-100.29;-102.19	423;411		-0.38
120.13027062	30.27093629	 2026-09-20 10:08:53.615	501	-95.10	411;423;507	-99.38;-99.95;-102.20	411;423		1.60
120.13027025	30.27093385	 2026-09-20 10:08:53.903	501	-99.11	423;417;411	-100.04;-100.32;-100.81	423;417		-2.06
120.13027259	30.27092953	 2026-09-20 10:08:54.140	501	-97.65	423;507;513	-100.13;-102.20;-102.20	423;507		-0.90
120.13027301	30.27092868	 2026-09-20 10:08:54.419	423	-98.30	501;417;507	-98.57;-101.70;-102.20	501;417		-1.95
120.13027504	30.27093923	 2026-09-20 10:08:54.659	501	-94.16	411;417;423	-101.03;-101.20;-101.96	411;417		5.78
120.13027854	30.27093621	 2026-09-20 10:08:54.879	501	-96.34	423;411;417	-98.77;-99.44;-102.05	423;411		0.53
120.13028319	30.27092959	 2026-09-20 10:08:55.179	501	-94.09	411;423;507	-101.03;-101.60;-102.20	411;423		4.89
120.13027293	30.27093690	 2026-09-20 10:08:55.368	501	-96.31	423;411;417	-99.41;-101.04;-101.57	423;411		1.86
120.13027407	30.27094661	 2026-09-20 10:08:55.566	501	-98.36	423;429;507	-100.06;-101.11;-102.20	423;429		-1.43
120.13027599	30.27093740	 2026-09-20 10:08:55.868	501	-97.00	423;411;507	-99.11;-100.87;-102.20	423;411		-1.53
120.13028980	30.27094619	 2026-09-20 10:08:56.114	501	-98.05	423;507;513	-100.00;-102.20;-102.20	423;507		-1.72
120.13028064	30.27093669	 2026-09-20 10:08:56.425	501	-98.44	423;513;411	-99.37;-100.57;-102.06	423;513		-2.66
120.13027440	30.27094623	 2026-09-20 10:08:56.708	501	-97.47	423;513;507	-100.97;-101.68;-102.20	423;513		0.05
120.13027674	30.27094776	 2026-09-20 10:08:56.963	423	-97.71	501;411;507	-99.11;-100.32;-102.20	501;411		-3.27
120.13028866	30.27095418	 2026-09-20 10:08:57.282	501	-98.42	507;513;429	-102.20;-102.20;-102.71	507;513		2.31
120.13028891	30.27095739	 2026-09-20 10:08:57.516	501	-97.33	423;411;429	-100.33;-100.44;-101.36	423;411		0.18
120.13027993	30.27095226	 2026-09-20 10:08:57.757	501	-95.12	411;423;417	-98.85;-100.63;-101.17	411;423		3.00
120.13027252	30.27095813	 2026-09-20 10:08:58.053	501	-93.49	411;423;417	-98.70;-100.25;-101.42	411;423		2.44
120.13027637	30.27095143	 2026-09-20 10:08:58.360	501	-96.68	411;507;513	-100.55;-102.20;-102.20	411;507		0.56
120.13026554	30.27095742	 2026-09-20 10:08:58.655	501	-98.09	423;507;513	-101.86;-102.20;-102.20	423;507		1.19
120.13026554	30.27095078	 2026-09-20 10:08:58.958	501	-94.80	411;429;507	-100.42;-102.14;-102.20	411;429		2.95
120.13027013	30.27096755	 2026-09-20 10:08:59.189	501	-95.72	423;411;507	-101.09;-101.70;-102.20	423;411		3.61
120.13027474	30.27095344	 2026-09-20 10:08:59.465	501	-96.54	423;507;513	-100.35;-102.20;-102.20	423;507		2.84
120.13027893	30.27096474	 2026-09-20 10:08:59.747	501	-95.09	411;417;507	-100.76;-101.88;-102.20	411;417		3.66
120.13026772	30.27097215	 2026-09-20 10:09:00.034	501	-93.67	423;429;411	-97.48;-100.53;-100.68	423;429		0.76
120.13028443	30.27096539	 2026-09-20 10:09:00.352	501	-94.01	423;507;513	-100.07;-102.20;-102.20	423;507		3.92
120.13027926	30.27097415	 2026-09-20 10:09:00.584	501	-97.08	417;423;411	-101.02;-102.03;-102.14	417;423		3.20
120.13028996	30.27095590	 2026-09-20 10:09:00.831	501	-98.27	411;423;507	-99.47;-100.05;-101.68	411;423		-2.16
120.13028351	30.27097371	 2026-09-20 10:09:01.113	501	-97.88	423;411;507	-101.32;-101.38;-102.20	423;411		1.78
120.13028079	30.27097323	 2026-09-20 10:09:01.342	501	-93.80	423;513;429	-99.20;-101.84;-102.13	423;513		4.30
120.13028632	30.27096461	 2026-09-20 10:09:01.542	501	-97.53	423;411;507	-100.98;-101.54;-102.20	423;411		1.66
120.13028854	30.27097648	 2026-09-20 10:09:01.735	501	-94.59	411;423;429	-101.27;-101.67;-102.09	411;423		2.98
120.13027986	30.27097644	 2026-09-20 10:09:02.029	501	-97.48	411;417;423	-98.59;-99.78;-101.82	411;417		-1.25
120.13028727	30.27097669	 2026-09-20 10:09:02.328	501	-96.80	411;423;507	-101.07;-101.28;-102.20	411;423		2.49
120.13028869	30.27097900	 2026-09-20 10:09:02.635	501	-97.09	423;411;507	-99.04;-102.09;-102.20	423;411		-0.18
120.13028475	30.27096743	 2026-09-20 10:09:02.885	411	-99.84	501;423;513	-99.92;-101.01;-102.19	501;423		-2.67
120.13028364	30.27098473	 2026-09-20 10:09:03.079	501	-97.86	423;417;507	-99.68;-101.59;-102.20	423;417		-0.12
120.13027107	30.27098905	 2026-09-20 10:09:03.338	501	-95.30	411;507;423	-100.17;-101.12;-101.52	411;507		4.21
120.13026972	30.27099297	 2026-09-20 10:09:03.544	501	-97.22	411;423;507	-99.04;-99.97;-100.78	411;423		-0.49
120.13028207	30.27099276	 2026-09-20 10:09:03.823	501	-96.71	411;423;417	-99.45;-101.49;-101.78	411;423		0.27
120.13028492	30.27098975	 2026-09-20 10:09:04.131	501	-93.94	411;507;513	-101.24;-102.20;-102.20	411;507		3.85
120.13026685	30.27097780	 2026-09-20 10:09:04.340	501	-95.21	423;411;507	-98.61;-100.79;-102.20	423;411		0.77
120.13027903	30.27098440	 2026-09-20 10:09:04.602	501	-94.09	417;423;411	-100.53;-100.58;-101.68	417;423		2.40
120.13027982	30.27098188	 2026-09-20 10:09:04.799	501	-98.05	411;507;513	-99.90;-102.20;-102.20	411;507		0.76
120.13027810	30.27099895	 2026-09-20 10:09:05.087	501	-96.69	411;423;429	-99.18;-100.77;-102.06	411;423		-1.64
120.13028921	30.27099153	 2026-09-20 10:09:05.397	501	-95.87	423;411;507	-100.81;-102.18;-102.20	423;411		3.30
120.13026676	30.27099856	 2026-09-20 10:09:05.657	501	-93.92	411;423;513	-99.90;-100.25;-102.06	411;423		5.04
120.13027707	30.27100013	 2026-09-20 10:09:05.968	501	-98.36	423;507;513	-99.61;-102.20;-102.20	423;507		-1.71
120.13028160	30.27099082	 2026-09-20 10:09:06.217	501	-96.81	411;423;507	-97.35;-101.03;-102.20	411;423		-2.79
120.13027779	30.27100606	 2026-09-20 10:09:06.504	501	-97.31	411;423;417	-99.51;-102.01;-102.09	411;423		-0.25
120.13028929	30.27100614	 2026-09-20 10:09:06.811	501	-97.98	411;423;417	-98.75;-100.27;-101.49	411;423		-1.68
120.13027747	30.27100805	 2026-09-20 10:09:07.111	501	-99.08	423;429;507	-100.72;-101.25;-102.20	423;429		-1.46
120.13028698	30.27099891	 2026-09-20 10:09:07.416	501	-94.68	411;507;513	-101.16;-102.20;-102.20	411;507		3.39
120.13026601	30.27100281	 2026-09-20 10:09:07.731	501	-94.00	513;507;429	-102.15;-102.20;-102.22	513;507		6.39
120.13028696	30.27100244	 2026-09-20 10:09:07.927	501	-95.39	411;507;513	-100.28;-102.20;-102.20	411;507		2.12
120.13028478	30.27100182	 2026-09-20 10:09:08.173	501	-94.06	423;411;417	-100.85;-101.45;-101.61	423;411		4.04
120.13027752	30.27101683	 2026-09-20 10:09:08.386	501	-96.07	423;411;513	-101.38;-101.48;-101.82	423;411		0.90
120.13028464	30.27101656	 2026-09-20 10:09:08.612	501	-95.51	411;429;507	-99.79;-101.24;-102.20	411;429		2.93
120.13026644	30.27101653	 2026-09-20 10:09:08.845	501	-94.20	411;507;513	-100.81;-102.20;-102.20	411;507		3.50
120.13027166	30.27101667	 2026-09-20 10:09:09.099	501	-95.58	411;417;507	-99.94;-102.17;-102.20	411;417		1.09
120.13027706	30.27102171	 2026-09-20 10:09:09.301	501	-96.59	411;429;507	-100.36;-100.37;-102.20	411;429		-0.29
120.13028155	30.27100794	 2026-09-20 10:09:09.515	501	-96.36	411;507;513	-101.71;-102.20;-102.20	411;507		-0.80
120.13028380	30.27102647	 2026-09-20 10:09:09.698	411	-97.27	501;507;513	-97.97;-102.20;-102.20	501;507		-2.34
120.13027194	30.27101484	 2026-09-20 10:09:09.985	501	-95.15	411;423;417	-99.33;-101.07;-101.39	411;423		0.99
120.13027713	30.27100888	 2026-09-20 10:09:10.209	501	-97.04	411;429;507	-99.51;-101.26;-102.20	411;429		-1.83
120.13027394	30.27102276	 2026-09-20 10:09:10.489	501	-94.42	423;411;507	-101.09;-101.16;-102.20	423;411		5.43
120.13028850	30.27101566	 2026-09-20 10:09:10.711	501	-94.92	417;507;513	-101.11;-102.20;-102.20	417;507		2.67
120.13028957	30.27101460	 2026-09-20 10:09:10.948	501	-98.39	507;513;411	-102.20;-102.20;-102.79	507;513		1.17
120.13027898	30.27102636	 2026-09-20 10:09:11.213	501	-99.40	423;411;507	-101.85;-101.94;-102.20	423;411		-0.24
120.13027127	30.27101991	 2026-09-20 10:09:11.464	501	-98.66	423;411;507	-99.91;-100.07;-102.20	423;411		-1.84
120.13028956	30.27102432	 2026-09-20 10:09:11.693	501	-97.29	411;507;513	-99.47;-102.20;-102.20	411;507		-0.30
120.13028324	30.27103194	 2026-09-20 10:09:11.954	501	-99.00	411;513;507	-99.02;-101.74;-102.20	411;513		-3.52
120.13027039	30.27103405	 2026-09-20 10:09:12.234	501	-93.98	411;513;429	-97.85;-100.09;-101.45	411;513		0.33
120.13028670	30.27103791	 2026-09-20 10:09:12.482	501	-97.55	513;411;507	-100.38;-102.09;-102.20	513;411		1.34
120.13028999	30.27102469	 2026-09-20 10:09:12.787	501	-95.28	411;423;513	-100.13;-101.08;-101.40	411;423		2.78
120.13028401	30.27104234	 2026-09-20 10:09:13.033	501	-99.17	423;411;507	-100.94;-101.26;-102.20	423;411		-0.31
120.13027768	30.27103127	 2026-09-20 10:09:13.327	501	-95.62	411;507;513	-99.28;-102.20;-102.20	411;507		0.03
120.13028974	30.27103274	 2026-09-20 10:09:13.610	501	-96.98	411;423;507	-99.15;-100.45;-102.20	411;423		-0.96
120.13027521	30.27103855	 2026-09-20 10:09:13.862	501	-94.72	411;507;513	-98.91;-102.20;-102.20	411;507		3.43
120.13027318	30.27103147	 2026-09-20 10:09:14.169	501	-95.18	411;429;423	-98.47;-101.87;-102.03	411;429		1.64
120.13027021	30.27103196	 2026-09-20 10:09:14.460	501	-94.05	423;411;507	-100.15;-100.97;-102.20	423;411		3.41
120.13027343	30.27104644	 2026-09-20 10:09:14.749	501	-95.37	411;423;507	-101.10;-101.72;-102.20	411;423		2.39
120.13028455	30.27104221	 2026-09-20 10:09:15.068	501	-95.11	411;417;507	-100.37;-102.17;-102.20	411;417		3.16
120.13026679	30.27105315	 2026-09-20 10:09:15.369	501	-97.03	423;411;507	-99.76;-101.09;-102.20	423;411		-0.09
120.13028084	30.27105297	 2026-09-20 10:09:15.634	501	-94.41	411;423;417	-100.21;-101.11;-102.17	411;423		3.58
120.13028750	30.27104545	 2026-09-20 10:09:15.936	501	-98.41	411;507;513	-99.25;-102.20;-102.20	411;507		-2.75
120.13028169	30.27104969	 2026-09-20 10:09:16.165	501	-94.62	411;507;423	-100.33;-101.87;-102.14	411;507		3.03
120.13028566	30.27106225	 2026-09-20 10:09:16.401	501	-95.83	411;417;423	-99.53;-100.41;-100.62	411;417		1.06
120.13028713	30.27105844	 2026-09-20 10:09:16.598	501	-97.14	411;423;417	-100.51;-101.85;-102.14	411;423		0.38
120.13027388	30.27105356	 2026-09-20 10:09:16.887	501	-93.55	411;417;429	-99.76;-101.97;-102.17	411;417		4.72
120.13027051	30.27104648	 2026-09-20 10:09:17.087	501	-95.85	417;411;423	-100.82;-101.78;-101.82	417;411		2.37
120.13026563	30.27105394	 2026-09-20 10:09:17.395	501	-98.33	411;507;513	-99.55;-102.20;-102.20	411;507		-1.27
120.13027674	30.27106435	 2026-09-20 10:09:17.708	411	-96.26	501;423;429	-98.08;-100.85;-101.45	501;423		0.18
120.13028277	30.27105186	 2026-09-20 10:09:17.982	501	-95.76	411;423;507	-99.16;-99.69;-102.20	411;423		0.56
120.13026811	30.27105731	 2026-09-20 10:09:18.299	501	-94.41	411;423;507	-99.92;-101.10;-101.77	411;423		3.46
120.13027160	30.27105819	 2026-09-20 10:09:18.503	501	-97.71	411;507;513	-101.59;-102.20;-102.20	411;507		1.68
120.13027251	30.27106822	 2026-09-20 10:09:18.713	501	-95.43	411;423;507	-99.14;-101.41;-102.20	411;423		4.06
120.13026911	30.27107133	 2026-09-20 10:09:18.932	501	-94.21	411;423;507	-101.05;-101.99;-102.20	411;423		5.37
120.13027566	30.27106585	 2026-09-20 10:09:19.199	501	-94.47	411;423;507	-100.79;-100.95;-102.20	411;423		4.81
120.13027838	30.27106984	 2026-09-20 10:09:19.442	501	-97.72	411;429;423	-99.56;-100.60;-102.01	411;429		-2.58
120.13028845	30.27108110	 2026-09-20 10:09:19.730	501	-96.47	411;507;513	-98.58;-102.20;-102.20	411;507		-0.44
120.13027238	30.27108310	 2026-09-20 10:09:19.988	501	-95.63	423;411;513	-100.23;-100.36;-101.47	423;411		2.97
120.13026848	30.27108367	 2026-09-20 10:09:20.238	501	-94.50	411;507;513	-98.94;-101.27;-102.20	411;507		2.27
120.13027709	30.27107137	 2026-09-20 10:09:20.478	501	-95.73	411;423;507	-98.71;-101.91;-102.20	411;423		-0.16
120.13026619	30.27107740	 2026-09-20 10:09:20.786	501	-94.67	411;417;429	-99.81;-101.33;-101.80	411;417		1.76
120.13026757	30.27107109	 2026-09-20 10:09:21.043	501	-94.99	411;507;513	-100.95;-101.73;-101.76	411;507		3.18
120.13027276	30.27107971	 2026-09-20 10:09:21.289	501	-97.17	411;507;513	-100.37;-101.80;-102.20	411;507		0.58
120.13028498	30.27108026	 2026-09-20 10:09:21.473	501	-96.29	411;507;513	-99.25;-102.20;-102.20	411;507		-0.40
120.13027880	30.27108552	 2026-09-20 10:09:21.733	501	-97.19	513;507;411	-99.98;-102.20;-102.44	513;507		1.86
120.13028980	30.27107353	 2026-09-20 10:09:21.960	411	-98.70	501;513;507	-100.42;-101.67;-102.20	501;513		0.40
120.13026584	30.27107832	 2026-09-20 10:09:22.184	501	-95.63	429;411;513	-100.28;-101.31;-101.38	429;411		3.54
120.13028895	30.27108513	 2026-09-20 10:09:22.422	501	-96.28	411;507;513	-99.45;-102.20;-102.20	411;507		0.29
120.13027913	30.27108304	 2026-09-20 10:09:22.709	501	-97.87	423;411;429	-98.95;-99.30;-100.52	423;411		-1.99
120.13026691	30.27107923	 2026-09-20 10:09:22.940	411	-96.55	501;429;507	-97.11;-100.27;-102.20	501;429		-3.46
120.13028646	30.27108137	 2026-09-20 10:09:23.214	501	-97.86	411;507;513	-101.55;-102.20;-102.20	411;507		-0.08
120.13027569	30.27108279	 2026-09-20 10:09:23.436	501	-96.74	411;429;507	-99.75;-101.80;-102.20	411;429		0.38
120.13027008	30.27108633	 2026-09-20 10:09:23.649	501	-96.38	411;507;513	-99.68;-102.20;-102.20	411;507		1.41
120.13027421	30.27108815	 2026-09-20 10:09:23.885	501	-93.38	411;507;513	-100.38;-102.20;-102.20	411;507		5.00
120.13027969	30.27110063	 2026-09-20 10:09:24.181	501	-95.26	411;513;507	-99.93;-101.54;-102.20	411;513		2.31
120.13027483	30.27110441	 2026-09-20 10:09:24.369	501	-96.63	411;507;513	-98.59;-102.20;-102.20	411;507		-0.30
120.13028214	30.27110588	 2026-09-20 10:09:24.558	411	-98.86	501;507;513	-99.29;-102.20;-102.20	501;507		-3.99
120.13027256	30.27110688	 2026-09-20 10:09:24.848	501	-98.29	411;513;507	-98.56;-101.87;-102.20	411;513		-1.50
120.13027885	30.27111175	 2026-09-20 10:09:25.167	501	-94.71	411;429;507	-99.61;-101.92;-102.20	411;429		1.98
120.13028615	30.27110060	 2026-09-20 10:09:25.374	501	-96.14	429;417;411	-100.70;-100.82;-101.85	429;417		2.03
120.13026668	30.27111169	 2026-09-20 10:09:25.611	501	-95.65	411;423;507	-97.45;-100.57;-102.20	411;423		-0.75
120.13028304	30.27110510	 2026-09-20 10:09:25.851	501	-95.55	411;417;507	-99.91;-101.36;-102.20	411;417		2.83
120.13027109	30.27109839	 2026-09-20 10:09:26.109	501	-98.12	411;507;513	-100.04;-102.20;-102.20	411;507		-0.59
120.13026729	30.27111890	 2026-09-20 10:09:26.423	501	-94.76	423;411;507	-100.03;-100.38;-102.20	423;411		2.54
120.13028205	30.27110721	 2026-09-20 10:09:26.610	501	-94.64	411;513;429	-94.73;-99.27;-101.66	411;513		-2.45
120.13027249	30.27110357	 2026-09-20 10:09:26.890	501	-95.01	411;513;507	-99.76;-100.63;-102.20	411;513		1.38
120.13028037	30.27111908	 2026-09-20 10:09:27.159	501	-94.44	411;507;513	-98.42;-102.20;-102.20	411;507		1.78
120.13027011	30.27111358	 2026-09-20 10:09:27.459	501	-93.35	411;507;513	-97.44;-102.20;-102.20	411;507		2.68
120.13027656	30.27111226	 2026-09-20 10:09:27.763	501	-94.97	411;423;507	-99.83;-102.01;-102.20	411;423		0.94
120.13026935	30.27110855	 2026-09-20 10:09:28.020	501	-96.41	411;423;507	-99.82;-100.52;-102.06	411;423		2.16
120.13028309	30.27111756	 2026-09-20 10:09:28.327	501	-95.75	411;429;507	-98.34;-100.36;-102.20	411;429		0.18
120.13028102	30.27111153	 2026-09-20 10:09:28.514	501	-95.72	411;507;513	-100.09;-102.20;-102.20	411;507		0.36
120.13028063	30.27112607	 2026-09-20 10:09:28.724	501	-96.11	411;513;507	-96.68;-101.11;-102.20	411;513		-2.06
120.13027020	30.27112305	 2026-09-20 10:09:28.947	501	-95.89	411;507;513	-99.88;-102.20;-102.20	411;507		0.42
120.13027898	30.27111995	 2026-09-20 10:09:29.223	501	-97.56	411;507;513	-99.38;-102.20;-102.20	411;507		-1.08
120.13027774	30.27112127	 2026-09-20 10:09:29.449	501	-94.51	411;417;507	-100.03;-101.26;-102.20	411;417		3.75
120.13027451	30.27113712	 2026-09-20 10:09:29.677	501	-96.75	411;513;507	-101.42;-101.65;-102.20	411;513		1.83
120.13028587	30.27112189	 2026-09-20 10:09:29.905	501	-93.77	411;429;507	-98.07;-101.67;-102.20	411;429		2.27
120.13028325	30.27114131	 2026-09-20 10:09:30.102	501	-96.42	411;507;513	-101.20;-102.20;-102.20	411;507		1.99
120.13026900	30.27113730	 2026-09-20 10:09:30.414	411	-97.38	501;429;507	-97.72;-100.79;-102.20	501;429		-1.65
120.13028879	30.27113729	 2026-09-20 10:09:30.733	501	-98.39	411;507;513	-99.60;-102.20;-102.20	411;507		-1.70
120.13029008	30.27114356	 2026-09-20 10:09:31.020	501	-93.66	411;429;507	-100.01;-101.61;-102.20	411;429		3.60
120.13028289	30.27113670	 2026-09-20 10:09:31.298	501	-96.79	411;507;513	-100.20;-102.20;-102.20	411;507		0.90
120.13027741	30.27112879	 2026-09-20 10:09:31.553	501	-96.43	411;429;417	-100.34;-101.04;-101.58	411;429		2.30
120.13029014	30.27114967	 2026-09-20 10:09:31.777	411	-96.61	501;507;513	-97.12;-102.20;-102.20	501;507		-1.00
120.13026624	30.27114239	 2026-09-20 10:09:31.978	501	-97.22	411;507;513	-98.96;-101.97;-102.20	411;507		-0.44
120.13027083	30.27113367	 2026-09-20 10:09:32.296	501	-95.90	411;513;423	-99.65;-100.41;-102.19	411;513		-0.20
120.13027400	30.27113803	 2026-09-20 10:09:32.591	411	-95.93	501;513;507	-97.07;-100.87;-102.20	501;513		-0.30
120.13027845	30.27115312	 2026-09-20 10:09:32.818	501	-95.08	411;423;507	-100.14;-102.15;-102.20	411;423		3.42
120.13028943	30.27114491	 2026-09-20 10:09:33.097	501	-94.25	411;423;513	-98.53;-100.53;-101.47	411;423		0.47
120.13028803	30.27114378	 2026-09-20 10:09:33.376	501	-96.00	411;423;507	-100.09;-101.72;-102.20	411;423		0.50
120.13026766	30.27115910	 2026-09-20 10:09:33.681	501	-95.60	411;429;507	-98.02;-101.90;-102.20	411;429		2.30
120.13028266	30.27115898	 2026-09-20 10:09:33.930	501	-96.70	411;513;429	-98.88;-100.59;-101.61	411;513		-1.24
120.13026824	30.27115070	 2026-09-20 10:09:34.228	501	-97.18	411;513;507	-97.69;-98.68;-102.20	411;513		-3.44
120.13027247	30.27116025	 2026-09-20 10:09:34.514	501	-95.84	411;513;429	-98.66;-101.14;-101.70	411;513		1.84
120.13027658	30.27114787	 2026-09-20 10:09:34.721	501	-94.31	411;423;417	-98.45;-101.66;-102.15	411;423		1.64
120.13027434	30.27116236	 2026-09-20 10:09:34.985	501	-98.21	411;423;507	-99.98;-100.64;-102.20	411;423		-2.36
120.13027507	30.27115597	 2026-09-20 10:09:35.190	501	-94.78	411;513;507	-99.14;-101.17;-102.20	411;513		2.28
120.13028972	30.27116988	 2026-09-20 10:09:35.446	501	-97.03	411;507;513	-99.13;-102.20;-102.20	411;507		-0.15
120.13027452	30.27115643	 2026-09-20 10:09:35.659	411	-96.70	501;507;513	-97.27;-102.20;-102.20	501;507		-1.40
120.13028301	30.27115696	 2026-09-20 10:09:35.968	501	-96.90	411;507;513	-100.81;-102.20;-102.20	411;507		1.93
120.13028155	30.27116122	 2026-09-20 10:09:36.172	411	-98.09	423;501;507	-101.28;-101.68;-102.20	423;501		0.60
120.13028020	30.27116759	 2026-09-20 10:09:36.479	411	-95.52	501;507;513	-96.50;-102.20;-102.20	501;507		-2.72
120.13026920	30.27116693	 2026-09-20 10:09:36.733	501	-94.03	411;507;513	-99.04;-102.20;-102.20	411;507		4.02
120.13028288	30.27117611	 2026-09-20 10:09:36.913	501	-94.30	411;507;513	-95.60;-102.20;-102.20	411;507		-1.38
120.13027921	30.27117287	 2026-09-20 10:09:37.123	501	-95.81	411;507;513	-98.35;-102.20;-102.20	411;507		0.16
120.13028302	30.27116317	 2026-09-20 10:09:37.429	501	-96.61	411;507;513	-97.78;-102.20;-102.20	411;507		-0.96
120.13026763	30.27117981	 2026-09-20 10:09:37.722	501	-93.93	411;507;513	-98.55;-101.28;-102.20	411;507		2.22
120.13028094	30.27117438	 2026-09-20 10:09:38.000	501	-95.33	411;507;513	-100.20;-102.20;-102.20	411;507		2.49
120.13028592	30.27117251	 2026-09-20 10:09:38.231	501	-94.19	411;429;507	-98.38;-101.29;-102.20	411;429		1.52
120.13027291	30.27118652	 2026-09-20 10:09:38.459	411	-95.57	501;507;513	-96.80;-102.20;-102.20	501;507		-2.09
120.13027462	30.27118688	 2026-09-20 10:09:38.719	411	-94.20	501;513;507	-97.01;-100.28;-102.20	501;513		-0.14
120.13027720	30.27117922	 2026-09-20 10:09:38.962	501	-92.01	411;429;507	-98.76;-101.34;-102.20	411;429		3.97
120.13027088	30.27117521	 2026-09-20 10:09:39.221	411	-94.88	501;417;507	-96.93;-101.48;-102.20	501;417		-0.23
120.13027167	30.27118832	 2026-09-20 10:09:39.501	501	-94.73	411;513;507	-98.15;-100.75;-102.20	411;513		0.75
120.13027970	30.27118612	 2026-09-20 10:09:39.806	501	-96.45	411;417;507	-97.07;-101.48;-102.20	411;417		-1.13
120.13028138	30.27119512	 2026-09-20 10:09:39.990	411	-93.48	501;513;417	-95.37;-100.24;-101.98	501;513		-1.42
120.13026877	30.27118196	 2026-09-20 10:09:40.246	411	-95.03	513;501;423	-98.75;-99.38;-101.83	513;501		-0.20
120.13028511	30.27117834	 2026-09-20 10:09:40.525	501	-97.58	411;513;507	-97.87;-101.47;-102.20	411;513		-1.56
120.13027448	30.27118730	 2026-09-20 10:09:40.825	501	-94.16	411;429;507	-98.00;-100.74;-102.20	411;429		1.66
120.13028936	30.27119194	 2026-09-20 10:09:41.112	501	-95.33	411;429;417	-95.34;-101.45;-101.71	411;429		-1.74
120.13027763	30.27119650	 2026-09-20 10:09:41.292	411	-96.89	501;507;513	-97.51;-102.20;-102.20	501;507		-0.15
120.13026870	30.27118473	 2026-09-20 10:09:41.530	501	-95.35	411;507;513	-98.54;-102.20;-102.20	411;507		0.29
120.13027377	30.27119895	 2026-09-20 10:09:41.728	501	-97.12	411;417;507	-100.06;-101.25;-102.20	411;417		-0.43
120.13026970	30.27119551	 2026-09-20 10:09:42.007	501	-96.00	411;429;507	-96.59;-98.79;-102.20	411;429		-1.45
120.13028019	30.27120459	 2026-09-20 10:09:42.307	411	-95.17	501;423;513	-98.85;-100.54;-101.90	501;423		0.65
120.13026991	30.27120595	 2026-09-20 10:09:42.494	411	-94.20	501;513;507	-94.73;-102.01;-102.20	501;513		-0.50
120.13028198	30.27119410	 2026-09-20 10:09:42.733	501	-96.41	411;507;513	-97.05;-102.20;-102.20	411;507		-2.09
120.13026800	30.27119719	 2026-09-20 10:09:42.937	501	-94.60	411;507;513	-96.53;-102.20;-102.20	411;507		0.02
120.13027409	30.27120657	 2026-09-20 10:09:43.117	501	-93.57	411;507;513	-95.27;-102.20;-102.20	411;507		0.10
120.13027780	30.27120797	 2026-09-20 10:09:43.403	411	-96.62	501;417;507	-97.12;-101.46;-102.20	501;417		-1.53
120.13029032	30.27121068	 2026-09-20 10:09:43.660	411	-95.24	501;417;507	-96.29;-102.09;-102.20	501;417		-0.14
120.13028253	30.27120203	 2026-09-20 10:09:43.971	501	-94.57	411;429;507	-98.23;-102.16;-102.20	411;429		2.21
120.13028267	30.27121277	 2026-09-20 10:09:44.199	501	-94.52	411;507;513	-97.43;-102.20;-102.20	411;507		2.02
120.13029018	30.27122164	 2026-09-20 10:09:44.419	501	-95.23	411;507;513	-97.38;-102.20;-102.20	411;507		-0.80
120.13028891	30.27120441	 2026-09-20 10:09:44.611	501	-93.44	411;507;513	-94.93;-102.20;-102.20	411;507		-0.52
120.13027215	30.27121512	 2026-09-20 10:09:44.916	501	-95.23	411;513;507	-97.89;-102.15;-102.20	411;513		1.19
120.13028366	30.27122136	 2026-09-20 10:09:45.160	501	-95.55	411;423;507	-97.19;-101.48;-102.20	411;423		-0.71
120.13027420	30.27121230	 2026-09-20 10:09:45.360	501	-93.31	411;423;513	-97.29;-100.59;-101.86	411;423		3.24
120.13027735	30.27122833	 2026-09-20 10:09:45.607	501	-95.15	411;417;507	-95.74;-101.92;-102.20	411;417		-2.56
120.13027413	30.27122705	 2026-09-20 10:09:45.846	411	-93.10	501;507;513	-96.27;-102.20;-102.20	501;507		2.08
120.13028276	30.27121162	 2026-09-20 10:09:46.055	501	-96.51	411;417;507	-99.77;-102.11;-102.20	411;417		-0.69
120.13027479	30.27121560	 2026-09-20 10:09:46.330	501	-95.86	411;513;507	-100.08;-100.28;-102.20	411;513		2.32
120.13027915	30.27122115	 2026-09-20 10:09:46.584	501	-94.17	411;513;507	-97.41;-102.05;-102.20	411;513		-0.56
120.13029002	30.27122105	 2026-09-20 10:09:46.871	501	-97.34	411;429;507	-97.52;-101.28;-102.20	411;429		-2.04
120.13026911	30.27122428	 2026-09-20 10:09:47.176	501	-97.06	411;513;507	-97.47;-101.55;-102.20	411;513		-2.25
120.13026935	30.27122698	 2026-09-20 10:09:47.410	501	-96.03	411;507;513	-98.44;-102.20;-102.20	411;507		-1.50
120.13026708	30.27123685	 2026-09-20 10:09:47.646	411	-95.54	501;507;513	-97.95;-102.20;-102.20	501;507		0.61
120.13028883	30.27124206	 2026-09-20 10:09:47.956	411	-96.15	501;513;507	-96.83;-100.76;-101.44	501;513		-0.57
120.13028034	30.27123126	 2026-09-20 10:09:48.170	501	-95.15	411;507;513	-97.27;-102.20;-102.20	411;507		1.47
120.13027796	30.27124379	 2026-09-20 10:09:48.401	411	-94.77	501;429;507	-95.73;-101.84;-102.20	501;429		-1.43
120.13028448	30.27123844	 2026-09-20 10:09:48.584	501	-95.20	411;507;513	-98.22;-102.20;-102.20	411;507		0.98
120.13027369	30.27123935	 2026-09-20 10:09:48.825	501	-95.96	411;507;513	-97.76;-102.20;-102.20	411;507		-2.32
120.13027953	30.27124023	 2026-09-20 10:09:49.012	411	-94.42	501;513;507	-95.31;-101.81;-102.20	501;513		0.02
120.13028410	30.27124670	 2026-09-20 10:09:49.331	411	-92.08	501;423;507	-97.35;-102.03;-102.20	501;423		4.23
120.13027508	30.27123868	 2026-09-20 10:09:49.550	411	-93.08	501;417;507	-96.48;-102.14;-102.20	501;417		-1.15
120.13027058	30.27125339	 2026-09-20 10:09:49.813	411	-95.34	501;507;513	-97.80;-102.20;-102.20	501;507		-0.57
120.13026631	30.27123549	 2026-09-20 10:09:50.100	411	-94.17	501;513;507	-97.60;-101.64;-102.20	501;513		-1.02
120.13027408	30.27124177	 2026-09-20 10:09:50.406	501	-93.69	411;507;513	-95.85;-102.20;-102.20	411;507		0.74
120.13027824	30.27125295	 2026-09-20 10:09:50.593	411	-94.23	501;417;507	-98.83;-101.77;-102.20	501;417		-0.41
120.13026845	30.27124768	 2026-09-20 10:09:50.846	411	-93.47	501;507;513	-94.74;-102.20;-102.20	501;507		-0.89
120.13028512	30.27125755	 2026-09-20 10:09:51.039	501	-95.00	411;513;507	-96.97;-100.94;-102.20	411;513		-0.45
120.13027513	30.27124926	 2026-09-20 10:09:51.355	411	-95.90	501;513;507	-97.57;-101.69;-102.20	501;513		-2.27
120.13027545	30.27126304	 2026-09-20 10:09:51.642	411	-93.39	501;513;429	-96.57;-100.27;-102.05	501;513		1.12
120.13028299	30.27126399	 2026-09-20 10:09:51.917	501	-93.04	411;513;507	-95.38;-100.64;-102.20	411;513		-0.33
120.13028620	30.27125302	 2026-09-20 10:09:52.104	411	-93.96	501;429;417	-95.21;-100.80;-101.40	501;429		-1.14
120.13028237	30.27125349	 2026-09-20 10:09:52.305	411	-94.65	501;513;507	-96.44;-99.43;-102.20	501;513		-0.98
120.13028157	30.27126163	 2026-09-20 10:09:52.568	411	-93.33	501;513;507	-96.43;-100.22;-102.20	501;513		-0.16
120.13026809	30.27125451	 2026-09-20 10:09:52.841	501	-95.63	411;513;507	-96.41;-100.92;-102.20	411;513		-1.02
120.13027893	30.27127184	 2026-09-20 10:09:53.083	411	-94.77	501;507;513	-95.60;-102.20;-102.20	501;507		-2.28
120.13027716	30.27125291	 2026-09-20 10:09:53.349	411	-94.67	501;417;507	-96.68;-101.69;-102.20	501;417		-1.19
120.13027991	30.27127539	 2026-09-20 10:09:53.600	411	-95.46	501;417;507	-96.04;-102.02;-102.20	501;417		-2.50
120.13026794	30.27125586	 2026-09-20 10:09:53.880	411	-95.44	501;417;429	-98.85;-100.42;-102.07	501;417		0.23
120.13028470	30.27126103	 2026-09-20 10:09:54.178	411	-95.38	501;513;507	-96.61;-101.34;-102.20	501;513		-2.59
120.13028583	30.27127708	 2026-09-20 10:09:54.440	411	-93.25	501;417;507	-97.70;-101.79;-102.20	501;417		3.59
120.13028231	30.27126837	 2026-09-20 10:09:54.638	411	-93.73	501;417;507	-96.11;-102.11;-102.20	501;417		-0.89
120.13028406	30.27127185	 2026-09-20 10:09:54.846	411	-96.65	501;507;513	-99.41;-102.20;-102.20	501;507		2.05
120.13027572	30.27126863	 2026-09-20 10:09:55.106	411	-93.93	501;507;513	-94.62;-102.20;-102.20	501;507		-1.90
120.13027078	30.27127250	 2026-09-20 10:09:55.300	411	-95.64	501;513;507	-98.03;-102.13;-102.20	501;513		-0.07
120.13028561	30.27126750	 2026-09-20 10:09:55.589	411	-94.85	501;417;507	-94.93;-101.90;-102.05	501;417		-3.06
120.13027601	30.27127542	 2026-09-20 10:09:55.880	411	-94.85	501;429;513	-96.66;-100.65;-101.35	501;429		-1.06
120.13027044	30.27126860	 2026-09-20 10:09:56.148	411	-95.47	501;507;513	-97.77;-102.20;-102.20	501;507		-1.11
120.13027890	30.27127164	 2026-09-20 10:09:56.419	411	-96.26	501;513;507	-99.62;-102.15;-102.20	501;513		1.03
120.13027874	30.27127409	 2026-09-20 10:09:56.602	411	-96.22	501;513;423	-97.61;-101.44;-101.97	501;513		-0.14
120.13026995	30.27127889	 2026-09-20 10:09:56.808	411	-96.62	501;513;507	-97.75;-100.91;-102.20	501;513		-1.81
120.13028114	30.27127772	 2026-09-20 10:09:57.047	411	-96.45	501;507;513	-96.53;-102.20;-102.20	501;507		-2.46
120.13027598	30.27128846	 2026-09-20 10:09:57.255	411	-94.61	501;507;513	-94.99;-102.20;-102.20	501;507		-3.16
120.13028912	30.27128136	 2026-09-20 10:09:57.515	411	-95.03	501;507;513	-97.88;-102.20;-102.20	501;507		-0.88
120.13028815	30.27128059	 2026-09-20 10:09:57.777	411	-91.63	501;513;417	-96.05;-100.40;-102.11	501;513		2.04
120.13028149	30.27129079	 2026-09-20 10:09:58.071	411	-92.58	501;507;513	-96.68;-102.20;-102.20	501;507		1.46
120.13028608	30.27128253	 2026-09-20 10:09:58.258	411	-95.18	501;507;513	-96.46;-102.20;-102.20	501;507		0.46
120.13028239	30.27128597	 2026-09-20 10:09:58.558	411	-93.53	501;507;513	-98.53;-102.20;-102.20	501;507		2.77
120.13027656	30.27129702	 2026-09-20 10:09:58.754	501	-95.06	411;423;507	-95.29;-102.04;-102.20	411;423		-3.34
120.13027155	30.27129040	 2026-09-20 10:09:58.998	411	-96.14	501;507;513	-97.98;-102.20;-102.20	501;507		-0.30
120.13027690	30.27128775	 2026-09-20 10:09:59.304	411	-93.08	501;513;507	-96.92;-100.78;-102.20	501;513		1.68
120.13027275	30.27129476	 2026-09-20 10:09:59.551	501	-95.80	411;507;513	-97.55;-102.20;-102.20	411;507		-1.11
120.13028747	30.27130150	 2026-09-20 10:09:59.737	411	-93.70	501;507;513	-95.07;-102.20;-102.20	501;507		-1.84
120.13028332	30.27130891	 2026-09-20 10:10:00.037	411	-93.74	501;507;513	-97.97;-102.20;-102.20	501;507		3.02
120.13027556	30.27130456	 2026-09-20 10:10:00.348	411	-92.83	501;507;513	-96.55;-102.20;-102.20	501;507		3.06
120.13027966	30.27130297	 2026-09-20 10:10:00.529	411	-96.61	501;513;507	-98.38;-100.38;-102.20	501;513		-1.34
120.13028758	30.27131605	 2026-09-20 10:10:00.738	501	-96.83	411;507;513	-97.65;-102.20;-102.20	411;507		-3.63
120.13028523	30.27131029	 2026-09-20 10:10:00.997	411	-93.80	501;513;507	-98.53;-101.02;-102.20	501;513		2.12
120.13028879	30.27130615	 2026-09-20 10:10:01.181	411	-90.48	501;417;507	-93.80;-101.70;-102.20	501;417		2.17
120.13027039	30.27132079	 2026-09-20 10:10:01.374	411	-94.39	501;507;513	-95.23;-102.20;-102.20	501;507		-0.70
