120.13027890	30.27131602	 2026-09-20 15:30:00.000	411	-85.51	417;423;429	-96.88;-97.26;-98.83	417;423		11.34
120.13027937	30.27131893	 2026-09-20 15:30:00.225	411	-86.45	429;417;501	-95.02;-95.91;-99.30	429;417		7.93
120.13027279	30.27131035	 2026-09-20 15:30:00.509	411	-84.35	429;417;423	-96.98;-97.23;-97.26	429;417		12.00
120.13029441	30.27130348	 2026-09-20 15:30:00.773	411	-86.50	417;429;423	-96.51;-97.46;-99.63	417;429		9.29
120.13028055	30.27132123	 2026-09-20 15:30:01.006	411	-84.20	429;417;423	-91.43;-97.61;-98.00	429;417		6.65
120.13029722	30.27131309	 2026-09-20 15:30:01.186	411	-88.26	417;429;501	-96.89;-98.33;-98.59	417;429		9.12
120.13028025	30.27132186	 2026-09-20 15:30:01.442	411	-84.92	429;423;417	-99.34;-99.36;-99.99	429;423		12.00
120.13028298	30.27130897	 2026-09-20 15:30:01.642	411	-86.24	423;429;417	-95.14;-96.63;-96.91	423;429		11.79
120.13029103	30.27130436	 2026-09-20 15:30:01.881	411	-87.52	423;417;429	-94.89;-96.40;-100.08	423;417		7.84
120.13028316	30.27131587	 2026-09-20 15:30:02.149	411	-87.62	417;423;429	-96.66;-97.73;-98.67	417;423		7.29
120.13028588	30.27130725	 2026-09-20 15:30:02.435	411	-88.12	417;429;501	-97.29;-98.08;-98.65	417;429		8.86
120.13029139	30.27130169	 2026-09-20 15:30:02.616	411	-85.26	429;417;423	-96.33;-98.07;-99.59	429;417		10.03
120.13030769	30.27130611	 2026-09-20 15:30:02.844	411	-88.47	423;429;417	-98.47;-98.69;-98.98	423;429		8.83
120.13028809	30.27130996	 2026-09-20 15:30:03.026	411	-85.54	429;417;423	-97.35;-97.43;-98.51	429;417		11.38
120.13029524	30.27130974	 2026-09-20 15:30:03.310	411	-86.02	429;423;501	-97.05;-97.84;-98.64	429;423		11.60
120.13030249	30.27130129	 2026-09-20 15:30:03.601	411	-85.14	417;429;423	-95.41;-97.96;-98.83	417;429		9.35
120.13030886	30.27131983	 2026-09-20 15:30:03.797	411	-83.82	417;429;423	-97.39;-97.45;-98.60	417;429		12.00
120.13031394	30.27130333	 2026-09-20 15:30:03.979	411	-85.85	417;501;429	-97.59;-98.60;-99.55	417;501		11.12
120.13030391	30.27132083	 2026-09-20 15:30:04.178	411	-87.43	429;417;423	-94.90;-96.01;-97.40	429;417		4.96
120.13031705	30.27130191	 2026-09-20 15:30:04.359	411	-87.52	429;417;423	-97.65;-97.94;-98.06	429;417		9.38
120.13030735	30.27131368	 2026-09-20 15:30:04.572	411	-85.59	417;429;423	-95.94;-96.55;-97.68	417;429		9.53
120.13031342	30.27130394	 2026-09-20 15:30:04.858	411	-86.66	423;417;429	-96.11;-97.44;-97.51	423;417		7.24
120.13030997	30.27132130	 2026-09-20 15:30:05.054	411	-86.23	423;501;429	-94.52;-97.87;-98.11	423;501		5.79
120.13032761	30.27131935	 2026-09-20 15:30:05.280	411	-87.65	417;423;429	-97.88;-99.17;-100.38	417;423		8.14
120.13031141	30.27130825	 2026-09-20 15:30:05.477	411	-85.92	417;429;501	-97.21;-97.76;-99.08	417;429		9.49
120.13032008	30.27131883	 2026-09-20 15:30:05.711	411	-86.19	429;417;423	-94.98;-95.88;-98.86	429;417		8.36
120.13031029	30.27131361	 2026-09-20 15:30:05.966	411	-87.09	417;501;429	-96.09;-98.24;-99.46	417;501		7.86
120.13030997	30.27130970	 2026-09-20 15:30:06.149	411	-83.91	417;429;501	-95.84;-98.57;-99.13	417;429		10.87
120.13032267	30.27131059	 2026-09-20 15:30:06.438	411	-88.85	417;423;429	-95.62;-95.96;-98.43	417;423		7.78
120.13031413	30.27130320	 2026-09-20 15:30:06.714	411	-83.25	423;429;417	-95.90;-96.80;-98.68	423;429		11.50
120.13033210	30.27130819	 2026-09-20 15:30:06.930	411	-88.04	417;429;423	-95.49;-96.16;-99.59	417;429		6.39
120.13031821	30.27130751	 2026-09-20 15:30:07.175	411	-85.34	429;417;423	-95.50;-97.82;-98.32	429;417		10.17
120.13032716	30.27131890	 2026-09-20 15:30:07.357	411	-86.33	429;417;423	-96.56;-97.68;-98.76	429;417		10.10
120.13033343	30.27131200	 2026-09-20 15:30:07.623	411	-86.75	429;417;423	-93.78;-95.59;-97.97	429;417		4.91
120.13033222	30.27131473	 2026-09-20 15:30:07.837	411	-87.17	417;423;429	-94.75;-97.47;-98.53	417;423		6.27
120.13033386	30.27130499	 2026-09-20 15:30:08.133	411	-85.18	417;429;423	-96.53;-97.32;-97.36	417;429		9.76
120.13034480	30.27130581	 2026-09-20 15:30:08.404	411	-83.69	417;429;423	-95.57;-96.09;-97.81	417;429		10.53
120.13034879	30.27130138	 2026-09-20 15:30:08.591	411	-88.28	417;423;429	-94.38;-97.84;-98.66	417;423		4.30
120.13035014	30.27131707	 2026-09-20 15:30:08.799	411	-83.99	417;429;423	-95.51;-97.87;-99.85	417;429		10.33
120.13035314	30.27130214	 2026-09-20 15:30:09.060	411	-82.80	429;417;423	-95.84;-96.37;-100.07	429;417		11.90
120.13034508	30.27132042	 2026-09-20 15:30:09.349	411	-86.42	429;423;417	-96.83;-97.09;-97.66	429;423		10.19
120.13035235	30.27131647	 2026-09-20 15:30:09.663	411	-84.13	417;429;501	-93.04;-97.50;-98.58	417;429		8.18
120.13033599	30.27130172	 2026-09-20 15:30:09.937	411	-82.33	429;423;501	-96.15;-99.63;-99.71	429;423		12.00
120.13036067	30.27130568	 2026-09-20 15:30:10.128	411	-84.27	429;417;423	-96.24;-96.99;-98.54	429;417		10.47
120.13034443	30.27131558	 2026-09-20 15:30:10.430	411	-86.42	429;423;417	-94.31;-95.70;-95.79	429;423		6.05
120.13034579	30.27131243	 2026-09-20 15:30:10.728	411	-84.72	417;429;423	-97.47;-97.90;-98.77	417;429		11.44
120.13036360	30.27132257	 2026-09-20 15:30:11.044	411	-84.32	429;423;417	-97.29;-98.84;-98.95	429;423		10.02
120.13036319	30.27131210	 2026-09-20 15:30:11.342	411	-84.06	429;417;423	-95.63;-98.25;-98.67	429;417		10.67
120.13035210	30.27131881	 2026-09-20 15:30:11.548	411	-86.10	423;429;417	-96.10;-96.44;-97.93	423;429		9.52
120.13035966	30.27131099	 2026-09-20 15:30:11.785	411	-84.55	417;423;429	-96.79;-96.81;-100.24	417;423		11.04
120.13035419	30.27131804	 2026-09-20 15:30:12.100	411	-85.52	417;423;429	-92.19;-98.71;-99.70	417;423		5.66
120.13034974	30.27131634	 2026-09-20 15:30:12.370	411	-85.48	429;417;501	-94.47;-97.81;-99.44	429;417		8.51
120.13035776	30.27132263	 2026-09-20 15:30:12.611	411	-83.34	429;423;417	-96.81;-97.12;-99.71	429;423		12.00
120.13036185	30.27130786	 2026-09-20 15:30:12.914	411	-84.86	417;423;501	-96.49;-97.29;-97.44	417;423		11.03
120.13035829	30.27130887	 2026-09-20 15:30:13.123	411	-87.09	417;429;423	-95.30;-97.22;-99.60	417;429		8.26
120.13038038	30.27131880	 2026-09-20 15:30:13.380	411	-86.33	423;429;417	-96.94;-98.03;-98.86	423;429		8.88
120.13036804	30.27131280	 2026-09-20 15:30:13.613	411	-87.66	429;423;417	-94.90;-95.50;-96.16	429;423		5.35
120.13038236	30.27130461	 2026-09-20 15:30:13.865	411	-86.08	417;429;501	-94.32;-95.64;-99.73	417;429		5.01
120.13037004	30.27131486	 2026-09-20 15:30:14.135	411	-84.68	429;417;423	-94.83;-96.23;-98.28	429;417		8.41
120.13036609	30.27130874	 2026-09-20 15:30:14.353	411	-87.22	429;417;423	-96.76;-96.85;-98.21	429;417		8.05
120.13036919	30.27131251	 2026-09-20 15:30:14.654	411	-84.90	417;429;423	-96.27;-96.57;-101.20	417;429		11.38
120.13039022	30.27131827	 2026-09-20 15:30:14.904	411	-87.02	429;417;423	-95.46;-96.11;-99.85	429;417		8.16
120.13036920	30.27131043	 2026-09-20 15:30:15.216	411	-87.17	417;423;429	-95.42;-95.85;-98.76	417;423		5.94
120.13038690	30.27131691	 2026-09-20 15:30:15.497	411	-87.29	417;429;423	-94.01;-97.61;-99.66	417;429		6.49
120.13039233	30.27130581	 2026-09-20 15:30:15.724	411	-83.47	429;417;423	-93.60;-95.47;-98.38	429;417		9.30
120.13038027	30.27130154	 2026-09-20 15:30:15.919	411	-85.25	417;429;423	-95.42;-98.32;-99.10	417;429		10.32
120.13038215	30.27132013	 2026-09-20 15:30:16.099	411	-85.36	423;429;417	-96.30;-96.70;-97.65	423;429		8.16
120.13038457	30.27130880	 2026-09-20 15:30:16.321	411	-84.16	417;423;429	-93.59;-95.88;-96.64	417;423		8.01
120.13038960	30.27131002	 2026-09-20 15:30:16.625	411	-85.89	423;417;429	-95.04;-95.39;-96.75	423;417		6.83
120.13038606	30.27130473	 2026-09-20 15:30:16.855	411	-81.79	423;429;417	-98.07;-98.26;-98.39	423;429		12.00
120.13038978	30.27131630	 2026-09-20 15:30:17.110	411	-84.54	417;423;429	-96.32;-98.73;-99.85	417;423		11.79
120.13038545	30.27130740	 2026-09-20 15:30:17.417	411	-85.12	417;429;423	-92.81;-98.03;-98.08	417;429		5.93
120.13040229	30.27131023	 2026-09-20 15:30:17.715	411	-83.68	423;417;429	-97.13;-98.06;-98.58	423;417		12.00
120.13039951	30.27131097	 2026-09-20 15:30:17.942	411	-81.06	429;501;423	-95.91;-96.75;-97.60	429;501		12.00
120.13039701	30.27131389	 2026-09-20 15:30:18.230	411	-83.74	417;423;429	-94.64;-95.84;-96.62	417;423		11.21
120.13040369	30.27131843	 2026-09-20 15:30:18.541	411	-84.01	417;423;429	-92.48;-97.37;-99.38	417;423		7.38
120.13041091	30.27130646	 2026-09-20 15:30:18.859	411	-83.94	417;429;423	-93.77;-96.87;-97.68	417;429		7.32
120.13040114	30.27130263	 2026-09-20 15:30:19.062	411	-84.14	417;429;501	-94.95;-96.69;-100.04	417;429		8.78
120.13040165	30.27131674	 2026-09-20 15:30:19.293	411	-84.94	429;417;423	-94.81;-96.94;-97.50	429;417		9.27
120.13041036	30.27131687	 2026-09-20 15:30:19.523	411	-87.08	417;423;501	-96.52;-97.75;-97.76	417;423		9.45
120.13039911	30.27131659	 2026-09-20 15:30:19.791	411	-84.80	417;429;501	-96.80;-97.74;-98.63	417;429		11.53
120.13040066	30.27130214	 2026-09-20 15:30:19.998	411	-84.07	429;423;417	-94.66;-95.23;-96.97	429;423		7.73
120.13042243	30.27130304	 2026-09-20 15:30:20.225	411	-84.66	417;429;423	-94.37;-95.69;-96.92	417;429		9.05
120.13040727	30.27131816	 2026-09-20 15:30:20.525	411	-83.53	417;429;423	-95.63;-96.77;-97.15	417;429		12.00
120.13042189	30.27131987	 2026-09-20 15:30:20.791	411	-83.88	417;429;423	-95.77;-97.42;-97.80	417;429		12.00
120.13042307	30.27131577	 2026-09-20 15:30:21.100	411	-84.41	423;429;417	-92.99;-97.60;-97.94	423;429		7.45
120.13042601	30.27131974	 2026-09-20 15:30:21.368	411	-83.97	417;429;423	-95.36;-98.60;-99.77	417;429		10.47
120.13042695	30.27131722	 2026-09-20 15:30:21.585	411	-86.55	429;423;417	-97.23;-99.48;-100.00	429;423		10.57
120.13043179	30.27130883	 2026-09-20 15:30:21.791	411	-87.04	417;429;423	-95.02;-95.67;-100.64	417;429		7.53
120.13041683	30.27131301	 2026-09-20 15:30:22.009	411	-85.71	417;429;423	-97.32;-97.91;-99.10	417;429		10.92
120.13041985	30.27132057	 2026-09-20 15:30:22.272	411	-84.08	429;417;423	-93.87;-96.15;-99.66	429;417		8.28
120.13042648	30.27130411	 2026-09-20 15:30:22.479	411	-86.03	417;429;423	-94.37;-96.24;-96.48	417;429		5.10
120.13042306	30.27131243	 2026-09-20 15:30:22.785	411	-85.18	417;423;429	-95.73;-97.05;-97.32	417;423		10.05
120.13043727	30.27131931	 2026-09-20 15:30:23.038	411	-82.01	423;429;417	-96.51;-98.05;-98.11	423;429		12.00
120.13042420	30.27130664	 2026-09-20 15:30:23.229	411	-84.64	417;423;429	-93.58;-96.20;-97.08	417;423		8.87
120.13042735	30.27131377	 2026-09-20 15:30:23.474	411	-84.06	423;417;429	-95.72;-96.82;-97.69	423;417		9.95
120.13043613	30.27131311	 2026-09-20 15:30:23.662	411	-84.36	423;417;429	-96.28;-97.03;-97.62	423;417		10.33
120.13044840	30.27130670	 2026-09-20 15:30:23.921	411	-83.37	417;429;423	-94.81;-96.98;-97.90	417;429		11.63
120.13044130	30.27130992	 2026-09-20 15:30:24.216	411	-83.65	429;417;423	-94.51;-97.10;-98.18	429;417		9.85
120.13043202	30.27130957	 2026-09-20 15:30:24.433	411	-84.43	417;423;429	-94.22;-95.09;-96.51	417;423		7.66
120.13043470	30.27130901	 2026-09-20 15:30:24.741	411	-84.04	417;429;423	-96.82;-96.85;-98.12	417;429		12.00
120.13045309	30.27130353	 2026-09-20 15:30:25.041	411	-85.45	417;429;423	-94.69;-95.03;-97.04	417;429		7.82
120.13043575	30.27131148	 2026-09-20 15:30:25.323	411	-83.07	417;423;429	-94.54;-94.60;-94.74	417;423		9.34
120.13044618	30.27131358	 2026-09-20 15:30:25.616	411	-84.46	423;417;429	-94.94;-96.11;-98.50	423;417		9.85
120.13046167	30.27131419	 2026-09-20 15:30:25.804	411	-83.43	417;429;501	-95.61;-97.79;-98.65	417;429		11.38
120.13046160	30.27130785	 2026-09-20 15:30:26.049	411	-83.15	429;417;423	-94.42;-95.64;-97.71	429;417		10.25
120.13045150	30.27131447	 2026-09-20 15:30:26.252	411	-83.98	417;429;423	-96.04;-98.58;-100.03	417;429		10.64
120.13045874	30.27131584	 2026-09-20 15:30:26.553	411	-83.17	429;417;423	-95.88;-98.01;-100.69	429;417		8.98
120.13045778	30.27130835	 2026-09-20 15:30:26.772	411	-85.15	417;423;429	-93.26;-98.98;-99.14	417;423		8.80
120.13045883	30.27130715	 2026-09-20 15:30:27.030	411	-86.15	417;423;429	-92.47;-96.23;-98.58	417;423		5.70
120.13044727	30.27131473	 2026-09-20 15:30:27.276	411	-86.39	429;423;417	-95.65;-97.69;-97.93	429;423		8.05
120.13046823	30.27131372	 2026-09-20 15:30:27.525	411	-83.73	429;417;423	-94.11;-96.71;-98.41	429;417		8.42
120.13045538	30.27130181	 2026-09-20 15:30:27.798	411	-84.76	417;429;423	-95.78;-96.81;-96.87	417;429		11.02
120.13046803	30.27130312	 2026-09-20 15:30:28.030	411	-85.96	429;417;423	-94.27;-95.91;-98.12	429;417		5.63
120.13045602	30.27130323	 2026-09-20 15:30:28.222	411	-86.63	417;429;423	-95.19;-97.08;-97.59	417;429		8.53
120.13045565	30.27131379	 2026-09-20 15:30:28.453	411	-83.83	417;423;429	-95.00;-95.08;-98.43	417;423		10.70
120.13046896	30.27131991	 2026-09-20 15:30:28.732	411	-85.84	429;417;423	-95.66;-95.70;-96.47	429;417		9.32
120.13046845	30.27131990	 2026-09-20 15:30:29.020	411	-86.28	423;417;429	-94.30;-95.95;-96.88	423;417		5.64
120.13047364	30.27131501	 2026-09-20 15:30:29.312	411	-85.56	429;417;423	-93.63;-95.17;-97.90	429;417		6.70
120.13047889	30.27131068	 2026-09-20 15:30:29.551	411	-84.64	417;429;423	-94.06;-96.00;-96.36	417;429		8.86
120.13048073	30.27132110	 2026-09-20 15:30:29.756	411	-86.41	417;429;423	-96.07;-97.77;-99.58	417;429		9.48
120.13047379	30.27130891	 2026-09-20 15:30:30.061	411	-85.27	417;423;429	-95.13;-95.99;-98.05	417;423		9.14
120.13047201	30.27130527	 2026-09-20 15:30:30.342	411	-86.66	417;429;423	-91.86;-93.47;-93.62	417;429		5.02
120.13048716	30.27131290	 2026-09-20 15:30:30.649	411	-86.84	417;429;423	-93.23;-94.15;-97.53	417;429		5.40
120.13048061	30.27130789	 2026-09-20 15:30:30.969	411	-84.82	417;423;429	-96.72;-96.77;-96.88	417;423		10.19
120.13048084	30.27130385	 2026-09-20 15:30:31.164	411	-86.22	417;429;423	-95.49;-96.49;-97.06	417;429		7.43
120.13049745	30.27131807	 2026-09-20 15:30:31.454	411	-83.68	417;429;423	-95.17;-95.23;-95.77	417;429		10.70
120.13048638	30.27131266	 2026-09-20 15:30:31.771	411	-84.65	417;423;429	-96.86;-97.69;-98.19	417;423		9.65
120.13049753	30.27130182	 2026-09-20 15:30:31.981	411	-88.98	417;423;429	-95.83;-96.81;-97.78	417;423		4.83
120.13048678	30.27130551	 2026-09-20 15:30:32.252	411	-87.49	417;429;423	-93.78;-95.52;-95.77	417;429		6.35
120.13048366	30.27131514	 2026-09-20 15:30:32.551	411	-85.06	417;423;429	-94.88;-96.66;-96.92	417;423		9.52
120.13050448	30.27130305	 2026-09-20 15:30:32.858	411	-84.67	429;417;501	-94.98;-97.88;-99.61	429;417		10.27
120.13049021	30.27131574	 2026-09-20 15:30:33.111	411	-80.88	417;429;423	-94.35;-95.83;-96.89	417;429		11.71
120.13049692	30.27131125	 2026-09-20 15:30:33.374	411	-85.57	423;417;429	-92.84;-92.99;-94.56	423;417		8.14
120.13049781	30.27131527	 2026-09-20 15:30:33.677	411	-86.72	417;429;423	-94.12;-96.33;-98.53	417;429		5.85
120.13051069	30.27130180	 2026-09-20 15:30:33.988	411	-84.52	417;429;423	-94.06;-96.03;-97.69	417;429		9.52
120.13050997	30.27132172	 2026-09-20 15:30:34.228	411	-83.07	417;429;423	-93.83;-97.14;-99.36	417;429		9.34
120.13049704	30.27131917	 2026-09-20 15:30:34.462	411	-84.35	423;429;417	-97.83;-98.30;-98.51	423;429		12.00
120.13049835	30.27130230	 2026-09-20 15:30:34.723	411	-84.35	417;429;423	-94.60;-97.34;-99.36	417;429		9.59
120.13051412	30.27130985	 2026-09-20 15:30:35.025	411	-86.09	429;417;423	-96.91;-97.56;-99.50	429;417		9.86
120.13050873	30.27131071	 2026-09-20 15:30:35.230	411	-83.98	417;429;423	-93.69;-97.05;-98.04	417;429		9.41
120.13050660	30.27130682	 2026-09-20 15:30:35.511	411	-84.00	417;423;429	-92.83;-95.57;-97.44	417;423		7.63
120.13050998	30.27131463	 2026-09-20 15:30:35.731	411	-85.84	429;417;423	-94.67;-95.83;-97.11	429;417		7.52
120.13050469	30.27130227	 2026-09-20 15:30:35.920	411	-87.39	417;423;429	-91.47;-97.31;-97.53	417;423		3.17
120.13051731	30.27130475	 2026-09-20 15:30:36.166	411	-83.01	417;429;423	-95.72;-96.15;-98.01	417;429		12.00
120.13052399	30.27130677	 2026-09-20 15:30:36.418	411	-85.74	417;429;423	-94.50;-96.83;-97.32	417;429		7.11
120.13052909	30.27131584	 2026-09-20 15:30:36.637	411	-81.08	417;423;429	-95.08;-95.60;-96.25	417;423		12.00
120.13052960	30.27130461	 2026-09-20 15:30:36.830	411	-85.02	429;423;417	-95.29;-95.84;-96.82	429;423		11.37
120.13052258	30.27130132	 2026-09-20 15:30:37.021	411	-83.21	423;417;429	-96.32;-96.99;-98.80	423;417		12.00
120.13051936	30.27131836	 2026-09-20 15:30:37.287	411	-87.88	423;417;429	-95.02;-96.17;-97.70	423;417		6.26
120.13053598	30.27131549	 2026-09-20 15:30:37.480	411	-84.41	429;417;423	-93.88;-96.63;-98.15	429;417		8.16
120.13053507	30.27131209	 2026-09-20 15:30:37.788	411	-85.54	417;429;423	-93.52;-95.06;-96.84	417;429		5.84
120.13051918	30.27130935	 2026-09-20 15:30:38.107	411	-87.03	417;429;423	-93.57;-96.05;-97.18	417;429		5.70
120.13053528	30.27131480	 2026-09-20 15:30:38.363	411	-83.13	417;429;423	-91.34;-95.22;-98.59	417;429		6.42
120.13053744	30.27131070	 2026-09-20 15:30:38.606	411	-88.71	429;423;417	-95.43;-96.36;-96.85	429;423		6.00
120.13053188	30.27130395	 2026-09-20 15:30:38.912	411	-86.10	417;429;423	-94.12;-96.41;-97.30	417;429		5.46
120.13054252	30.27131169	 2026-09-20 15:30:39.162	411	-87.51	423;429;417	-95.13;-95.18;-96.68	423;429		6.99
120.13054632	30.27130833	 2026-09-20 15:30:39.403	411	-85.82	417;429;423	-95.48;-96.01;-99.64	417;429		9.48
120.13052938	30.27131977	 2026-09-20 15:30:39.626	411	-87.09	417;429;423	-94.68;-96.13;-96.32	417;429		5.19
120.13052844	30.27131046	 2026-09-20 15:30:39.895	411	-87.26	423;417;429	-94.52;-95.21;-95.35	423;417		5.01
120.13055390	30.27130383	 2026-09-20 15:30:40.124	411	-86.20	423;417;429	-94.48;-94.88;-94.97	423;417		7.86
120.13053888	30.27130160	 2026-09-20 15:30:40.373	411	-85.09	417;429;423	-91.85;-96.34;-97.51	417;429		7.66
120.13053390	30.27131612	 2026-09-20 15:30:40.682	411	-84.25	417;429;423	-94.16;-95.53;-97.54	417;429		8.14
120.13053962	30.27131333	 2026-09-20 15:30:40.991	411	-86.52	417;429;423	-93.88;-95.38;-96.14	417;429		7.34
120.13054230	30.27131011	 2026-09-20 15:30:41.242	411	-84.61	417;429;423	-95.01;-95.71;-97.12	417;429		11.45
120.13056032	30.27130341	 2026-09-20 15:30:41.459	411	-85.51	417;423;429	-92.98;-96.04;-96.16	417;423		7.14
120.13054863	30.27131543	 2026-09-20 15:30:41.673	411	-83.85	417;423;429	-93.01;-97.23;-98.17	417;423		8.95
120.13054573	30.27130819	 2026-09-20 15:30:41.912	411	-84.02	417;423;429	-95.09;-95.52;-96.85	417;423		10.63
120.13055800	30.27132204	 2026-09-20 15:30:42.177	411	-85.62	417;429;423	-94.43;-94.86;-97.91	417;429		7.88
120.13054519	30.27131778	 2026-09-20 15:30:42.485	411	-83.50	417;429;423	-96.01;-96.32;-96.66	417;429		11.17
120.13056800	30.27130859	 2026-09-20 15:30:42.752	411	-83.65	417;423;429	-93.81;-94.68;-97.02	417;423		10.30
120.13055114	30.27130871	 2026-09-20 15:30:43.033	411	-83.02	417;429;423	-92.76;-96.93;-97.06	417;429		10.35
120.13056626	30.27131001	 2026-09-20 15:30:43.258	411	-83.62	417;429;423	-95.69;-97.10;-99.95	417;429		10.16
120.13056130	30.27130568	 2026-09-20 15:30:43.524	411	-86.29	429;417;423	-93.32;-96.22;-98.60	429;417		6.19
120.13057155	30.27131975	 2026-09-20 15:30:43.820	411	-84.25	417;429;423	-92.17;-96.18;-98.41	417;429		8.18
120.13057024	30.27130962	 2026-09-20 15:30:44.104	411	-83.99	417;429;423	-94.11;-95.98;-96.30	417;429		9.74
120.13057545	30.27132192	 2026-09-20 15:30:44.293	411	-84.21	429;417;423	-95.04;-95.87;-98.91	429;417		9.26
120.13056967	30.27130600	 2026-09-20 15:30:44.601	411	-86.89	417;429;423	-93.86;-96.30;-97.00	417;429		6.69
120.13056401	30.27130358	 2026-09-20 15:30:44.847	411	-84.35	417;423;429	-93.89;-96.29;-97.97	417;423		9.81
120.13056156	30.27130349	 2026-09-20 15:30:45.082	411	-86.58	417;429;423	-92.79;-96.12;-97.37	417;429		4.51
120.13058425	30.27130499	 2026-09-20 15:30:45.365	411	-85.81	417;423;429	-92.67;-96.75;-96.89	417;423		4.87
120.13057667	30.27131793	 2026-09-20 15:30:45.580	411	-83.18	417;429;423	-94.04;-96.44;-97.14	417;429		10.90
120.13058636	30.27131260	 2026-09-20 15:30:45.767	411	-86.99	429;417;423	-93.57;-94.16;-99.34	429;417		6.67
120.13057078	30.27131567	 2026-09-20 15:30:46.022	411	-84.87	417;423;429	-95.39;-97.21;-97.35	417;423		8.66
120.13058271	30.27131971	 2026-09-20 15:30:46.327	411	-84.20	423;417;429	-95.71;-96.48;-96.99	423;417		10.28
120.13057955	30.27130742	 2026-09-20 15:30:46.568	411	-85.63	417;423;429	-95.05;-95.20;-96.25	417;423		6.46
120.13057413	30.27131720	 2026-09-20 15:30:46.858	411	-82.09	417;423;429	-95.73;-98.49;-99.70	417;423		11.73
120.13059205	30.27131846	 2026-09-20 15:30:47.149	411	-86.02	417;429;423	-92.43;-93.75;-98.00	417;429		5.97
120.13057572	30.27131690	 2026-09-20 15:30:47.438	411	-86.93	429;417;423	-94.52;-95.65;-98.10	429;417		7.41
120.13058467	30.27131739	 2026-09-20 15:30:47.748	411	-81.87	417;429;423	-91.87;-95.27;-96.01	417;429		8.47
120.13059999	30.27130793	 2026-09-20 15:30:47.976	411	-84.11	417;423;429	-95.06;-96.28;-96.45	417;423		10.84
120.13060200	30.27130314	 2026-09-20 15:30:48.204	411	-84.72	417;429;423	-92.97;-96.14;-96.78	417;429		6.67
120.13060384	30.27130857	 2026-09-20 15:30:48.504	411	-84.67	417;423;429	-91.95;-93.94;-96.69	417;423		8.03
120.13058440	30.27131429	 2026-09-20 15:30:48.797	411	-87.09	429;417;423	-95.05;-97.08;-97.55	429;417		6.67
120.13059478	30.27130218	 2026-09-20 15:30:49.062	411	-85.04	417;423;429	-94.01;-96.89;-99.97	417;423		8.44
120.13060233	30.27131838	 2026-09-20 15:30:49.363	411	-81.59	417;429;423	-93.71;-95.74;-95.82	417;429		12.00
120.13060392	30.27131861	 2026-09-20 15:30:49.581	411	-85.44	417;429;423	-91.91;-96.56;-96.88	417;429		6.19
120.13060307	30.27130274	 2026-09-20 15:30:49.869	411	-86.56	429;417;423	-93.11;-95.78;-97.03	429;417		3.88
120.13061517	30.27132030	 2026-09-20 15:30:50.145	411	-84.80	417;429;423	-94.46;-95.34;-97.25	417;429		8.56
120.13060915	30.27132091	 2026-09-20 15:30:50.453	411	-85.82	417;429;423	-95.46;-97.02;-97.66	417;429		8.21
120.13060803	30.27131741	 2026-09-20 15:30:50.673	411	-87.09	417;429;423	-92.23;-94.99;-100.22	417;429		5.25
120.13061359	30.27131580	 2026-09-20 15:30:50.954	411	-84.24	417;423;429	-91.75;-96.00;-98.56	417;423		5.54
120.13060477	30.27131266	 2026-09-20 15:30:51.178	411	-85.80	417;429;423	-94.03;-95.95;-97.25	417;429		7.54
120.13060417	30.27131466	 2026-09-20 15:30:51.477	411	-88.71	429;417;423	-94.51;-95.19;-96.40	429;417		3.47
120.13062056	30.27132198	 2026-09-20 15:30:51.790	411	-85.06	429;417;423	-92.15;-93.91;-97.11	429;417		6.16
120.13060992	30.27130258	 2026-09-20 15:30:51.976	411	-84.02	417;423;429	-94.37;-94.87;-96.58	417;423		10.66
120.13061896	30.27130857	 2026-09-20 15:30:52.225	411	-84.40	417;429;423	-92.67;-96.18;-96.74	417;429		9.36
120.13061616	30.27131097	 2026-09-20 15:30:52.525	411	-85.13	417;423;429	-92.81;-95.46;-95.84	417;423		4.74
120.13062399	30.27131934	 2026-09-20 15:30:52.741	411	-82.96	417;423;429	-93.78;-97.81;-98.04	417;423		10.15
120.13062147	30.27131143	 2026-09-20 15:30:53.009	411	-85.23	417;423;429	-93.48;-94.95;-95.66	417;423		8.20
120.13061810	30.27130340	 2026-09-20 15:30:53.299	411	-87.45	417;423;429	-95.84;-96.21;-96.28	417;423		9.07
120.13063453	30.27130509	 2026-09-20 15:30:53.577	411	-87.15	417;429;423	-93.67;-95.70;-97.36	417;429		4.11
120.13061920	30.27130498	 2026-09-20 15:30:53.842	411	-88.48	417;429;423	-91.71;-94.95;-97.13	417;429		2.03
120.13061829	30.27130759	 2026-09-20 15:30:54.106	411	-84.77	417;429;423	-94.44;-96.72;-98.70	417;429		9.15
120.13062830	30.27131509	 2026-09-20 15:30:54.331	411	-87.11	417;429;423	-94.32;-94.84;-97.30	417;429		7.17
120.13063673	30.27131634	 2026-09-20 15:30:54.603	411	-83.97	429;423;417	-95.06;-95.44;-96.99	429;423		9.38
120.13063738	30.27131399	 2026-09-20 15:30:54.848	411	-86.31	417;423;429	-95.63;-97.06;-97.46	417;423		7.03
120.13063991	30.27132251	 2026-09-20 15:30:55.038	411	-85.05	417;429;423	-91.95;-94.84;-95.63	417;429		7.01
120.13064727	30.27131379	 2026-09-20 15:30:55.344	411	-86.45	417;429;423	-93.35;-94.65;-95.53	417;429		6.12
120.13063079	30.27131642	 2026-09-20 15:30:55.634	411	-84.85	417;423;429	-94.55;-95.75;-99.39	417;423		8.87
120.13065143	30.27130327	 2026-09-20 15:30:55.819	411	-85.85	417;429;423	-90.63;-94.69;-97.26	417;429		3.88
120.13063065	30.27131497	 2026-09-20 15:30:56.055	411	-85.56	417;429;423	-89.28;-94.37;-96.59	417;429		1.31
120.13063299	30.27130479	 2026-09-20 15:30:56.244	411	-84.40	423;429;417	-93.33;-94.89;-95.25	423;429		7.47
120.13063665	30.27130923	 2026-09-20 15:30:56.440	411	-85.78	417;423;429	-92.31;-95.19;-99.81	417;423		6.10
120.13064654	30.27131779	 2026-09-20 15:30:56.679	411	-86.99	417;423;429	-90.80;-96.24;-97.58	417;423		3.12
120.13066067	30.27131259	 2026-09-20 15:30:56.866	411	-85.68	417;423;429	-93.62;-97.33;-97.92	417;423		6.22
120.13065147	30.27130667	 2026-09-20 15:30:57.125	411	-86.54	417;429;423	-94.49;-94.98;-99.25	417;429		7.46
120.13065824	30.27131130	 2026-09-20 15:30:57.363	411	-86.77	417;429;423	-91.24;-94.73;-96.44	417;429		4.04
120.13065453	30.27131737	 2026-09-20 15:30:57.580	411	-87.87	417;429;423	-94.37;-94.51;-96.48	417;429		6.91
120.13065278	30.27130569	 2026-09-20 15:30:57.880	411	-85.30	417;423;429	-95.61;-96.05;-96.26	417;423		8.43
120.13064878	30.27132219	 2026-09-20 15:30:58.107	411	-84.00	417;429;423	-93.62;-94.91;-95.37	417;429		9.47
120.13065729	30.27132064	 2026-09-20 15:30:58.295	411	-87.25	417;423;429	-91.78;-95.26;-98.54	417;423		3.41
120.13064773	30.27131883	 2026-09-20 15:30:58.483	411	-86.15	417;429;423	-92.01;-94.39;-95.76	417;429		6.17
120.13066558	30.27130496	 2026-09-20 15:30:58.675	411	-84.93	417;423;429	-92.28;-94.89;-98.66	417;423		9.00
120.13065609	30.27132013	 2026-09-20 15:30:58.914	411	-85.04	417;423;429	-96.25;-97.32;-98.72	417;423		8.48
120.13066161	30.27131568	 2026-09-20 15:30:59.188	411	-85.13	417;423;429	-93.72;-95.96;-99.47	417;423		6.71
120.13066965	30.27130707	 2026-09-20 15:30:59.488	411	-86.15	429;417;423	-94.28;-94.52;-97.28	429;417		6.75
120.13066194	30.27130817	 2026-09-20 15:30:59.752	411	-85.38	417;429;423	-95.25;-95.60;-98.75	417;429		7.36
120.13067138	30.27130293	 2026-09-20 15:30:59.958	411	-86.04	417;423;429	-91.72;-97.15;-97.67	417;423		4.22
120.13067079	30.27131599	 2026-09-20 15:31:00.237	411	-86.18	417;423;429	-93.56;-96.53;-97.24	417;423		6.82
120.13067525	30.27130584	 2026-09-20 15:31:00.550	411	-85.95	417;429;423	-94.85;-95.53;-95.80	417;429		7.16
120.13068538	30.27131824	 2026-09-20 15:31:00.851	411	-87.33	417;429;423	-94.26;-94.32;-97.79	417;429		6.49
120.13067799	30.27130382	 2026-09-20 15:31:01.094	411	-84.55	417;429;423	-93.76;-95.59;-95.61	417;429		8.85
120.13066940	30.27131803	 2026-09-20 15:31:01.407	411	-84.68	417;429;423	-90.85;-96.49;-96.87	417;429		4.68
120.13068288	30.27131484	 2026-09-20 15:31:01.662	411	-85.12	417;429;423	-93.78;-95.74;-97.46	417;429		8.93
120.13067403	30.27131341	 2026-09-20 15:31:01.861	411	-87.74	417;429;423	-93.02;-96.88;-98.85	417;429		5.46
120.13068415	30.27132192	 2026-09-20 15:31:02.083	411	-86.60	417;423;429	-91.91;-96.10;-96.22	417;423		3.31
120.13068771	30.27132260	 2026-09-20 15:31:02.355	411	-86.11	417;423;429	-92.49;-94.44;-94.67	417;423		6.32
120.13067681	30.27132039	 2026-09-20 15:31:02.578	411	-87.40	417;423;429	-94.46;-94.96;-97.02	417;423		5.48
120.13069675	30.27130922	 2026-09-20 15:31:02.772	411	-86.35	417;423;429	-94.63;-96.06;-96.94	417;423		4.68
120.13069028	30.27132206	 2026-09-20 15:31:02.986	411	-87.80	417;429;423	-93.79;-94.89;-98.20	417;429		5.25
120.13069308	30.27132021	 2026-09-20 15:31:03.262	411	-87.18	417;429;423	-90.28;-95.58;-98.19	417;429		3.10
120.13068616	30.27130906	 2026-09-20 15:31:03.472	411	-86.90	417;429;423	-92.63;-93.73;-96.99	417;429		5.76
120.13069829	30.27130588	 2026-09-20 15:31:03.779	411	-85.96	417;429;423	-91.98;-94.96;-98.27	417;429		5.66
120.13068550	30.27130750	 2026-09-20 15:31:04.057	411	-85.23	417;423;429	-92.58;-94.90;-95.12	417;423		7.32
120.13069281	30.27131676	 2026-09-20 15:31:04.296	411	-86.02	417;429;423	-90.22;-97.04;-98.63	417;429		1.87
120.13068714	30.27131937	 2026-09-20 15:31:04.533	411	-86.70	417;429;423	-93.52;-96.95;-99.50	417;429		9.16
120.13070329	30.27131904	 2026-09-20 15:31:04.809	411	-86.82	417;429;423	-92.77;-95.20;-95.61	417;429		3.47
120.13069784	30.27130518	 2026-09-20 15:31:05.089	411	-87.36	417;429;423	-91.61;-94.86;-98.93	417;429		2.91
120.13069659	30.27130920	 2026-09-20 15:31:05.387	411	-86.91	417;423;429	-96.18;-97.32;-98.09	417;423		8.70
120.13070183	30.27130574	 2026-09-20 15:31:05.575	411	-87.00	429;417;423	-94.81;-95.80;-96.74	429;417		8.93
120.13070123	30.27130819	 2026-09-20 15:31:05.820	411	-84.72	417;429;423	-91.58;-94.13;-96.28	417;429		5.78
120.13070722	30.27130415	 2026-09-20 15:31:06.020	411	-89.44	417;429;423	-92.16;-95.42;-96.85	417;429		1.94
120.13071751	30.27130927	 2026-09-20 15:31:06.291	411	-87.91	417;423;429	-96.45;-96.67;-97.39	417;423		8.09
120.13071234	30.27131488	 2026-09-20 15:31:06.570	411	-85.44	417;423;429	-94.57;-94.72;-97.03	417;423		7.64
120.13071488	30.27130932	 2026-09-20 15:31:06.878	411	-85.72	417;429;423	-89.62;-93.09;-97.17	417;429		2.12
120.13070639	30.27131929	 2026-09-20 15:31:07.077	411	-85.57	417;429;423	-93.73;-95.31;-96.28	417;429		5.06
120.13071897	30.27131854	 2026-09-20 15:31:07.310	411	-86.73	417;423;429	-93.82;-97.45;-97.75	417;423		5.44
120.13071554	30.27131160	 2026-09-20 15:31:07.496	411	-85.53	417;429;423	-94.11;-94.18;-94.55	417;429		7.74
120.13072920	30.27131849	 2026-09-20 15:31:07.813	411	-90.63	417;429;423	-91.77;-94.62;-95.41	417;429		0.15
120.13071824	30.27130853	 2026-09-20 15:31:08.115	411	-85.47	417;423;429	-91.95;-94.20;-95.45	417;423		5.27
120.13071269	30.27131933	 2026-09-20 15:31:08.350	411	-90.75	417;423;429	-91.02;-97.46;-99.40	417;423		-0.90
120.13072214	30.27131448	 2026-09-20 15:31:08.623	411	-84.79	417;423;429	-94.28;-97.06;-98.67	417;423		9.31
120.13073222	30.27130836	 2026-09-20 15:31:08.843	411	-86.73	417;423;429	-90.86;-97.22;-97.87	417;423		3.32
120.13073670	30.27131184	 2026-09-20 15:31:09.086	411	-86.96	417;429;423	-93.94;-96.32;-98.12	417;429		5.84
120.13072555	30.27131544	 2026-09-20 15:31:09.322	411	-86.50	417;429;423	-94.23;-97.59;-98.24	417;429		6.41
120.13072776	30.27130694	 2026-09-20 15:31:09.514	411	-89.82	417;423;429	-92.28;-94.76;-100.49	417;423		1.48
120.13073057	30.27132106	 2026-09-20 15:31:09.765	411	-87.16	417;423;429	-93.56;-95.73;-96.20	417;423		5.66
120.13073057	30.27131147	 2026-09-20 15:31:10.004	411	-87.46	417;423;429	-92.70;-97.56;-97.99	417;423		3.74
120.13073364	30.27131624	 2026-09-20 15:31:10.246	411	-87.80	417;423;429	-91.96;-93.62;-93.79	417;423		2.54
120.13074638	30.27130515	 2026-09-20 15:31:10.565	411	-86.10	417;423;429	-90.95;-93.56;-94.05	417;423		3.02
120.13074394	30.27132012	 2026-09-20 15:31:10.772	411	-87.56	417;423;429	-92.31;-93.18;-94.75	417;423		3.48
120.13075182	30.27130716	 2026-09-20 15:31:11.007	411	-90.80	417;423;429	-93.13;-93.96;-94.10	417;423		1.81
120.13075260	30.27130928	 2026-09-20 15:31:11.302	411	-84.68	417;429;423	-92.88;-93.71;-97.67	417;429		8.18
120.13075256	30.27131728	 2026-09-20 15:31:11.587	411	-87.55	417;423;429	-92.38;-95.89;-96.58	417;423		2.52
120.13073914	30.27131544	 2026-09-20 15:31:11.832	411	-88.00	417;423;429	-93.85;-96.45;-97.85	417;423		5.09
120.13073824	30.27130192	 2026-09-20 15:31:12.095	411	-88.86	417;429;423	-89.93;-95.73;-95.94	417;429		-1.03
120.13075744	30.27131796	 2026-09-20 15:31:12.300	411	-85.32	417;429;423	-94.99;-95.83;-96.45	417;429		10.25
120.13075797	30.27131338	 2026-09-20 15:31:12.506	411	-86.49	417;429;423	-92.72;-95.95;-98.22	417;429		4.95
120.13075209	30.27130138	 2026-09-20 15:31:12.690	411	-90.63	417;429;423	-92.47;-97.57;-97.74	417;429		0.74
120.13075226	30.27132087	 2026-09-20 15:31:12.943	411	-87.67	417;429;423	-90.39;-93.57;-97.57	417;429		1.04
120.13076820	30.27130547	 2026-09-20 15:31:13.197	411	-90.02	417;429;423	-90.71;-93.67;-97.17	417;429		0.66
120.13076013	30.27132129	 2026-09-20 15:31:13.465	411	-86.25	417;429;423	-91.39;-93.55;-95.58	417;429		4.91
120.13076402	30.27131817	 2026-09-20 15:31:13.660	411	-85.92	417;429;423	-91.89;-95.31;-95.97	417;429		4.09
120.13076816	30.27130118	 2026-09-20 15:31:13.980	411	-84.67	417;423;429	-91.32;-96.30;-96.49	417;423		6.57
120.13076601	30.27130139	 2026-09-20 15:31:14.279	411	-89.11	417;429;423	-91.44;-97.15;-98.22	417;429		-0.03
120.13075686	30.27130450	 2026-09-20 15:31:14.492	411	-86.54	417;429;423	-90.57;-96.27;-96.30	417;429		1.76
120.13075609	30.27132002	 2026-09-20 15:31:14.799	411	-88.17	417;429;423	-93.71;-96.21;-98.15	417;429		5.88
120.13075773	30.27131029	 2026-09-20 15:31:14.984	411	-88.31	417;423;429	-94.71;-96.27;-98.72	417;423		5.97
120.13076427	30.27131064	 2026-09-20 15:31:15.248	411	-86.53	417;429;423	-91.54;-94.13;-95.42	417;429		4.02
120.13078335	30.27130615	 2026-09-20 15:31:15.520	411	-87.16	429;417;423	-92.09;-92.25;-94.74	429;417		3.36
120.13077679	30.27131366	 2026-09-20 15:31:15.736	411	-86.58	417;429;423	-90.79;-94.98;-96.79	417;429		3.21
120.13077649	30.27132174	 2026-09-20 15:31:16.019	411	-87.91	417;429;423	-92.73;-93.71;-96.12	417;429		3.39
120.13078577	30.27131195	 2026-09-20 15:31:16.278	411	-87.08	417;429;423	-92.24;-94.52;-98.64	417;429		4.13
120.13078950	30.27130322	 2026-09-20 15:31:16.518	411	-87.45	417;429;423	-94.22;-94.81;-97.43	417;429		5.70
120.13079037	30.27130594	 2026-09-20 15:31:16.793	417	-90.00	411;423;429	-90.87;-92.56;-96.72	411;423		-0.59
120.13078188	30.27130458	 2026-09-20 15:31:17.011	411	-88.09	417;423;429	-93.49;-95.46;-95.48	417;423		3.00
120.13077524	30.27130837	 2026-09-20 15:31:17.271	411	-89.64	417;423;429	-92.22;-95.00;-98.10	417;423		0.99
120.13079554	30.27130632	 2026-09-20 15:31:17.505	411	-89.33	417;423;429	-92.93;-95.66;-96.56	417;423		1.48
120.13078719	30.27130222	 2026-09-20 15:31:17.796	411	-85.65	417;429;423	-92.55;-94.04;-95.05	417;429		4.02
120.13079512	30.27131233	 2026-09-20 15:31:18.044	417	-89.76	411;429;423	-90.57;-92.40;-97.01	411;429		-2.07
120.13079140	30.27130875	 2026-09-20 15:31:18.276	411	-85.90	417;429;423	-89.59;-96.21;-97.47	417;429		2.71
120.13079315	30.27130895	 2026-09-20 15:31:18.547	417	-88.61	411;423;429	-88.66;-95.87;-96.07	411;423		0.40
120.13078144	30.27131870	 2026-09-20 15:31:18.799	411	-88.52	429;423;417	-93.73;-95.57;-95.84	429;423		4.66
120.13078953	30.27132063	 2026-09-20 15:31:19.034	411	-89.38	417;423;429	-89.94;-95.50;-95.74	417;423		-0.63
120.13079769	30.27132263	 2026-09-20 15:31:19.262	411	-88.53	417;429;423	-91.82;-94.69;-95.12	417;429		4.63
120.13079553	30.27130784	 2026-09-20 15:31:19.505	411	-86.89	417;429;423	-91.23;-94.40;-97.61	417;429		3.53
120.13078969	30.27131276	 2026-09-20 15:31:19.768	411	-87.19	417;429;423	-91.40;-95.37;-96.66	417;429		4.02
120.13080192	30.27130946	 2026-09-20 15:31:20.053	417	-89.95	411;429;423	-91.06;-94.16;-95.76	411;429		1.11
120.13080082	30.27131419	 2026-09-20 15:31:20.263	411	-86.51	417;429;423	-94.22;-96.13;-97.06	417;429		6.66
120.13080033	30.27131769	 2026-09-20 15:31:20.522	411	-88.25	417;429;423	-91.84;-94.91;-94.94	417;429		0.20
120.13080909	30.27130920	 2026-09-20 15:31:20.750	411	-89.53	417;429;423	-91.06;-96.10;-97.75	417;429		1.04
120.13080971	30.27130772	 2026-09-20 15:31:20.934	411	-89.98	417;429;423	-91.32;-95.25;-95.51	417;429		-0.22
120.13081684	30.27130505	 2026-09-20 15:31:21.254	411	-87.72	417;429;423	-91.77;-94.84;-96.31	417;429		1.51
120.13079929	30.27132100	 2026-09-20 15:31:21.547	411	-87.94	417;429;423	-90.33;-92.48;-95.73	417;429		2.57
120.13081487	30.27130386	 2026-09-20 15:31:21.781	411	-86.91	417;423;429	-91.56;-96.94;-98.43	417;423		2.68
120.13081689	30.27132034	 2026-09-20 15:31:21.991	411	-92.51	417;429;423	-92.87;-96.32;-97.95	417;429		-1.01
120.13081226	30.27131778	 2026-09-20 15:31:22.233	411	-88.74	417;429;423	-92.39;-97.11;-97.22	417;429		2.53
120.13082673	30.27130254	 2026-09-20 15:31:22.448	411	-87.39	417;429;423	-92.08;-92.24;-95.43	417;429		5.49
120.13082169	30.27130145	 2026-09-20 15:31:22.752	411	-90.32	417;429;423	-91.39;-94.25;-94.62	417;429		0.92
120.13083202	30.27131906	 2026-09-20 15:31:23.009	411	-89.70	417;429;423	-93.02;-95.17;-97.75	417;429		2.08
120.13082663	30.27131240	 2026-09-20 15:31:23.288	411	-87.06	417;429;423	-90.53;-96.09;-96.55	417;429		3.24
120.13083678	30.27130623	 2026-09-20 15:31:23.529	417	-89.86	411;423;429	-90.93;-94.67;-98.69	411;423		-0.20
120.13081750	30.27130192	 2026-09-20 15:31:23.758	411	-87.36	417;429;423	-89.34;-97.75;-100.25	417;429		2.61
120.13083851	30.27131828	 2026-09-20 15:31:24.015	411	-88.90	417;429;423	-91.64;-96.06;-97.22	417;429		1.00
120.13083766	30.27130335	 2026-09-20 15:31:24.280	411	-87.61	417;423;429	-89.46;-95.65;-96.39	417;423		2.37
120.13083295	30.27130756	 2026-09-20 15:31:24.504	411	-88.59	417;429;423	-90.66;-95.38;-95.42	417;429		1.00
120.13083993	30.27131756	 2026-09-20 15:31:24.690	429	-91.28	417;411;423	-91.49;-92.10;-94.81	417;411		-1.34
120.13084193	30.27131020	 2026-09-20 15:31:24.918	411	-87.48	417;429;423	-89.91;-91.49;-95.41	417;429		1.02
120.13084106	30.27130545	 2026-09-20 15:31:25.188	411	-87.62	417;423;429	-89.38;-96.53;-97.13	417;423		1.76
120.13083701	30.27130853	 2026-09-20 15:31:25.492	411	-87.91	417;429;423	-89.24;-94.14;-95.41	417;429		1.45
120.13083472	30.27131687	 2026-09-20 15:31:25.680	411	-88.80	417;429;423	-89.34;-95.46;-96.35	417;429		-0.54
120.13083993	30.27130332	 2026-09-20 15:31:25.991	411	-89.63	417;429;423	-90.89;-93.10;-96.55	417;429		-0.94
120.13084042	30.27131596	 2026-09-20 15:31:26.236	411	-86.46	423;417;429	-93.56;-93.73;-95.33	423;417		6.19
120.13084307	30.27130169	 2026-09-20 15:31:26.458	411	-88.19	417;423;429	-89.89;-96.44;-97.13	417;423		1.61
120.13083577	30.27131833	 2026-09-20 15:31:26.722	411	-88.12	417;429;423	-91.94;-94.96;-96.31	417;429		3.67
120.13083560	30.27130314	 2026-09-20 15:31:26.920	411	-87.11	417;423;429	-91.61;-95.12;-97.50	417;423		1.55
120.13085127	30.27130279	 2026-09-20 15:31:27.201	411	-88.68	417;423;429	-93.35;-94.51;-95.43	417;423		4.76
120.13084741	30.27131754	 2026-09-20 15:31:27.483	411	-87.75	417;429;423	-91.73;-95.96;-98.76	417;429		3.48
120.13084436	30.27131071	 2026-09-20 15:31:27.730	411	-90.20	417;423;429	-92.92;-93.97;-96.99	417;423		0.79
120.13085696	30.27130543	 2026-09-20 15:31:27.995	411	-87.45	417;423;429	-92.84;-94.38;-96.05	417;423		3.96
120.13086604	30.27131060	 2026-09-20 15:31:28.254	411	-85.56	429;417;423	-91.81;-92.89;-93.72	429;417		6.69
120.13085901	30.27130603	 2026-09-20 15:31:28.471	411	-86.95	417;423;429	-90.74;-95.62;-95.91	417;423		2.63
120.13084988	30.27131852	 2026-09-20 15:31:28.790	411	-85.83	417;429;423	-90.82;-95.95;-96.59	417;429		3.27
120.13086269	30.27131646	 2026-09-20 15:31:29.101	411	-88.95	417;429;423	-92.92;-97.24;-97.68	417;429		4.14
120.13085029	30.27131480	 2026-09-20 15:31:29.293	411	-87.09	417;429;423	-87.94;-94.97;-97.47	417;429		-0.19
120.13085887	30.27132163	 2026-09-20 15:31:29.509	411	-88.38	417;423;429	-91.10;-96.10;-96.15	417;423		2.48
120.13087116	30.27131900	 2026-09-20 15:31:29.813	411	-86.84	417;423;429	-90.93;-96.81;-97.51	417;423		4.31
120.13086140	30.27130524	 2026-09-20 15:31:30.118	411	-89.41	417;423;429	-90.78;-93.80;-96.59	417;423		-1.55
120.13086228	30.27130819	 2026-09-20 15:31:30.353	417	-88.34	411;429;423	-89.42;-95.44;-96.95	411;429		-1.03
120.13087566	30.27131129	 2026-09-20 15:31:30.547	411	-86.46	417;429;423	-89.70;-97.89;-99.42	417;429		0.97
120.13087727	30.27131858	 2026-09-20 15:31:30.734	417	-89.63	411;429;423	-90.17;-93.41;-97.09	411;429		1.84
120.13086834	30.27130124	 2026-09-20 15:31:30.962	417	-89.24	411;429;423	-89.84;-92.73;-98.37	411;429		-1.06
120.13087737	30.27130892	 2026-09-20 15:31:31.198	411	-88.36	417;423;429	-90.57;-96.33;-96.34	417;423		1.15
120.13088517	30.27130849	 2026-09-20 15:31:31.393	411	-89.42	417;423;429	-89.79;-97.49;-97.85	417;423		-0.42
120.13088225	30.27130995	 2026-09-20 15:31:31.619	417	-86.70	411;429;423	-89.08;-94.69;-97.04	411;429		3.17
120.13088756	30.27131403	 2026-09-20 15:31:31.858	411	-89.29	417;423;429	-90.53;-94.36;-94.57	417;423		0.43
120.13088949	30.27130396	 2026-09-20 15:31:32.112	417	-90.16	411;429;423	-91.38;-94.44;-96.69	411;429		0.44
120.13088306	30.27131372	 2026-09-20 15:31:32.346	417	-86.75	411;429;423	-88.08;-94.42;-95.34	411;429		-0.49
120.13089745	30.27130559	 2026-09-20 15:31:32.542	417	-88.02	411;423;429	-88.52;-93.37;-96.04	411;423		-0.31
120.13088948	30.27131224	 2026-09-20 15:31:32.722	411	-88.77	417;429;423	-90.72;-97.25;-98.80	417;429		0.65
120.13088526	30.27131221	 2026-09-20 15:31:32.910	411	-89.63	417;423;429	-91.23;-95.14;-95.61	417;423		-0.02
120.13090102	30.27131048	 2026-09-20 15:31:33.100	411	-87.94	417;429;423	-89.95;-95.68;-96.74	417;429		1.04
120.13088708	30.27131191	 2026-09-20 15:31:33.294	411	-91.32	417;423;429	-92.93;-94.57;-95.22	417;423		2.30
120.13089928	30.27131350	 2026-09-20 15:31:33.601	417	-89.38	411;429;423	-89.71;-95.64;-95.69	411;429		1.72
120.13090288	30.27130298	 2026-09-20 15:31:33.868	417	-88.57	411;429;423	-90.55;-95.28;-95.34	411;429		1.21
120.13089875	30.27132177	 2026-09-20 15:31:34.178	411	-89.17	417;429;423	-90.22;-95.78;-96.25	417;429		-0.93
120.13088936	30.27130267	 2026-09-20 15:31:34.384	411	-89.90	417;429;423	-92.83;-95.47;-95.89	417;429		0.73
120.13089406	30.27130352	 2026-09-20 15:31:34.660	417	-88.46	411;423;429	-91.06;-97.90;-100.24	411;423		0.72
120.13089453	30.27131772	 2026-09-20 15:31:34.898	417	-90.63	411;429;423	-90.72;-94.87;-98.40	411;429		-1.27
120.13090531	30.27131323	 2026-09-20 15:31:35.126	411	-90.46	417;429;423	-90.47;-96.14;-96.70	417;429		-2.11
120.13090595	30.27131872	 2026-09-20 15:31:35.419	417	-88.83	411;429;423	-89.98;-96.67;-97.38	411;429		0.37
120.13089490	30.27130292	 2026-09-20 15:31:35.615	411	-87.86	417;423;429	-91.04;-95.30;-97.37	417;423		2.08
120.13092014	30.27131557	 2026-09-20 15:31:35.860	417	-88.04	411;429;423	-91.23;-94.21;-97.31	411;429		3.50
120.13089864	30.27130936	 2026-09-20 15:31:36.179	411	-89.35	417;429;423	-92.89;-96.14;-97.03	417;429		1.10
120.13090100	30.27130766	 2026-09-20 15:31:36.452	417	-87.42	411;423;429	-88.13;-95.44;-96.75	411;423		0.51
120.13091587	30.27131462	 2026-09-20 15:31:36.637	417	-89.74	411;429;423	-93.43;-95.45;-95.84	411;429		2.00
120.13092530	30.27130646	 2026-09-20 15:31:36.903	411	-89.99	417;429;423	-92.26;-96.06;-96.21	417;429		1.40
120.13092721	30.27131164	 2026-09-20 15:31:37.098	417	-89.87	411;429;423	-91.05;-92.33;-95.06	411;429		0.16
120.13091117	30.27130121	 2026-09-20 15:31:37.396	411	-88.42	417;423;429	-88.70;-93.69;-95.11	417;423		-2.09
120.13091532	30.27130997	 2026-09-20 15:31:37.694	411	-89.48	417;423;429	-90.62;-95.31;-98.78	417;423		1.21
120.13091650	30.27131760	 2026-09-20 15:31:37.945	417	-88.09	411;423;429	-88.87;-94.37;-98.16	411;423		-0.79
120.13092005	30.27130452	 2026-09-20 15:31:38.127	417	-90.62	411;429;423	-92.20;-92.77;-96.22	411;429		1.49
120.13092139	30.27132155	 2026-09-20 15:31:38.344	411	-88.06	417;423;429	-90.26;-93.76;-95.26	417;423		2.31
120.13092941	30.27130365	 2026-09-20 15:31:38.628	411	-90.24	417;423;429	-91.53;-94.69;-95.40	417;423		-0.04
120.13093151	30.27131596	 2026-09-20 15:31:38.907	417	-89.10	411;429;423	-92.49;-95.15;-97.05	411;429		0.81
120.13092409	30.27130964	 2026-09-20 15:31:39.150	411	-88.53	417;429;423	-89.77;-92.86;-96.14	417;429		-0.41
120.13094098	30.27130751	 2026-09-20 15:31:39.396	417	-88.92	411;429;423	-91.19;-95.91;-96.36	411;429		1.46
120.13093406	30.27131888	 2026-09-20 15:31:39.713	411	-91.80	417;429;423	-91.99;-95.95;-97.33	417;429		-0.39
120.13093580	30.27131870	 2026-09-20 15:31:40.020	417	-87.47	423;411;429	-92.24;-93.11;-94.77	423;411		2.65
120.13092547	30.27131188	 2026-09-20 15:31:40.251	417	-87.82	411;429;423	-90.44;-94.51;-95.45	411;429		1.22
120.13094052	30.27132253	 2026-09-20 15:31:40.495	411	-88.26	417;423;429	-89.68;-96.95;-97.55	417;423		0.86
120.13095142	30.27130529	 2026-09-20 15:31:40.713	417	-89.31	411;423;429	-91.43;-93.29;-96.47	411;423		0.65
120.13093060	30.27130878	 2026-09-20 15:31:41.006	417	-88.22	411;429;423	-91.43;-93.77;-96.72	411;429		2.77
120.13093101	30.27131506	 2026-09-20 15:31:41.234	417	-90.56	411;423;429	-91.62;-93.34;-95.00	411;423		1.40
120.13093596	30.27130504	 2026-09-20 15:31:41.519	417	-89.50	411;423;429	-90.84;-95.48;-96.32	411;423		0.63
120.13095094	30.27131090	 2026-09-20 15:31:41.766	411	-89.43	417;429;423	-89.95;-92.52;-97.08	417;429		-2.62
120.13095404	30.27132135	 2026-09-20 15:31:42.029	411	-89.26	417;429;423	-90.36;-96.68;-97.05	417;429		0.09
120.13094009	30.27130349	 2026-09-20 15:31:42.346	417	-90.03	411;429;423	-90.54;-92.71;-95.64	411;429		-0.58
120.13095057	30.27130826	 2026-09-20 15:31:42.567	411	-91.79	417;429;423	-92.90;-95.51;-99.00	417;429		-1.37
120.13094463	30.27130996	 2026-09-20 15:31:42.825	411	-86.55	417;423;429	-88.31;-95.47;-97.62	417;423		0.36
120.13096565	30.27130802	 2026-09-20 15:31:43.020	417	-90.02	411;423;429	-92.87;-97.39;-97.80	411;423		2.09
120.13096206	30.27130691	 2026-09-20 15:31:43.205	417	-88.09	411;429;423	-90.20;-94.64;-96.74	411;429		0.84
120.13096404	30.27132029	 2026-09-20 15:31:43.398	417	-90.23	411;423;429	-90.57;-95.15;-96.69	411;423		-0.56
120.13095667	30.27130837	 2026-09-20 15:31:43.700	417	-89.93	411;423;429	-90.44;-95.75;-96.90	411;423		1.81
120.13094912	30.27130526	 2026-09-20 15:31:43.893	417	-87.34	411;429;423	-91.62;-96.86;-98.61	411;429		2.81
120.13096019	30.27130615	 2026-09-20 15:31:44.076	417	-89.41	411;429;423	-90.39;-94.12;-95.73	411;429		0.81
120.13096439	30.27130757	 2026-09-20 15:31:44.311	417	-89.28	411;429;423	-90.29;-95.40;-96.34	411;429		-0.87
120.13096008	30.27131567	 2026-09-20 15:31:44.587	411	-92.20	417;423;429	-92.63;-95.87;-97.09	417;423		-1.31
120.13097152	30.27131585	 2026-09-20 15:31:44.834	411	-89.93	417;429;423	-90.22;-91.73;-98.14	417;429		-2.11
120.13096369	30.27130956	 2026-09-20 15:31:45.136	417	-88.88	411;423;429	-91.09;-92.88;-96.04	411;423		0.82
120.13097329	30.27131771	 2026-09-20 15:31:45.355	417	-91.07	411;429;423	-92.17;-95.41;-96.56	411;429		-1.36
120.13097825	30.27130450	 2026-09-20 15:31:45.598	417	-88.26	411;423;429	-89.42;-96.10;-97.33	411;423		2.71
120.13098085	30.27131527	 2026-09-20 15:31:45.819	417	-88.30	411;423;429	-90.31;-95.19;-95.96	411;423		-0.09
120.13097086	30.27130117	 2026-09-20 15:31:46.129	417	-87.72	411;423;429	-90.75;-93.31;-94.95	411;423		3.23
120.13098596	30.27130737	 2026-09-20 15:31:46.436	417	-87.02	411;429;423	-90.57;-93.09;-93.60	411;429		2.58
120.13098393	30.27130511	 2026-09-20 15:31:46.726	417	-88.73	411;429;423	-91.57;-91.69;-93.71	411;429		1.18
120.13097989	30.27132201	 2026-09-20 15:31:46.957	417	-88.37	411;423;429	-90.49;-95.71;-96.03	411;423		-0.23
120.13099115	30.27130310	 2026-09-20 15:31:47.272	417	-86.95	411;429;423	-88.13;-93.87;-97.56	411;429		-0.49
120.13097660	30.27131041	 2026-09-20 15:31:47.557	417	-90.16	411;423;429	-90.25;-94.75;-97.40	411;423		-0.35
120.13098939	30.27132259	 2026-09-20 15:31:47.833	417	-87.01	423;411;429	-92.38;-93.92;-94.75	423;411		3.94
120.13098069	30.27132063	 2026-09-20 15:31:48.118	417	-88.14	411;429;423	-90.05;-95.93;-98.74	411;429		1.44
120.13099161	30.27130878	 2026-09-20 15:31:48.301	417	-88.25	411;429;423	-93.59;-94.12;-96.91	411;429		3.34
120.13100077	30.27132030	 2026-09-20 15:31:48.593	411	-91.65	417;423;429	-92.33;-95.44;-95.80	417;423		-0.84
120.13100240	30.27130408	 2026-09-20 15:31:48.819	417	-88.83	411;429;423	-89.39;-97.37;-97.80	411;429		-0.58
120.13098913	30.27130713	 2026-09-20 15:31:49.035	417	-89.14	411;429;423	-89.57;-96.05;-96.43	411;429		-0.20
120.13100715	30.27130134	 2026-09-20 15:31:49.313	411	-89.30	417;429;423	-89.60;-94.99;-96.46	417;429		-0.90
120.13100336	30.27131786	 2026-09-20 15:31:49.495	417	-85.62	429;411;423	-93.42;-94.50;-97.15	429;411		8.88
120.13099565	30.27130736	 2026-09-20 15:31:49.709	417	-87.56	411;423;429	-88.69;-94.99;-97.30	411;423		-1.15
120.13100793	30.27131664	 2026-09-20 15:31:50.003	417	-87.67	411;429;423	-90.89;-94.05;-97.44	411;429		3.16
120.13100686	30.27131621	 2026-09-20 15:31:50.317	417	-88.40	411;429;423	-95.39;-96.26;-99.33	411;429		5.17
120.13101494	30.27131034	 2026-09-20 15:31:50.512	417	-90.64	411;429;423	-91.35;-95.55;-96.88	411;429		-0.42
120.13100194	30.27131242	 2026-09-20 15:31:50.736	417	-88.84	411;423;429	-91.05;-94.88;-96.08	411;423		1.47
120.13101407	30.27131977	 2026-09-20 15:31:51.010	417	-85.30	411;423;429	-90.98;-95.61;-97.72	411;423		5.30
120.13100715	30.27131557	 2026-09-20 15:31:51.224	417	-88.38	411;423;429	-91.08;-93.61;-95.36	411;423		-0.98
120.13102323	30.27130418	 2026-09-20 15:31:51.451	417	-87.57	411;429;423	-90.34;-95.39;-96.23	411;429		0.93
120.13100436	30.27130943	 2026-09-20 15:31:51.709	417	-87.40	411;423;429	-92.27;-95.09;-96.29	411;423		5.81
120.13101205	30.27130967	 2026-09-20 15:31:51.904	417	-87.95	411;429;423	-91.73;-95.39;-95.66	411;429		1.95
120.13101610	30.27132113	 2026-09-20 15:31:52.153	417	-89.00	411;429;423	-90.75;-93.13;-94.26	411;429		3.88
120.13100698	30.27130624	 2026-09-20 15:31:52.335	411	-91.55	417;429;423	-92.23;-95.10;-96.36	417;429		1.26
120.13100763	30.27130726	 2026-09-20 15:31:52.644	417	-88.35	411;429;423	-91.25;-94.57;-96.11	411;429		-0.28
120.13102317	30.27132085	 2026-09-20 15:31:52.907	417	-86.75	411;429;423	-91.26;-96.94;-97.91	411;429		3.65
120.13101048	30.27132194	 2026-09-20 15:31:53.098	417	-86.82	411;429;423	-93.86;-95.10;-96.78	411;429		6.71
120.13102139	30.27131863	 2026-09-20 15:31:53.405	417	-86.08	411;429;423	-90.72;-91.93;-98.77	411;429		5.67
120.13103547	30.27131051	 2026-09-20 15:31:53.700	417	-87.86	411;429;513	-90.26;-94.56;-98.24	411;429		0.51
120.13101747	30.27131399	 2026-09-20 15:31:53.983	417	-89.29	411;423;429	-91.42;-93.06;-95.98	411;423		1.87
120.13104025	30.27131925	 2026-09-20 15:31:54.196	417	-87.36	429;411;423	-94.74;-94.77;-97.77	429;411		7.70
120.13103127	30.27131406	 2026-09-20 15:31:54.461	417	-89.82	411;429;423	-93.27;-94.44;-97.89	411;429		3.77
120.13103296	30.27131214	 2026-09-20 15:31:54.682	417	-87.82	411;429;423	-91.51;-95.10;-97.83	411;429		3.29
120.13102552	30.27130769	 2026-09-20 15:31:54.941	417	-89.27	411;429;423	-90.02;-93.76;-96.37	411;429		-0.56
120.13104701	30.27131185	 2026-09-20 15:31:55.122	417	-88.04	411;429;423	-91.74;-93.67;-96.51	411;429		2.67
120.13104655	30.27131188	 2026-09-20 15:31:55.361	411	-89.93	417;423;429	-91.60;-93.51;-95.40	417;423		0.74
120.13103861	30.27130459	 2026-09-20 15:31:55.655	417	-88.45	411;423;429	-91.57;-95.13;-96.66	411;423		1.71
120.13104653	30.27130973	 2026-09-20 15:31:55.875	417	-85.75	411;423;429	-90.95;-96.39;-98.29	411;423		5.64
120.13104840	30.27130604	 2026-09-20 15:31:56.156	417	-86.43	411;429;423	-92.97;-93.00;-97.40	411;429		6.30
120.13105050	30.27130239	 2026-09-20 15:31:56.371	417	-89.36	411;423;429	-89.90;-96.69;-96.83	411;423		0.92
120.13104937	30.27131061	 2026-09-20 15:31:56.624	417	-84.98	411;429;423	-91.81;-95.32;-96.41	411;429		6.28
120.13105896	30.27130429	 2026-09-20 15:31:56.886	417	-86.12	411;423;429	-92.83;-94.75;-94.97	411;423		6.54
120.13103735	30.27131875	 2026-09-20 15:31:57.187	417	-88.57	411;429;423	-93.68;-98.06;-98.32	411;429		4.39
120.13104690	30.27131990	 2026-09-20 15:31:57.377	417	-89.16	411;423;429	-90.12;-94.43;-96.84	411;423		1.35
120.13105346	30.27130387	 2026-09-20 15:31:57.652	417	-88.42	423;411;429	-93.29;-93.51;-96.13	423;411		4.36
120.13105409	30.27130111	 2026-09-20 15:31:57.916	417	-88.42	411;423;429	-93.52;-94.61;-98.23	411;423		4.91
120.13106762	30.27132235	 2026-09-20 15:31:58.195	417	-86.87	411;423;429	-89.19;-93.72;-94.54	411;423		2.55
120.13106684	30.27131379	 2026-09-20 15:31:58.436	417	-84.71	411;423;429	-93.08;-97.26;-97.29	411;423		7.80
120.13106845	30.27131936	 2026-09-20 15:31:58.698	417	-89.61	411;423;429	-91.65;-95.06;-96.37	411;423		-0.21
120.13105637	30.27131506	 2026-09-20 15:31:58.995	417	-87.10	411;429;423	-92.54;-95.09;-98.10	411;429		2.85
120.13107397	30.27131554	 2026-09-20 15:31:59.185	417	-88.62	411;429;423	-94.06;-94.66;-96.44	411;429		4.30
120.13106703	30.27131533	 2026-09-20 15:31:59.438	417	-87.27	411;423;429	-92.17;-94.03;-96.04	411;423		0.80
120.13106231	30.27130191	 2026-09-20 15:31:59.710	417	-89.40	411;423;429	-91.26;-95.08;-95.34	411;423		0.69
120.13106580	30.27130973	 2026-09-20 15:31:59.990	417	-88.19	411;429;423	-91.83;-95.03;-97.08	411;429		3.18
120.13107934	30.27131218	 2026-09-20 15:32:00.254	417	-85.22	411;429;423	-91.90;-94.17;-96.94	411;429		4.66
120.13106319	30.27131882	 2026-09-20 15:32:00.501	417	-87.73	411;429;423	-89.18;-95.32;-95.82	411;429		-0.03
120.13106374	30.27131678	 2026-09-20 15:32:00.785	417	-86.36	411;429;423	-89.63;-97.42;-97.81	411;429		1.83
120.13107918	30.27130308	 2026-09-20 15:32:01.064	417	-86.33	423;411;429	-93.99;-94.06;-94.17	423;411		6.38
120.13108518	30.27131864	 2026-09-20 15:32:01.356	417	-85.99	411;429;423	-93.44;-95.47;-96.94	411;429		5.04
120.13107724	30.27132017	 2026-09-20 15:32:01.577	417	-88.82	411;429;423	-89.70;-96.71;-99.28	411;429		-0.87
120.13107517	30.27131269	 2026-09-20 15:32:01.804	417	-86.89	411;423;513	-95.09;-97.44;-98.74	411;423		7.62
120.13108262	30.27132228	 2026-09-20 15:32:02.056	417	-89.72	411;429;423	-90.25;-94.36;-96.20	411;429		-0.26
120.13108642	30.27130293	 2026-09-20 15:32:02.359	417	-84.98	411;423;429	-94.11;-94.43;-96.61	411;423		6.96
120.13108544	30.27131879	 2026-09-20 15:32:02.544	417	-87.13	411;429;423	-89.39;-95.22;-95.61	411;429		-0.08
120.13107933	30.27130969	 2026-09-20 15:32:02.781	417	-85.27	411;429;423	-92.93;-93.90;-98.03	411;429		6.79
120.13107628	30.27131892	 2026-09-20 15:32:03.035	417	-88.96	429;411;423	-94.94;-95.26;-96.21	429;411		6.64
120.13109558	30.27131297	 2026-09-20 15:32:03.239	417	-85.47	411;423;429	-91.58;-93.41;-95.06	411;423		5.84
120.13108604	30.27131199	 2026-09-20 15:32:03.470	417	-88.09	411;429;423	-92.21;-94.97;-96.37	411;429		3.40
120.13108602	30.27130315	 2026-09-20 15:32:03.660	417	-86.75	429;411;423	-93.98;-94.60;-97.48	429;411		5.63
120.13108821	30.27131976	 2026-09-20 15:32:03.924	417	-86.91	411;429;423	-92.84;-95.26;-96.19	411;429		3.61
120.13109033	30.27131211	 2026-09-20 15:32:04.199	417	-87.31	411;423;429	-92.69;-93.78;-96.72	411;423		4.77
120.13110509	30.27131088	 2026-09-20 15:32:04.488	417	-85.08	411;423;429	-93.79;-94.30;-98.02	411;423		7.86
120.13110682	30.27131428	 2026-09-20 15:32:04.754	417	-87.92	411;429;423	-93.04;-94.78;-95.68	411;429		3.13
120.13110255	30.27130212	 2026-09-20 15:32:05.024	417	-88.65	411;423;429	-91.58;-96.54;-97.83	411;423		1.38
120.13110435	30.27130170	 2026-09-20 15:32:05.212	417	-85.35	411;423;429	-90.35;-94.81;-97.52	411;423		3.10
120.13109622	30.27130820	 2026-09-20 15:32:05.446	417	-86.09	411;423;429	-90.60;-94.48;-94.82	411;423		2.77
120.13110543	30.27132271	 2026-09-20 15:32:05.648	417	-89.18	411;423;429	-91.69;-95.86;-99.23	411;423		-0.18
120.13111518	30.27130638	 2026-09-20 15:32:05.915	417	-86.69	411;429;423	-89.15;-93.79;-94.10	411;429		1.78
120.13109918	30.27132017	 2026-09-20 15:32:06.098	417	-87.63	411;423;429	-94.13;-94.53;-97.83	411;423		7.04
120.13110246	30.27130638	 2026-09-20 15:32:06.278	417	-86.20	411;429;423	-92.42;-94.49;-97.02	411;429		4.96
120.13110887	30.27132151	 2026-09-20 15:32:06.478	417	-85.88	411;423;429	-94.92;-96.17;-98.93	411;423		8.77
120.13111727	30.27131113	 2026-09-20 15:32:06.712	417	-85.47	411;423;429	-91.95;-94.74;-98.06	411;423		5.90
120.13112422	30.27132232	 2026-09-20 15:32:06.980	417	-85.42	411;423;429	-94.58;-95.83;-96.44	411;423		5.45
120.13111482	30.27130532	 2026-09-20 15:32:07.280	417	-86.47	411;429;423	-90.63;-96.18;-97.27	411;429		2.17
120.13110776	30.27130791	 2026-09-20 15:32:07.533	417	-86.52	411;429;423	-93.37;-95.83;-97.36	411;429		4.88
120.13113044	30.27130759	 2026-09-20 15:32:07.825	417	-90.22	429;411;423	-92.39;-92.68;-98.34	429;411		2.49
120.13113203	30.27132177	 2026-09-20 15:32:08.143	417	-86.57	411;423;429	-93.86;-94.39;-99.35	411;423		7.98
120.13112721	30.27131270	 2026-09-20 15:32:08.331	417	-85.96	411;423;429	-92.27;-95.65;-95.82	411;423		5.00
120.13112394	30.27132096	 2026-09-20 15:32:08.618	417	-85.26	411;429;423	-93.14;-95.83;-96.33	411;429		5.86
120.13112540	30.27131974	 2026-09-20 15:32:08.822	417	-87.01	411;429;423	-92.20;-94.74;-94.91	411;429		4.89
120.13113746	30.27130434	 2026-09-20 15:32:09.024	417	-83.90	411;429;423	-93.72;-95.48;-96.93	411;429		8.58
120.13112630	30.27131024	 2026-09-20 15:32:09.218	417	-85.25	411;429;423	-95.21;-95.78;-97.53	411;429		9.32
120.13113836	30.27131861	 2026-09-20 15:32:09.430	417	-86.85	411;429;423	-92.44;-93.66;-94.82	411;429		4.96
120.13114235	30.27131325	 2026-09-20 15:32:09.652	417	-85.99	423;411;429	-92.96;-93.79;-95.41	423;411		6.94
120.13112554	30.27130638	 2026-09-20 15:32:09.911	417	-86.69	411;429;423	-91.79;-93.86;-96.72	411;429		3.13
120.13113611	30.27131231	 2026-09-20 15:32:10.182	417	-87.37	411;423;429	-92.30;-95.48;-96.31	411;423		4.65
120.13114165	30.27130180	 2026-09-20 15:32:10.445	417	-85.57	429;411;423	-94.26;-94.41;-96.36	429;411		7.67
120.13112992	30.27130300	 2026-09-20 15:32:10.742	417	-86.84	429;411;423	-93.20;-94.47;-98.58	429;411		5.49
120.13115013	30.27131684	 2026-09-20 15:32:10.993	417	-84.30	411;423;429	-93.21;-95.75;-97.09	411;423		8.75
120.13114496	30.27131853	 2026-09-20 15:32:11.253	417	-85.22	411;429;423	-93.36;-93.99;-94.79	411;429		6.35
120.13115508	30.27130554	 2026-09-20 15:32:11.543	417	-84.12	411;429;423	-92.56;-95.52;-96.74	411;429		7.11
120.13114813	30.27130676	 2026-09-20 15:32:11.792	417	-85.74	411;429;423	-92.96;-96.91;-97.31	411;429		6.63
120.13113944	30.27131817	 2026-09-20 15:32:12.019	417	-86.58	411;429;423	-91.75;-99.49;-99.56	411;429		3.77
120.13114779	30.27130509	 2026-09-20 15:32:12.210	417	-86.11	411;423;429	-93.74;-94.94;-95.40	411;423		7.11
120.13114755	30.27132062	 2026-09-20 15:32:12.487	417	-87.81	411;429;423	-92.47;-96.97;-97.09	411;429		2.40
120.13114895	30.27131607	 2026-09-20 15:32:12.713	417	-85.25	411;423;429	-94.60;-96.86;-97.92	411;423		8.84
120.13116344	30.27131518	 2026-09-20 15:32:12.992	417	-84.73	411;423;429	-92.76;-95.18;-96.11	411;423		8.07
120.13116247	30.27131903	 2026-09-20 15:32:13.305	417	-85.40	411;423;429	-91.74;-95.04;-96.28	411;423		5.49
120.13115109	30.27131389	 2026-09-20 15:32:13.521	417	-87.83	411;429;423	-94.81;-95.10;-96.08	411;429		6.51
120.13115192	30.27131618	 2026-09-20 15:32:13.750	417	-85.35	411;429;423	-93.76;-95.20;-96.48	411;429		7.12
120.13114946	30.27130664	 2026-09-20 15:32:13.965	417	-86.04	411;429;423	-92.35;-96.42;-97.49	411;429		3.58
120.13116837	30.27130587	 2026-09-20 15:32:14.210	417	-84.08	411;429;423	-93.20;-94.09;-95.67	411;429		6.79
120.13115480	30.27130841	 2026-09-20 15:32:14.440	417	-83.60	411;429;423	-92.23;-95.21;-99.27	411;429		7.33
120.13115898	30.27131266	 2026-09-20 15:32:14.680	417	-84.45	423;411;429	-94.31;-94.46;-94.90	423;411		10.57
120.13117643	30.27131112	 2026-09-20 15:32:14.994	417	-84.56	411;429;423	-94.79;-95.16;-95.95	411;429		10.24
120.13117555	30.27130812	 2026-09-20 15:32:15.185	417	-85.71	411;423;429	-90.50;-94.55;-97.33	411;423		4.08
120.13116747	30.27130560	 2026-09-20 15:32:15.489	417	-84.66	411;429;423	-93.10;-93.96;-95.58	411;429		7.49
120.13117851	30.27130489	 2026-09-20 15:32:15.745	417	-86.86	411;423;429	-91.73;-93.42;-94.77	411;423		4.87
120.13118034	30.27131642	 2026-09-20 15:32:16.062	417	-87.94	411;423;429	-93.92;-95.42;-96.07	411;423		5.84
120.13118508	30.27130222	 2026-09-20 15:32:16.292	417	-87.52	411;423;429	-93.39;-95.48;-95.82	411;423		5.24
120.13117603	30.27130946	 2026-09-20 15:32:16.495	417	-84.04	411;423;429	-88.93;-97.06;-98.53	411;423		4.35
120.13117781	30.27130887	 2026-09-20 15:32:16.710	417	-84.81	411;423;429	-94.07;-96.37;-96.67	411;423		6.79
120.13118878	30.27131507	 2026-09-20 15:32:17.015	417	-83.76	411;429;423	-92.68;-94.67;-95.93	411;429		7.47
120.13118485	30.27130442	 2026-09-20 15:32:17.283	417	-86.34	411;423;429	-92.00;-96.56;-97.01	411;423		5.47
120.13118704	30.27132038	 2026-09-20 15:32:17.475	417	-82.66	411;429;423	-91.55;-95.48;-97.09	411;429		8.66
120.13117491	30.27131580	 2026-09-20 15:32:17.738	417	-86.26	411;429;423	-91.79;-96.01;-97.97	411;429		6.44
120.13119054	30.27131961	 2026-09-20 15:32:17.984	417	-84.00	411;429;423	-91.96;-95.25;-96.38	411;429		5.10
120.13119640	30.27130766	 2026-09-20 15:32:18.259	417	-86.63	411;429;423	-93.73;-95.14;-97.29	411;429		6.22
120.13118258	30.27130839	 2026-09-20 15:32:18.469	417	-84.74	411;429;423	-93.08;-94.44;-97.82	411;429		7.38
120.13119025	30.27132165	 2026-09-20 15:32:18.772	417	-84.99	429;411;423	-94.63;-94.73;-95.84	429;411		9.85
120.13119762	30.27131453	 2026-09-20 15:32:19.032	417	-85.74	411;429;423	-92.56;-94.24;-99.34	411;429		5.70
120.13118373	30.27130260	 2026-09-20 15:32:19.265	417	-84.33	411;429;423	-92.83;-94.84;-98.96	411;429		7.01
120.13120176	30.27131578	 2026-09-20 15:32:19.578	417	-85.80	411;423;429	-92.54;-97.31;-97.42	411;423		6.34
120.13118822	30.27131430	 2026-09-20 15:32:19.894	417	-83.54	411;423;429	-95.17;-95.49;-96.89	411;423		12.00
120.13120897	30.27132054	 2026-09-20 15:32:20.080	417	-81.12	411;423;429	-93.70;-94.41;-95.12	411;423		12.00
120.13120421	30.27131474	 2026-09-20 15:32:20.328	417	-83.34	429;411;423	-95.08;-95.11;-100.85	429;411		10.57
120.13119477	30.27130967	 2026-09-20 15:32:20.637	417	-83.14	429;411;423	-94.24;-95.52;-95.91	429;411		9.35
120.13120295	30.27131546	 2026-09-20 15:32:20.895	417	-84.97	411;423;429	-92.07;-93.90;-97.51	411;423		6.33
120.13119755	30.27131208	 2026-09-20 15:32:21.199	417	-85.43	411;429;423	-90.52;-93.65;-95.32	411;429		5.02
120.13121890	30.27130476	 2026-09-20 15:32:21.496	417	-84.03	411;429;423	-94.02;-96.64;-97.56	411;429		9.01
120.13121214	30.27130538	 2026-09-20 15:32:21.784	417	-83.77	411;423;429	-92.00;-94.75;-96.44	411;423		5.37
120.13121363	30.27132094	 2026-09-20 15:32:22.025	417	-84.32	411;423;429	-94.86;-95.58;-96.58	411;423		9.74
120.13121081	30.27131291	 2026-09-20 15:32:22.227	417	-81.65	423;411;429	-94.15;-94.73;-97.01	423;411		12.00
120.13120386	30.27132150	 2026-09-20 15:32:22.440	417	-84.10	411;429;423	-92.09;-95.94;-96.11	411;429		6.22
120.13121034	30.27131513	 2026-09-20 15:32:22.644	417	-84.86	411;429;423	-94.72;-95.26;-95.47	411;429		10.23
120.13120955	30.27132228	 2026-09-20 15:32:22.850	417	-85.99	429;411;423	-95.58;-96.88;-97.45	429;411		8.73
120.13121049	30.27131426	 2026-09-20 15:32:23.063	417	-82.44	411;423;429	-91.40;-95.39;-96.19	411;423		9.35
120.13122315	30.27130944	 2026-09-20 15:32:23.318	417	-84.05	411;423;429	-93.76;-94.73;-96.56	411;423		10.55
120.13122839	30.27131838	 2026-09-20 15:32:23.506	417	-84.38	411;423;429	-93.56;-97.33;-98.41	411;423		8.23
120.13122832	30.27130797	 2026-09-20 15:32:23.769	417	-86.64	411;429;423	-91.47;-93.60;-97.75	411;429		2.27
120.13121554	30.27131371	 2026-09-20 15:32:24.036	417	-83.86	411;423;429	-93.94;-96.59;-98.09	411;423		7.66
120.13123541	30.27131062	 2026-09-20 15:32:24.342	417	-86.44	411;429;423	-92.98;-96.00;-98.53	411;429		4.97
120.13121919	30.27130402	 2026-09-20 15:32:24.537	417	-83.15	411;429;423	-89.33;-94.65;-97.97	411;429		6.42
120.13123133	30.27131840	 2026-09-20 15:32:24.754	417	-84.30	429;411;423	-91.37;-93.88;-97.38	429;411		7.26
120.13122907	30.27130188	 2026-09-20 15:32:25.004	417	-82.62	411;429;423	-92.76;-93.79;-95.25	411;429		9.41
120.13122483	30.27131382	 2026-09-20 15:32:25.280	417	-84.28	411;429;423	-95.21;-96.22;-97.55	411;429		10.05
120.13123008	30.27130159	 2026-09-20 15:32:25.595	417	-84.51	411;429;423	-94.54;-94.79;-97.08	411;429		8.17
120.13123585	30.27132045	 2026-09-20 15:32:25.828	417	-84.00	411;429;423	-91.34;-93.33;-97.49	411;429		6.58
120.13123827	30.27131884	 2026-09-20 15:32:26.127	417	-81.30	411;429;423	-95.34;-95.94;-96.42	411;429		12.00
120.13123548	30.27131633	 2026-09-20 15:32:26.322	417	-83.78	429;411;423	-93.40;-93.53;-96.82	429;411		9.10
120.13125068	30.27132252	 2026-09-20 15:32:26.630	417	-83.80	411;429;423	-92.81;-93.84;-95.47	411;429		7.68
120.13123555	30.27130800	 2026-09-20 15:32:26.884	417	-85.47	411;429;423	-95.63;-97.23;-97.72	411;429		8.92
120.13124523	30.27130778	 2026-09-20 15:32:27.106	417	-86.00	423;429;411	-96.12;-96.17;-97.19	423;429		7.39
120.13125263	30.27131369	 2026-09-20 15:32:27.424	417	-85.66	411;429;423	-93.45;-95.86;-96.98	411;429		5.33
120.13124403	30.27131751	 2026-09-20 15:32:27.653	417	-83.13	411;429;423	-94.53;-96.19;-97.06	411;429		9.98
120.13126044	30.27132203	 2026-09-20 15:32:27.839	417	-83.37	411;423;429	-94.44;-94.74;-97.39	411;423		10.45
120.13124041	30.27132210	 2026-09-20 15:32:28.100	417	-81.44	423;429;411	-94.40;-96.21;-97.48	423;429		12.00
120.13125176	30.27131604	 2026-09-20 15:32:28.330	417	-82.80	411;429;423	-94.91;-95.97;-98.12	411;429		10.95
120.13124379	30.27131587	 2026-09-20 15:32:28.614	417	-81.32	411;423;429	-92.11;-96.40;-97.88	411;423		11.68
120.13126499	30.27130635	 2026-09-20 15:32:28.883	417	-85.87	411;429;423	-95.29;-98.10;-99.99	411;429		7.90
120.13124959	30.27130464	 2026-09-20 15:32:29.178	417	-83.79	411;429;423	-93.75;-96.19;-97.49	411;429		11.21
120.13126964	30.27131335	 2026-09-20 15:32:29.486	417	-81.03	423;429;411	-93.25;-95.48;-96.53	423;429		9.97
120.13125486	30.27130684	 2026-09-20 15:32:29.713	417	-83.83	411;429;423	-94.86;-95.44;-96.78	411;429		11.55
120.13125872	30.27131526	 2026-09-20 15:32:29.913	417	-82.14	429;411;423	-93.02;-95.92;-100.25	429;411		9.80
120.13127546	30.27132150	 2026-09-20 15:32:30.175	417	-84.48	411;429;423	-96.05;-97.82;-98.64	411;429		12.00
120.13127860	30.27132074	 2026-09-20 15:32:30.449	417	-83.16	411;429;423	-92.68;-96.81;-97.98	411;429		8.40
120.13126792	30.27130267	 2026-09-20 15:32:30.685	417	-81.51	429;423;411	-95.44;-97.01;-97.77	429;423		12.00
120.13127052	30.27131224	 2026-09-20 15:32:30.902	417	-84.35	411;429;423	-94.97;-96.54;-98.09	411;429		9.20
120.13126884	30.27131315	 2026-09-20 15:32:31.197	417	-83.58	411;423;429	-92.15;-94.76;-96.02	411;423		8.79
120.13127089	30.27131229	 2026-09-20 15:32:31.502	417	-82.59	423;411;429	-94.25;-96.68;-97.18	423;411		9.57
120.13126760	30.27131585	 2026-09-20 15:32:31.695	417	-83.39	411;429;423	-93.11;-94.62;-96.93	411;429		9.05
120.13128350	30.27130338	 2026-09-20 15:32:32.002	417	-83.70	411;429;423	-93.36;-93.55;-96.54	411;429		8.46
120.13128678	30.27131691	 2026-09-20 15:32:32.196	417	-81.51	429;411;423	-93.45;-95.35;-95.98	429;411		10.26
120.13127677	30.27131543	 2026-09-20 15:32:32.453	417	-82.63	411;423;429	-93.20;-95.68;-97.25	411;423		10.75
120.13128254	30.27131639	 2026-09-20 15:32:32.720	417	-81.77	411;423;429	-94.98;-95.91;-95.94	411;423		12.00
120.13129364	30.27130584	 2026-09-20 15:32:32.981	417	-83.25	429;423;411	-94.47;-95.26;-96.14	429;423		9.98
120.13127450	30.27132095	 2026-09-20 15:32:33.176	417	-85.68	411;423;429	-93.32;-93.89;-96.42	411;423		6.90
120.13129778	30.27131135	 2026-09-20 15:32:33.360	417	-84.02	411;429;423	-93.44;-95.13;-97.00	411;429		8.36
120.13128680	30.27131203	 2026-09-20 15:32:33.622	417	-80.33	411;429;423	-92.72;-97.69;-98.36	411;429		11.65
120.13129592	30.27131598	 2026-09-20 15:32:33.874	417	-83.38	411;423;429	-95.75;-97.27;-98.96	411;423		10.94
120.13128683	30.27132221	 2026-09-20 15:32:34.103	417	-85.02	411;423;429	-94.60;-98.08;-98.19	411;423		7.20
120.13129200	30.27130291	 2026-09-20 15:32:34.288	417	-83.51	411;423;429	-95.51;-96.16;-97.69	411;423		11.09
120.13130391	30.27131706	 2026-09-20 15:32:34.530	417	-83.74	411;429;423	-91.56;-95.56;-98.16	411;429		6.71
120.13130086	30.27130726	 2026-09-20 15:32:34.718	417	-84.31	411;423;429	-93.78;-96.35;-98.70	411;423		7.52
120.13129895	30.27131161	 2026-09-20 15:32:34.974	417	-82.61	411;423;429	-91.22;-95.61;-97.36	411;423		7.25
120.13129537	30.27130947	 2026-09-20 15:32:35.208	417	-82.20	411;423;429	-91.24;-96.92;-97.63	411;423		8.49
120.13130645	30.27132071	 2026-09-20 15:32:35.525	417	-86.37	411;423;429	-92.76;-95.37;-95.73	411;423		5.61
120.13130848	30.27132010	 2026-09-20 15:32:35.718	417	-81.25	429;411;423	-94.93;-96.11;-97.69	429;411		12.00
120.13131332	30.27131168	 2026-09-20 15:32:36.005	417	-80.68	429;411;423	-93.78;-96.08;-97.67	429;411		11.69
120.13130062	30.27130235	 2026-09-20 15:32:36.283	417	-80.44	411;429;507	-92.09;-93.82;-98.24	411;429		11.11
120.13132126	30.27130229	 2026-09-20 15:32:36.603	417	-84.91	429;411;423	-93.04;-94.31;-97.33	429;411		7.13
120.13131066	30.27130698	 2026-09-20 15:32:36.892	417	-84.11	411;423;429	-96.21;-97.09;-97.24	411;423		10.74
120.13132175	30.27131860	 2026-09-20 15:32:37.173	417	-78.85	411;429;423	-94.21;-97.73;-97.90	411;429		12.00
120.13130727	30.27131227	 2026-09-20 15:32:37.478	417	-83.54	411;429;423	-93.17;-94.00;-96.46	411;429		10.78
120.13132106	30.27131826	 2026-09-20 15:32:37.788	417	-81.91	429;423;411	-94.40;-94.65;-98.81	429;423		12.00
120.13130509	30.27131325	 2026-09-20 15:32:38.090	417	-84.68	411;423;429	-93.11;-93.66;-97.66	411;423		8.39
120.13131322	30.27130701	 2026-09-20 15:32:38.336	417	-83.71	411;429;423	-95.73;-96.30;-96.39	411;429		10.27
120.13132428	30.27131878	 2026-09-20 15:32:38.593	417	-82.78	411;429;423	-93.84;-96.77;-97.04	411;429		8.79
120.13132120	30.27132130	 2026-09-20 15:32:38.905	417	-82.51	411;423;429	-95.38;-96.08;-96.65	411;423		10.84
120.13131876	30.27131485	 2026-09-20 15:32:39.088	417	-85.65	423;411;429	-94.63;-97.37;-97.65	423;411		6.62
120.13133677	30.27130377	 2026-09-20 15:32:39.391	417	-83.47	429;411;423	-95.78;-96.14;-97.71	429;411		9.47
120.13132007	30.27131461	 2026-09-20 15:32:39.701	417	-83.08	429;411;423	-95.81;-97.41;-97.61	429;411		10.47
120.13134007	30.27131761	 2026-09-20 15:32:39.990	417	-82.45	411;429;423	-93.26;-95.82;-98.48	411;429		10.87
120.13133666	30.27130206	 2026-09-20 15:32:40.207	417	-82.19	411;429;423	-93.68;-94.21;-97.73	411;429		10.56
120.13134403	30.27130942	 2026-09-20 15:32:40.450	417	-84.56	429;411;423	-94.18;-97.05;-98.41	429;411		9.06
120.13133763	30.27130390	 2026-09-20 15:32:40.744	417	-81.73	411;429;423	-93.88;-95.67;-96.75	411;429		12.00
120.13133380	30.27131705	 2026-09-20 15:32:40.935	417	-82.26	411;423;429	-94.18;-95.15;-95.50	411;423		11.95
120.13133256	30.27131322	 2026-09-20 15:32:41.230	417	-81.45	411;429;423	-95.95;-96.10;-96.43	411;429		12.00
120.13134510	30.27131926	 2026-09-20 15:32:41.516	417	-84.33	411;429;423	-94.11;-96.80;-98.19	411;429		9.12
120.13135096	30.27131669	 2026-09-20 15:32:41.771	417	-83.39	411;429;423	-94.31;-96.34;-98.90	411;429		8.41
120.13135351	30.27132026	 2026-09-20 15:32:42.029	417	-79.58	429;411;423	-94.12;-95.17;-95.49	429;411		12.00
120.13133938	30.27130596	 2026-09-20 15:32:42.218	417	-79.71	429;411;423	-92.62;-95.10;-96.31	429;411		11.09
120.13134816	30.27132152	 2026-09-20 15:32:42.458	417	-84.58	429;411;423	-92.56;-94.49;-97.10	429;411		7.69
120.13133855	30.27131838	 2026-09-20 15:32:42.696	417	-79.35	429;411;423	-95.20;-96.05;-97.85	429;411		12.00
120.13133830	30.27132216	 2026-09-20 15:32:42.920	417	-82.07	411;429;423	-94.13;-96.07;-98.16	411;429		10.48
120.13134783	30.27130485	 2026-09-20 15:32:43.109	417	-82.17	429;411;423	-94.90;-96.92;-98.48	429;411		11.57
120.13134657	30.27130569	 2026-09-20 15:32:43.366	417	-85.53	411;429;423	-93.13;-95.66;-97.91	411;429		6.25
120.13135682	30.27131002	 2026-09-20 15:32:43.648	417	-83.15	429;423;411	-97.92;-99.50;-99.92	429;423		12.00
120.13134989	30.27131953	 2026-09-20 15:32:43.953	417	-79.37	411;423;429	-97.75;-97.88;-98.76	411;423		12.00
120.13135650	30.27131872	 2026-09-20 15:32:44.240	417	-82.23	429;411;423	-96.16;-96.88;-100.13	429;411		12.00
120.13134832	30.27130707	 2026-09-20 15:32:44.546	417	-82.94	429;411;423	-94.80;-97.83;-98.67	429;411		11.12
120.13136289	30.27131876	 2026-09-20 15:32:44.804	417	-80.32	429;423;411	-94.85;-98.76;-98.96	429;423		12.00
120.13136862	30.27131365	 2026-09-20 15:32:45.033	417	-82.07	429;411;423	-94.58;-95.66;-97.18	429;411		12.00
120.13136900	30.27130204	 2026-09-20 15:32:45.223	417	-82.46	429;411;423	-94.61;-96.15;-98.86	429;411		11.36
120.13135863	30.27132002	 2026-09-20 15:32:45.418	417	-81.33	411;429;423	-92.96;-94.80;-98.36	411;429		11.95
120.13136732	30.27130958	 2026-09-20 15:32:45.733	417	-82.67	411;423;429	-95.28;-96.64;-97.00	411;423		12.00
120.13135678	30.27131457	 2026-09-20 15:32:45.947	417	-81.86	411;423;429	-96.17;-97.25;-97.44	411;423		12.00
120.13137921	30.27132048	 2026-09-20 15:32:46.208	417	-81.37	423;429;411	-96.28;-97.68;-97.77	423;429		12.00
120.13136059	30.27131274	 2026-09-20 15:32:46.425	417	-83.79	429;411;423	-94.87;-95.00;-96.27	429;411		9.71
120.13137555	30.27131189	 2026-09-20 15:32:46.675	417	-79.84	423;411;429	-95.49;-96.21;-97.18	423;411		12.00
120.13137088	30.27130871	 2026-09-20 15:32:46.882	417	-81.54	429;411;423	-92.80;-96.02;-96.23	429;411		10.22
120.13136624	30.27130605	 2026-09-20 15:32:47.132	417	-82.49	411;429;423	-94.89;-96.77;-97.02	411;429		12.00
120.13137276	30.27132211	 2026-09-20 15:32:47.329	417	-78.21	423;411;429	-95.80;-96.06;-97.28	423;411		12.00
120.13138041	30.27131284	 2026-09-20 15:32:47.563	417	-81.93	423;429;411	-95.08;-95.17;-96.34	423;429		12.00
120.13137718	30.27132038	 2026-09-20 15:32:47.852	417	-80.60	411;429;423	-93.94;-96.90;-98.26	411;429		11.88
120.13138878	30.27132131	 2026-09-20 15:32:48.082	417	-81.67	411;423;429	-95.66;-96.32;-96.65	411;423		12.00
120.13138662	30.27130622	 2026-09-20 15:32:48.264	417	-81.48	423;411;429	-93.47;-95.46;-99.15	423;411		10.02
120.13137944	30.27130998	 2026-09-20 15:32:48.578	417	-82.19	423;411;429	-95.88;-97.43;-98.38	423;411		12.00
120.13139951	30.27130144	 2026-09-20 15:32:48.898	417	-79.29	423;411;429	-95.58;-97.03;-97.08	423;411		12.00
120.13140168	30.27131580	 2026-09-20 15:32:49.172	417	-83.03	423;411;429	-95.77;-96.28;-97.34	423;411		12.00
120.13138810	30.27130254	 2026-09-20 15:32:49.370	417	-83.04	423;429;411	-95.19;-96.61;-96.64	423;429		9.22
120.13138590	30.27132097	 2026-09-20 15:32:49.636	417	-82.01	411;429;423	-94.90;-95.51;-97.18	411;429		11.54
120.13140258	30.27132147	 2026-09-20 15:32:49.878	417	-81.83	411;423;429	-93.38;-94.98;-97.90	411;423		9.19
120.13139972	30.27131742	 2026-09-20 15:32:50.070	417	-81.17	411;429;423	-92.46;-94.64;-97.32	411;429		10.96
120.13140520	30.27130505	 2026-09-20 15:32:50.332	417	-83.98	411;429;423	-95.43;-97.08;-97.23	411;429		10.75
120.13138747	30.27131821	 2026-09-20 15:32:50.598	417	-80.29	411;429;423	-94.76;-95.42;-98.42	411;429		12.00
120.13140308	30.27130754	 2026-09-20 15:32:50.908	417	-83.62	411;423;429	-95.20;-95.96;-97.71	411;423		9.39
120.13141145	30.27130632	 2026-09-20 15:32:51.097	417	-80.01	429;411;423	-93.60;-94.59;-97.68	429;411		12.00
120.13139244	30.27132102	 2026-09-20 15:32:51.324	417	-79.00	411;423;429	-95.28;-96.25;-99.34	411;423		12.00
120.13140170	30.27130915	 2026-09-20 15:32:51.522	417	-85.07	411;429;423	-94.46;-95.15;-98.96	411;429		8.69
120.13139526	30.27131393	 2026-09-20 15:32:51.717	417	-79.63	411;423;429	-95.28;-96.01;-97.01	411;423		12.00
120.13139913	30.27130297	 2026-09-20 15:32:52.023	417	-81.52	429;423;411	-94.92;-96.32;-97.20	429;423		11.87
120.13140575	30.27131190	 2026-09-20 15:32:52.219	417	-82.00	429;411;423	-92.96;-96.73;-97.96	429;411		8.66
120.13140788	30.27130787	 2026-09-20 15:32:52.466	417	-81.92	423;411;429	-94.65;-97.08;-97.59	423;411		11.87
120.13141246	30.27131986	 2026-09-20 15:32:52.656	417	-83.88	411;423;429	-93.18;-96.70;-97.42	411;423		7.50
120.13140755	30.27130375	 2026-09-20 15:32:52.935	417	-83.15	423;429;411	-96.81;-97.25;-98.35	423;429		11.31
120.13140886	30.27130701	 2026-09-20 15:32:53.231	417	-81.65	411;429;423	-93.83;-96.48;-97.78	411;429		11.01
120.13140895	30.27132131	 2026-09-20 15:32:53.445	417	-79.06	411;423;429	-94.16;-96.48;-96.87	411;423		12.00
120.13141913	30.27132176	 2026-09-20 15:32:53.719	417	-81.19	411;423;429	-94.98;-95.73;-98.06	411;423		12.00
120.13142029	30.27131366	 2026-09-20 15:32:54.035	417	-81.48	429;411;423	-94.93;-95.84;-97.70	429;411		11.85
120.13141696	30.27131894	 2026-09-20 15:32:54.215	417	-78.97	411;429;423	-97.07;-98.49;-98.86	411;429		12.00
120.13141071	30.27131171	 2026-09-20 15:32:54.466	417	-84.31	429;411;423	-94.06;-95.58;-96.78	429;411		8.21
120.13141350	30.27130090	 2026-09-20 15:32:54.757	417	-82.83	411;429;423	-95.05;-96.37;-96.48	411;429		11.29
120.13142090	30.27130443	 2026-09-20 15:32:54.971	417	-84.37	429;411;423	-93.85;-95.92;-97.33	429;411		8.08
120.13141352	30.27130604	 2026-09-20 15:32:55.249	417	-81.05	429;423;411	-93.46;-97.68;-98.64	429;423		9.96
120.13141924	30.27131187	 2026-09-20 15:32:55.547	417	-80.67	411;429;423	-93.44;-96.05;-97.56	411;429		12.00
120.13141771	30.27130355	 2026-09-20 15:32:55.861	417	-81.59	411;423;429	-94.71;-96.48;-97.17	411;423		12.00
120.13142726	30.27130085	 2026-09-20 15:32:56.110	417	-81.16	429;411;423	-95.95;-96.57;-99.20	429;411		12.00
120.13142089	30.27130532	 2026-09-20 15:32:56.297	417	-83.49	423;429;411	-94.21;-96.32;-96.50	423;429		8.97
120.13142043	30.27129495	 2026-09-20 15:32:56.573	417	-83.03	411;429;423	-94.50;-95.11;-96.21	411;429		10.43
120.13143283	30.27128761	 2026-09-20 15:32:56.763	417	-82.16	429;411;423	-93.05;-96.42;-97.55	429;411		9.56
120.13141857	30.27129307	 2026-09-20 15:32:56.960	417	-85.24	411;423;429	-94.96;-96.25;-96.37	411;423		8.40
120.13141838	30.27128507	 2026-09-20 15:32:57.252	417	-82.73	429;411;423	-93.81;-94.71;-96.50	429;411		10.36
120.13143247	30.27129716	 2026-09-20 15:32:57.469	417	-82.12	429;411;423	-93.85;-94.93;-98.23	429;411		10.43
120.13143340	30.27129133	 2026-09-20 15:32:57.738	417	-83.33	411;423;429	-95.75;-98.10;-98.24	411;423		12.00
120.13142552	30.27128797	 2026-09-20 15:32:58.055	417	-84.78	429;411;423	-91.46;-94.58;-95.88	429;411		7.56
120.13143327	30.27128786	 2026-09-20 15:32:58.316	417	-81.61	411;423;429	-95.89;-96.25;-97.80	411;423		12.00
120.13141007	30.27128569	 2026-09-20 15:32:58.542	417	-81.78	423;411;429	-95.37;-95.45;-96.84	423;411		12.00
120.13142644	30.27127869	 2026-09-20 15:32:58.841	417	-83.44	429;411;423	-96.37;-97.53;-99.20	429;411		12.00
120.13141795	30.27127306	 2026-09-20 15:32:59.128	417	-83.25	411;429;423	-93.99;-97.47;-99.66	411;429		11.51
120.13142401	30.27127069	 2026-09-20 15:32:59.328	417	-82.66	429;423;411	-94.27;-95.43;-96.19	429;423		11.74
120.13141397	30.27127762	 2026-09-20 15:32:59.622	417	-83.30	429;423;411	-95.62;-96.68;-96.94	429;423		11.31
120.13143247	30.27127505	 2026-09-20 15:32:59.846	417	-84.21	411;423;429	-95.43;-97.28;-97.36	411;423		9.31
120.13143436	30.27127572	 2026-09-20 15:33:00.036	417	-85.49	411;429;423	-95.16;-95.40;-97.14	411;429		8.09
120.13142988	30.27126838	 2026-09-20 15:33:00.241	417	-85.44	429;411;423	-93.92;-94.55;-96.15	429;411		7.53
120.13142602	30.27126928	 2026-09-20 15:33:00.460	417	-87.38	429;423;411	-92.15;-95.94;-97.96	429;423		4.04
120.13142315	30.27127685	 2026-09-20 15:33:00.771	417	-85.02	429;411;423	-95.70;-96.22;-97.33	429;411		9.66
120.13141554	30.27126782	 2026-09-20 15:33:01.065	417	-84.13	423;411;429	-95.56;-96.01;-97.65	423;411		8.70
120.13141966	30.27126855	 2026-09-20 15:33:01.335	417	-83.72	411;429;423	-95.69;-96.19;-96.22	411;429		12.00
120.13141586	30.27127196	 2026-09-20 15:33:01.555	417	-88.08	423;429;411	-95.48;-95.64;-97.03	423;429		7.96
120.13142688	30.27126676	 2026-09-20 15:33:01.737	417	-82.23	411;423;429	-95.98;-96.04;-98.62	411;423		12.00
120.13142585	30.27127501	 2026-09-20 15:33:01.961	417	-83.77	429;411;423	-95.25;-97.40;-98.00	429;411		10.93
120.13141259	30.27125487	 2026-09-20 15:33:02.243	417	-86.70	423;411;429	-95.57;-95.74;-96.95	423;411		9.02
120.13143285	30.27125631	 2026-09-20 15:33:02.513	417	-83.80	429;423;411	-96.05;-96.97;-97.46	429;423		9.74
120.13142117	30.27126799	 2026-09-20 15:33:02.781	417	-83.98	429;411;423	-96.81;-96.91;-98.26	429;411		11.95
120.13142975	30.27125362	 2026-09-20 15:33:03.076	417	-81.22	429;411;423	-96.04;-96.31;-96.34	429;411		12.00
120.13142987	30.27124969	 2026-09-20 15:33:03.268	417	-86.88	411;429;423	-93.54;-97.01;-97.03	411;429		5.33
120.13143375	30.27125210	 2026-09-20 15:33:03.466	417	-83.37	411;429;423	-94.37;-94.78;-96.45	411;429		9.24
120.13141119	30.27126139	 2026-09-20 15:33:03.776	417	-82.40	429;423;411	-95.09;-95.62;-97.45	429;423		11.25
120.13142986	30.27125388	 2026-09-20 15:33:03.975	417	-86.58	429;411;423	-94.15;-94.34;-96.18	429;411		7.89
120.13140973	30.27125807	 2026-09-20 15:33:04.271	417	-84.59	411;423;429	-95.83;-96.63;-97.05	411;423		11.86
120.13142708	30.27124815	 2026-09-20 15:33:04.467	417	-86.92	423;429;411	-93.96;-95.20;-98.37	423;429		6.00
120.13143247	30.27125566	 2026-09-20 15:33:04.663	417	-81.62	423;429;411	-96.05;-96.20;-99.18	423;429		11.89
120.13141056	30.27124312	 2026-09-20 15:33:04.856	417	-87.24	429;411;423	-94.85;-96.30;-96.54	429;411		6.93
120.13141169	30.27124001	 2026-09-20 15:33:05.045	417	-83.42	411;429;423	-93.94;-94.62;-97.14	411;429		8.83
120.13143355	30.27124703	 2026-09-20 15:33:05.345	417	-83.93	429;411;423	-96.38;-96.87;-98.07	429;411		10.78
120.13143164	30.27123659	 2026-09-20 15:33:05.536	417	-82.74	429;423;411	-92.54;-96.19;-96.83	429;423		7.85
120.13142982	30.27124087	 2026-09-20 15:33:05.790	417	-85.18	423;429;411	-93.11;-95.72;-97.24	423;429		6.50
120.13143293	30.27123396	 2026-09-20 15:33:06.055	417	-84.70	411;423;429	-93.18;-95.17;-97.73	411;423		10.33
120.13142406	30.27124072	 2026-09-20 15:33:06.250	417	-83.65	411;429;423	-94.93;-96.54;-96.79	411;429		11.77
120.13142195	30.27123224	 2026-09-20 15:33:06.551	417	-85.85	411;423;429	-96.14;-96.44;-97.65	411;423		9.27
120.13141103	30.27122999	 2026-09-20 15:33:06.859	417	-85.38	423;429;411	-94.63;-96.22;-97.40	423;429		10.04
120.13142158	30.27124287	 2026-09-20 15:33:07.077	417	-87.85	429;411;423	-92.43;-92.46;-98.41	429;411		3.89
120.13141921	30.27123528	 2026-09-20 15:33:07.370	417	-85.74	429;411;423	-93.96;-95.45;-98.21	429;411		8.06
120.13141690	30.27122250	 2026-09-20 15:33:07.636	417	-83.04	429;411;423	-95.53;-96.72;-97.15	429;411		11.74
120.13141216	30.27124059	 2026-09-20 15:33:07.901	417	-85.41	423;411;429	-94.51;-95.45;-96.04	423;411		9.24
120.13142311	30.27122846	 2026-09-20 15:33:08.142	417	-85.48	411;429;423	-94.68;-95.14;-95.30	411;429		7.34
120.13141053	30.27122106	 2026-09-20 15:33:08.441	417	-84.23	429;411;423	-94.08;-95.27;-96.50	429;411		8.78
120.13141906	30.27122652	 2026-09-20 15:33:08.760	417	-86.81	423;411;429	-95.80;-96.76;-96.92	423;411		9.19
120.13140993	30.27122562	 2026-09-20 15:33:08.977	417	-84.23	411;429;423	-94.72;-97.21;-98.75	411;429		9.54
120.13142777	30.27123023	 2026-09-20 15:33:09.181	417	-83.58	423;411;429	-95.40;-96.35;-98.41	423;411		11.60
120.13141385	30.27121202	 2026-09-20 15:33:09.474	417	-84.27	411;429;423	-92.22;-94.29;-99.11	411;429		8.06
120.13141615	30.27121068	 2026-09-20 15:33:09.737	417	-88.00	429;411;423	-94.82;-95.07;-95.35	429;411		6.42
120.13142501	30.27121143	 2026-09-20 15:33:09.963	417	-85.65	429;411;423	-93.35;-94.22;-96.59	429;411		5.78
120.13142962	30.27120767	 2026-09-20 15:33:10.255	417	-86.86	411;429;423	-93.21;-94.29;-96.40	411;429		4.81
120.13142956	30.27122335	 2026-09-20 15:33:10.445	417	-86.35	411;429;423	-93.20;-94.21;-97.43	411;429		7.72
120.13141682	30.27120665	 2026-09-20 15:33:10.644	417	-87.94	411;423;429	-94.70;-94.88;-96.17	411;423		5.28
120.13142855	30.27122460	 2026-09-20 15:33:10.917	417	-85.24	423;411;429	-94.02;-96.46;-96.92	423;411		9.38
120.13141838	30.27121166	 2026-09-20 15:33:11.113	417	-86.87	411;429;423	-96.02;-96.10;-96.39	411;429		8.87
120.13143129	30.27121147	 2026-09-20 15:33:11.324	417	-85.93	429;411;423	-95.68;-96.27;-97.84	429;411		8.42
120.13141959	30.27121805	 2026-09-20 15:33:11.541	417	-87.54	429;423;411	-95.56;-95.70;-97.66	429;423		6.09
120.13142639	30.27120862	 2026-09-20 15:33:11.760	417	-86.69	423;411;429	-95.39;-95.95;-96.20	423;411		8.15
120.13143110	30.27121677	 2026-09-20 15:33:12.028	417	-87.34	429;423;411	-93.21;-94.01;-98.72	429;423		6.09
120.13142128	30.27121142	 2026-09-20 15:33:12.347	417	-84.55	423;411;429	-94.83;-95.06;-95.37	423;411		8.78
120.13142995	30.27119677	 2026-09-20 15:33:12.560	417	-89.21	429;411;423	-93.88;-96.13;-96.42	429;411		3.56
120.13142510	30.27120748	 2026-09-20 15:33:12.823	417	-84.99	411;423;429	-95.71;-95.85;-97.36	411;423		10.04
120.13141028	30.27119314	 2026-09-20 15:33:13.077	417	-87.81	429;411;423	-94.29;-95.34;-96.32	429;411		5.41
120.13141800	30.27121003	 2026-09-20 15:33:13.366	417	-88.87	423;429;411	-93.28;-95.61;-97.14	423;429		4.13
120.13140968	30.27119170	 2026-09-20 15:33:13.565	417	-82.05	411;429;423	-94.54;-95.12;-97.20	411;429		12.00
120.13141308	30.27119928	 2026-09-20 15:33:13.757	417	-85.89	429;423;411	-92.56;-93.64;-95.82	429;423		5.35
120.13142111	30.27119724	 2026-09-20 15:33:14.011	417	-88.94	411;429;423	-94.21;-97.46;-98.49	411;429		6.42
120.13141285	30.27119941	 2026-09-20 15:33:14.285	417	-84.40	411;423;429	-94.56;-94.78;-98.34	411;423		9.35
120.13141566	30.27118848	 2026-09-20 15:33:14.497	417	-86.76	411;429;423	-93.56;-96.02;-96.67	411;429		5.16
120.13142907	30.27118955	 2026-09-20 15:33:14.687	417	-85.30	429;423;411	-93.94;-95.37;-95.57	429;423		7.17
120.13142030	30.27119575	 2026-09-20 15:33:14.893	417	-86.93	429;411;423	-94.42;-94.89;-96.36	429;411		5.18
120.13142892	30.27119041	 2026-09-20 15:33:15.203	417	-87.34	429;411;423	-92.45;-95.56;-97.04	429;411		4.23
120.13141047	30.27119745	 2026-09-20 15:33:15.512	417	-84.25	429;411;423	-93.11;-95.79;-96.63	429;411		6.90
120.13141926	30.27119362	 2026-09-20 15:33:15.720	417	-85.88	429;411;423	-93.82;-93.87;-97.92	429;411		8.23
120.13141400	30.27118977	 2026-09-20 15:33:15.933	417	-87.50	429;411;423	-94.26;-95.50;-95.81	429;411		7.61
120.13142152	30.27118760	 2026-09-20 15:33:16.233	417	-87.89	411;429;423	-93.88;-95.90;-96.38	411;429		5.46
120.13143222	30.27118744	 2026-09-20 15:33:16.470	417	-85.98	429;411;423	-92.31;-95.40;-95.56	429;411		4.48
120.13142966	30.27118029	 2026-09-20 15:33:16.651	417	-87.19	429;423;411	-91.85;-96.03;-96.72	429;423		2.79
120.13142307	30.27118774	 2026-09-20 15:33:16.881	417	-87.40	411;423;429	-94.54;-95.90;-98.17	411;423		6.34
120.13143089	30.27118212	 2026-09-20 15:33:17.093	417	-88.67	411;423;429	-92.87;-95.40;-96.48	411;423		3.69
120.13142660	30.27117897	 2026-09-20 15:33:17.401	417	-86.85	423;411;429	-95.15;-95.80;-97.27	423;411		7.87
120.13141920	30.27117415	 2026-09-20 15:33:17.689	417	-86.88	429;423;411	-93.66;-97.12;-97.43	429;423		6.74
120.13143012	30.27117621	 2026-09-20 15:33:17.961	417	-85.51	429;423;411	-94.38;-95.89;-96.08	429;423		7.32
120.13141362	30.27116988	 2026-09-20 15:33:18.158	417	-88.43	429;411;423	-93.60;-95.92;-96.57	429;411		4.59
120.13141676	30.27116538	 2026-09-20 15:33:18.358	417	-86.34	411;429;423	-94.30;-95.70;-96.31	411;429		5.95
120.13142208	30.27117694	 2026-09-20 15:33:18.589	417	-87.45	411;429;423	-94.25;-94.27;-94.79	411;429		4.92
120.13141834	30.27115895	 2026-09-20 15:33:18.890	417	-88.78	429;423;411	-93.21;-94.25;-95.36	429;423		3.56
120.13142310	30.27117500	 2026-09-20 15:33:19.166	417	-87.93	429;411;423	-93.27;-95.08;-95.94	429;411		6.19
120.13141778	30.27116683	 2026-09-20 15:33:19.392	417	-87.74	411;423;429	-95.00;-96.83;-96.89	411;423		6.27
120.13141752	30.27115419	 2026-09-20 15:33:19.672	417	-88.22	429;411;423	-93.35;-93.46;-94.96	429;411		4.58
120.13141734	30.27115534	 2026-09-20 15:33:19.941	417	-88.00	429;411;423	-91.93;-92.41;-97.30	429;411		3.18
120.13142398	30.27116818	 2026-09-20 15:33:20.132	417	-86.14	429;423;411	-92.59;-94.85;-97.16	429;423		4.45
120.13143267	30.27115023	 2026-09-20 15:33:20.382	417	-88.87	429;423;411	-90.92;-94.09;-96.85	429;423		0.81
120.13141306	30.27115285	 2026-09-20 15:33:20.581	417	-87.65	423;429;411	-92.26;-95.06;-98.89	423;429		4.44
120.13143114	30.27115142	 2026-09-20 15:33:20.858	417	-86.94	429;411;423	-93.79;-93.92;-94.27	429;411		7.07
120.13142111	30.27115248	 2026-09-20 15:33:21.078	417	-91.18	423;429;411	-92.20;-95.01;-96.74	423;429		1.14
120.13142341	30.27116063	 2026-09-20 15:33:21.397	417	-88.08	411;429;423	-96.00;-96.61;-97.78	411;429		7.57
120.13141195	30.27114203	 2026-09-20 15:33:21.686	417	-87.38	411;423;429	-91.91;-94.47;-94.73	411;423		4.51
120.13141647	30.27114607	 2026-09-20 15:33:21.920	417	-88.75	429;411;423	-94.82;-95.17;-98.48	429;411		6.21
120.13142939	30.27115333	 2026-09-20 15:33:22.187	417	-86.05	429;423;411	-92.48;-96.28;-97.52	429;423		6.53
120.13142542	30.27114111	 2026-09-20 15:33:22.416	417	-84.67	411;429;423	-94.75;-94.92;-97.12	411;429		8.34
120.13142153	30.27114102	 2026-09-20 15:33:22.673	417	-88.96	423;429;411	-94.52;-94.99;-96.29	423;429		2.95
120.13141952	30.27115219	 2026-09-20 15:33:22.925	417	-85.69	411;429;423	-93.96;-95.40;-96.79	411;429		7.03
120.13143113	30.27114346	 2026-09-20 15:33:23.231	417	-89.78	429;411;423	-92.70;-94.22;-96.95	429;411		2.14
120.13141312	30.27115068	 2026-09-20 15:33:23.415	417	-89.50	429;423;411	-90.91;-95.06;-95.14	429;423		0.33
120.13141971	30.27113004	 2026-09-20 15:33:23.674	417	-90.74	411;429;423	-92.67;-92.77;-94.06	411;429		-0.41
120.13143266	30.27114577	 2026-09-20 15:33:23.967	417	-86.90	429;411;423	-93.21;-97.39;-98.52	429;411		4.36
120.13143171	30.27112631	 2026-09-20 15:33:24.268	417	-90.26	423;429;411	-93.86;-94.91;-95.07	423;429		3.46
120.13143170	30.27112676	 2026-09-20 15:33:24.486	417	-89.46	423;411;429	-92.60;-93.87;-94.87	423;411		1.33
120.13143064	30.27113116	 2026-09-20 15:33:24.716	417	-89.69	411;429;423	-95.26;-95.75;-95.94	411;429		2.64
120.13142311	30.27112503	 2026-09-20 15:33:24.897	417	-89.23	429;411;423	-93.76;-95.24;-96.83	429;411		2.61
120.13142301	30.27112804	 2026-09-20 15:33:25.201	417	-89.29	411;429;423	-94.12;-94.34;-96.46	411;429		3.09
120.13142618	30.27112746	 2026-09-20 15:33:25.448	417	-88.64	429;423;411	-96.05;-97.02;-98.41	429;423		5.89
120.13142171	30.27112970	 2026-09-20 15:33:25.648	417	-89.92	423;429;411	-94.39;-94.55;-94.78	423;429		3.85
120.13141258	30.27112937	 2026-09-20 15:33:25.842	417	-87.64	429;411;423	-93.99;-94.42;-96.62	429;411		6.98
120.13141970	30.27112564	 2026-09-20 15:33:26.085	417	-88.95	429;423;411	-93.76;-94.06;-94.12	429;423		3.41
120.13143120	30.27113044	 2026-09-20 15:33:26.380	417	-88.45	429;423;411	-94.11;-95.95;-97.55	429;423		4.83
120.13142180	30.27112093	 2026-09-20 15:33:26.615	417	-87.68	429;411;423	-93.29;-95.51;-96.30	429;411		4.34
120.13141045	30.27111123	 2026-09-20 15:33:26.906	417	-90.96	429;423;411	-95.06;-95.07;-96.19	429;423		2.34
120.13142712	30.27111028	 2026-09-20 15:33:27.179	417	-89.89	429;411;423	-94.04;-94.67;-95.22	429;411		3.87
120.13141891	30.27112545	 2026-09-20 15:33:27.452	417	-90.58	411;429;423	-92.69;-93.82;-96.30	411;429		0.79
120.13141706	30.27111195	 2026-09-20 15:33:27.721	417	-89.26	429;411;423	-91.46;-93.18;-96.60	429;411		1.53
120.13142903	30.27112104	 2026-09-20 15:33:27.961	417	-88.34	423;429;411	-93.31;-95.80;-97.00	423;429		2.84
120.13143272	30.27110889	 2026-09-20 15:33:28.223	417	-88.25	423;429;411	-93.09;-94.05;-96.53	423;429		4.97
120.13142163	30.27111154	 2026-09-20 15:33:28.404	417	-87.89	429;423;411	-91.08;-93.14;-95.96	429;423		2.14
120.13141464	30.27111009	 2026-09-20 15:33:28.632	417	-88.98	429;423;411	-94.50;-95.95;-95.97	429;423		5.33
120.13141246	30.27110557	 2026-09-20 15:33:28.853	417	-88.95	429;423;411	-93.80;-95.54;-95.56	429;423		5.53
120.13141787	30.27111495	 2026-09-20 15:33:29.153	417	-90.15	429;423;411	-94.78;-95.06;-96.27	429;423		3.20
120.13141156	30.27109589	 2026-09-20 15:33:29.347	417	-87.80	429;411;423	-92.79;-94.75;-96.26	429;411		3.64
120.13142941	30.27111132	 2026-09-20 15:33:29.547	417	-87.97	429;423;411	-89.66;-93.58;-95.01	429;423		0.89
120.13142855	30.27109715	 2026-09-20 15:33:29.762	417	-90.85	429;423;411	-94.33;-95.39;-95.99	429;423		3.44
120.13142956	30.27111109	 2026-09-20 15:33:30.057	417	-85.82	411;429;423	-93.58;-94.64;-96.63	411;429		6.63
120.13141769	30.27109810	 2026-09-20 15:33:30.273	417	-90.68	429;423;411	-92.84;-94.06;-96.61	429;423		-0.31
120.13141298	30.27109094	 2026-09-20 15:33:30.565	417	-93.54	429;411;423	-94.46;-96.52;-97.79	429;411		1.07
120.13143369	30.27109518	 2026-09-20 15:33:30.861	417	-90.39	429;411;423	-92.01;-95.86;-97.58	429;411		2.28
120.13141044	30.27110704	 2026-09-20 15:33:31.112	417	-89.19	429;411;423	-91.47;-95.70;-96.19	429;411		1.01
120.13142986	30.27108673	 2026-09-20 15:33:31.418	417	-90.47	429;411;423	-93.79;-94.50;-98.17	429;411		2.64
120.13143175	30.27110097	 2026-09-20 15:33:31.734	417	-89.31	411;429;423	-93.59;-94.32;-94.59	411;429		2.83
120.13142581	30.27109540	 2026-09-20 15:33:31.970	417	-88.90	429;423;411	-92.78;-96.18;-97.50	429;423		2.93
120.13142439	30.27110070	 2026-09-20 15:33:32.276	417	-91.69	429;423;411	-93.81;-95.16;-98.57	429;423		1.05
120.13141856	30.27108546	 2026-09-20 15:33:32.548	417	-88.59	429;411;423	-92.62;-96.99;-97.13	429;411		3.23
120.13142859	30.27109632	 2026-09-20 15:33:32.761	429	-91.58	417;423;411	-92.04;-95.81;-98.29	417;423		-0.61
120.13142630	30.27109093	 2026-09-20 15:33:32.964	417	-87.56	429;411;423	-92.21;-96.07;-96.10	429;411		5.06
120.13141189	30.27108728	 2026-09-20 15:33:33.224	417	-91.17	429;423;411	-93.09;-95.63;-96.25	429;423		1.63
120.13141325	30.27107748	 2026-09-20 15:33:33.499	417	-88.95	429;411;423	-95.42;-96.16;-97.46	429;411		5.37
120.13141387	30.27107728	 2026-09-20 15:33:33.808	417	-87.73	429;411;423	-93.23;-96.08;-99.67	429;411		5.91
120.13141855	30.27107641	 2026-09-20 15:33:34.086	417	-90.86	429;411;423	-92.56;-93.86;-94.09	429;411		-0.86
120.13141557	30.27107101	 2026-09-20 15:33:34.268	417	-88.42	429;423;411	-91.80;-93.13;-94.81	429;423		4.13
120.13142862	30.27108082	 2026-09-20 15:33:34.540	429	-90.44	417;411;423	-91.56;-95.01;-95.42	417;411		-0.91
120.13141234	30.27107323	 2026-09-20 15:33:34.766	417	-88.56	429;423;411	-93.35;-94.68;-97.16	429;423		3.13
120.13141503	30.27106873	 2026-09-20 15:33:34.973	417	-90.10	429;411;423	-93.02;-94.47;-95.92	429;411		1.60
120.13142048	30.27107713	 2026-09-20 15:33:35.160	417	-90.30	429;411;423	-92.88;-92.98;-96.22	429;411		2.47
120.13143194	30.27106726	 2026-09-20 15:33:35.437	429	-91.90	417;423;411	-92.19;-97.18;-97.78	417;423		0.72
120.13143401	30.27108108	 2026-09-20 15:33:35.750	417	-89.60	429;423;411	-93.68;-95.22;-96.15	429;423		1.15
120.13142038	30.27107725	 2026-09-20 15:33:35.938	417	-90.16	429;411;423	-93.10;-94.77;-96.67	429;411		1.84
120.13142026	30.27107196	 2026-09-20 15:33:36.203	417	-89.67	429;423;411	-93.94;-95.17;-98.91	429;423		4.20
120.13141040	30.27106367	 2026-09-20 15:33:36.517	417	-90.89	429;423;411	-91.46;-94.66;-96.16	429;423		-0.20
120.13141749	30.27107061	 2026-09-20 15:33:36.810	429	-91.38	417;423;411	-92.42;-94.38;-97.94	417;423		-0.72
120.13141303	30.27106524	 2026-09-20 15:33:37.016	417	-89.15	429;411;423	-93.37;-94.11;-94.53	429;411		1.96
120.13141397	30.27107067	 2026-09-20 15:33:37.330	417	-87.97	423;429;411	-93.37;-94.71;-97.68	423;429		4.26
120.13141072	30.27105844	 2026-09-20 15:33:37.513	417	-90.98	429;423;411	-92.72;-95.51;-96.22	429;423		2.47
120.13141035	30.27105225	 2026-09-20 15:33:37.696	429	-91.46	417;411;423	-91.66;-93.24;-95.52	417;411		-1.17
120.13143167	30.27104943	 2026-09-20 15:33:37.967	423	-90.94	429;417;411	-92.02;-93.36;-96.82	429;417		2.01
120.13142728	30.27105103	 2026-09-20 15:33:38.224	417	-90.09	429;411;423	-92.37;-94.65;-94.72	429;411		2.09
120.13142185	30.27106060	 2026-09-20 15:33:38.511	417	-90.20	429;411;423	-90.68;-95.67;-97.75	429;411		1.22
120.13142359	30.27106228	 2026-09-20 15:33:38.721	417	-90.78	429;423;411	-91.70;-95.11;-96.53	429;423		-0.22
120.13142309	30.27105330	 2026-09-20 15:33:38.961	417	-90.30	429;411;423	-90.95;-95.95;-96.06	429;411		-0.67
120.13141967	30.27104718	 2026-09-20 15:33:39.203	429	-89.44	417;411;423	-91.29;-95.38;-97.94	417;411		2.44
120.13143029	30.27104117	 2026-09-20 15:33:39.520	417	-90.01	429;411;423	-91.31;-95.19;-95.35	429;411		-0.11
120.13143022	30.27105794	 2026-09-20 15:33:39.805	417	-88.53	411;429;423	-92.54;-93.20;-95.94	411;429		1.82
120.13143026	30.27103821	 2026-09-20 15:33:40.120	417	-92.19	429;423;411	-94.54;-95.47;-96.08	429;423		1.99
120.13141890	30.27103537	 2026-09-20 15:33:40.436	417	-88.55	423;429;411	-90.85;-92.08;-97.53	423;429		1.92
120.13143056	30.27104215	 2026-09-20 15:33:40.726	417	-91.51	429;423;411	-93.94;-94.78;-95.51	429;423		1.41
120.13142607	30.27104981	 2026-09-20 15:33:40.985	429	-92.87	417;411;423	-93.33;-95.02;-97.98	417;411		1.16
120.13141155	30.27103688	 2026-09-20 15:33:41.210	417	-93.60	429;411;423	-95.37;-95.37;-95.38	429;411		0.07
120.13143172	30.27104365	 2026-09-20 15:33:41.402	417	-90.46	429;423;411	-90.51;-95.77;-96.16	429;423		-1.71
120.13143130	30.27104317	 2026-09-20 15:33:41.597	417	-93.36	423;429;411	-94.33;-96.03;-96.52	423;429		-1.27
120.13142776	30.27104377	 2026-09-20 15:33:41.793	417	-89.02	429;423;411	-90.61;-96.40;-96.60	429;423		0.93
120.13142321	30.27104028	 2026-09-20 15:33:42.069	417	-89.35	429;423;411	-93.03;-93.42;-96.32	429;423		4.14
120.13141068	30.27104364	 2026-09-20 15:33:42.285	429	-91.57	417;411;423	-92.62;-94.20;-95.12	417;411		-0.71
120.13142654	30.27104017	 2026-09-20 15:33:42.475	417	-87.85	429;411;423	-90.85;-92.25;-94.82	429;411		0.96
120.13142997	30.27102696	 2026-09-20 15:33:42.706	417	-91.98	411;429;423	-92.89;-93.21;-96.29	411;429		-0.86
120.13142355	30.27102050	 2026-09-20 15:33:42.996	429	-92.86	417;423;411	-93.66;-96.07;-97.74	417;423		-1.67
120.13142153	30.27103208	 2026-09-20 15:33:43.256	417	-89.93	429;411;423	-95.01;-95.78;-97.36	429;411		5.40
120.13142280	30.27101760	 2026-09-20 15:33:43.491	429	-90.84	417;411;423	-93.07;-94.04;-95.86	417;411		1.10
120.13143249	30.27103028	 2026-09-20 15:33:43.795	429	-90.37	417;411;423	-90.71;-92.03;-93.05	417;411		0.81
120.13141293	30.27103389	 2026-09-20 15:33:43.992	429	-88.61	417;411;423	-89.41;-95.08;-96.21	417;411		-1.46
120.13142680	30.27101335	 2026-09-20 15:33:44.256	429	-89.54	417;423;411	-90.60;-95.38;-96.45	417;423		-0.47
120.13143267	30.27102226	 2026-09-20 15:33:44.470	429	-90.03	417;423;411	-91.35;-98.61;-98.86	417;423		-0.07
120.13143137	30.27101543	 2026-09-20 15:33:44.761	429	-89.02	417;423;411	-91.31;-94.28;-97.31	417;423		0.41
120.13141508	30.27102207	 2026-09-20 15:33:44.996	417	-90.84	423;429;411	-91.35;-91.99;-94.64	423;429		-0.20
120.13141329	30.27101314	 2026-09-20 15:33:45.195	417	-92.06	429;411;423	-92.80;-96.01;-98.42	429;411		0.78
120.13140989	30.27102466	 2026-09-20 15:33:45.437	429	-93.39	417;411;423	-93.58;-94.72;-95.99	417;411		0.55
120.13142622	30.27100484	 2026-09-20 15:33:45.679	417	-92.52	429;411;423	-93.22;-96.99;-98.03	429;411		0.86
120.13142386	30.27101159	 2026-09-20 15:33:45.933	417	-90.52	429;411;423	-91.91;-95.86;-98.02	429;411		0.25
120.13142659	30.27100236	 2026-09-20 15:33:46.215	417	-90.91	429;411;423	-92.61;-93.50;-95.27	429;411		-0.07
120.13141760	30.27101525	 2026-09-20 15:33:46.443	417	-91.61	429;423;411	-93.18;-94.37;-96.06	429;423		1.54
120.13142954	30.27100761	 2026-09-20 15:33:46.705	417	-90.98	429;411;423	-92.87;-94.66;-96.21	429;411		2.38
120.13141654	30.27101144	 2026-09-20 15:33:47.023	429	-91.29	417;411;423	-93.41;-94.23;-94.70	417;411		1.51
120.13143148	30.27101197	 2026-09-20 15:33:47.324	429	-90.75	417;411;423	-92.58;-95.85;-96.86	417;411		-0.12
120.13141781	30.27099766	 2026-09-20 15:33:47.609	429	-90.57	417;411;423	-90.77;-93.23;-93.82	417;411		-0.76
120.13141373	30.27100850	 2026-09-20 15:33:47.858	417	-89.39	429;411;423	-91.20;-93.57;-94.69	429;411		1.07
120.13141137	30.27099981	 2026-09-20 15:33:48.131	423	-91.57	429;417;411	-91.61;-92.85;-95.93	429;417		-0.14
120.13141365	30.27098897	 2026-09-20 15:33:48.408	417	-89.10	429;423;411	-91.23;-92.55;-95.61	429;423		-0.73
120.13143018	30.27100712	 2026-09-20 15:33:48.618	417	-89.78	429;423;411	-92.26;-94.73;-96.13	429;423		1.50
120.13142177	30.27098805	 2026-09-20 15:33:48.875	429	-91.04	417;423;411	-91.85;-95.35;-97.24	417;423		-0.49
120.13142920	30.27100007	 2026-09-20 15:33:49.111	417	-88.75	429;411;423	-90.75;-92.54;-95.98	429;411		-0.02
120.13143306	30.27099745	 2026-09-20 15:33:49.347	429	-92.67	417;411;423	-93.47;-94.53;-96.06	417;411		-0.72
120.13142413	30.27099160	 2026-09-20 15:33:49.553	429	-90.56	417;423;411	-93.00;-96.78;-97.11	417;423		1.32
120.13141239	30.27099608	 2026-09-20 15:33:49.739	417	-92.35	429;423;411	-93.46;-94.19;-96.74	429;423		-0.43
120.13142469	30.27098955	 2026-09-20 15:33:49.934	423	-92.00	411;429;417	-94.86;-95.02;-96.01	411;429		1.92
120.13141620	30.27098113	 2026-09-20 15:33:50.218	429	-92.11	423;411;417	-93.39;-93.67;-93.70	423;411		1.12
120.13142234	30.27099244	 2026-09-20 15:33:50.511	417	-90.17	429;423;411	-94.10;-94.64;-97.25	429;423		3.53
120.13142684	30.27097790	 2026-09-20 15:33:50.714	417	-90.61	429;423;411	-91.65;-95.01;-95.48	429;423		1.57
120.13141307	30.27099076	 2026-09-20 15:33:51.005	417	-92.56	429;411;423	-93.01;-95.12;-95.59	429;411		-0.11
120.13142200	30.27097501	 2026-09-20 15:33:51.297	429	-90.08	417;423;411	-91.02;-93.73;-99.01	417;423		1.07
120.13141465	30.27097636	 2026-09-20 15:33:51.489	429	-92.12	417;411;423	-93.17;-95.19;-95.73	417;411		1.29
120.13141621	30.27097243	 2026-09-20 15:33:51.709	417	-90.54	429;423;411	-92.66;-93.18;-95.38	429;423		1.30
120.13142888	30.27098625	 2026-09-20 15:33:52.001	417	-90.16	429;423;411	-91.73;-93.29;-96.05	429;423		-0.34
120.13142731	30.27098604	 2026-09-20 15:33:52.314	429	-92.15	411;417;423	-92.64;-94.19;-94.67	411;417		-0.02
120.13142323	30.27096715	 2026-09-20 15:33:52.524	429	-87.54	417;423;411	-89.76;-94.83;-96.73	417;423		0.86
120.13142748	30.27096896	 2026-09-20 15:33:52.839	417	-91.02	429;423;411	-91.17;-95.03;-95.15	429;423		-0.37
120.13142010	30.27097148	 2026-09-20 15:33:53.097	429	-89.88	417;423;411	-92.35;-92.38;-95.17	417;423		1.68
120.13142946	30.27096215	 2026-09-20 15:33:53.299	429	-90.39	417;411;423	-92.61;-94.80;-94.81	417;411		1.87
120.13141401	30.27096807	 2026-09-20 15:33:53.498	429	-90.46	417;411;423	-92.52;-95.53;-97.00	417;411		1.29
120.13142655	30.27096480	 2026-09-20 15:33:53.718	417	-90.60	429;423;411	-91.54;-95.00;-97.29	429;423		-0.05
120.13141605	30.27096623	 2026-09-20 15:33:53.987	429	-89.54	417;411;423	-93.47;-93.61;-97.71	417;411		3.02
120.13141553	30.27095722	 2026-09-20 15:33:54.207	429	-90.64	417;411;423	-91.27;-95.07;-96.21	417;411		-0.19
120.13142384	30.27095812	 2026-09-20 15:33:54.463	411	-92.65	417;429;423	-93.00;-94.72;-94.91	417;429		-0.02
120.13143335	30.27095717	 2026-09-20 15:33:54.714	429	-90.28	417;423;411	-93.27;-95.00;-97.19	417;423		2.06
120.13142427	30.27096094	 2026-09-20 15:33:54.920	429	-91.27	417;411;423	-92.91;-94.77;-96.15	417;411		1.18
120.13141365	30.27096220	 2026-09-20 15:33:55.240	417	-90.16	429;411;423	-91.11;-94.67;-98.19	429;411		-0.27
120.13142813	30.27096433	 2026-09-20 15:33:55.421	429	-91.12	417;411;423	-94.19;-94.62;-96.20	417;411		0.38
120.13141441	30.27095338	 2026-09-20 15:33:55.638	429	-89.60	417;411;423	-92.18;-95.05;-95.72	417;411		2.10
120.13142098	30.27096233	 2026-09-20 15:33:55.833	429	-89.53	423;411;417	-92.28;-93.62;-94.45	423;411		-0.19
120.13141073	30.27095238	 2026-09-20 15:33:56.088	429	-88.91	417;423;411	-91.40;-93.35;-98.26	417;423		1.95
120.13142197	30.27094480	 2026-09-20 15:33:56.342	429	-88.88	417;411;423	-89.65;-97.37;-97.68	417;411		-0.56
120.13142790	30.27094513	 2026-09-20 15:33:56.556	417	-90.61	429;423;411	-92.57;-93.91;-97.45	429;423		4.17
120.13143380	30.27094268	 2026-09-20 15:33:56.759	417	-90.66	429;423;411	-91.00;-92.20;-94.01	429;423		-0.96
120.13142467	30.27094504	 2026-09-20 15:33:57.042	429	-87.59	417;411;423	-90.74;-94.21;-94.90	417;411		1.59
120.13141730	30.27094545	 2026-09-20 15:33:57.319	429	-90.91	417;423;411	-92.77;-94.30;-94.77	417;423		0.16
120.13143295	30.27094627	 2026-09-20 15:33:57.575	429	-89.37	417;423;411	-93.06;-93.65;-95.99	417;423		2.26
120.13142199	30.27094513	 2026-09-20 15:33:57.792	429	-89.47	417;423;411	-91.20;-95.10;-95.68	417;423		2.13
120.13142345	30.27094502	 2026-09-20 15:33:58.061	429	-90.59	417;411;423	-93.17;-95.29;-96.09	417;411		-0.74
120.13140999	30.27093943	 2026-09-20 15:33:58.305	429	-88.71	417;423;411	-92.05;-94.06;-96.68	417;423		2.90
120.13141988	30.27093529	 2026-09-20 15:33:58.589	429	-91.61	417;423;411	-92.49;-93.85;-97.63	417;423		0.12
120.13142326	30.27093978	 2026-09-20 15:33:58.857	429	-91.20	423;417;411	-93.52;-93.61;-93.72	423;417		2.14
120.13141810	30.27093133	 2026-09-20 15:33:59.087	429	-91.08	417;411;423	-93.42;-94.20;-96.55	417;411		1.07
120.13142504	30.27094039	 2026-09-20 15:33:59.401	429	-89.61	417;423;411	-91.97;-93.66;-95.24	417;423		2.47
120.13142852	30.27092831	 2026-09-20 15:33:59.692	429	-88.81	417;423;411	-91.60;-95.70;-96.23	417;423		1.78
120.13143269	30.27093879	 2026-09-20 15:34:00.010	429	-89.93	423;411;417	-93.76;-94.63;-95.30	423;411		3.96
120.13142786	30.27093055	 2026-09-20 15:34:00.220	429	-91.28	417;423;411	-91.74;-93.68;-95.68	417;423		-0.50
120.13141259	30.27093965	 2026-09-20 15:34:00.448	429	-90.26	417;423;411	-93.15;-93.64;-93.90	417;423		3.20
120.13142075	30.27092798	 2026-09-20 15:34:00.706	429	-92.83	417;411;423	-93.24;-95.48;-97.02	417;411		-1.50
120.13141817	30.27092268	 2026-09-20 15:34:00.925	417	-88.81	429;411;423	-89.39;-96.80;-97.32	429;411		-0.88
120.13142316	30.27092689	 2026-09-20 15:34:01.239	429	-89.22	423;417;411	-94.50;-95.76;-96.06	423;417		5.75
120.13142714	30.27092993	 2026-09-20 15:34:01.509	429	-86.92	423;417;411	-93.19;-93.33;-94.91	423;417		7.01
120.13142655	30.27092235	 2026-09-20 15:34:01.747	429	-88.85	417;411;423	-94.35;-95.57;-97.21	417;411		6.20
120.13142975	30.27091525	 2026-09-20 15:34:01.947	429	-89.98	411;417;423	-92.13;-93.15;-93.19	411;417		1.47
120.13143021	30.27092185	 2026-09-20 15:34:02.191	429	-89.09	417;423;411	-92.05;-94.91;-95.61	417;423		1.72
120.13141031	30.27092781	 2026-09-20 15:34:02.378	429	-89.20	423;417;411	-92.02;-92.64;-94.62	423;417		1.67
120.13142058	30.27091373	 2026-09-20 15:34:02.671	429	-89.36	417;423;411	-92.79;-93.07;-94.90	417;423		4.17
120.13142592	30.27091668	 2026-09-20 15:34:02.962	429	-89.76	417;411;423	-93.83;-94.05;-96.21	417;411		2.14
120.13143135	30.27090381	 2026-09-20 15:34:03.226	429	-86.75	423;417;411	-95.00;-95.06;-97.75	423;417		8.05
120.13143117	30.27090890	 2026-09-20 15:34:03.446	429	-88.72	417;411;423	-93.54;-93.56;-96.88	417;411		4.00
120.13141843	30.27091904	 2026-09-20 15:34:03.694	429	-89.45	417;423;411	-90.64;-97.30;-97.86	417;423		-0.89
120.13141251	30.27091831	 2026-09-20 15:34:03.897	429	-90.99	417;411;423	-91.64;-94.76;-95.88	417;411		-1.90
120.13142575	30.27091493	 2026-09-20 15:34:04.077	429	-90.63	417;423;411	-92.78;-94.10;-94.20	417;423		0.30
120.13143273	30.27091174	 2026-09-20 15:34:04.353	429	-89.71	417;411;423	-89.80;-95.25;-95.61	417;411		-0.67
120.13143000	30.27090626	 2026-09-20 15:34:04.656	429	-90.11	417;411;423	-93.84;-94.59;-94.64	417;411		2.68
120.13142785	30.27090529	 2026-09-20 15:34:04.955	417	-92.01	429;411;423	-92.07;-95.44;-96.18	429;411		-1.06
120.13141581	30.27089972	 2026-09-20 15:34:05.234	429	-87.67	417;423;411	-95.86;-95.99;-96.57	417;423		7.83
120.13143403	30.27089713	 2026-09-20 15:34:05.485	429	-86.75	423;417;411	-92.01;-95.09;-95.98	423;417		4.00
120.13143052	30.27089012	 2026-09-20 15:34:05.702	429	-88.41	417;411;423	-91.13;-93.92;-94.62	417;411		1.65
120.13141295	30.27089527	 2026-09-20 15:34:05.914	429	-87.04	417;423;411	-91.39;-93.53;-96.33	417;423		4.15
120.13141409	30.27089207	 2026-09-20 15:34:06.183	429	-90.22	423;411;417	-91.15;-94.44;-94.62	423;411		0.14
120.13142740	30.27088717	 2026-09-20 15:34:06.378	429	-91.30	417;423;411	-93.22;-94.22;-97.49	417;423		-0.16
120.13141207	30.27089519	 2026-09-20 15:34:06.621	429	-91.36	423;417;411	-93.89;-95.75;-97.27	423;417		2.99
120.13142598	30.27088349	 2026-09-20 15:34:06.820	423	-90.78	429;417;411	-90.80;-92.36;-97.55	429;417		-2.40
120.13141520	30.27089780	 2026-09-20 15:34:07.030	429	-90.16	417;423;411	-93.29;-93.86;-95.09	417;423		2.26
120.13142798	30.27088367	 2026-09-20 15:34:07.305	429	-87.86	423;417;411	-93.68;-94.50;-95.00	423;417		4.12
120.13142890	30.27088171	 2026-09-20 15:34:07.557	429	-87.59	417;423;411	-93.49;-94.60;-96.71	417;423		5.69
120.13142936	30.27088541	 2026-09-20 15:34:07.746	429	-89.73	417;423;411	-91.38;-93.95;-96.56	417;423		0.49
120.13142206	30.27088024	 2026-09-20 15:34:08.010	429	-91.79	423;417;411	-94.16;-94.19;-95.09	423;417		1.36
120.13141311	30.27087315	 2026-09-20 15:34:08.297	429	-87.08	423;411;417	-90.15;-91.46;-91.91	423;411		2.23
120.13142021	30.27087954	 2026-09-20 15:34:08.499	429	-87.34	417;423;411	-91.21;-94.53;-96.86	417;423		3.52
120.13142482	30.27087101	 2026-09-20 15:34:08.790	429	-90.40	411;423;417	-94.16;-94.76;-95.71	411;423		2.22
120.13143006	30.27088129	 2026-09-20 15:34:09.012	429	-89.16	417;423;411	-90.87;-95.55;-97.51	417;423		-0.09
120.13141994	30.27086742	 2026-09-20 15:34:09.323	429	-89.44	417;423;507	-94.51;-95.66;-97.61	417;423		4.83
120.13143166	30.27088649	 2026-09-20 15:34:09.637	429	-87.52	417;423;411	-92.20;-93.76;-97.09	417;423		3.96
120.13141599	30.27087300	 2026-09-20 15:34:09.876	429	-91.19	417;411;507	-93.02;-94.15;-96.93	417;411		0.25
120.13141192	30.27087713	 2026-09-20 15:34:10.187	429	-87.62	417;411;423	-94.25;-94.67;-95.41	417;411		7.48
120.13141435	30.27087286	 2026-09-20 15:34:10.382	429	-88.48	417;411;423	-91.42;-95.21;-96.23	417;411		0.91
120.13142606	30.27086421	 2026-09-20 15:34:10.603	429	-85.86	423;411;417	-94.23;-94.76;-95.69	423;411		8.93
120.13141473	30.27086580	 2026-09-20 15:34:10.862	429	-87.16	411;417;423	-92.66;-94.74;-94.82	411;417		4.71
120.13142387	30.27086231	 2026-09-20 15:34:11.113	429	-88.77	417;423;411	-91.16;-96.00;-96.73	417;423		2.32
120.13143145	30.27085549	 2026-09-20 15:34:11.341	429	-85.75	423;417;411	-94.24;-94.75;-96.74	423;417		6.66
120.13143444	30.27086488	 2026-09-20 15:34:11.589	429	-86.38	417;423;411	-90.01;-93.29;-95.27	417;423		1.82
120.13142074	30.27085335	 2026-09-20 15:34:11.887	429	-87.99	417;411;423	-92.71;-96.01;-96.03	417;411		3.65
120.13142174	30.27086688	 2026-09-20 15:34:12.108	429	-88.58	417;423;411	-92.28;-96.55;-98.15	417;423		1.69
120.13142021	30.27086339	 2026-09-20 15:34:12.349	429	-87.39	417;423;411	-91.91;-94.83;-96.34	417;423		4.49
120.13143354	30.27085186	 2026-09-20 15:34:12.667	429	-89.07	423;417;411	-95.28;-95.34;-95.98	423;417		6.39
120.13143348	30.27085472	 2026-09-20 15:34:12.906	429	-91.65	417;423;411	-92.93;-94.75;-97.38	417;423		-0.03
120.13141305	30.27085373	 2026-09-20 15:34:13.112	429	-88.38	417;423;411	-94.91;-96.37;-96.68	417;423		6.00
120.13143454	30.27084432	 2026-09-20 15:34:13.358	429	-84.90	417;423;411	-91.49;-93.29;-94.31	417;423		5.35
120.13141941	30.27085754	 2026-09-20 15:34:13.596	429	-86.95	417;423;507	-92.91;-94.58;-95.59	417;423		8.00
120.13141235	30.27084856	 2026-09-20 15:34:13.833	429	-86.71	417;423;411	-92.64;-93.15;-96.44	417;423		5.64
120.13143045	30.27085003	 2026-09-20 15:34:14.072	429	-87.47	423;417;411	-94.82;-95.30;-96.74	423;417		6.55
120.13141015	30.27083913	 2026-09-20 15:34:14.314	429	-86.88	417;411;423	-92.93;-95.02;-95.37	417;411		6.18
120.13143154	30.27084516	 2026-09-20 15:34:14.516	429	-90.87	417;411;423	-96.51;-97.04;-98.58	417;411		5.49
120.13141744	30.27083565	 2026-09-20 15:34:14.829	429	-88.57	411;417;423	-95.82;-95.97;-97.55	411;417		6.38
120.13142032	30.27084152	 2026-09-20 15:34:15.059	429	-87.59	417;411;423	-92.95;-95.13;-95.97	417;411		4.67
120.13142935	30.27083343	 2026-09-20 15:34:15.272	429	-87.04	417;423;411	-92.31;-96.00;-96.44	417;423		3.57
120.13143370	30.27083346	 2026-09-20 15:34:15.517	429	-91.18	423;417;411	-93.25;-94.10;-96.97	423;417		1.32
120.13142332	30.27083745	 2026-09-20 15:34:15.836	429	-88.36	423;417;411	-94.64;-95.54;-96.37	423;417		5.31
120.13141024	30.27083232	 2026-09-20 15:34:16.075	429	-87.96	423;417;507	-92.25;-92.38;-98.04	423;417		3.30
120.13141292	30.27083138	 2026-09-20 15:34:16.386	429	-88.36	417;423;411	-94.51;-97.10;-99.13	417;423		3.87
120.13142034	30.27082583	 2026-09-20 15:34:16.573	429	-86.36	417;423;411	-93.42;-95.23;-95.42	417;423		5.73
120.13141940	30.27083954	 2026-09-20 15:34:16.814	429	-86.45	417;423;507	-93.32;-95.97;-97.57	417;423		6.74
120.13142783	30.27083784	 2026-09-20 15:34:17.075	429	-88.84	423;417;411	-94.20;-96.20;-96.44	423;417		6.05
120.13142073	30.27082289	 2026-09-20 15:34:17.307	429	-86.49	423;411;417	-95.34;-96.40;-96.78	423;411		9.37
120.13142668	30.27082574	 2026-09-20 15:34:17.610	429	-89.58	423;411;417	-92.72;-94.44;-95.64	423;411		2.55
120.13142869	30.27082999	 2026-09-20 15:34:17.877	429	-86.83	423;411;417	-94.80;-96.25;-97.37	423;411		7.11
120.13141859	30.27083241	 2026-09-20 15:34:18.168	429	-87.47	423;417;411	-93.78;-95.16;-95.86	423;417		6.28
120.13143428	30.27082601	 2026-09-20 15:34:18.454	429	-88.31	417;423;411	-94.27;-94.88;-96.62	417;423		4.34
120.13142299	30.27083464	 2026-09-20 15:34:18.752	429	-91.10	417;423;507	-93.60;-94.97;-97.36	417;423		1.88
120.13141540	30.27081418	 2026-09-20 15:34:18.974	429	-86.83	417;423;411	-93.34;-93.73;-96.87	417;423		4.88
120.13143250	30.27082064	 2026-09-20 15:34:19.192	429	-89.60	417;423;507	-92.74;-95.83;-96.88	417;423		3.74
120.13141734	30.27082153	 2026-09-20 15:34:19.379	429	-86.84	417;411;423	-94.13;-95.28;-95.60	417;411		7.19
120.13142613	30.27081815	 2026-09-20 15:34:19.659	429	-86.68	423;417;411	-93.37;-93.96;-96.46	423;417		7.33
120.13141761	30.27081805	 2026-09-20 15:34:19.933	429	-88.82	417;411;423	-93.22;-94.72;-95.86	417;411		4.43
120.13141912	30.27080542	 2026-09-20 15:34:20.137	429	-83.60	417;423;411	-92.03;-95.96;-96.21	417;423		7.43
120.13141243	30.27081067	 2026-09-20 15:34:20.380	429	-84.98	423;507;411	-95.18;-95.78;-95.97	423;507		8.09
120.13142290	30.27081043	 2026-09-20 15:34:20.680	429	-87.02	411;417;423	-95.80;-95.97;-97.08	411;417		8.36
120.13141529	30.27081785	 2026-09-20 15:34:20.938	429	-86.89	417;423;411	-94.51;-94.78;-96.96	417;423		6.26
120.13142445	30.27081071	 2026-09-20 15:34:21.211	429	-87.07	423;417;411	-91.45;-96.11;-97.11	423;417		3.10
120.13143351	30.27081939	 2026-09-20 15:34:21.466	429	-87.40	417;423;411	-92.90;-95.52;-95.53	417;423		4.96
120.13142023	30.27081695	 2026-09-20 15:34:21.773	429	-89.80	411;417;423	-93.42;-93.59;-97.23	411;417		2.21
120.13141657	30.27080642	 2026-09-20 15:34:22.045	429	-87.17	423;417;411	-95.13;-95.55;-97.91	423;417		7.73
120.13141535	30.27080462	 2026-09-20 15:34:22.250	429	-82.95	417;411;423	-93.64;-94.99;-95.08	417;411		12.00
120.13142624	30.27079937	 2026-09-20 15:34:22.547	429	-85.12	411;423;417	-92.49;-94.02;-95.60	411;423		5.92
120.13143187	30.27079227	 2026-09-20 15:34:22.767	429	-85.14	423;417;411	-92.09;-95.15;-96.96	423;417		5.86
120.13141712	30.27078968	 2026-09-20 15:34:22.969	429	-84.85	423;417;411	-91.94;-94.92;-95.67	423;417		5.14
120.13141102	30.27079198	 2026-09-20 15:34:23.281	429	-87.65	423;411;417	-91.65;-94.73;-95.32	423;411		1.51
120.13142090	30.27079884	 2026-09-20 15:34:23.520	429	-86.29	423;417;411	-94.70;-97.08;-97.57	423;417		7.21
120.13141197	30.27080559	 2026-09-20 15:34:23.813	429	-86.92	417;423;411	-96.34;-96.42;-96.84	417;423		10.33
120.13142500	30.27080307	 2026-09-20 15:34:24.110	429	-86.34	423;417;411	-92.05;-96.70;-97.96	423;417		5.34
120.13141590	30.27078552	 2026-09-20 15:34:24.325	429	-87.30	423;411;417	-94.68;-94.94;-95.83	423;411		6.59
120.13141474	30.27080193	 2026-09-20 15:34:24.559	429	-86.99	417;423;411	-95.25;-96.63;-98.45	417;423		7.95
120.13141248	30.27078971	 2026-09-20 15:34:24.752	429	-84.60	423;417;411	-94.32;-95.09;-97.72	423;417		7.65
120.13142298	30.27078044	 2026-09-20 15:34:25.012	429	-85.74	423;411;417	-94.16;-94.64;-95.69	423;411		7.75
120.13143100	30.27077677	 2026-09-20 15:34:25.260	429	-82.72	417;423;411	-92.31;-93.82;-97.98	417;423		9.93
120.13143283	30.27079250	 2026-09-20 15:34:25.547	429	-82.79	417;423;411	-95.70;-96.33;-97.27	417;423		12.00
120.13141188	30.27077779	 2026-09-20 15:34:25.815	429	-85.76	423;417;411	-92.87;-94.53;-98.07	423;417		7.72
120.13141505	30.27077234	 2026-09-20 15:34:26.055	429	-88.85	417;411;423	-92.56;-95.25;-96.95	417;411		1.23
120.13142010	30.27077356	 2026-09-20 15:34:26.265	429	-87.84	423;417;507	-94.39;-94.92;-97.46	423;417		5.21
120.13141305	30.27077331	 2026-09-20 15:34:26.502	429	-84.26	417;423;411	-94.02;-94.54;-95.52	417;423		9.62
120.13141672	30.27078501	 2026-09-20 15:34:26.816	429	-88.21	423;417;411	-94.74;-95.70;-97.54	423;417		6.89
120.13142334	30.27078780	 2026-09-20 15:34:27.134	429	-87.99	423;417;411	-92.96;-93.84;-94.82	423;417		4.21
120.13141401	30.27077015	 2026-09-20 15:34:27.382	429	-86.14	423;411;417	-95.46;-97.08;-97.26	423;411		7.42
120.13142873	30.27078345	 2026-09-20 15:34:27.608	429	-85.72	423;411;417	-93.42;-94.61;-96.00	423;411		7.47
120.13143145	30.27077682	 2026-09-20 15:34:27.927	429	-84.53	411;423;417	-94.84;-95.33;-98.65	411;423		7.96
120.13143386	30.27077538	 2026-09-20 15:34:28.131	429	-84.95	411;417;423	-93.51;-94.92;-96.17	411;417		8.22
120.13142931	30.27076309	 2026-09-20 15:34:28.370	429	-84.64	423;417;411	-93.65;-95.55;-95.87	423;417		9.60
120.13142033	30.27076769	 2026-09-20 15:34:28.608	429	-83.82	423;417;411	-93.03;-95.60;-97.99	423;417		8.33
120.13143224	30.27077776	 2026-09-20 15:34:28.881	429	-86.16	423;417;411	-95.38;-97.17;-98.61	423;417		9.30
120.13142817	30.27077481	 2026-09-20 15:34:29.133	429	-84.54	423;417;411	-95.84;-96.28;-96.95	423;417		11.19
120.13142418	30.27076982	 2026-09-20 15:34:29.320	429	-84.28	417;423;411	-93.25;-94.16;-96.47	417;423		6.45
120.13142802	30.27076288	 2026-09-20 15:34:29.590	429	-85.42	423;411;417	-94.70;-95.47;-96.34	423;411		8.06
120.13141046	30.27075608	 2026-09-20 15:34:29.852	429	-84.65	423;411;417	-94.41;-97.50;-97.53	423;411		10.68
120.13141689	30.27075180	 2026-09-20 15:34:30.097	429	-83.39	417;411;507	-95.19;-96.12;-96.58	417;411		11.02
120.13142562	30.27075772	 2026-09-20 15:34:30.397	429	-86.73	423;411;417	-93.49;-97.43;-99.81	423;411		4.64
120.13143440	30.27075878	 2026-09-20 15:34:30.593	429	-85.39	423;411;507	-95.62;-96.51;-97.61	423;411		8.76
120.13141783	30.27074697	 2026-09-20 15:34:30.857	429	-87.50	411;417;423	-91.49;-93.99;-96.92	411;417		1.59
120.13143240	30.27076324	 2026-09-20 15:34:31.147	429	-84.73	423;417;411	-95.52;-96.31;-96.40	423;417		9.70
120.13141954	30.27075858	 2026-09-20 15:34:31.383	429	-86.84	423;417;411	-94.81;-95.56;-96.28	423;417		7.34
120.13143100	30.27074848	 2026-09-20 15:34:31.682	429	-86.62	417;411;423	-94.50;-96.50;-97.53	417;411		7.78
120.13142447	30.27075253	 2026-09-20 15:34:31.871	429	-85.74	423;417;411	-95.17;-97.49;-98.73	423;417		9.84
120.13141850	30.27074509	 2026-09-20 15:34:32.163	429	-85.74	423;417;411	-92.97;-93.56;-94.05	423;417		6.82
120.13142842	30.27073796	 2026-09-20 15:34:32.423	429	-81.89	411;423;417	-92.31;-92.85;-97.21	411;423		9.09
120.13142541	30.27074034	 2026-09-20 15:34:32.730	429	-83.89	423;417;411	-96.93;-97.74;-98.64	423;417		12.00
120.13142861	30.27074040	 2026-09-20 15:34:33.035	429	-85.40	423;417;411	-95.06;-95.55;-96.37	423;417		8.93
120.13141445	30.27074041	 2026-09-20 15:34:33.308	429	-81.99	423;417;411	-94.29;-95.35;-96.63	423;417		10.87
120.13141150	30.27074180	 2026-09-20 15:34:33.619	429	-83.54	417;423;411	-92.97;-94.51;-95.01	417;423		8.88
120.13143355	30.27073443	 2026-09-20 15:34:33.842	429	-85.29	423;417;411	-97.26;-97.73;-97.87	423;417		10.60
120.13141202	30.27072990	 2026-09-20 15:34:34.062	429	-85.82	411;423;417	-96.48;-96.51;-97.48	411;423		10.16
120.13142136	30.27073428	 2026-09-20 15:34:34.287	429	-83.24	417;423;411	-95.46;-95.58;-95.77	417;423		10.27
120.13142267	30.27073710	 2026-09-20 15:34:34.586	429	-83.32	423;417;411	-94.79;-94.83;-95.39	423;417		9.49
120.13143162	30.27072809	 2026-09-20 15:34:34.797	429	-84.45	417;411;423	-93.85;-94.13;-97.15	417;411		8.29
120.13141564	30.27072386	 2026-09-20 15:34:34.980	429	-82.44	411;423;417	-94.10;-96.59;-98.10	411;423		11.20
120.13141851	30.27073984	 2026-09-20 15:34:35.279	429	-82.20	423;417;411	-95.88;-96.15;-96.50	423;417		11.21
120.13143110	30.27072094	 2026-09-20 15:34:35.501	429	-86.25	423;411;417	-92.09;-97.37;-97.45	423;411		4.56
120.13141825	30.27072029	 2026-09-20 15:34:35.790	429	-83.07	423;417;411	-95.63;-96.47;-97.56	423;417		12.00
120.13141391	30.27072690	 2026-09-20 15:34:36.024	429	-84.36	423;417;411	-94.50;-96.93;-98.48	423;417		10.58
120.13142202	30.27071957	 2026-09-20 15:34:36.299	429	-87.35	417;411;423	-95.75;-96.60;-97.15	417;411		6.99
120.13142441	30.27073020	 2026-09-20 15:34:36.588	429	-83.06	423;411;417	-91.59;-97.20;-97.75	423;411		7.54
120.13141470	30.27072651	 2026-09-20 15:34:36.805	429	-86.84	423;417;411	-94.98;-95.94;-97.61	423;417		6.77
120.13142812	30.27072282	 2026-09-20 15:34:37.079	429	-84.80	423;417;411	-93.42;-97.24;-98.84	423;417		6.39
120.13142961	30.27070980	 2026-09-20 15:34:37.353	429	-81.23	423;417;411	-94.74;-96.21;-98.96	423;417		9.25
120.13142107	30.27071890	 2026-09-20 15:34:37.598	429	-85.94	423;417;411	-93.69;-95.81;-95.90	423;417		6.06
120.13142606	30.27071495	 2026-09-20 15:34:37.842	429	-84.07	423;417;411	-94.90;-96.48;-98.48	423;417		10.88
120.13141547	30.27070578	 2026-09-20 15:34:38.106	429	-85.10	423;417;411	-92.98;-93.39;-97.11	423;417		7.37
120.13143317	30.27071267	 2026-09-20 15:34:38.301	429	-82.24	423;411;417	-96.45;-97.05;-98.43	423;411		11.73
120.13142953	30.27070524	 2026-09-20 15:34:38.596	429	-83.27	423;417;411	-94.38;-95.63;-98.79	423;417		10.89
120.13142077	30.27070238	 2026-09-20 15:34:38.850	429	-81.80	423;411;417	-95.36;-96.08;-97.04	423;411		12.00
120.13142612	30.27071091	 2026-09-20 15:34:39.065	429	-84.54	423;417;411	-93.18;-96.64;-97.10	423;417		9.33
120.13141116	30.27071008	 2026-09-20 15:34:39.374	429	-84.65	423;411;417	-94.33;-96.96;-96.96	423;411		9.74
120.13141339	30.27071104	 2026-09-20 15:34:39.669	429	-81.92	423;417;507	-95.07;-96.35;-97.41	423;417		10.75
120.13142419	30.27070237	 2026-09-20 15:34:39.973	429	-82.83	423;417;411	-95.11;-95.61;-98.16	423;417		12.00
120.13142455	30.27071366	 2026-09-20 15:34:40.161	429	-84.85	423;417;411	-93.73;-95.07;-98.30	423;417		7.10
120.13142946	30.27070567	 2026-09-20 15:34:40.442	429	-81.52	411;417;423	-94.80;-96.03;-97.52	411;417		12.00
120.13142321	30.27069260	 2026-09-20 15:34:40.733	429	-84.69	417;423;411	-94.79;-96.09;-97.51	417;423		9.19
120.13141148	30.27069697	 2026-09-20 15:34:40.979	429	-82.54	417;411;423	-94.71;-96.13;-97.77	417;411		11.67
120.13142600	30.27070525	 2026-09-20 15:34:41.180	429	-81.81	423;417;411	-94.09;-95.00;-96.26	423;417		12.00
120.13143050	30.27069758	 2026-09-20 15:34:41.488	429	-81.66	417;423;411	-94.70;-94.98;-97.38	417;423		12.00
120.13143228	30.27070314	 2026-09-20 15:34:41.789	429	-80.96	417;423;411	-96.34;-96.66;-99.05	417;423		12.00
120.13141437	30.27068611	 2026-09-20 15:34:42.064	429	-80.65	423;417;411	-95.86;-98.21;-99.61	423;417		12.00
120.13141520	30.27070338	 2026-09-20 15:34:42.341	429	-85.10	411;423;417	-94.49;-94.68;-96.37	411;423		9.72
120.13142216	30.27070147	 2026-09-20 15:34:42.545	429	-83.26	417;423;411	-92.77;-95.16;-99.12	417;423		9.47
120.13141575	30.27069168	 2026-09-20 15:34:42.856	429	-82.02	423;417;411	-93.46;-94.47;-96.77	423;417		10.37
120.13142015	30.27068683	 2026-09-20 15:34:43.062	429	-82.66	423;411;417	-93.06;-95.54;-99.07	423;411		8.80
120.13141776	30.27069281	 2026-09-20 15:34:43.290	429	-82.04	417;411;423	-93.54;-95.52;-95.92	417;411		11.71
120.13141676	30.27069026	 2026-09-20 15:34:43.545	429	-82.37	423;417;411	-95.41;-96.85;-97.65	423;417		12.00
120.13141183	30.27068912	 2026-09-20 15:34:43.811	429	-81.54	411;423;417	-96.41;-96.54;-96.61	411;423		12.00
120.13142669	30.27067545	 2026-09-20 15:34:44.040	429	-82.20	423;417;411	-93.18;-97.75;-99.21	423;417		7.98
120.13142634	30.27067897	 2026-09-20 15:34:44.256	429	-81.59	423;417;411	-91.00;-97.34;-97.70	423;417		7.84
120.13142453	30.27067349	 2026-09-20 15:34:44.479	429	-84.23	423;417;507	-94.30;-96.36;-97.08	423;417		9.33
120.13142708	30.27067677	 2026-09-20 15:34:44.759	429	-79.44	423;417;411	-94.16;-95.16;-98.05	423;417		12.00
120.13142517	30.27067523	 2026-09-20 15:34:45.004	429	-79.92	423;411;417	-95.37;-97.68;-98.26	423;411		12.00
120.13141294	30.27067314	 2026-09-20 15:34:45.243	429	-81.37	417;411;423	-96.00;-96.55;-97.21	417;411		12.00
120.13141328	30.27067328	 2026-09-20 15:34:45.527	429	-81.92	423;417;411	-93.62;-96.08;-96.51	423;417		9.55
120.13142927	30.27067305	 2026-09-20 15:34:45.753	429	-80.09	423;411;417	-95.56;-98.27;-99.39	423;411		12.00
120.13142114	30.27066647	 2026-09-20 15:34:45.970	429	-82.14	411;417;423	-94.49;-97.25;-98.06	411;417		12.00
120.13140965	30.27066775	 2026-09-20 15:34:46.260	429	-80.35	417;423;411	-94.53;-97.17;-97.74	417;423		12.00
120.13141783	30.27067555	 2026-09-20 15:34:46.513	429	-80.85	417;423;411	-93.64;-95.43;-96.80	417;423		11.08
120.13142232	30.27066915	 2026-09-20 15:34:46.755	429	-81.42	423;417;411	-94.05;-96.23;-97.53	423;417		11.60
120.13141807	30.27067566	 2026-09-20 15:34:46.942	429	-81.58	423;417;411	-93.73;-95.69;-96.90	423;417		10.33
120.13141178	30.27067328	 2026-09-20 15:34:47.196	429	-81.06	423;417;411	-91.07;-95.53;-97.15	423;417		8.19
120.13141007	30.27065665	 2026-09-20 15:34:47.400	429	-80.09	423;417;411	-94.35;-95.71;-97.64	423;417		12.00
120.13141336	30.27066049	 2026-09-20 15:34:47.703	429	-81.34	423;417;411	-95.76;-97.08;-98.55	423;417		12.00
120.13141353	30.27065474	 2026-09-20 15:34:48.001	429	-80.93	417;423;411	-94.85;-95.37;-98.57	417;423		11.13
120.13141509	30.27065366	 2026-09-20 15:34:48.271	429	-81.14	423;411;417	-96.82;-97.45;-97.56	423;411		12.00
120.13141635	30.27064961	 2026-09-20 15:34:48.534	429	-80.69	423;417;411	-94.04;-97.14;-98.89	423;417		11.10
120.13142359	30.27065172	 2026-09-20 15:34:48.771	429	-81.77	423;411;417	-94.96;-96.50;-98.36	423;411		12.00
120.13141240	30.27066365	 2026-09-20 15:34:49.017	429	-79.71	417;423;411	-93.92;-95.49;-100.56	417;423		12.00
120.13142830	30.27064742	 2026-09-20 15:34:49.318	429	-77.97	423;417;411	-94.27;-96.09;-96.93	423;417		12.00
120.13141636	30.27065986	 2026-09-20 15:34:49.587	429	-82.73	423;411;507	-92.91;-96.80;-96.89	423;411		9.07
120.13141141	30.27064858	 2026-09-20 15:34:49.791	429	-82.03	423;411;417	-95.72;-96.02;-98.74	423;411		12.00
120.13142657	30.27065328	 2026-09-20 15:34:50.041	429	-82.04	423;417;411	-93.25;-95.91;-96.49	423;417		10.36
120.13141284	30.27064415	 2026-09-20 15:34:50.225	429	-81.70	423;417;411	-94.17;-96.16;-99.20	423;417		12.00
120.13142184	30.27064593	 2026-09-20 15:34:50.525	429	-80.48	423;411;507	-95.37;-96.36;-98.89	423;411		12.00
120.13143224	30.27063435	 2026-09-20 15:34:50.815	429	-79.28	423;417;411	-92.32;-96.00;-96.05	423;417		11.63
120.13142174	30.27064674	 2026-09-20 15:34:51.106	429	-82.70	423;417;411	-95.44;-96.70;-97.18	423;417		10.99
120.13141673	30.27063700	 2026-09-20 15:34:51.318	429	-80.18	423;417;411	-95.19;-96.60;-98.15	423;417		12.00
120.13141108	30.27063889	 2026-09-20 15:34:51.604	429	-81.93	417;423;411	-96.08;-96.89;-98.51	417;423		12.00
120.13141846	30.27063964	 2026-09-20 15:34:51.884	429	-77.99	411;423;417	-95.31;-96.83;-96.96	411;423		12.00
120.13142801	30.27064070	 2026-09-20 15:34:52.159	429	-79.85	423;417;411	-94.56;-95.82;-96.72	423;417		12.00
120.13141001	30.27063433	 2026-09-20 15:34:52.366	429	-77.52	411;423;417	-96.27;-96.45;-99.09	411;423		12.00
120.13143233	30.27064463	 2026-09-20 15:34:52.546	429	-78.57	417;423;507	-93.77;-97.15;-100.16	417;423		12.00
120.13141922	30.27063696	 2026-09-20 15:34:52.744	429	-80.91	423;417;411	-95.47;-97.39;-100.25	423;417		12.00
120.13143048	30.27063109	 2026-09-20 15:34:52.981	429	-80.72	423;417;411	-94.19;-96.12;-96.63	423;417		10.56
120.13143033	30.27062986	 2026-09-20 15:34:53.263	429	-80.24	423;411;417	-93.57;-96.64;-97.61	423;411		12.00
120.13143190	30.27062452	 2026-09-20 15:34:53.530	429	-82.85	417;423;411	-95.57;-97.47;-97.81	417;423		11.69
120.13141696	30.27061596	 2026-09-20 15:34:53.788	429	-78.55	423;411;417	-95.36;-96.21;-97.18	423;411		12.00
120.13142551	30.27062486	 2026-09-20 15:34:54.068	429	-78.62	423;411;417	-94.84;-96.48;-97.96	423;411		12.00
120.13141696	30.27062888	 2026-09-20 15:34:54.285	429	-78.68	423;417;411	-93.30;-96.03;-98.47	423;417		12.00
120.13143067	30.27062773	 2026-09-20 15:34:54.522	429	-78.30	423;417;411	-95.22;-96.94;-97.38	423;417		12.00
120.13142292	30.27061782	 2026-09-20 15:34:54.789	429	-81.47	417;411;423	-94.13;-96.23;-96.84	417;411		12.00
120.13142568	30.27062366	 2026-09-20 15:34:55.083	429	-79.48	423;411;417	-96.33;-97.83;-98.68	423;411		12.00
120.13142145	30.27062264	 2026-09-20 15:34:55.376	429	-78.69	423;417;411	-95.24;-97.40;-98.47	423;417		12.00
120.13142708	30.27061926	 2026-09-20 15:34:55.690	429	-82.07	423;417;411	-95.51;-98.47;-99.24	423;417		12.00
120.13143065	30.27061832	 2026-09-20 15:34:55.893	429	-80.28	423;411;417	-96.80;-97.90;-98.64	423;411		12.00
120.13141434	30.27061759	 2026-09-20 15:34:56.163	429	-82.31	423;411;417	-95.38;-97.70;-99.54	423;411		11.63
120.13142374	30.27061247	 2026-09-20 15:34:56.478	429	-78.86	423;417;411	-94.65;-97.13;-98.15	423;417		12.00
120.13142542	30.27060051	 2026-09-20 15:34:56.719	429	-76.41	417;423;411	-94.71;-96.18;-99.48	417;423		12.00
120.13141460	30.27060055	 2026-09-20 15:34:56.933	429	-79.28	423;417;411	-94.45;-95.00;-97.89	423;417		12.00
120.13142282	30.27061601	 2026-09-20 15:34:57.123	429	-77.54	417;423;411	-93.66;-95.69;-97.72	417;423		12.00
120.13141045	30.27059621	 2026-09-20 15:34:57.388	429	-79.17	423;417;411	-95.55;-98.19;-98.68	423;417		12.00
120.13142200	30.27060958	 2026-09-20 15:34:57.595	429	-77.21	423;417;411	-93.99;-97.02;-97.21	423;417		12.00
120.13141377	30.27060544	 2026-09-20 15:34:57.779	429	-78.78	423;411;417	-95.12;-97.71;-99.36	423;411		12.00
120.13141579	30.27061264	 2026-09-20 15:34:58.083	429	-78.35	423;507;411	-95.33;-98.89;-99.13	423;507		12.00
120.13141122	30.27059931	 2026-09-20 15:34:58.314	429	-81.92	411;423;417	-95.05;-96.60;-99.47	411;423		12.00
120.13142252	30.27060553	 2026-09-20 15:34:58.558	429	-81.84	423;417;411	-93.94;-97.41;-98.50	423;417		11.87
120.13141264	30.27059631	 2026-09-20 15:34:58.743	429	-78.56	417;423;411	-95.66;-96.96;-97.19	417;423		12.00
120.13141221	30.27059318	 2026-09-20 15:34:58.985	429	-78.18	423;411;417	-97.75;-98.38;-98.86	423;411		12.00
120.13141206	30.27058897	 2026-09-20 15:34:59.170	429	-75.36	423;417;411	-96.70;-98.01;-99.27	423;417		12.00
120.13142107	30.27060124	 2026-09-20 15:34:59.443	429	-77.95	423;411;417	-96.44;-97.08;-97.41	423;411		12.00
120.13141283	30.27060223	 2026-09-20 15:34:59.628	429	-79.07	423;417;411	-92.15;-95.48;-96.54	423;417		10.60
120.13141279	30.27058517	 2026-09-20 15:34:59.922	429	-75.78	423;411;417	-95.36;-96.13;-96.36	423;411		12.00
120.13141815	30.27059678	 2026-09-20 15:35:00.211	429	-78.99	417;423;411	-96.43;-98.74;-99.53	417;423		12.00
120.13143091	30.27058248	 2026-09-20 15:35:00.421	429	-78.97	423;417;411	-96.42;-97.69;-98.21	423;417		12.00
120.13142017	30.27059009	 2026-09-20 15:35:00.605	429	-80.42	411;423;417	-95.47;-96.54;-101.20	411;423		12.00
120.13140633	30.27058325	 2026-09-20 15:35:00.809	429	-76.27	411;417;423	-95.79;-96.37;-97.41	411;417		12.00
120.13140661	30.27059193	 2026-09-20 15:35:01.098	429	-77.62	423;417;411	-96.77;-97.93;-98.80	423;417		12.00
120.13142502	30.27059311	 2026-09-20 15:35:01.357	429	-75.30	423;417;411	-94.50;-96.60;-97.48	423;417		12.00
120.13140731	30.27058785	 2026-09-20 15:35:01.595	429	-77.44	411;423;417	-95.76;-96.89;-96.89	411;423		12.00
120.13140289	30.27058318	 2026-09-20 15:35:01.911	429	-76.08	423;411;417	-94.75;-98.09;-98.29	423;411		12.00
120.13140560	30.27058244	 2026-09-20 15:35:02.093	429	-76.14	423;417;411	-94.81;-98.71;-99.04	423;417		12.00
120.13141865	30.27059778	 2026-09-20 15:35:02.407	429	-78.98	423;417;411	-93.61;-96.40;-97.18	423;417		12.00
120.13140686	30.27058656	 2026-09-20 15:35:02.651	429	-79.65	423;411;417	-93.69;-97.47;-99.16	423;411		11.70
120.13141386	30.27057998	 2026-09-20 15:35:02.936	429	-76.21	423;411;507	-93.05;-97.74;-99.63	423;411		12.00
120.13139459	30.27058941	 2026-09-20 15:35:03.253	429	-81.48	423;411;417	-93.51;-97.50;-101.20	423;411		11.52
120.13139824	30.27058444	 2026-09-20 15:35:03.519	429	-78.20	423;411;417	-93.27;-96.90;-100.14	423;411		12.00
120.13140080	30.27059897	 2026-09-20 15:35:03.822	429	-76.90	423;417;411	-96.03;-96.39;-98.75	423;417		12.00
120.13140427	30.27058135	 2026-09-20 15:35:04.086	429	-78.86	423;411;417	-93.55;-96.80;-97.14	423;411		12.00
120.13139345	30.27059379	 2026-09-20 15:35:04.289	429	-77.82	417;411;423	-95.61;-97.51;-98.33	417;411		12.00
120.13140480	30.27058813	 2026-09-20 15:35:04.594	429	-81.30	423;411;417	-93.26;-94.71;-98.76	423;411		11.18
120.13138636	30.27058993	 2026-09-20 15:35:04.873	429	-77.52	411;423;507	-96.08;-96.94;-99.77	411;423		12.00
120.13138408	30.27059167	 2026-09-20 15:35:05.172	429	-79.11	423;417;411	-95.73;-97.42;-97.62	423;417		12.00
120.13139436	30.27058244	 2026-09-20 15:35:05.478	429	-78.18	423;411;417	-91.80;-97.60;-98.10	423;411		12.00
120.13137844	30.27059612	 2026-09-20 15:35:05.797	429	-81.37	423;417;411	-96.39;-96.59;-99.74	423;417		12.00
120.13138831	30.27058867	 2026-09-20 15:35:06.035	429	-81.62	423;411;417	-93.64;-95.25;-97.35	423;411		10.64
120.13138987	30.27058650	 2026-09-20 15:35:06.355	429	-79.70	423;417;411	-97.24;-98.82;-99.27	423;417		12.00
120.13137191	30.27059680	 2026-09-20 15:35:06.559	429	-81.89	411;423;417	-93.75;-95.86;-99.02	411;423		10.09
120.13138942	30.27059094	 2026-09-20 15:35:06.834	429	-80.10	423;417;507	-95.10;-97.85;-98.36	423;417		12.00
120.13139025	30.27057853	 2026-09-20 15:35:07.140	429	-80.03	423;417;411	-93.99;-96.61;-97.22	423;417		12.00
120.13138605	30.27059061	 2026-09-20 15:35:07.366	429	-78.34	423;411;417	-93.55;-97.62;-99.04	423;411		12.00
120.13137880	30.27058162	 2026-09-20 15:35:07.646	429	-81.88	423;411;417	-94.19;-95.70;-96.85	423;411		9.89
120.13136661	30.27058262	 2026-09-20 15:35:07.954	429	-80.21	423;417;411	-94.08;-98.48;-98.77	423;417		12.00
120.13136669	30.27059560	 2026-09-20 15:35:08.234	429	-80.71	423;411;417	-93.08;-98.38;-99.84	423;411		12.00
120.13138047	30.27057815	 2026-09-20 15:35:08.526	429	-79.76	423;417;411	-95.64;-98.95;-99.30	423;417		12.00
120.13138050	30.27058240	 2026-09-20 15:35:08.795	429	-82.47	423;417;411	-95.25;-96.71;-98.27	423;417		11.60
120.13137502	30.27059810	 2026-09-20 15:35:08.985	429	-80.13	411;423;417	-94.70;-95.29;-98.80	411;423		12.00
120.13135968	30.27057785	 2026-09-20 15:35:09.196	429	-82.51	423;411;417	-94.19;-98.64;-99.73	423;411		10.44
120.13137662	30.27058722	 2026-09-20 15:35:09.388	429	-79.53	423;411;417	-96.56;-97.21;-97.77	423;411		12.00
120.13136775	30.27059869	 2026-09-20 15:35:09.699	429	-78.62	423;417;411	-95.39;-96.42;-100.77	423;417		12.00
120.13135790	30.27059538	 2026-09-20 15:35:09.956	429	-79.42	423;417;411	-93.01;-96.27;-99.14	423;417		12.00
120.13136412	30.27058057	 2026-09-20 15:35:10.141	429	-80.23	417;423;411	-96.17;-96.69;-99.83	417;423		12.00
120.13136500	30.27059180	 2026-09-20 15:35:10.421	429	-79.56	423;411;417	-95.35;-95.98;-97.90	423;411		12.00
120.13136487	30.27057773	 2026-09-20 15:35:10.638	429	-78.85	423;411;417	-93.75;-97.10;-98.61	423;411		12.00
120.13135570	30.27057931	 2026-09-20 15:35:10.856	429	-78.71	423;417;411	-93.42;-96.66;-97.76	423;417		12.00
120.13136354	30.27058374	 2026-09-20 15:35:11.139	429	-80.63	417;423;411	-95.12;-95.50;-97.84	417;423		11.80
120.13134909	30.27059502	 2026-09-20 15:35:11.327	429	-81.25	423;411;417	-94.67;-96.97;-97.86	423;411		12.00
120.13134642	30.27057981	 2026-09-20 15:35:11.557	429	-83.30	423;411;417	-94.97;-96.96;-98.12	423;411		10.05
120.13135391	30.27059565	 2026-09-20 15:35:11.787	429	-81.21	423;411;417	-93.61;-94.14;-97.22	423;411		10.98
120.13133708	30.27058727	 2026-09-20 15:35:12.034	429	-82.51	423;417;411	-96.39;-96.83;-98.70	423;417		12.00
120.13133472	30.27058331	 2026-09-20 15:35:12.233	429	-79.82	423;411;417	-93.24;-96.05;-96.66	423;411		12.00
120.13133556	30.27059715	 2026-09-20 15:35:12.491	429	-80.52	423;411;417	-93.18;-96.72;-97.47	423;411		11.20
120.13133628	30.27059408	 2026-09-20 15:35:12.676	429	-79.59	423;417;411	-93.83;-98.36;-99.23	423;417		12.00
120.13134482	30.27059776	 2026-09-20 15:35:12.929	429	-80.66	423;417;411	-93.67;-96.72;-97.37	423;417		12.00
120.13134584	30.27059743	 2026-09-20 15:35:13.133	429	-81.13	423;417;411	-94.18;-95.60;-97.49	423;417		12.00
120.13133877	30.27058601	 2026-09-20 15:35:13.427	429	-81.21	423;417;411	-95.61;-97.61;-98.65	423;417		12.00
120.13134516	30.27058274	 2026-09-20 15:35:13.724	429	-79.30	423;411;417	-93.12;-98.02;-98.70	423;411		12.00
120.13134232	30.27058065	 2026-09-20 15:35:14.017	429	-82.01	417;423;411	-94.89;-95.24;-98.23	417;423		12.00
120.13132424	30.27059756	 2026-09-20 15:35:14.200	429	-84.36	423;411;417	-95.07;-99.39;-99.64	423;411		10.41
120.13133823	30.27057809	 2026-09-20 15:35:14.500	429	-79.73	423;417;411	-94.46;-97.17;-99.22	423;417		12.00
120.13133271	30.27058899	 2026-09-20 15:35:14.799	429	-82.82	423;417;411	-93.75;-97.08;-98.61	423;417		10.32
120.13133178	30.27058227	 2026-09-20 15:35:15.073	429	-80.82	423;417;411	-91.03;-96.54;-100.30	423;417		10.37
120.13132418	30.27059181	 2026-09-20 15:35:15.314	429	-80.68	423;417;411	-93.64;-97.89;-99.33	423;417		10.57
120.13132904	30.27058325	 2026-09-20 15:35:15.633	429	-81.23	417;423;411	-94.54;-95.27;-96.54	417;423		11.25
120.13133134	30.27058815	 2026-09-20 15:35:15.921	429	-81.03	423;411;417	-93.49;-99.54;-100.14	423;411		11.64
120.13132556	30.27058155	 2026-09-20 15:35:16.203	429	-82.20	423;417;507	-94.19;-97.08;-97.46	423;417		12.00
120.13132335	30.27058807	 2026-09-20 15:35:16.465	429	-84.68	423;411;417	-92.10;-94.87;-97.27	423;411		7.67
120.13131558	30.27059285	 2026-09-20 15:35:16.704	429	-82.13	423;417;411	-93.69;-96.68;-98.56	423;417		10.68
120.13132053	30.27058192	 2026-09-20 15:35:16.959	429	-82.83	417;423;411	-94.97;-95.25;-99.61	417;423		12.00
120.13132308	30.27059294	 2026-09-20 15:35:17.185	429	-82.64	423;411;417	-93.90;-94.09;-98.07	423;411		11.74
120.13132381	30.27058965	 2026-09-20 15:35:17.452	429	-79.71	417;423;411	-94.53;-96.28;-96.33	417;423		12.00
120.13132038	30.27057798	 2026-09-20 15:35:17.662	429	-82.27	423;411;417	-94.32;-96.30;-98.71	423;411		11.24
120.13130249	30.27059598	 2026-09-20 15:35:17.969	429	-83.99	423;411;417	-93.63;-97.37;-97.97	423;411		7.29
120.13132075	30.27058387	 2026-09-20 15:35:18.262	429	-82.30	423;411;417	-95.11;-97.43;-97.77	423;411		10.95
120.13129633	30.27057785	 2026-09-20 15:35:18.542	429	-82.47	423;411;417	-91.78;-94.12;-97.84	423;411		8.74
120.13130815	30.27057812	 2026-09-20 15:35:18.859	429	-84.18	423;411;417	-92.37;-96.95;-98.43	423;411		5.93
120.13129287	30.27058654	 2026-09-20 15:35:19.171	429	-81.69	423;417;411	-96.51;-97.84;-98.43	423;417		12.00
120.13129148	30.27058756	 2026-09-20 15:35:19.375	429	-82.61	423;411;417	-91.04;-98.16;-99.63	423;411		7.19
120.13130045	30.27059117	 2026-09-20 15:35:19.596	429	-81.42	411;417;423	-94.56;-94.93;-95.95	411;417		12.00
120.13129739	30.27059617	 2026-09-20 15:35:19.898	429	-81.92	417;423;411	-94.87;-96.12;-98.31	417;423		11.26
120.13130264	30.27057787	 2026-09-20 15:35:20.144	429	-85.65	423;417;411	-93.52;-95.01;-96.78	423;417		7.11
120.13130478	30.27058983	 2026-09-20 15:35:20.348	429	-80.26	423;411;417	-95.48;-96.83;-98.53	423;411		12.00
120.13129594	30.27059575	 2026-09-20 15:35:20.623	429	-83.99	423;411;417	-93.97;-95.31;-95.63	423;411		9.19
120.13130040	30.27057863	 2026-09-20 15:35:20.821	429	-81.45	423;417;411	-95.62;-97.34;-97.59	423;417		12.00
120.13129023	30.27059861	 2026-09-20 15:35:21.123	429	-83.12	417;411;423	-95.75;-95.93;-96.70	417;411		12.00
120.13129329	30.27059883	 2026-09-20 15:35:21.342	429	-83.59	423;411;417	-94.07;-94.33;-97.39	423;411		10.01
120.13129816	30.27059835	 2026-09-20 15:35:21.526	429	-84.19	423;411;417	-91.59;-95.37;-99.85	423;411		6.62
120.13129133	30.27059291	 2026-09-20 15:35:21.833	429	-84.53	423;411;417	-91.82;-96.70;-98.98	423;411		7.69
120.13127694	30.27058356	 2026-09-20 15:35:22.055	429	-81.18	423;417;411	-92.10;-97.80;-98.37	423;417		11.64
120.13129348	30.27058568	 2026-09-20 15:35:22.258	429	-83.71	423;417;411	-92.95;-95.61;-99.81	423;417		9.40
120.13128939	30.27058498	 2026-09-20 15:35:22.442	429	-81.29	423;411;417	-92.58;-95.28;-97.88	423;411		8.99
120.13127091	30.27058727	 2026-09-20 15:35:22.758	429	-80.43	423;417;411	-93.43;-98.74;-99.34	423;417		11.34
120.13128590	30.27058865	 2026-09-20 15:35:22.992	429	-85.14	423;417;411	-92.98;-98.74;-98.82	423;417		7.65
120.13127689	30.27058597	 2026-09-20 15:35:23.201	429	-82.56	417;423;411	-95.31;-96.20;-98.58	417;423		10.52
120.13127844	30.27058544	 2026-09-20 15:35:23.513	429	-82.37	423;411;417	-94.44;-95.22;-96.95	423;411		12.00
120.13127937	30.27057842	 2026-09-20 15:35:23.711	429	-83.13	423;417;411	-94.06;-96.20;-98.62	423;417		10.56
120.13126415	30.27059234	 2026-09-20 15:35:23.973	429	-82.38	423;417;411	-96.69;-96.70;-96.71	423;417		12.00
120.13126136	30.27058133	 2026-09-20 15:35:24.269	429	-84.71	423;417;411	-92.42;-96.91;-97.50	423;417		6.39
120.13126709	30.27058773	 2026-09-20 15:35:24.551	429	-85.09	417;423;411	-95.50;-96.88;-97.02	417;423		9.49
120.13126244	30.27058544	 2026-09-20 15:35:24.793	429	-82.00	423;411;417	-95.00;-95.82;-97.70	423;411		12.00
120.13125651	30.27059183	 2026-09-20 15:35:25.066	429	-83.39	423;417;411	-94.13;-95.22;-98.54	423;417		10.99
120.13125608	30.27058231	 2026-09-20 15:35:25.315	429	-84.32	423;417;411	-93.12;-96.91;-98.68	423;417		7.57
120.13126970	30.27057751	 2026-09-20 15:35:25.618	429	-85.65	411;423;417	-93.50;-95.33;-97.49	411;423		6.59
120.13125337	30.27058734	 2026-09-20 15:35:25.907	429	-85.72	423;417;411	-95.27;-95.80;-98.40	423;417		8.77
120.13125289	30.27059589	 2026-09-20 15:35:26.130	429	-81.94	423;417;411	-90.54;-95.81;-97.33	423;417		7.14
120.13126815	30.27059507	 2026-09-20 15:35:26.414	429	-82.94	423;417;507	-93.30;-97.08;-99.93	423;417		10.00
120.13124771	30.27058161	 2026-09-20 15:35:26.687	429	-83.54	423;417;411	-91.32;-97.06;-98.46	423;417		7.39
120.13125617	30.27059374	 2026-09-20 15:35:27.004	429	-85.50	423;417;411	-94.42;-95.82;-97.49	423;417		7.27
120.13125043	30.27058958	 2026-09-20 15:35:27.187	429	-84.29	423;417;411	-91.39;-96.41;-97.50	423;417		5.10
120.13124570	30.27058852	 2026-09-20 15:35:27.498	429	-84.36	423;411;417	-96.04;-96.63;-96.69	423;411		10.86
120.13124230	30.27058211	 2026-09-20 15:35:27.711	429	-86.15	411;423;417	-94.99;-95.27;-97.52	411;423		8.13
120.13124157	30.27059088	 2026-09-20 15:35:27.950	429	-81.23	423;417;411	-92.88;-93.21;-98.50	423;417		9.87
120.13123529	30.27058069	 2026-09-20 15:35:28.150	429	-85.50	423;417;411	-94.02;-95.73;-98.67	423;417		8.90
120.13124703	30.27059465	 2026-09-20 15:35:28.447	429	-83.70	423;417;411	-92.19;-93.30;-98.37	423;417		8.17
120.13123244	30.27058929	 2026-09-20 15:35:28.662	429	-86.07	423;417;411	-92.52;-96.82;-99.33	423;417		5.49
120.13123317	30.27059747	 2026-09-20 15:35:28.864	429	-79.18	423;411;417	-93.14;-95.16;-97.49	423;411		12.00
120.13123283	30.27058230	 2026-09-20 15:35:29.116	429	-84.22	423;417;411	-90.55;-95.09;-98.94	423;417		7.71
120.13124608	30.27059535	 2026-09-20 15:35:29.419	429	-82.99	423;417;411	-94.38;-95.76;-98.31	423;417		11.12
120.13124625	30.27059891	 2026-09-20 15:35:29.607	429	-84.40	423;417;411	-95.36;-98.43;-98.82	423;417		10.22
120.13123403	30.27059656	 2026-09-20 15:35:29.923	429	-84.34	423;417;411	-92.15;-95.22;-97.92	423;417		5.76
120.13123931	30.27058127	 2026-09-20 15:35:30.236	429	-86.46	423;417;411	-91.28;-98.76;-99.45	423;417		4.05
120.13122411	30.27057914	 2026-09-20 15:35:30.485	429	-84.79	423;411;417	-93.06;-96.41;-96.49	423;411		7.67
120.13122439	30.27059748	 2026-09-20 15:35:30.686	429	-84.95	423;411;417	-92.33;-98.40;-98.59	423;411		6.50
120.13121667	30.27058266	 2026-09-20 15:35:30.921	429	-87.26	423;411;417	-92.40;-95.05;-97.86	423;411		4.36
120.13122502	30.27058500	 2026-09-20 15:35:31.190	429	-84.10	423;417;411	-95.44;-98.07;-99.05	423;417		9.38
120.13122517	30.27058514	 2026-09-20 15:35:31.470	429	-85.98	423;417;411	-96.20;-96.74;-97.65	423;417		8.08
120.13122526	30.27059313	 2026-09-20 15:35:31.745	429	-83.01	423;417;411	-92.73;-98.69;-99.10	423;417		7.81
120.13122831	30.27059398	 2026-09-20 15:35:31.948	429	-83.67	423;411;417	-94.50;-97.28;-98.70	423;411		9.07
120.13121006	30.27059455	 2026-09-20 15:35:32.177	429	-85.09	423;417;411	-94.09;-94.56;-97.25	423;417		8.08
120.13121650	30.27059365	 2026-09-20 15:35:32.367	429	-83.52	423;417;411	-92.22;-98.58;-98.73	423;417		7.66
120.13121242	30.27058880	 2026-09-20 15:35:32.630	429	-84.16	423;417;411	-93.02;-96.45;-97.91	423;417		8.15
120.13121079	30.27058344	 2026-09-20 15:35:32.949	429	-84.12	423;411;417	-93.42;-96.31;-99.52	423;411		8.91
120.13120763	30.27059296	 2026-09-20 15:35:33.249	429	-85.70	423;417;411	-90.91;-95.67;-97.09	423;417		5.33
120.13121290	30.27058998	 2026-09-20 15:35:33.494	429	-86.34	423;411;417	-91.17;-95.01;-98.55	423;411		4.18
120.13119776	30.27059029	 2026-09-20 15:35:33.802	429	-83.29	423;417;411	-93.66;-97.51;-98.66	423;417		6.73
120.13119978	30.27059146	 2026-09-20 15:35:34.098	429	-84.32	423;411;417	-93.72;-95.10;-99.29	423;411		9.26
120.13120430	30.27058792	 2026-09-20 15:35:34.374	429	-86.48	423;411;417	-92.79;-96.10;-97.66	423;411		4.29
120.13119847	30.27058021	 2026-09-20 15:35:34.631	429	-85.09	423;411;417	-93.13;-96.16;-98.05	423;411		8.68
120.13121188	30.27058257	 2026-09-20 15:35:34.844	429	-85.08	423;417;411	-94.05;-96.05;-100.10	423;417		7.96
120.13120316	30.27058662	 2026-09-20 15:35:35.140	429	-87.62	423;411;417	-94.05;-96.57;-97.66	423;411		5.43
120.13121036	30.27059072	 2026-09-20 15:35:35.458	429	-83.37	423;417;411	-92.22;-93.81;-98.01	423;417		7.97
120.13118620	30.27059186	 2026-09-20 15:35:35.686	429	-88.00	423;417;411	-92.62;-97.24;-97.41	423;417		4.42
120.13118774	30.27058765	 2026-09-20 15:35:35.880	429	-85.80	423;417;411	-92.20;-98.33;-100.03	423;417		6.26
120.13118103	30.27058226	 2026-09-20 15:35:36.088	429	-85.74	423;417;411	-93.15;-98.41;-100.64	423;417		6.40
120.13119664	30.27059668	 2026-09-20 15:35:36.289	429	-85.01	423;417;411	-94.04;-96.63;-99.39	423;417		7.84
120.13119225	30.27058753	 2026-09-20 15:35:36.584	429	-87.82	423;411;417	-93.64;-93.75;-96.99	423;411		3.95
120.13118631	30.27058055	 2026-09-20 15:35:36.857	429	-83.60	423;411;417	-91.12;-94.44;-95.82	423;411		5.97
120.13118176	30.27057923	 2026-09-20 15:35:37.038	429	-86.17	423;417;411	-91.87;-95.50;-100.88	423;417		3.92
120.13117273	30.27058898	 2026-09-20 15:35:37.275	429	-86.43	417;423;411	-96.26;-96.48;-96.92	417;423		7.76
120.13119201	30.27059764	 2026-09-20 15:35:37.485	429	-85.55	423;417;411	-91.92;-94.91;-100.15	423;417		4.58
120.13119019	30.27059138	 2026-09-20 15:35:37.777	429	-85.52	423;411;417	-94.72;-97.06;-98.47	423;411		7.36
120.13117818	30.27058631	 2026-09-20 15:35:38.091	429	-85.48	423;411;417	-92.30;-97.83;-98.35	423;411		4.68
120.13116696	30.27059477	 2026-09-20 15:35:38.384	429	-86.77	411;423;417	-94.64;-95.14;-96.65	411;423		5.04
120.13116614	30.27058995	 2026-09-20 15:35:38.669	429	-86.88	423;411;417	-90.25;-95.81;-96.32	423;411		2.77
120.13117096	30.27058137	 2026-09-20 15:35:38.914	429	-87.20	423;411;417	-94.12;-96.95;-97.29	423;411		7.55
120.13118416	30.27059482	 2026-09-20 15:35:39.162	429	-87.10	423;417;411	-91.79;-97.50;-98.01	423;417		2.70
120.13115930	30.27059482	 2026-09-20 15:35:39.363	429	-84.47	423;411;417	-92.06;-96.79;-98.97	423;411		6.91
120.13117898	30.27058717	 2026-09-20 15:35:39.556	429	-86.19	423;417;411	-92.00;-94.88;-98.48	423;417		5.53
120.13117352	30.27059247	 2026-09-20 15:35:39.862	429	-86.07	423;417;411	-93.91;-96.13;-99.00	423;417		7.17
120.13117168	30.27058308	 2026-09-20 15:35:40.084	429	-88.85	423;411;417	-91.53;-98.49;-98.59	423;411		-0.18
120.13115545	30.27059444	 2026-09-20 15:35:40.329	429	-88.93	423;417;411	-91.43;-93.82;-98.06	423;417		0.20
120.13116213	30.27059542	 2026-09-20 15:35:40.547	429	-81.97	423;417;411	-89.84;-95.41;-96.72	423;417		4.41
120.13115582	30.27059095	 2026-09-20 15:35:40.781	429	-85.05	423;417;411	-92.39;-94.42;-95.79	423;417		5.79
120.13116274	30.27058307	 2026-09-20 15:35:41.026	429	-85.90	423;411;417	-90.35;-96.16;-96.41	423;411		1.96
120.13114901	30.27057991	 2026-09-20 15:35:41.266	429	-85.27	423;411;417	-90.90;-97.86;-98.12	423;411		5.98
120.13115574	30.27057907	 2026-09-20 15:35:41.527	429	-85.55	423;417;411	-91.03;-95.77;-96.19	423;417		2.98
120.13115544	30.27057898	 2026-09-20 15:35:41.845	429	-86.23	423;411;417	-93.81;-96.09;-96.60	423;411		5.90
120.13115302	30.27058185	 2026-09-20 15:35:42.112	429	-86.20	423;417;411	-95.53;-96.88;-98.13	423;417		9.92
120.13114164	30.27058334	 2026-09-20 15:35:42.338	429	-84.40	423;411;417	-91.27;-94.43;-95.98	423;411		5.58
120.13115210	30.27059703	 2026-09-20 15:35:42.650	429	-84.48	423;417;411	-92.82;-94.50;-98.71	423;417		9.27
120.13115758	30.27059729	 2026-09-20 15:35:42.886	429	-86.75	423;417;411	-92.19;-94.53;-95.89	423;417		4.48
120.13114906	30.27058475	 2026-09-20 15:35:43.152	429	-88.63	423;417;411	-91.24;-94.49;-96.08	423;417		2.78
120.13115326	30.27059218	 2026-09-20 15:35:43.361	429	-86.14	423;411;417	-91.63;-98.60;-98.67	423;411		3.67
120.13114008	30.27058252	 2026-09-20 15:35:43.604	429	-88.14	423;411;417	-90.92;-97.60;-98.44	423;411		0.26
120.13113768	30.27057868	 2026-09-20 15:35:43.815	429	-86.90	423;417;411	-91.20;-94.09;-99.48	423;417		3.44
120.13114081	30.27059105	 2026-09-20 15:35:44.124	429	-88.95	423;417;411	-90.71;-94.38;-96.03	423;417		1.33
120.13114141	30.27058423	 2026-09-20 15:35:44.358	429	-87.89	423;417;411	-89.80;-95.80;-96.60	423;417		1.37
120.13113120	30.27059298	 2026-09-20 15:35:44.611	429	-87.77	423;411;417	-89.49;-96.68;-98.57	423;411		0.55
120.13113456	30.27058162	 2026-09-20 15:35:44.825	429	-84.25	423;417;411	-89.47;-98.66;-98.98	423;417		4.50
120.13114336	30.27059199	 2026-09-20 15:35:45.055	429	-84.88	423;417;411	-93.89;-96.39;-96.97	423;417		7.65
120.13114264	30.27059085	 2026-09-20 15:35:45.299	429	-88.79	423;417;411	-93.52;-95.41;-97.32	423;417		2.85
120.13112010	30.27059577	 2026-09-20 15:35:45.519	429	-85.90	423;411;417	-90.94;-98.82;-99.05	423;411		1.91
120.13112712	30.27059537	 2026-09-20 15:35:45.705	429	-86.88	423;411;417	-93.71;-97.12;-97.19	423;411		5.31
120.13111639	30.27059127	 2026-09-20 15:35:45.906	429	-88.90	423;411;417	-91.02;-96.44;-97.34	423;411		2.92
120.13112751	30.27059162	 2026-09-20 15:35:46.105	429	-88.00	423;417;411	-91.32;-93.54;-98.95	423;417		2.51
120.13111268	30.27058968	 2026-09-20 15:35:46.317	429	-86.86	423;411;417	-90.75;-94.44;-96.70	423;411		1.41
120.13111631	30.27059079	 2026-09-20 15:35:46.524	429	-83.94	423;417;411	-93.54;-94.89;-95.54	423;417		8.74
120.13111483	30.27059282	 2026-09-20 15:35:46.829	429	-90.08	423;411;417	-94.12;-95.50;-97.13	423;411		2.34
120.13112888	30.27059505	 2026-09-20 15:35:47.054	429	-88.49	423;417;411	-91.75;-96.94;-98.04	423;417		2.29
120.13112765	30.27058578	 2026-09-20 15:35:47.362	429	-87.02	423;411;417	-92.11;-96.34;-97.29	423;411		2.83
120.13112296	30.27058687	 2026-09-20 15:35:47.637	429	-89.43	423;417;411	-92.04;-97.56;-98.30	423;417		3.36
120.13112113	30.27059717	 2026-09-20 15:35:47.954	429	-86.95	423;417;411	-92.60;-95.28;-95.49	423;417		4.12
120.13111035	30.27058665	 2026-09-20 15:35:48.245	429	-86.55	423;411;417	-95.58;-97.33;-100.03	423;411		8.07
120.13112159	30.27058656	 2026-09-20 15:35:48.503	429	-88.68	423;417;411	-94.59;-96.99;-97.56	423;417		5.60
120.13110634	30.27059434	 2026-09-20 15:35:48.787	429	-85.53	423;417;411	-92.91;-98.30;-98.79	423;417		5.06
120.13110340	30.27058195	 2026-09-20 15:35:48.985	429	-89.21	423;411;417	-91.71;-96.22;-99.51	423;411		0.32
120.13111284	30.27058626	 2026-09-20 15:35:49.168	429	-86.25	423;411;417	-90.79;-97.77;-98.46	423;411		3.72
120.13109274	30.27058371	 2026-09-20 15:35:49.448	429	-87.34	423;411;417	-90.32;-95.51;-98.66	423;411		1.49
120.13111208	30.27059552	 2026-09-20 15:35:49.640	429	-90.99	423;411;417	-93.80;-98.05;-99.74	423;411		1.09
120.13110661	30.27059656	 2026-09-20 15:35:49.921	429	-87.20	423;417;411	-94.20;-94.32;-96.46	423;417		4.43
120.13108866	30.27058677	 2026-09-20 15:35:50.139	429	-90.41	423;411;417	-91.04;-99.65;-100.23	423;411		-0.97
120.13108555	30.27057942	 2026-09-20 15:35:50.322	429	-85.86	423;411;417	-92.17;-96.34;-97.43	423;411		6.26
120.13108792	30.27059423	 2026-09-20 15:35:50.554	429	-88.62	423;417;411	-92.63;-94.92;-97.41	423;417		4.91
120.13108956	30.27059306	 2026-09-20 15:35:50.778	429	-86.39	423;417;411	-92.95;-96.96;-100.07	423;417		5.34
120.13108240	30.27058336	 2026-09-20 15:35:50.976	429	-89.58	423;411;417	-93.29;-96.69;-98.26	423;411		2.54
120.13108850	30.27058457	 2026-09-20 15:35:51.275	429	-88.27	423;417;411	-90.79;-96.95;-99.03	423;417		2.67
120.13109978	30.27058216	 2026-09-20 15:35:51.497	429	-89.12	423;411;417	-92.23;-95.37;-96.76	423;411		2.21
120.13109044	30.27059195	 2026-09-20 15:35:51.777	423	-90.89	429;411;417	-91.79;-97.18;-97.57	429;411		-0.30
120.13107468	30.27059033	 2026-09-20 15:35:52.082	429	-88.68	423;417;411	-92.31;-96.25;-101.20	423;417		2.50
120.13109521	30.27059127	 2026-09-20 15:35:52.380	429	-88.28	423;417;411	-90.05;-96.50;-97.98	423;417		0.50
120.13109445	30.27059755	 2026-09-20 15:35:52.621	423	-86.68	429;417;411	-89.39;-96.67;-97.63	429;417		1.73
120.13109091	30.27059290	 2026-09-20 15:35:52.910	429	-87.46	423;411;417	-92.92;-96.59;-99.91	423;411		5.04
120.13107839	30.27058349	 2026-09-20 15:35:53.134	423	-89.72	429;417;411	-89.90;-96.72;-99.10	429;417		-2.08
120.13108405	30.27059130	 2026-09-20 15:35:53.364	429	-89.29	423;417;411	-93.32;-95.63;-99.20	423;417		5.02
120.13107018	30.27057981	 2026-09-20 15:35:53.604	429	-88.16	423;417;411	-89.50;-96.43;-100.44	423;417		1.50
120.13107262	30.27058557	 2026-09-20 15:35:53.791	429	-89.39	423;417;411	-93.21;-97.12;-98.02	423;417		2.92
120.13107883	30.27058763	 2026-09-20 15:35:54.095	429	-88.53	423;411;417	-91.32;-96.85;-98.39	423;411		2.00
120.13107852	30.27059891	 2026-09-20 15:35:54.346	429	-85.98	423;417;411	-89.90;-96.86;-98.72	423;417		4.81
120.13106478	30.27058134	 2026-09-20 15:35:54.662	429	-88.63	423;417;411	-93.05;-96.55;-98.61	423;417		4.62
120.13105587	30.27059057	 2026-09-20 15:35:54.955	429	-89.73	423;417;411	-91.22;-96.00;-96.23	423;417		1.01
120.13106023	30.27059459	 2026-09-20 15:35:55.223	423	-89.71	429;411;417	-90.25;-96.12;-98.16	429;411		0.61
120.13107571	30.27057966	 2026-09-20 15:35:55.471	429	-89.48	423;417;411	-93.40;-97.56;-97.84	423;417		1.40
120.13106047	30.27058775	 2026-09-20 15:35:55.762	429	-88.89	423;417;411	-92.64;-97.49;-101.09	423;417		1.76
120.13105691	30.27059252	 2026-09-20 15:35:56.005	429	-89.41	423;411;417	-91.97;-97.31;-97.60	423;411		1.94
120.13105568	30.27058054	 2026-09-20 15:35:56.241	429	-87.23	423;417;411	-92.25;-97.11;-100.53	423;417		5.28
120.13105490	30.27058033	 2026-09-20 15:35:56.511	429	-87.37	423;411;417	-92.40;-93.64;-97.87	423;411		4.81
120.13105185	30.27059568	 2026-09-20 15:35:56.752	423	-88.77	429;411;417	-91.05;-94.10;-97.08	429;411		-0.51
120.13105798	30.27059768	 2026-09-20 15:35:57.003	423	-89.93	429;417;411	-89.96;-92.30;-97.48	429;417		-0.63
120.13104329	30.27058245	 2026-09-20 15:35:57.253	429	-88.02	423;411;417	-91.49;-96.54;-97.74	423;411		2.02
120.13105604	30.27058097	 2026-09-20 15:35:57.563	429	-86.45	423;417;411	-87.83;-95.95;-97.61	423;417		1.63
120.13104484	30.27059106	 2026-09-20 15:35:57.819	429	-89.66	423;417;411	-94.69;-95.55;-96.37	423;417		4.23
120.13104002	30.27058058	 2026-09-20 15:35:58.011	429	-87.50	423;411;417	-89.87;-96.60;-98.80	423;411		1.34
120.13105575	30.27059439	 2026-09-20 15:35:58.204	429	-89.28	423;411;417	-90.45;-96.13;-97.21	423;411		1.74
120.13104124	30.27058186	 2026-09-20 15:35:58.388	429	-86.91	423;411;417	-91.29;-96.30;-97.77	423;411		3.52
120.13103093	30.27058991	 2026-09-20 15:35:58.622	429	-90.40	423;417;411	-90.85;-96.42;-96.47	423;417		-2.07
120.13104783	30.27059277	 2026-09-20 15:35:58.910	423	-91.76	429;417;411	-93.11;-93.74;-98.71	429;417		0.66
120.13103045	30.27059588	 2026-09-20 15:35:59.099	429	-88.01	423;411;417	-89.51;-95.88;-99.15	423;411		-1.23
120.13103103	30.27059858	 2026-09-20 15:35:59.304	423	-90.34	429;411;417	-90.52;-94.21;-96.05	429;411		0.19
120.13102513	30.27059578	 2026-09-20 15:35:59.509	429	-89.66	423;411;417	-90.59;-95.56;-96.20	423;411		-1.09
120.13104077	30.27059073	 2026-09-20 15:35:59.810	429	-90.42	423;417;411	-90.51;-95.80;-97.09	423;417		-0.50
120.13102449	30.27059389	 2026-09-20 15:36:00.086	423	-88.80	429;417;411	-90.42;-94.79;-96.64	429;417		1.39
120.13102988	30.27058874	 2026-09-20 15:36:00.302	429	-88.48	423;417;411	-90.89;-96.81;-97.68	423;417		1.61
120.13102402	30.27058468	 2026-09-20 15:36:00.571	423	-90.19	429;417;411	-90.59;-95.96;-99.16	429;417		-0.68
120.13103099	30.27059716	 2026-09-20 15:36:00.792	423	-87.60	429;417;411	-89.40;-96.27;-98.33	429;417		-0.22
120.13102045	30.27059250	 2026-09-20 15:36:01.019	429	-90.85	423;411;417	-91.88;-95.75;-97.50	423;411		-0.04
120.13103731	30.27058279	 2026-09-20 15:36:01.213	429	-87.18	423;417;411	-88.91;-97.00;-98.25	423;417		0.67
120.13101998	30.27058543	 2026-09-20 15:36:01.416	429	-89.14	423;417;411	-91.89;-97.92;-98.41	423;417		2.75
120.13101320	30.27057967	 2026-09-20 15:36:01.689	429	-88.72	423;411;417	-91.28;-94.36;-96.16	423;411		0.62
120.13102729	30.27058936	 2026-09-20 15:36:01.959	429	-87.61	423;417;411	-88.48;-95.72;-97.53	423;417		-0.41
120.13103053	30.27058254	 2026-09-20 15:36:02.206	423	-89.78	429;417;411	-92.59;-96.70;-97.30	429;417		0.87
120.13101701	30.27059784	 2026-09-20 15:36:02.450	429	-89.39	423;417;411	-92.89;-95.80;-97.85	423;417		3.77
120.13101649	30.27059358	 2026-09-20 15:36:02.677	429	-87.48	423;411;417	-92.14;-93.56;-96.60	423;411		5.34
120.13101116	30.27058358	 2026-09-20 15:36:02.989	429	-88.31	423;417;411	-91.68;-96.33;-97.48	423;417		1.98
120.13100734	30.27057913	 2026-09-20 15:36:03.286	423	-88.85	429;411;417	-91.04;-94.43;-95.60	429;411		3.25
120.13101063	30.27057777	 2026-09-20 15:36:03.466	429	-89.22	423;417;411	-92.07;-96.27;-98.37	423;417		2.94
120.13100723	30.27059412	 2026-09-20 15:36:03.768	429	-89.70	423;417;411	-90.26;-96.30;-96.32	423;417		-0.88
120.13101356	30.27059697	 2026-09-20 15:36:04.053	429	-88.02	423;417;411	-88.35;-95.32;-99.36	423;417		0.02
120.13100204	30.27058028	 2026-09-20 15:36:04.297	429	-86.54	423;411;417	-93.56;-97.19;-98.35	423;411		6.04
120.13100080	30.27057980	 2026-09-20 15:36:04.507	429	-88.75	423;417;411	-95.50;-97.46;-98.57	423;417		5.46
120.13100951	30.27058675	 2026-09-20 15:36:04.814	429	-88.37	423;411;417	-88.38;-96.28;-98.20	423;411		-0.47
120.13101097	30.27058267	 2026-09-20 15:36:05.079	429	-90.15	423;417;411	-93.74;-97.58;-97.78	423;417		2.84
120.13100727	30.27059440	 2026-09-20 15:36:05.362	429	-89.04	423;411;417	-89.97;-95.13;-95.37	423;411		1.31
120.13100236	30.27058974	 2026-09-20 15:36:05.592	423	-87.09	429;417;411	-90.78;-96.04;-98.90	429;417		3.30
120.13100107	30.27058427	 2026-09-20 15:36:05.846	429	-90.17	423;417;411	-90.61;-96.15;-98.17	423;417		0.86
120.13098932	30.27058493	 2026-09-20 15:36:06.132	429	-89.76	423;417;411	-89.94;-96.31;-96.71	423;417		-1.17
120.13099216	30.27059841	 2026-09-20 15:36:06.399	429	-88.86	423;411;417	-91.12;-96.05;-97.15	423;411		0.09
120.13100203	30.27058783	 2026-09-20 15:36:06.613	429	-89.44	423;411;417	-89.62;-94.47;-95.65	423;411		-1.25
120.13097778	30.27059497	 2026-09-20 15:36:06.803	423	-89.00	429;411;417	-90.25;-95.31;-96.35	429;411		0.63
120.13099258	30.27058179	 2026-09-20 15:36:07.100	429	-89.55	423;411;417	-90.86;-96.04;-98.45	423;411		0.11
120.13099096	30.27059719	 2026-09-20 15:36:07.359	429	-91.44	423;417;411	-91.94;-95.39;-100.56	423;417		-0.49
120.13097784	30.27058945	 2026-09-20 15:36:07.655	429	-89.47	423;417;411	-89.54;-97.59;-98.57	423;417		-0.31
120.13098505	30.27058606	 2026-09-20 15:36:07.843	429	-89.94	423;411;417	-90.42;-94.03;-94.27	423;411		1.17
120.13098245	30.27059682	 2026-09-20 15:36:08.059	423	-89.74	429;417;411	-89.83;-96.97;-99.32	429;417		-0.29
120.13096768	30.27059721	 2026-09-20 15:36:08.341	429	-90.04	423;411;417	-91.26;-94.72;-97.22	423;411		-0.35
120.13096717	30.27059171	 2026-09-20 15:36:08.649	423	-87.67	429;417;411	-91.47;-96.02;-97.73	429;417		4.34
120.13098809	30.27058672	 2026-09-20 15:36:08.832	429	-87.82	423;417;411	-91.20;-95.52;-97.09	423;417		1.15
120.13096947	30.27058537	 2026-09-20 15:36:09.151	423	-87.13	429;417;411	-88.99;-98.18;-99.06	429;417		2.27
120.13097318	30.27058834	 2026-09-20 15:36:09.337	423	-90.06	429;417;411	-91.71;-97.01;-97.20	429;417		-0.13
120.13098145	30.27059325	 2026-09-20 15:36:09.609	429	-88.18	423;417;411	-89.00;-94.47;-95.92	423;417		-0.17
120.13097951	30.27058531	 2026-09-20 15:36:09.866	423	-86.82	429;411;417	-91.35;-97.56;-98.81	429;411		3.22
120.13096173	30.27058399	 2026-09-20 15:36:10.169	423	-89.39	429;417;411	-92.97;-96.03;-98.80	429;417		1.67
120.13095468	30.27058555	 2026-09-20 15:36:10.364	423	-89.84	429;411;417	-91.35;-97.65;-99.53	429;411		0.90
120.13095523	30.27058476	 2026-09-20 15:36:10.649	429	-87.51	423;417;411	-92.11;-97.91;-99.18	423;417		2.82
120.13096263	30.27058503	 2026-09-20 15:36:10.963	423	-89.08	417;429;411	-92.66;-95.33;-98.05	417;429		3.48
120.13096925	30.27058870	 2026-09-20 15:36:11.273	423	-89.23	429;417;411	-90.22;-96.65;-98.79	429;417		-0.73
120.13096894	30.27059870	 2026-09-20 15:36:11.520	429	-86.83	423;417;411	-89.18;-95.27;-96.47	423;417		2.77
120.13095636	30.27057776	 2026-09-20 15:36:11.821	429	-87.95	423;417;411	-88.15;-95.51;-97.26	423;417		0.87
120.13095140	30.27059475	 2026-09-20 15:36:12.004	423	-87.82	429;417;411	-90.64;-94.19;-94.63	429;417		1.03
120.13096081	30.27059074	 2026-09-20 15:36:12.318	423	-90.20	429;411;417	-91.34;-96.97;-98.42	429;411		0.45
120.13095802	30.27059791	 2026-09-20 15:36:12.551	423	-88.15	429;417;411	-88.91;-95.82;-97.10	429;417		-0.34
120.13093881	30.27058549	 2026-09-20 15:36:12.800	423	-88.27	429;411;417	-91.28;-97.99;-98.21	429;411		2.46
120.13095589	30.27058401	 2026-09-20 15:36:13.069	423	-90.62	429;411;417	-90.89;-95.16;-98.53	429;411		0.57
120.13094142	30.27058955	 2026-09-20 15:36:13.359	423	-90.21	429;411;417	-93.27;-95.17;-96.28	429;411		3.60
120.13095407	30.27058661	 2026-09-20 15:36:13.566	423	-89.96	429;417;411	-89.98;-96.05;-96.78	429;417		-1.57
120.13094549	30.27058528	 2026-09-20 15:36:13.752	423	-88.55	429;411;417	-90.57;-95.11;-97.86	429;411		0.71
120.13094994	30.27059896	 2026-09-20 15:36:14.061	423	-88.49	429;417;411	-90.84;-95.58;-98.52	429;417		2.52
120.13095147	30.27058919	 2026-09-20 15:36:14.259	423	-89.49	429;417;411	-91.37;-95.08;-99.35	429;417		1.48
120.13093134	30.27059502	 2026-09-20 15:36:14.486	423	-88.12	429;411;417	-90.37;-94.59;-95.10	429;411		1.19
120.13093294	30.27058018	 2026-09-20 15:36:14.686	423	-90.40	429;411;417	-91.49;-95.09;-96.37	429;411		0.29
120.13092781	30.27058456	 2026-09-20 15:36:14.959	423	-84.78	429;411;417	-90.50;-98.37;-98.56	429;411		5.64
120.13092275	30.27059256	 2026-09-20 15:36:15.211	423	-89.67	429;417;411	-91.95;-95.73;-96.62	429;417		0.90
120.13093463	30.27059560	 2026-09-20 15:36:15.515	423	-90.09	429;417;411	-91.72;-94.50;-99.03	429;417		1.61
120.13094235	30.27057957	 2026-09-20 15:36:15.708	423	-86.66	429;417;411	-88.27;-96.43;-98.30	429;417		0.93
120.13092519	30.27058245	 2026-09-20 15:36:15.979	423	-89.95	429;411;417	-92.00;-97.36;-97.92	429;411		1.21
120.13093790	30.27058432	 2026-09-20 15:36:16.287	423	-89.69	429;411;417	-89.96;-95.83;-96.05	429;411		-2.16
120.13093497	30.27058385	 2026-09-20 15:36:16.546	423	-89.52	429;411;417	-89.72;-96.54;-96.97	429;411		0.62
120.13093394	30.27059249	 2026-09-20 15:36:16.822	423	-86.94	429;411;417	-92.67;-97.25;-98.54	429;411		5.53
120.13093278	30.27057928	 2026-09-20 15:36:17.039	423	-89.70	429;417;411	-91.96;-94.78;-94.81	429;417		2.24
120.13093045	30.27058462	 2026-09-20 15:36:17.336	423	-87.50	429;417;411	-92.63;-96.44;-97.10	429;417		3.66
120.13092389	30.27057884	 2026-09-20 15:36:17.656	429	-90.30	423;417;411	-90.98;-97.19;-99.67	423;417		0.22
120.13092601	30.27058309	 2026-09-20 15:36:17.891	423	-90.27	429;417;411	-92.03;-95.33;-95.96	429;417		-1.78
120.13090806	30.27057907	 2026-09-20 15:36:18.188	423	-90.42	429;411;417	-94.75;-96.65;-98.52	429;411		3.00
120.13090422	30.27059603	 2026-09-20 15:36:18.473	423	-89.88	429;417;411	-93.62;-95.66;-97.28	429;417		0.06
120.13092173	30.27059161	 2026-09-20 15:36:18.744	423	-87.80	429;411;417	-90.00;-97.68;-98.55	429;411		1.90
120.13091134	30.27059142	 2026-09-20 15:36:18.924	423	-88.99	429;411;417	-92.36;-94.37;-97.21	429;411		2.03
120.13091664	30.27059864	 2026-09-20 15:36:19.155	423	-89.06	429;417;411	-93.57;-93.86;-98.59	429;417		4.50
120.13090176	30.27059070	 2026-09-20 15:36:19.362	423	-87.38	429;417;411	-94.01;-95.26;-98.85	429;417		4.58
120.13090751	30.27058783	 2026-09-20 15:36:19.580	423	-89.22	429;417;411	-92.76;-97.01;-98.92	429;417		2.65
120.13091071	30.27059429	 2026-09-20 15:36:19.814	429	-89.90	423;411;417	-92.15;-94.47;-95.03	423;411		0.96
120.13090271	30.27057967	 2026-09-20 15:36:20.049	423	-88.49	429;417;411	-93.28;-95.68;-95.94	429;417		6.08
120.13090607	30.27058001	 2026-09-20 15:36:20.267	423	-88.35	429;411;417	-91.60;-98.99;-99.62	429;411		2.60
120.13089673	30.27059644	 2026-09-20 15:36:20.464	429	-88.71	423;417;411	-90.07;-95.86;-96.63	423;417		0.41
120.13089952	30.27058779	 2026-09-20 15:36:20.701	423	-89.69	429;417;411	-91.52;-95.47;-98.64	429;417		1.90
120.13089958	30.27058267	 2026-09-20 15:36:20.929	423	-88.58	429;411;417	-92.11;-94.69;-95.09	429;411		3.03
120.13089305	30.27057973	 2026-09-20 15:36:21.162	429	-89.74	423;417;411	-90.60;-94.50;-96.22	423;417		1.70
120.13088979	30.27059850	 2026-09-20 15:36:21.411	423	-87.60	429;417;411	-91.63;-97.31;-98.96	429;417		3.48
120.13089067	30.27058752	 2026-09-20 15:36:21.610	423	-91.84	429;411;417	-91.97;-95.55;-96.34	429;411		-1.33
120.13090103	30.27058763	 2026-09-20 15:36:21.809	423	-86.11	429;417;411	-90.13;-93.82;-98.54	429;417		4.60
120.13087992	30.27058348	 2026-09-20 15:36:22.115	423	-85.32	429;411;417	-90.12;-94.38;-98.41	429;411		2.93
120.13089552	30.27058392	 2026-09-20 15:36:22.420	423	-89.14	429;417;411	-89.81;-95.18;-98.29	429;417		-0.42
120.13089264	30.27059296	 2026-09-20 15:36:22.625	423	-90.18	429;411;417	-91.88;-95.72;-95.79	429;411		-1.33
120.13088976	30.27059722	 2026-09-20 15:36:22.830	423	-88.53	429;417;411	-92.39;-93.58;-96.07	429;417		3.86
120.13089174	30.27059836	 2026-09-20 15:36:23.031	423	-86.51	429;411;417	-89.70;-96.39;-97.50	429;411		1.84
120.13089169	30.27058152	 2026-09-20 15:36:23.241	423	-90.39	429;417;411	-90.91;-96.42;-98.14	429;417		-0.57
120.13087434	30.27059178	 2026-09-20 15:36:23.534	423	-88.86	429;411;417	-94.02;-95.84;-96.53	429;411		3.76
120.13087832	30.27058563	 2026-09-20 15:36:23.741	423	-88.54	429;417;411	-91.55;-95.15;-97.68	429;417		1.94
120.13088474	30.27059784	 2026-09-20 15:36:23.985	423	-88.37	429;411;417	-90.58;-96.80;-97.05	429;411		0.51
120.13087297	30.27059717	 2026-09-20 15:36:24.299	423	-87.85	429;417;411	-89.75;-97.42;-97.55	429;417		-0.51
120.13088109	30.27058693	 2026-09-20 15:36:24.546	423	-86.77	429;411;417	-93.79;-97.28;-97.49	429;411		6.88
120.13088178	30.27059090	 2026-09-20 15:36:24.790	423	-89.10	429;417;411	-91.52;-95.60;-100.17	429;417		1.84
120.13086818	30.27059081	 2026-09-20 15:36:25.016	423	-88.86	429;417;411	-90.88;-97.38;-99.15	429;417		1.12
120.13085765	30.27059883	 2026-09-20 15:36:25.325	423	-87.25	429;417;411	-92.59;-95.16;-98.18	429;417		4.21
120.13087212	30.27059058	 2026-09-20 15:36:25.528	423	-89.06	429;417;411	-92.35;-93.83;-97.03	429;417		4.05
120.13087377	30.27057769	 2026-09-20 15:36:25.807	423	-85.49	429;411;417	-90.82;-96.90;-97.57	429;411		3.30
120.13086902	30.27057843	 2026-09-20 15:36:26.032	423	-86.21	429;411;417	-92.09;-96.60;-98.34	429;411		5.85
120.13086559	30.27057737	 2026-09-20 15:36:26.280	423	-85.84	429;417;411	-91.11;-95.19;-97.02	429;417		5.23
120.13085898	30.27059293	 2026-09-20 15:36:26.500	423	-85.77	429;411;417	-93.73;-95.09;-96.00	429;411		6.95
120.13085126	30.27058328	 2026-09-20 15:36:26.818	423	-84.50	429;417;411	-91.28;-97.02;-98.47	429;417		5.84
120.13085530	30.27058641	 2026-09-20 15:36:27.076	423	-88.69	429;411;417	-90.46;-97.45;-99.12	429;411		1.15
120.13084154	30.27058598	 2026-09-20 15:36:27.359	423	-86.71	429;417;411	-91.93;-96.20;-99.20	429;417		4.94
120.13086319	30.27059622	 2026-09-20 15:36:27.567	423	-88.11	429;411;417	-95.65;-98.56;-98.92	429;411		5.54
120.13085523	30.27059770	 2026-09-20 15:36:27.873	423	-88.00	429;417;411	-90.49;-95.68;-95.86	429;417		3.50
120.13085025	30.27059629	 2026-09-20 15:36:28.155	423	-85.70	429;417;411	-93.00;-95.52;-97.61	429;417		5.62
120.13085058	30.27058439	 2026-09-20 15:36:28.346	423	-87.78	429;417;411	-90.38;-96.13;-97.69	429;417		2.13
120.13085572	30.27057944	 2026-09-20 15:36:28.589	423	-88.27	429;411;417	-93.70;-96.30;-98.87	429;411		5.28
120.13084419	30.27058808	 2026-09-20 15:36:28.817	423	-89.58	429;417;411	-90.16;-96.27;-97.98	429;417		-1.57
120.13084300	30.27058740	 2026-09-20 15:36:29.090	423	-86.73	429;417;411	-92.58;-94.93;-96.95	429;417		4.42
120.13084658	30.27059793	 2026-09-20 15:36:29.399	429	-90.93	423;411;417	-91.25;-95.31;-97.60	423;411		-3.92
120.13084673	30.27057934	 2026-09-20 15:36:29.639	423	-86.34	429;417;411	-93.94;-97.12;-98.30	429;417		5.07
120.13083627	30.27058702	 2026-09-20 15:36:29.829	423	-89.51	429;411;417	-91.82;-94.74;-96.78	429;411		1.73
120.13083320	30.27058817	 2026-09-20 15:36:30.011	423	-86.11	429;417;411	-92.09;-96.52;-97.35	429;417		4.43
120.13083739	30.27058112	 2026-09-20 15:36:30.270	423	-85.19	429;417;411	-91.38;-94.81;-98.66	429;417		4.41
120.13082680	30.27058887	 2026-09-20 15:36:30.555	423	-86.85	429;411;417	-89.65;-95.93;-96.85	429;411		1.77
120.13082805	30.27057996	 2026-09-20 15:36:30.849	423	-84.77	429;411;417	-91.42;-97.59;-98.99	429;411		4.38
120.13082772	30.27059707	 2026-09-20 15:36:31.055	423	-83.50	429;417;411	-89.46;-93.17;-99.33	429;417		5.65
120.13082487	30.27059886	 2026-09-20 15:36:31.343	423	-86.40	429;417;411	-90.91;-98.16;-98.49	429;417		3.47
120.13083665	30.27059425	 2026-09-20 15:36:31.619	423	-87.76	429;411;417	-90.48;-96.19;-97.32	429;411		1.20
120.13081860	30.27057803	 2026-09-20 15:36:31.839	423	-87.70	429;411;417	-90.71;-95.96;-96.84	429;411		2.44
120.13081640	30.27058299	 2026-09-20 15:36:32.105	423	-86.87	429;417;411	-93.27;-98.12;-99.73	429;417		5.23
120.13081486	30.27057972	 2026-09-20 15:36:32.425	423	-88.04	429;417;411	-94.54;-97.95;-99.11	429;417		4.27
120.13081359	30.27059039	 2026-09-20 15:36:32.610	423	-84.05	429;411;417	-93.34;-98.31;-98.66	429;411		8.08
120.13080786	30.27059813	 2026-09-20 15:36:32.866	423	-85.14	429;417;411	-95.15;-96.67;-97.23	429;417		6.55
120.13081070	30.27057875	 2026-09-20 15:36:33.170	423	-84.54	429;411;417	-96.17;-97.92;-98.06	429;411		10.08
120.13082306	30.27058345	 2026-09-20 15:36:33.445	423	-88.57	429;411;417	-89.70;-96.04;-98.05	429;411		-0.73
120.13081832	30.27058968	 2026-09-20 15:36:33.709	423	-84.91	429;411;417	-91.78;-95.92;-97.08	429;411		5.27
120.13080126	30.27058133	 2026-09-20 15:36:33.894	423	-83.26	429;417;411	-91.08;-97.41;-98.40	429;417		7.32
120.13080771	30.27058682	 2026-09-20 15:36:34.087	423	-87.35	429;411;417	-92.70;-96.21;-97.24	429;411		3.49
120.13080610	30.27058221	 2026-09-20 15:36:34.272	423	-87.35	429;411;417	-94.34;-96.63;-97.92	429;411		4.73
120.13079766	30.27058974	 2026-09-20 15:36:34.502	423	-87.56	429;417;411	-93.45;-95.10;-97.59	429;417		5.68
120.13080744	30.27058233	 2026-09-20 15:36:34.698	423	-87.30	429;411;417	-93.81;-97.48;-99.56	429;411		6.23
120.13080113	30.27059129	 2026-09-20 15:36:34.960	423	-85.38	429;411;417	-91.60;-96.76;-98.49	429;411		5.64
120.13080721	30.27058052	 2026-09-20 15:36:35.211	423	-85.58	429;411;417	-93.84;-96.54;-99.22	429;411		9.12
120.13080613	30.27057758	 2026-09-20 15:36:35.525	423	-85.52	429;411;417	-91.29;-97.48;-98.69	429;411		5.45
120.13079677	30.27059300	 2026-09-20 15:36:35.740	423	-87.64	429;417;411	-91.97;-93.93;-100.04	429;417		4.55
120.13078460	30.27059704	 2026-09-20 15:36:35.988	423	-87.29	429;411;417	-93.23;-98.21;-99.87	429;411		6.03
120.13079737	30.27058975	 2026-09-20 15:36:36.201	423	-86.07	429;417;411	-89.55;-95.89;-96.01	429;417		1.48
120.13078902	30.27059375	 2026-09-20 15:36:36.467	423	-83.68	429;411;417	-92.47;-95.24;-96.45	429;411		5.61
120.13079135	30.27058756	 2026-09-20 15:36:36.767	423	-86.81	429;411;417	-94.73;-95.84;-97.69	429;411		6.59
120.13078187	30.27057822	 2026-09-20 15:36:37.087	423	-85.62	429;417;411	-92.31;-96.59;-99.77	429;417		6.56
120.13079761	30.27058631	 2026-09-20 15:36:37.342	423	-84.48	429;411;417	-92.41;-95.15;-95.47	429;411		7.62
120.13079863	30.27058658	 2026-09-20 15:36:37.577	423	-86.03	429;417;411	-92.10;-96.91;-97.13	429;417		3.74
120.13078594	30.27059729	 2026-09-20 15:36:37.816	423	-83.73	429;417;411	-90.47;-96.32;-98.92	429;417		7.99
120.13079439	30.27059076	 2026-09-20 15:36:38.030	423	-86.48	429;417;411	-89.99;-95.94;-96.15	429;417		1.28
120.13078667	30.27059811	 2026-09-20 15:36:38.293	423	-85.38	429;411;417	-93.75;-98.19;-98.35	429;411		8.08
120.13077969	30.27057922	 2026-09-20 15:36:38.489	423	-88.47	429;417;411	-91.23;-96.68;-97.64	429;417		1.00
120.13077670	30.27059482	 2026-09-20 15:36:38.746	423	-85.95	429;417;411	-91.95;-96.41;-100.20	429;417		4.74
120.13076610	30.27059066	 2026-09-20 15:36:38.970	423	-85.74	429;411;417	-93.07;-97.78;-97.93	429;411		5.72
120.13076889	30.27059252	 2026-09-20 15:36:39.172	423	-84.83	429;411;417	-91.05;-97.43;-97.76	429;411		5.32
120.13077882	30.27058495	 2026-09-20 15:36:39.479	423	-86.21	429;417;411	-89.50;-94.38;-95.97	429;417		3.04
120.13077630	30.27058282	 2026-09-20 15:36:39.693	423	-85.00	429;417;411	-90.18;-94.90;-98.78	429;417		4.86
120.13077880	30.27058395	 2026-09-20 15:36:39.996	423	-84.20	429;417;411	-90.66;-96.84;-97.24	429;417		6.09
120.13076177	30.27057949	 2026-09-20 15:36:40.285	423	-85.03	429;417;411	-91.52;-92.42;-93.61	429;417		3.81
120.13077132	30.27059040	 2026-09-20 15:36:40.572	423	-88.94	429;411;417	-94.33;-96.66;-98.42	429;411		4.70
120.13075476	30.27059604	 2026-09-20 15:36:40.759	423	-84.55	429;417;411	-94.20;-96.38;-99.92	429;417		7.90
120.13077520	30.27059861	 2026-09-20 15:36:40.988	423	-86.81	429;417;411	-93.59;-96.22;-96.77	429;417		5.88
120.13075085	30.27059221	 2026-09-20 15:36:41.221	423	-85.27	429;411;417	-93.80;-97.23;-97.25	429;411		9.67
120.13074888	30.27058124	 2026-09-20 15:36:41.453	423	-86.57	429;417;411	-92.52;-97.79;-98.12	429;417		4.18
120.13075115	30.27059380	 2026-09-20 15:36:41.771	423	-85.98	429;411;417	-90.45;-98.06;-99.23	429;411		3.60
120.13075380	30.27059247	 2026-09-20 15:36:42.015	423	-85.19	429;417;411	-90.41;-96.84;-96.95	429;417		2.11
120.13075289	30.27059259	 2026-09-20 15:36:42.246	423	-85.99	429;417;411	-91.92;-98.00;-98.31	429;417		5.45
120.13075910	30.27057857	 2026-09-20 15:36:42.565	423	-85.15	429;417;411	-94.95;-97.29;-98.59	429;417		10.80
120.13073936	30.27058253	 2026-09-20 15:36:42.770	423	-86.92	429;411;417	-94.88;-96.65;-99.96	429;411		6.41
120.13074258	30.27057813	 2026-09-20 15:36:43.034	423	-84.09	411;429;417	-93.94;-94.05;-97.08	411;429		9.76
120.13075496	30.27057795	 2026-09-20 15:36:43.223	423	-86.36	429;417;411	-93.42;-97.71;-98.34	429;417		5.73
120.13074479	30.27059639	 2026-09-20 15:36:43.536	423	-88.09	429;417;411	-92.81;-95.65;-97.53	429;417		3.93
120.13073662	30.27057853	 2026-09-20 15:36:43.726	423	-83.67	429;411;417	-92.76;-97.78;-97.93	429;411		8.01
120.13074906	30.27058445	 2026-09-20 15:36:43.949	423	-84.71	429;417;411	-93.45;-95.63;-97.12	429;417		7.83
120.13075024	30.27057821	 2026-09-20 15:36:44.264	423	-87.92	429;411;417	-92.39;-96.77;-97.76	429;411		5.01
120.13073359	30.27058779	 2026-09-20 15:36:44.546	423	-83.47	429;411;417	-94.24;-96.93;-99.08	429;411		11.73
120.13073231	30.27058327	 2026-09-20 15:36:44.843	423	-85.82	417;429;411	-95.85;-96.03;-98.30	417;429		8.58
120.13073029	30.27059313	 2026-09-20 15:36:45.026	423	-83.04	429;411;417	-94.98;-96.96;-97.06	429;411		11.22
120.13073954	30.27058465	 2026-09-20 15:36:45.229	423	-82.70	429;417;411	-93.12;-97.81;-98.21	429;417		10.60
120.13072823	30.27058468	 2026-09-20 15:36:45.429	423	-84.54	429;411;417	-94.17;-96.90;-98.75	429;411		8.78
120.13072811	30.27058358	 2026-09-20 15:36:45.691	423	-86.45	417;429;411	-96.60;-97.22;-101.20	417;429		9.53
120.13072666	30.27058852	 2026-09-20 15:36:45.925	423	-84.26	429;417;411	-93.00;-97.40;-97.93	429;417		9.70
120.13072259	30.27057829	 2026-09-20 15:36:46.116	423	-82.17	429;417;411	-93.46;-96.97;-97.76	429;417		10.56
120.13071707	30.27059805	 2026-09-20 15:36:46.303	423	-84.76	417;429;411	-94.65;-95.71;-100.13	417;429		8.48
120.13071455	30.27058774	 2026-09-20 15:36:46.497	423	-82.51	417;429;411	-95.69;-95.74;-96.84	417;429		12.00
120.13071428	30.27059683	 2026-09-20 15:36:46.754	423	-84.06	429;417;411	-94.97;-96.79;-98.15	429;417		9.33
120.13071191	30.27059792	 2026-09-20 15:36:47.007	423	-86.94	429;417;411	-93.42;-97.75;-98.45	429;417		6.21
120.13071227	30.27057999	 2026-09-20 15:36:47.269	423	-82.31	417;429;411	-97.12;-97.38;-97.84	417;429		12.00
120.13071614	30.27059170	 2026-09-20 15:36:47.580	423	-82.04	417;429;411	-93.15;-95.46;-98.28	417;429		11.52
120.13070820	30.27058020	 2026-09-20 15:36:47.830	423	-85.36	429;417;411	-94.59;-94.96;-99.20	429;417		10.22
120.13072306	30.27059182	 2026-09-20 15:36:48.072	423	-86.47	429;411;417	-93.97;-96.82;-97.15	429;411		5.05
120.13071614	30.27058379	 2026-09-20 15:36:48.307	423	-86.05	429;417;411	-94.13;-99.47;-99.67	429;417		7.11
120.13070812	30.27058304	 2026-09-20 15:36:48.585	423	-84.89	429;411;417	-94.99;-95.18;-97.20	429;411		9.26
120.13070982	30.27059613	 2026-09-20 15:36:48.805	423	-83.29	429;411;417	-91.33;-95.73;-97.06	429;411		6.55
120.13071363	30.27058132	 2026-09-20 15:36:49.015	423	-84.68	429;417;411	-94.58;-96.27;-98.72	429;417		8.85
120.13070614	30.27059130	 2026-09-20 15:36:49.249	423	-85.91	429;417;411	-92.30;-94.91;-96.87	429;417		6.36
120.13070929	30.27059369	 2026-09-20 15:36:49.497	423	-85.13	429;417;411	-91.74;-94.75;-96.03	429;417		5.88
120.13071432	30.27057936	 2026-09-20 15:36:49.804	423	-86.25	429;417;411	-93.72;-95.61;-97.01	429;417		7.00
120.13069495	30.27058544	 2026-09-20 15:36:50.119	423	-82.08	429;411;417	-92.29;-94.69;-98.96	429;411		10.84
120.13069956	30.27058078	 2026-09-20 15:36:50.332	423	-84.61	429;411;417	-95.06;-96.65;-97.51	429;411		8.29
120.13068967	30.27058245	 2026-09-20 15:36:50.544	423	-83.26	429;411;417	-96.19;-96.74;-98.15	429;411		11.99
120.13070935	30.27059778	 2026-09-20 15:36:50.821	423	-82.23	429;411;417	-93.78;-95.97;-97.22	429;411		10.09
120.13069105	30.27059611	 2026-09-20 15:36:51.023	423	-83.45	429;417;411	-90.65;-95.76;-96.17	429;417		6.44
120.13070219	30.27058171	 2026-09-20 15:36:51.270	423	-85.50	429;411;417	-93.75;-96.50;-98.65	429;411		7.06
120.13070058	30.27058866	 2026-09-20 15:36:51.574	423	-83.08	411;417;429	-95.73;-97.43;-97.50	411;417		12.00
120.13068157	30.27059329	 2026-09-20 15:36:51.854	423	-86.61	429;411;417	-92.24;-94.72;-98.04	429;411		4.63
120.13068442	30.27059265	 2026-09-20 15:36:52.069	423	-84.91	417;429;411	-93.65;-94.52;-98.67	417;429		8.20
120.13069672	30.27058600	 2026-09-20 15:36:52.317	423	-83.18	429;411;417	-94.59;-94.61;-96.26	429;411		9.15
120.13067630	30.27059623	 2026-09-20 15:36:52.568	423	-86.93	429;411;417	-94.02;-96.87;-97.33	429;411		6.75
120.13069566	30.27058974	 2026-09-20 15:36:52.830	423	-82.93	429;411;417	-96.72;-97.04;-98.46	429;411		12.00
120.13067374	30.27058279	 2026-09-20 15:36:53.098	423	-86.28	429;417;411	-94.48;-96.58;-97.66	429;417		7.24
120.13068292	30.27058189	 2026-09-20 15:36:53.341	423	-85.80	429;411;417	-93.14;-97.25;-97.30	429;411		7.05
120.13068341	30.27059838	 2026-09-20 15:36:53.587	423	-82.77	429;417;411	-92.89;-97.01;-101.17	429;417		8.04
120.13069012	30.27059857	 2026-09-20 15:36:53.853	423	-81.78	429;411;417	-93.14;-95.50;-96.72	429;411		10.11
120.13067678	30.27058845	 2026-09-20 15:36:54.170	423	-83.28	429;411;417	-94.16;-95.13;-96.49	429;411		10.79
120.13068453	30.27059512	 2026-09-20 15:36:54.469	423	-82.80	429;411;417	-93.59;-98.27;-98.30	429;411		10.06
120.13067387	30.27058510	 2026-09-20 15:36:54.657	423	-83.91	429;411;417	-95.39;-97.40;-97.64	429;411		9.88
120.13066995	30.27059373	 2026-09-20 15:36:54.945	423	-83.33	429;411;417	-92.99;-97.04;-97.60	429;411		10.00
120.13067875	30.27058265	 2026-09-20 15:36:55.177	423	-82.64	429;411;417	-93.85;-96.02;-96.46	429;411		9.60
120.13067931	30.27059153	 2026-09-20 15:36:55.365	423	-85.42	429;411;417	-93.01;-95.78;-96.45	429;411		6.37
120.13066993	30.27058561	 2026-09-20 15:36:55.568	423	-86.68	429;417;411	-92.02;-98.39;-99.92	429;417		4.87
120.13066194	30.27058317	 2026-09-20 15:36:55.840	423	-82.53	429;411;417	-95.43;-95.52;-97.42	429;411		12.00
120.13067050	30.27059460	 2026-09-20 15:36:56.097	423	-82.70	429;417;411	-93.38;-94.02;-97.61	429;417		9.47
120.13067322	30.27059034	 2026-09-20 15:36:56.383	423	-84.69	429;417;411	-92.81;-96.35;-98.77	429;417		5.67
120.13067029	30.27058290	 2026-09-20 15:36:56.666	423	-80.78	429;411;417	-94.49;-97.23;-98.33	429;411		12.00
120.13065793	30.27058918	 2026-09-20 15:36:56.874	423	-84.65	429;417;411	-93.71;-94.51;-98.66	429;417		8.30
120.13065762	30.27057876	 2026-09-20 15:36:57.061	423	-82.29	429;417;411	-94.24;-98.37;-98.44	429;417		10.89
120.13065747	30.27058099	 2026-09-20 15:36:57.340	423	-81.76	429;417;411	-92.86;-95.25;-97.01	429;417		11.24
120.13064298	30.27058309	 2026-09-20 15:36:57.586	423	-81.70	429;417;411	-95.45;-96.39;-99.32	429;417		12.00
120.13064091	30.27057770	 2026-09-20 15:36:57.904	423	-81.27	429;411;417	-92.81;-94.53;-95.91	429;411		10.14
120.13064102	30.27058504	 2026-09-20 15:36:58.085	423	-83.90	429;417;411	-93.68;-96.65;-100.10	429;417		9.39
120.13064871	30.27059629	 2026-09-20 15:36:58.386	423	-84.72	417;429;411	-93.38;-95.44;-99.36	417;429		7.73
120.13064377	30.27058095	 2026-09-20 15:36:58.573	423	-82.06	429;417;411	-93.78;-96.02;-96.49	429;417		9.74
120.13065193	30.27057991	 2026-09-20 15:36:58.753	423	-80.85	429;417;411	-94.01;-96.32;-100.16	429;417		12.00
120.13064563	30.27059518	 2026-09-20 15:36:59.043	423	-82.56	429;411;417	-94.82;-97.73;-99.04	429;411		10.38
120.13064509	30.27058432	 2026-09-20 15:36:59.289	423	-83.00	429;417;411	-93.78;-96.74;-97.66	429;417		8.82
120.13065044	30.27059741	 2026-09-20 15:36:59.540	423	-79.77	417;429;411	-94.99;-96.19;-97.16	417;429		12.00
120.13064180	30.27058479	 2026-09-20 15:36:59.731	423	-82.16	429;417;411	-92.34;-98.69;-99.17	429;417		8.69
120.13063123	30.27058850	 2026-09-20 15:36:59.964	423	-83.41	429;411;417	-97.60;-99.14;-99.53	429;411		12.00
120.13064358	30.27058507	 2026-09-20 15:37:00.275	423	-82.53	429;411;417	-92.57;-94.87;-97.60	429;411		9.52
120.13062263	30.27058763	 2026-09-20 15:37:00.504	423	-80.66	417;411;429	-94.78;-95.98;-96.45	417;411		11.89
120.13062774	30.27059705	 2026-09-20 15:37:00.702	423	-80.18	417;429;411	-95.84;-97.99;-99.32	417;429		12.00
120.13063363	30.27058512	 2026-09-20 15:37:00.979	423	-82.13	429;411;417	-94.95;-96.92;-99.16	429;411		12.00
120.13062339	30.27058230	 2026-09-20 15:37:01.294	423	-83.09	429;417;411	-92.39;-98.43;-99.82	429;417		8.95
120.13062617	30.27058113	 2026-09-20 15:37:01.540	423	-83.20	429;417;411	-95.33;-95.93;-99.21	429;417		10.75
120.13063620	30.27059212	 2026-09-20 15:37:01.735	423	-81.29	429;411;417	-94.35;-98.01;-100.08	429;411		12.00
120.13062709	30.27058095	 2026-09-20 15:37:01.970	423	-82.68	429;411;417	-95.14;-95.19;-97.31	429;411		12.00
120.13061047	30.27058870	 2026-09-20 15:37:02.240	423	-82.19	429;417;411	-96.45;-99.64;-100.98	429;417		12.00
120.13061100	30.27058866	 2026-09-20 15:37:02.455	423	-77.35	429;417;411	-94.34;-96.60;-97.78	429;417		12.00
120.13062230	30.27059601	 2026-09-20 15:37:02.653	423	-83.56	429;411;417	-93.70;-95.78;-97.28	429;411		10.25
120.13060835	30.27058912	 2026-09-20 15:37:02.945	423	-82.61	429;411;417	-92.27;-97.35;-99.92	429;411		9.39
120.13062499	30.27059080	 2026-09-20 15:37:03.145	423	-82.05	429;411;417	-94.27;-99.19;-99.41	429;411		12.00
120.13060562	30.27058562	 2026-09-20 15:37:03.334	423	-81.62	429;417;411	-94.94;-98.09;-100.53	429;417		12.00
120.13062018	30.27058376	 2026-09-20 15:37:03.546	423	-79.84	429;411;417	-93.85;-95.10;-97.13	429;411		12.00
120.13059844	30.27058246	 2026-09-20 15:37:03.757	423	-82.32	429;417;411	-94.00;-96.07;-98.63	429;417		11.49
120.13062091	30.27058205	 2026-09-20 15:37:04.040	423	-81.36	429;417;411	-94.37;-95.18;-99.28	429;417		10.72
120.13061322	30.27057991	 2026-09-20 15:37:04.332	423	-77.46	429;417;411	-96.55;-96.69;-98.36	429;417		12.00
120.13059902	30.27059019	 2026-09-20 15:37:04.609	423	-79.35	417;429;411	-95.07;-96.00;-96.19	417;429		12.00
120.13059720	30.27058430	 2026-09-20 15:37:04.925	423	-82.51	429;417;411	-92.73;-95.82;-97.13	429;417		8.81
120.13059560	30.27057767	 2026-09-20 15:37:05.164	423	-80.80	429;411;417	-95.16;-98.00;-98.42	429;411		12.00
120.13059571	30.27058708	 2026-09-20 15:37:05.352	423	-84.50	429;417;411	-96.11;-96.15;-97.68	429;417		12.00
120.13060609	30.27058895	 2026-09-20 15:37:05.647	423	-81.12	429;411;417	-95.63;-97.50;-99.33	429;411		12.00
120.13060854	30.27058857	 2026-09-20 15:37:05.835	423	-82.74	429;411;417	-95.00;-95.71;-97.70	429;411		12.00
120.13059606	30.27058986	 2026-09-20 15:37:06.047	423	-77.83	429;411;417	-92.39;-94.18;-99.91	429;411		12.00
120.13058593	30.27058587	 2026-09-20 15:37:06.260	423	-83.43	417;429;411	-97.06;-97.24;-98.10	417;429		12.00
120.13059823	30.27059611	 2026-09-20 15:37:06.524	423	-81.17	429;417;411	-90.55;-96.59;-98.74	429;417		9.44
120.13059585	30.27059782	 2026-09-20 15:37:06.820	423	-82.48	429;417;411	-96.34;-97.23;-98.26	429;417		12.00
120.13057825	30.27059347	 2026-09-20 15:37:07.047	423	-82.58	417;429;411	-94.91;-97.79;-100.85	417;429		10.37
120.13059244	30.27058679	 2026-09-20 15:37:07.366	423	-81.60	429;417;411	-92.51;-93.74;-99.12	429;417		10.53
120.13057799	30.27058856	 2026-09-20 15:37:07.576	423	-83.37	429;417;411	-93.20;-94.94;-97.62	429;417		8.96
120.13058918	30.27059046	 2026-09-20 15:37:07.795	423	-79.95	429;411;417	-95.09;-95.87;-96.58	429;411		12.00
120.13057291	30.27058925	 2026-09-20 15:37:08.010	423	-82.79	417;429;411	-95.94;-97.70;-98.35	417;429		12.00
120.13057121	30.27059799	 2026-09-20 15:37:08.250	423	-82.17	429;417;411	-94.81;-95.90;-98.24	429;417		12.00
120.13057217	30.27059364	 2026-09-20 15:37:08.456	423	-82.08	429;411;417	-94.25;-98.53;-98.94	429;411		11.04
120.13058622	30.27058723	 2026-09-20 15:37:08.722	423	-80.75	429;411;417	-94.49;-94.52;-98.98	429;411		12.00
120.13056841	30.27059877	 2026-09-20 15:37:09.024	423	-79.68	429;417;411	-94.04;-97.67;-98.30	429;417		12.00
120.13057413	30.27059349	 2026-09-20 15:37:09.212	423	-82.57	429;411;417	-96.22;-96.99;-98.69	429;411		10.68
120.13057281	30.27059080	 2026-09-20 15:37:09.448	423	-83.50	429;411;417	-94.43;-96.52;-98.49	429;411		11.79
120.13056558	30.27057827	 2026-09-20 15:37:09.728	423	-78.00	429;411;417	-95.51;-98.65;-99.72	429;411		12.00
120.13056673	30.27058580	 2026-09-20 15:37:09.933	423	-81.04	429;411;417	-94.62;-94.63;-97.85	429;411		12.00
120.13056864	30.27059344	 2026-09-20 15:37:10.206	423	-81.18	429;417;411	-96.30;-96.76;-100.41	429;417		12.00
120.13057785	30.27059451	 2026-09-20 15:37:10.396	423	-79.91	417;429;411	-94.00;-96.06;-99.49	417;429		12.00
120.13057182	30.27059869	 2026-09-20 15:37:10.617	423	-82.21	429;417;411	-95.48;-96.48;-97.78	429;417		12.00
120.13056903	30.27059475	 2026-09-20 15:37:10.901	423	-80.95	429;417;411	-95.90;-96.24;-98.41	429;417		12.00
120.13055199	30.27059132	 2026-09-20 15:37:11.181	423	-82.80	417;411;429	-94.75;-95.37;-96.90	417;411		12.00
120.13055461	30.27059091	 2026-09-20 15:37:11.437	423	-80.82	429;417;411	-95.88;-96.83;-98.97	429;417		12.00
120.13055924	30.27059561	 2026-09-20 15:37:11.733	423	-80.38	429;417;411	-97.15;-97.74;-99.86	429;417		12.00
120.13054479	30.27059146	 2026-09-20 15:37:11.974	423	-80.86	429;411;417	-95.78;-96.25;-96.96	429;411		12.00
120.13055751	30.27058375	 2026-09-20 15:37:12.238	423	-81.46	429;417;411	-96.98;-98.50;-100.04	429;417		12.00
120.13055535	30.27057835	 2026-09-20 15:37:12.455	423	-81.54	429;411;417	-92.49;-99.32;-100.27	429;411		9.99
120.13056142	30.27058452	 2026-09-20 15:37:12.649	423	-79.72	429;411;417	-94.26;-98.66;-98.75	429;411		12.00
120.13055800	30.27058326	 2026-09-20 15:37:12.838	423	-82.78	429;411;417	-93.80;-95.64;-98.90	429;411		11.59
120.13053594	30.27058096	 2026-09-20 15:37:13.116	423	-79.50	429;417;411	-94.79;-97.93;-98.74	429;417		12.00
120.13055709	30.27059897	 2026-09-20 15:37:13.378	423	-82.64	429;417;411	-95.73;-96.05;-98.32	429;417		12.00
120.13054874	30.27058709	 2026-09-20 15:37:13.613	423	-81.86	411;429;417	-95.52;-96.09;-99.44	411;429		12.00
120.13054956	30.27058735	 2026-09-20 15:37:13.834	423	-79.41	417;429;411	-95.18;-95.67;-99.45	417;429		12.00
120.13053298	30.27059598	 2026-09-20 15:37:14.126	423	-80.69	429;417;411	-95.42;-97.35;-98.95	429;417		12.00
120.13053392	30.27059875	 2026-09-20 15:37:14.316	423	-82.29	429;411;417	-94.46;-97.39;-97.81	429;411		10.38
120.13053380	30.27059467	 2026-09-20 15:37:14.553	423	-81.91	417;411;429	-95.61;-97.04;-98.98	417;411		12.00
120.13053223	30.27058345	 2026-09-20 15:37:14.854	423	-81.58	429;417;411	-96.90;-98.64;-100.68	429;417		12.00
120.13052578	30.27058748	 2026-09-20 15:37:15.057	423	-81.27	429;417;411	-93.86;-95.93;-99.14	429;417		11.10
120.13053557	30.27059022	 2026-09-20 15:37:15.278	423	-81.25	429;417;411	-92.70;-96.19;-98.73	429;417		12.00
120.13052259	30.27058922	 2026-09-20 15:37:15.468	423	-79.31	411;417;429	-94.73;-95.94;-96.91	411;417		12.00
120.13053909	30.27058057	 2026-09-20 15:37:15.696	423	-82.05	417;429;411	-94.97;-95.14;-100.04	417;429		12.00
120.13051906	30.27058155	 2026-09-20 15:37:15.895	423	-82.01	429;417;411	-95.03;-98.28;-101.20	429;417		11.10
120.13051831	30.27059717	 2026-09-20 15:37:16.206	423	-79.89	429;417;411	-92.36;-97.02;-99.47	429;417		11.69
120.13051272	30.27058581	 2026-09-20 15:37:16.426	423	-80.13	429;411;417	-92.72;-97.66;-99.52	429;411		10.68
120.13052993	30.27058115	 2026-09-20 15:37:16.633	423	-81.29	429;411;501	-94.59;-98.70;-100.78	429;411		10.80
120.13053278	30.27059462	 2026-09-20 15:37:16.880	423	-80.61	429;411;417	-95.20;-97.67;-98.79	429;411		12.00
120.13051400	30.27058689	 2026-09-20 15:37:17.084	423	-81.68	429;417;411	-96.30;-96.92;-97.29	429;417		12.00
120.13051655	30.27058834	 2026-09-20 15:37:17.376	423	-80.99	429;417;411	-95.11;-95.41;-98.45	429;417		12.00
120.13052369	30.27058026	 2026-09-20 15:37:17.568	423	-81.35	417;429;411	-94.79;-95.11;-99.28	417;429		12.00
120.13052090	30.27058744	 2026-09-20 15:37:17.809	423	-80.56	429;417;411	-94.28;-96.51;-98.72	429;417		12.00
120.13051740	30.27058329	 2026-09-20 15:37:18.105	423	-83.25	417;411;429	-95.69;-96.69;-98.84	417;411		11.62
120.13050604	30.27059782	 2026-09-20 15:37:18.345	423	-80.52	417;411;429	-96.23;-96.79;-97.03	417;411		12.00
120.13050571	30.27058309	 2026-09-20 15:37:18.562	423	-79.55	417;429;411	-98.93;-99.36;-100.67	417;429		12.00
120.13051195	30.27059111	 2026-09-20 15:37:18.758	423	-77.77	429;417;411	-94.69;-96.55;-98.44	429;417		12.00
120.13051061	30.27059708	 2026-09-20 15:37:19.064	423	-77.22	429;411;417	-95.28;-96.90;-98.23	429;411		12.00
120.13050335	30.27057750	 2026-09-20 15:37:19.345	423	-80.64	429;417;411	-97.17;-98.30;-98.38	429;417		12.00
120.13051046	30.27058733	 2026-09-20 15:37:19.571	423	-82.60	429;417;411	-96.34;-97.51;-98.77	429;417		12.00
120.13050707	30.27058105	 2026-09-20 15:37:19.794	423	-76.64	417;429;411	-96.74;-98.68;-99.86	417;429		12.00
120.13050482	30.27059506	 2026-09-20 15:37:20.057	423	-80.45	429;417;411	-95.89;-95.92;-97.30	429;417		12.00
120.13050703	30.27059171	 2026-09-20 15:37:20.243	423	-80.28	429;417;411	-95.09;-96.93;-98.69	429;417		12.00
120.13050264	30.27058915	 2026-09-20 15:37:20.528	423	-80.06	429;417;411	-92.51;-96.08;-97.59	429;417		10.53
120.13049079	30.27058794	 2026-09-20 15:37:20.728	423	-78.27	429;417;411	-96.28;-96.91;-98.24	429;417		12.00
120.13049886	30.27057823	 2026-09-20 15:37:20.966	423	-79.10	429;417;411	-93.86;-95.64;-97.25	429;417		12.00
120.13049335	30.27058121	 2026-09-20 15:37:21.194	423	-79.20	429;417;411	-93.69;-96.46;-98.06	429;417		12.00
120.13050191	30.27058866	 2026-09-20 15:37:21.468	423	-78.98	411;429;417	-97.57;-97.79;-100.15	411;429		12.00
120.13048812	30.27059715	 2026-09-20 15:37:21.679	423	-80.54	429;417;411	-94.61;-96.21;-97.03	429;417		12.00
120.13049847	30.27059617	 2026-09-20 15:37:21.979	423	-79.84	429;411;417	-94.69;-97.73;-98.66	429;411		12.00
120.13049630	30.27059759	 2026-09-20 15:37:22.246	423	-78.27	429;411;417	-95.58;-97.30;-98.30	429;411		12.00
120.13047359	30.27057901	 2026-09-20 15:37:22.482	423	-80.08	411;429;417	-94.89;-95.58;-96.32	411;429		12.00
120.13047932	30.27059484	 2026-09-20 15:37:22.680	423	-80.87	429;417;411	-95.14;-97.63;-98.99	429;417		12.00
120.13049041	30.27057951	 2026-09-20 15:37:22.903	423	-80.93	429;417;411	-93.97;-95.27;-98.26	429;417		12.00
120.13046877	30.27059785	 2026-09-20 15:37:23.110	423	-81.43	429;417;411	-95.76;-97.91;-99.87	429;417		12.00
120.13047764	30.27058027	 2026-09-20 15:37:23.337	423	-83.18	429;411;417	-95.92;-96.38;-99.02	429;411		12.00
120.13047001	30.27059781	 2026-09-20 15:37:23.637	423	-77.89	429;417;411	-97.18;-99.57;-100.34	429;417		12.00
120.13047039	30.27057949	 2026-09-20 15:37:23.838	423	-80.64	429;417;411	-93.51;-97.23;-98.28	429;417		12.00
120.13047029	30.27059387	 2026-09-20 15:37:24.090	423	-81.01	429;417;411	-96.29;-97.34;-99.59	429;417		12.00
120.13047876	30.27059437	 2026-09-20 15:37:24.340	423	-83.56	429;411;417	-96.98;-97.08;-98.40	429;411		12.00
120.13047642	30.27059882	 2026-09-20 15:37:24.558	423	-81.77	417;429;411	-95.49;-95.64;-98.13	417;429		12.00
120.13047145	30.27058004	 2026-09-20 15:37:24.782	423	-79.79	411;429;417	-95.51;-96.95;-96.96	411;429		12.00
120.13047001	30.27059358	 2026-09-20 15:37:25.030	423	-82.76	411;417;429	-96.57;-97.62;-97.87	411;417		12.00
120.13046769	30.27057762	 2026-09-20 15:37:25.275	423	-77.70	411;429;417	-95.81;-98.38;-98.64	411;429		12.00
120.13046034	30.27059542	 2026-09-20 15:37:25.497	423	-80.32	429;417;411	-96.27;-96.67;-96.84	429;417		12.00
120.13047142	30.27059514	 2026-09-20 15:37:25.764	423	-79.65	429;417;411	-97.78;-97.92;-98.28	429;417		12.00
120.13046328	30.27057802	 2026-09-20 15:37:26.004	423	-79.96	429;411;417	-95.85;-98.57;-98.77	429;411		12.00
120.13046327	30.27058515	 2026-09-20 15:37:26.196	423	-81.06	429;411;417	-96.84;-98.33;-99.12	429;411		12.00
120.13046676	30.27058776	 2026-09-20 15:37:26.408	423	-82.14	417;411;429	-94.43;-98.79;-99.56	417;411		12.00
120.13044772	30.27059779	 2026-09-20 15:37:26.615	423	-79.40	429;417;411	-95.46;-97.69;-98.67	429;417		12.00
120.13044888	30.27059503	 2026-09-20 15:37:26.872	423	-82.10	429;417;411	-96.35;-97.62;-98.09	429;417		12.00
120.13044258	30.27058409	 2026-09-20 15:37:27.158	423	-80.48	417;429;411	-97.17;-98.17;-99.97	417;429		12.00
120.13044093	30.27058929	 2026-09-20 15:37:27.339	423	-77.49	417;429;411	-95.41;-96.88;-99.78	417;429		12.00
120.13044162	30.27057785	 2026-09-20 15:37:27.576	423	-80.99	429;417;411	-95.36;-98.80;-99.79	429;417		12.00
120.13044003	30.27059196	 2026-09-20 15:37:27.759	423	-78.34	417;429;411	-96.03;-99.12;-99.40	417;429		12.00
120.13044585	30.27057764	 2026-09-20 15:37:27.993	423	-80.13	417;429;411	-98.04;-98.95;-99.07	417;429		12.00
120.13043424	30.27058954	 2026-09-20 15:37:28.305	423	-82.31	429;417;411	-96.19;-96.27;-97.88	429;417		11.17
120.13043564	30.27058769	 2026-09-20 15:37:28.619	423	-81.67	417;429;411	-97.37;-97.43;-98.55	417;429		12.00
120.13042698	30.27059328	 2026-09-20 15:37:28.889	423	-79.90	429;411;417	-95.73;-97.26;-98.00	429;411		12.00
120.13044769	30.27058004	 2026-09-20 15:37:29.125	423	-77.23	417;429;411	-95.13;-95.54;-96.78	417;429		12.00
120.13044277	30.27058711	 2026-09-20 15:37:29.325	423	-79.32	429;417;411	-93.96;-97.93;-99.16	429;417		12.00
120.13042944	30.27059456	 2026-09-20 15:37:29.517	423	-79.42	429;411;417	-96.57;-97.76;-98.42	429;411		12.00
120.13044171	30.27059107	 2026-09-20 15:37:29.769	423	-81.58	429;417;411	-95.82;-96.36;-98.48	429;417		12.00
120.13043453	30.27059482	 2026-09-20 15:37:30.063	423	-81.10	417;429;411	-95.27;-96.75;-100.39	417;429		12.00
120.13041732	30.27059328	 2026-09-20 15:37:30.376	423	-80.30	429;417;411	-96.86;-97.01;-98.22	429;417		12.00
120.13042526	30.27059450	 2026-09-20 15:37:30.570	423	-79.77	429;417;411	-95.70;-96.07;-100.15	429;417		12.00
120.13042220	30.27058704	 2026-09-20 15:37:30.761	423	-82.01	417;411;429	-98.48;-98.84;-99.79	417;411		12.00
120.13041527	30.27059515	 2026-09-20 15:37:31.081	423	-78.19	429;411;417	-95.62;-96.66;-98.17	429;411		12.00
120.13043365	30.27058417	 2026-09-20 15:37:31.378	423	-77.58	417;411;429	-94.08;-96.05;-96.34	417;411		12.00
120.13042346	30.27057749	 2026-09-20 15:37:31.597	423	-80.13	417;429;411	-92.82;-96.26;-99.29	417;429		11.07
120.13043093	30.27057761	 2026-09-20 15:37:31.778	423	-80.83	429;417;411	-94.83;-96.32;-101.20	429;417		12.00
120.13041338	30.27057910	 2026-09-20 15:37:32.004	423	-79.10	417;429;411	-93.95;-97.61;-99.53	417;429		12.00
120.13042168	30.27058219	 2026-09-20 15:37:32.285	423	-80.58	417;429;411	-96.84;-99.27;-99.40	417;429		12.00
120.13042578	30.27059473	 2026-09-20 15:37:32.602	423	-79.70	417;411;429	-97.63;-98.15;-100.44	417;411		12.00
120.13042070	30.27058866	 2026-09-20 15:37:32.915	423	-79.94	429;417;411	-94.87;-97.25;-97.79	429;417		12.00
120.13041159	30.27057831	 2026-09-20 15:37:33.126	423	-78.34	417;411;429	-95.52;-96.13;-99.00	417;411		12.00
120.13041130	30.27059536	 2026-09-20 15:37:33.363	423	-83.31	429;417;411	-97.72;-98.94;-101.20	429;417		12.00
120.13040917	30.27058630	 2026-09-20 15:37:33.613	423	-81.23	417;411;429	-94.95;-97.49;-97.68	417;411		12.00
120.13041641	30.27058589	 2026-09-20 15:37:33.814	423	-79.27	429;417;411	-95.89;-96.67;-98.03	429;417		12.00
120.13039461	30.27058499	 2026-09-20 15:37:34.003	423	-81.40	429;417;411	-95.96;-97.03;-99.84	429;417		12.00
120.13039151	30.27057801	 2026-09-20 15:37:34.186	423	-80.47	429;411;417	-97.96;-98.43;-98.83	429;411		12.00
120.13039005	30.27057772	 2026-09-20 15:37:34.430	423	-77.67	417;429;411	-96.56;-97.24;-100.29	417;429		12.00
120.13041060	30.27059816	 2026-09-20 15:37:34.641	423	-81.18	429;417;411	-96.91;-97.92;-97.97	429;417		12.00
120.13038756	30.27058273	 2026-09-20 15:37:34.837	423	-81.45	429;417;411	-96.39;-97.91;-101.20	429;417		12.00
120.13040412	30.27059741	 2026-09-20 15:37:35.154	423	-79.81	429;411;417	-98.64;-98.82;-98.95	429;411		12.00
120.13038763	30.27059232	 2026-09-20 15:37:35.468	423	-82.60	429;411;417	-95.34;-98.25;-99.13	429;411		11.92
120.13038672	30.27058870	 2026-09-20 15:37:35.744	423	-80.96	429;411;417	-96.60;-98.35;-99.35	429;411		12.00
120.13040011	30.27059361	 2026-09-20 15:37:35.985	423	-81.23	417;411;429	-97.27;-98.02;-98.06	417;411		12.00
120.13037792	30.27059749	 2026-09-20 15:37:36.172	423	-81.07	429;417;411	-96.84;-98.61;-99.15	429;417		12.00
120.13037677	30.27059196	 2026-09-20 15:37:36.398	423	-82.50	429;417;411	-94.61;-96.46;-99.09	429;417		10.57
120.13038726	30.27059038	 2026-09-20 15:37:36.665	423	-83.93	429;411;417	-95.22;-96.81;-97.93	429;411		10.95
120.13037853	30.27058417	 2026-09-20 15:37:36.934	423	-82.21	429;417;411	-97.52;-98.06;-98.15	429;417		12.00
120.13037799	30.27058079	 2026-09-20 15:37:37.197	423	-79.01	411;429;417	-96.53;-97.86;-100.26	411;429		12.00
120.13036974	30.27058628	 2026-09-20 15:37:37.505	423	-84.81	417;429;411	-94.93;-98.86;-99.73	417;429		10.39
120.13037692	30.27059728	 2026-09-20 15:37:37.703	423	-81.20	429;417;411	-95.41;-95.74;-99.59	429;417		12.00
120.13036652	30.27058666	 2026-09-20 15:37:37.884	423	-81.64	417;429;411	-96.53;-97.65;-98.18	417;429		12.00
120.13037360	30.27059013	 2026-09-20 15:37:38.085	423	-82.79	429;411;417	-95.21;-97.56;-99.18	429;411		11.55
120.13037831	30.27059444	 2026-09-20 15:37:38.287	423	-78.12	417;429;411	-96.23;-97.30;-101.20	417;429		12.00
120.13037861	30.27058510	 2026-09-20 15:37:38.551	423	-80.37	417;429;411	-95.06;-96.81;-99.64	417;429		12.00
120.13036896	30.27059843	 2026-09-20 15:37:38.818	423	-82.05	429;417;411	-96.44;-97.81;-98.97	429;417		12.00
120.13038050	30.27057751	 2026-09-20 15:37:38.999	423	-76.22	417;429;411	-96.66;-97.29;-98.17	417;429		12.00
120.13036233	30.27059123	 2026-09-20 15:37:39.188	423	-79.68	417;429;411	-97.07;-98.43;-100.72	417;429		12.00
120.13037149	30.27057956	 2026-09-20 15:37:39.482	423	-79.20	417;429;411	-96.18;-98.34;-99.57	417;429		12.00
120.13035594	30.27057990	 2026-09-20 15:37:39.735	423	-81.03	417;429;411	-98.40;-99.18;-100.64	417;429		12.00
120.13037216	30.27059449	 2026-09-20 15:37:39.943	423	-83.73	417;429;411	-95.06;-95.15;-99.83	417;429		10.34
120.13034955	30.27059260	 2026-09-20 15:37:40.195	423	-82.58	417;429;411	-97.60;-100.16;-100.53	417;429		12.00
120.13034852	30.27057737	 2026-09-20 15:37:40.429	423	-80.06	429;417;411	-96.68;-97.72;-97.85	429;417		12.00
120.13035405	30.27059701	 2026-09-20 15:37:40.633	423	-82.28	429;417;411	-95.82;-97.81;-99.61	429;417		12.00
120.13035290	30.27059043	 2026-09-20 15:37:40.912	423	-81.61	429;417;411	-97.42;-98.67;-98.91	429;417		12.00
120.13034977	30.27058434	 2026-09-20 15:37:41.159	423	-81.14	417;429;411	-97.07;-100.91;-101.03	417;429		12.00
120.13035505	30.27058081	 2026-09-20 15:37:41.479	423	-81.08	429;417;411	-96.05;-98.34;-98.97	429;417		12.00
120.13034883	30.27059749	 2026-09-20 15:37:41.719	423	-80.52	429;411;417	-98.16;-98.68;-100.27	429;411		12.00
120.13033877	30.27059557	 2026-09-20 15:37:41.952	423	-83.68	417;411;429	-95.70;-96.39;-97.52	417;411		12.00
120.13034751	30.27058364	 2026-09-20 15:37:42.248	423	-82.86	417;429;411	-98.27;-98.70;-99.65	417;429		12.00
120.13034820	30.27058089	 2026-09-20 15:37:42.525	423	-83.46	429;411;417	-97.76;-99.04;-100.58	429;411		12.00
120.13034432	30.27059348	 2026-09-20 15:37:42.740	423	-83.53	417;429;411	-95.31;-97.97;-98.53	417;429		10.50
120.13034772	30.27059125	 2026-09-20 15:37:43.052	423	-81.37	429;417;411	-95.88;-96.39;-97.39	429;417		12.00
120.13033661	30.27058997	 2026-09-20 15:37:43.255	423	-83.20	417;429;411	-97.49;-97.98;-101.20	417;429		12.00
120.13033930	30.27059743	 2026-09-20 15:37:43.575	423	-83.66	411;429;417	-97.73;-99.23;-99.50	411;429		11.70
120.13034010	30.27058943	 2026-09-20 15:37:43.871	423	-83.19	417;429;411	-96.92;-98.00;-98.19	417;429		12.00
120.13033268	30.27059056	 2026-09-20 15:37:44.157	423	-82.28	429;411;417	-97.25;-98.25;-100.90	429;411		12.00
120.13033984	30.27057786	 2026-09-20 15:37:44.464	423	-82.59	429;411;417	-93.29;-98.76;-98.88	429;411		8.27
120.13033991	30.27059295	 2026-09-20 15:37:44.759	423	-82.35	417;429;411	-98.29;-98.85;-101.20	417;429		12.00
120.13033995	30.27058968	 2026-09-20 15:37:45.056	423	-78.69	429;417;411	-97.59;-97.78;-99.03	429;417		12.00
120.13031917	30.27059237	 2026-09-20 15:37:45.341	423	-83.53	417;429;411	-96.16;-96.77;-97.48	417;429		11.46
120.13032697	30.27058675	 2026-09-20 15:37:45.626	423	-83.27	417;429;411	-94.86;-96.69;-98.58	417;429		10.42
120.13031680	30.27058403	 2026-09-20 15:37:45.867	423	-84.77	417;429;411	-94.42;-97.84;-98.35	417;429		7.45
120.13032910	30.27058350	 2026-09-20 15:37:46.100	423	-81.56	417;411;429	-96.59;-99.09;-99.19	417;411		12.00
120.13033022	30.27059834	 2026-09-20 15:37:46.332	423	-84.52	417;429;411	-95.83;-96.73;-99.05	417;429		10.69
120.13032511	30.27059249	 2026-09-20 15:37:46.569	423	-83.44	429;417;411	-96.05;-99.40;-100.07	429;417		12.00
120.13032744	30.27059192	 2026-09-20 15:37:46.854	423	-84.73	429;417;411	-97.32;-97.72;-100.15	429;417		10.91
120.13031537	30.27058682	 2026-09-20 15:37:47.161	423	-84.52	429;417;411	-95.81;-96.61;-99.10	429;417		11.64
120.13030853	30.27057966	 2026-09-20 15:37:47.347	423	-84.68	417;429;411	-97.69;-100.16;-101.20	417;429		12.00
120.13031408	30.27058200	 2026-09-20 15:37:47.638	423	-82.31	429;417;411	-97.66;-98.14;-98.75	429;417		12.00
120.13032581	30.27058799	 2026-09-20 15:37:47.938	423	-84.25	417;411;429	-93.59;-96.38;-96.96	417;411		8.66
120.13032138	30.27058038	 2026-09-20 15:37:48.192	423	-81.20	417;429;411	-96.18;-99.28;-101.20	417;429		12.00
120.13032072	30.27059331	 2026-09-20 15:37:48.464	423	-82.72	417;429;411	-96.04;-97.05;-98.67	417;429		12.00
120.13031590	30.27058925	 2026-09-20 15:37:48.751	423	-85.13	411;429;417	-96.12;-97.84;-99.50	411;429		10.14
120.13029649	30.27059083	 2026-09-20 15:37:49.052	423	-82.16	417;429;411	-95.16;-95.30;-99.36	417;429		11.25
120.13031756	30.27058177	 2026-09-20 15:37:49.257	423	-84.01	417;429;411	-97.14;-97.46;-97.53	417;429		10.52
120.13030447	30.27059769	 2026-09-20 15:37:49.502	423	-86.06	429;417;411	-97.01;-97.59;-98.14	429;417		9.94
120.13029289	30.27058034	 2026-09-20 15:37:49.723	423	-86.03	417;429;411	-96.89;-99.38;-100.31	417;429		10.57
120.13029882	30.27058759	 2026-09-20 15:37:49.963	423	-83.96	429;411;417	-96.94;-98.39;-99.75	429;411		12.00
120.13028761	30.27059064	 2026-09-20 15:37:50.162	423	-85.49	429;417;411	-96.16;-99.87;-100.18	429;417		11.30
120.13029103	30.27058196	 2026-09-20 15:37:50.406	423	-83.59	417;429;411	-96.72;-98.32;-99.04	417;429		12.00
120.13029421	30.27059750	 2026-09-20 15:37:50.642	423	-86.04	429;417;411	-96.23;-99.01;-100.21	429;417		7.99
120.13029874	30.27058582	 2026-09-20 15:37:50.903	423	-83.90	417;429;411	-96.96;-97.21;-100.90	417;429		12.00
120.13028707	30.27058816	 2026-09-20 15:37:51.193	423	-84.54	417;429;411	-96.35;-98.08;-98.56	417;429		11.99
120.13028417	30.27057975	 2026-09-20 15:37:51.449	423	-83.72	429;417;411	-97.57;-97.62;-99.61	429;417		12.00
120.13028843	30.27058152	 2026-09-20 15:37:51.735	423	-84.49	417;429;411	-96.41;-99.17;-99.64	417;429		10.61
120.13029342	30.27058433	 2026-09-20 15:37:51.952	423	-84.95	417;429;411	-96.79;-97.87;-98.33	417;429		12.00
120.13028271	30.27059553	 2026-09-20 15:37:52.253	423	-83.99	429;417;411	-96.06;-97.41;-99.65	429;417		11.73
120.13027827	30.27058737	 2026-09-20 15:37:52.508	423	-84.68	417;429;411	-98.12;-98.96;-100.03	417;429		12.00
120.13029290	30.27058093	 2026-09-20 15:37:52.765	423	-81.82	417;429;501	-98.30;-98.56;-100.05	417;429		12.00
120.13026907	30.27058497	 2026-09-20 15:37:53.071	423	-85.72	417;429;411	-96.33;-98.55;-99.43	417;429		10.04
120.13028972	30.27059598	 2026-09-20 15:37:53.312	423	-86.30	417;429;411	-97.59;-97.75;-100.61	417;429		10.56
120.13027929	30.27059114	 2026-09-20 15:37:53.524	423	-84.40	417;429;411	-94.66;-96.36;-99.09	417;429		8.23
120.13027520	30.27059363	 2026-09-20 15:37:53.712	423	-85.91	429;417;411	-96.62;-97.72;-100.01	429;417		11.13
120.13028338	30.27059798	 2026-09-20 15:37:54.024	423	-82.57	429;417;411	-95.36;-98.23;-101.20	429;417		11.21
120.13028023	30.27059990	 2026-09-20 15:37:54.252	423	-83.62	417;429;411	-94.26;-96.54;-97.51	417;429		10.45
120.13027959	30.27058444	 2026-09-20 15:37:54.529	423	-80.82	429;411;417	-93.75;-96.35;-97.87	429;411		12.00
120.13028747	30.27058609	 2026-09-20 15:37:54.769	423	-84.37	417;429;411	-97.24;-97.70;-97.76	417;429		11.75
120.13027801	30.27060403	 2026-09-20 15:37:55.063	423	-83.35	417;429;411	-96.32;-97.94;-100.18	417;429		11.50
120.13028370	30.27059800	 2026-09-20 15:37:55.382	423	-85.31	417;429;411	-94.95;-97.27;-97.70	417;429		7.46
120.13028979	30.27060719	 2026-09-20 15:37:55.665	423	-85.61	429;411;417	-97.20;-98.67;-99.18	429;411		9.94
120.13028963	30.27059955	 2026-09-20 15:37:55.978	423	-83.51	429;417;411	-97.02;-98.37;-98.57	429;417		12.00
120.13027127	30.27060701	 2026-09-20 15:37:56.240	423	-83.82	417;429;411	-95.98;-97.95;-98.19	417;429		11.54
120.13028700	30.27060856	 2026-09-20 15:37:56.522	423	-84.41	411;417;429	-97.11;-98.21;-101.13	411;417		12.00
120.13026694	30.27059904	 2026-09-20 15:37:56.764	423	-87.64	417;429;411	-98.30;-98.31;-98.50	417;429		8.69
120.13028059	30.27059792	 2026-09-20 15:37:57.050	423	-84.03	429;417;411	-97.62;-98.35;-98.99	429;417		11.23
120.13026642	30.27060819	 2026-09-20 15:37:57.314	423	-85.94	417;429;411	-95.01;-96.98;-98.95	417;429		8.30
120.13027495	30.27060523	 2026-09-20 15:37:57.622	423	-88.51	411;429;417	-97.44;-97.56;-97.78	411;429		8.67
120.13026832	30.27060752	 2026-09-20 15:37:57.903	423	-87.28	429;417;411	-95.24;-97.79;-100.08	429;417		6.57
120.13028312	30.27060423	 2026-09-20 15:37:58.133	423	-84.87	429;411;417	-96.59;-97.51;-99.59	429;411		10.52
120.13029003	30.27060386	 2026-09-20 15:37:58.441	423	-86.49	417;429;411	-97.70;-98.38;-99.26	417;429		10.00
120.13027501	30.27061739	 2026-09-20 15:37:58.623	423	-87.36	417;411;429	-96.04;-97.76;-99.93	417;411		8.93
120.13027927	30.27061704	 2026-09-20 15:37:58.829	423	-85.25	411;429;417	-99.61;-99.89;-100.98	411;429		12.00
120.13028046	30.27062225	 2026-09-20 15:37:59.126	423	-84.27	429;411;417	-95.45;-98.88;-99.87	429;411		9.24
120.13026951	30.27061220	 2026-09-20 15:37:59.409	423	-86.23	429;411;417	-95.21;-96.51;-99.00	429;411		8.02
120.13027368	30.27062263	 2026-09-20 15:37:59.605	423	-87.66	417;429;411	-95.06;-96.69;-97.53	417;429		6.37
120.13028509	30.27062371	 2026-09-20 15:37:59.810	423	-83.42	411;417;429	-96.92;-99.18;-100.48	411;417		12.00
120.13026930	30.27061366	 2026-09-20 15:38:00.115	423	-85.81	429;411;417	-97.46;-99.75;-99.97	429;411		11.05
120.13026581	30.27061523	 2026-09-20 15:38:00.418	423	-88.96	429;417;411	-96.11;-98.21;-98.89	429;417		6.40
120.13027197	30.27063437	 2026-09-20 15:38:00.609	423	-85.00	417;411;429	-96.26;-98.17;-99.02	417;411		9.37
120.13028078	30.27063306	 2026-09-20 15:38:00.928	423	-88.96	411;429;417	-98.42;-98.48;-99.35	411;429		8.01
120.13027017	30.27063252	 2026-09-20 15:38:01.189	423	-86.88	417;429;411	-97.74;-97.99;-101.20	417;429		11.18
120.13028774	30.27062730	 2026-09-20 15:38:01.433	423	-85.10	429;417;411	-94.75;-96.88;-97.39	429;417		11.01
120.13028374	30.27062759	 2026-09-20 15:38:01.614	423	-86.75	429;417;411	-96.81;-98.41;-98.58	429;417		9.15
120.13028340	30.27063698	 2026-09-20 15:38:01.810	423	-88.23	411;417;429	-97.38;-97.75;-100.03	411;417		7.18
120.13028251	30.27064589	 2026-09-20 15:38:02.119	423	-87.99	429;411;417	-94.83;-99.12;-100.11	429;411		4.75
120.13028153	30.27064284	 2026-09-20 15:38:02.345	423	-87.94	417;429;501	-93.62;-98.43;-100.85	417;429		2.99
120.13027904	30.27062895	 2026-09-20 15:38:02.555	423	-88.28	429;417;411	-95.70;-98.02;-99.76	429;417		6.89
120.13028097	30.27063950	 2026-09-20 15:38:02.817	423	-88.06	429;411;417	-95.93;-96.46;-98.50	429;411		6.29
120.13028443	30.27063283	 2026-09-20 15:38:03.093	423	-86.33	411;429;417	-97.55;-98.33;-98.60	411;429		10.19
120.13026899	30.27064072	 2026-09-20 15:38:03.293	423	-85.59	417;429;411	-97.68;-98.07;-99.73	417;429		12.00
120.13026987	30.27065128	 2026-09-20 15:38:03.492	423	-90.21	411;429;417	-95.82;-96.08;-96.76	411;429		3.52
120.13028739	30.27064452	 2026-09-20 15:38:03.699	423	-85.84	417;411;429	-97.12;-98.73;-99.10	417;411		10.41
120.13028958	30.27064638	 2026-09-20 15:38:04.016	423	-87.27	417;411;429	-93.95;-96.99;-97.82	417;411		6.59
120.13027026	30.27065914	 2026-09-20 15:38:04.235	423	-88.59	417;429;411	-95.28;-96.99;-100.16	417;429		3.70
120.13027109	30.27065027	 2026-09-20 15:38:04.506	423	-86.03	429;417;411	-97.14;-97.83;-98.29	429;417		9.99
120.13028074	30.27064866	 2026-09-20 15:38:04.790	423	-83.50	429;411;417	-98.51;-99.18;-99.21	429;411		11.77
120.13028176	30.27064367	 2026-09-20 15:38:04.973	423	-86.17	417;411;429	-96.66;-96.67;-98.52	417;411		8.82
120.13027741	30.27066027	 2026-09-20 15:38:05.272	423	-91.29	417;411;429	-95.77;-97.33;-97.54	417;411		3.42
120.13027360	30.27066664	 2026-09-20 15:38:05.558	423	-85.87	417;429;411	-96.21;-97.24;-97.60	417;429		10.80
120.13027804	30.27065078	 2026-09-20 15:38:05.748	423	-87.75	429;417;411	-93.12;-95.95;-99.86	429;417		3.85
120.13026730	30.27066820	 2026-09-20 15:38:05.975	423	-85.76	411;417;429	-96.76;-96.95;-97.14	411;417		11.24
120.13027681	30.27066572	 2026-09-20 15:38:06.207	423	-85.46	411;429;417	-96.21;-97.41;-98.14	411;429		11.53
120.13026978	30.27065329	 2026-09-20 15:38:06.447	423	-87.05	417;429;411	-95.99;-96.87;-99.93	417;429		6.72
120.13027716	30.27065687	 2026-09-20 15:38:06.712	423	-85.40	429;411;417	-98.67;-98.86;-99.87	429;411		11.06
120.13026601	30.27065914	 2026-09-20 15:38:06.998	423	-87.34	417;411;429	-96.46;-97.05;-98.22	417;411		6.78
120.13028925	30.27066158	 2026-09-20 15:38:07.228	423	-84.96	429;417;411	-98.63;-99.33;-100.61	429;417		11.91
120.13027497	30.27067722	 2026-09-20 15:38:07.490	423	-92.16	411;429;417	-95.51;-96.20;-98.00	411;429		2.18
120.13027485	30.27066957	 2026-09-20 15:38:07.679	423	-89.36	429;411;417	-95.92;-96.03;-96.11	429;411		4.65
120.13028830	30.27067489	 2026-09-20 15:38:07.927	423	-85.35	411;429;417	-97.11;-98.82;-99.68	411;429		9.49
120.13028497	30.27068052	 2026-09-20 15:38:08.107	423	-88.48	417;411;429	-96.53;-97.75;-97.80	417;411		6.74
120.13028673	30.27067687	 2026-09-20 15:38:08.366	423	-85.25	417;429;411	-97.27;-97.55;-98.69	417;429		11.67
120.13027205	30.27067621	 2026-09-20 15:38:08.567	423	-90.87	429;411;417	-97.66;-97.66;-99.28	429;411		5.70
120.13028676	30.27068073	 2026-09-20 15:38:08.750	423	-90.34	417;429;411	-95.43;-96.66;-98.36	417;429		2.96
120.13028779	30.27067415	 2026-09-20 15:38:08.962	423	-88.76	417;429;411	-94.06;-98.36;-98.40	417;429		4.65
120.13027648	30.27068568	 2026-09-20 15:38:09.234	423	-88.44	429;417;411	-94.93;-97.96;-99.05	429;417		6.14
120.13028346	30.27067893	 2026-09-20 15:38:09.533	423	-89.52	411;429;417	-96.81;-98.87;-98.92	411;429		6.91
120.13028720	30.27067435	 2026-09-20 15:38:09.853	423	-86.90	429;417;411	-94.63;-97.81;-98.25	429;417		6.33
120.13026673	30.27068692	 2026-09-20 15:38:10.076	423	-85.15	429;417;411	-95.14;-95.70;-98.55	429;417		10.51
120.13027265	30.27068250	 2026-09-20 15:38:10.279	423	-87.60	411;417;429	-94.93;-97.07;-97.53	411;417		5.77
120.13028487	30.27068418	 2026-09-20 15:38:10.477	423	-87.02	411;429;417	-97.17;-99.22;-100.45	411;429		9.43
120.13027215	30.27068885	 2026-09-20 15:38:10.760	423	-89.66	429;417;501	-98.07;-98.82;-100.41	429;417		6.43
120.13026701	30.27069241	 2026-09-20 15:38:11.051	423	-89.32	429;417;411	-96.19;-96.67;-98.11	429;417		5.43
120.13026850	30.27068557	 2026-09-20 15:38:11.341	423	-90.55	417;429;411	-96.34;-97.55;-101.20	417;429		4.51
120.13027906	30.27068714	 2026-09-20 15:38:11.546	423	-89.31	411;429;417	-95.59;-97.41;-98.94	411;429		6.17
120.13027416	30.27068877	 2026-09-20 15:38:11.731	423	-83.22	411;429;417	-96.28;-96.74;-97.46	411;429		12.00
120.13027066	30.27068926	 2026-09-20 15:38:11.970	423	-87.81	411;417;501	-96.60;-96.88;-99.69	411;417		7.22
120.13026610	30.27069484	 2026-09-20 15:38:12.242	423	-87.94	429;411;417	-97.35;-97.63;-100.15	429;411		7.38
120.13026703	30.27068874	 2026-09-20 15:38:12.554	423	-88.90	417;429;411	-97.00;-97.86;-99.79	417;429		8.05
120.13027477	30.27069711	 2026-09-20 15:38:12.755	423	-87.82	429;417;411	-98.02;-98.30;-98.93	429;417		9.26
120.13028923	30.27069195	 2026-09-20 15:38:12.962	423	-87.15	429;417;411	-97.44;-97.87;-98.79	429;417		9.36
120.13026676	30.27069162	 2026-09-20 15:38:13.238	423	-86.01	429;411;417	-97.05;-97.47;-99.18	429;411		11.30
120.13027667	30.27070855	 2026-09-20 15:38:13.446	423	-87.73	429;417;411	-95.09;-95.86;-99.22	429;417		6.06
120.13028935	30.27070549	 2026-09-20 15:38:13.748	423	-86.41	411;417;429	-94.95;-98.69;-98.86	411;417		6.66
120.13027496	30.27070190	 2026-09-20 15:38:13.933	423	-89.05	429;417;411	-97.15;-97.66;-98.24	429;417		7.24
120.13028503	30.27070087	 2026-09-20 15:38:14.121	423	-90.36	429;417;411	-96.81;-97.14;-97.82	429;417		4.99
120.13027134	30.27070202	 2026-09-20 15:38:14.371	423	-90.61	411;417;429	-95.92;-96.62;-97.91	411;417		4.71
120.13028271	30.27071121	 2026-09-20 15:38:14.630	423	-89.66	429;411;417	-94.68;-97.35;-97.72	429;411		4.56
120.13026647	30.27071203	 2026-09-20 15:38:14.830	423	-89.99	429;417;411	-93.88;-96.12;-97.59	429;417		2.06
120.13027207	30.27071969	 2026-09-20 15:38:15.089	423	-90.38	429;411;417	-95.81;-96.53;-98.24	429;411		5.17
120.13027483	30.27070791	 2026-09-20 15:38:15.273	423	-90.38	411;417;429	-96.88;-96.88;-98.07	411;417		4.68
120.13027826	30.27071631	 2026-09-20 15:38:15.586	423	-87.94	417;411;429	-98.18;-99.09;-100.24	417;411		7.76
120.13028802	30.27071391	 2026-09-20 15:38:15.902	423	-90.27	411;417;429	-94.64;-97.16;-98.91	411;417		3.22
120.13028183	30.27072299	 2026-09-20 15:38:16.167	423	-92.29	429;411;417	-95.66;-96.39;-98.21	429;411		1.80
120.13029025	30.27071217	 2026-09-20 15:38:16.436	423	-89.58	429;417;411	-96.74;-97.07;-98.17	429;417		7.06
120.13028774	30.27071690	 2026-09-20 15:38:16.647	423	-86.74	411;429;417	-96.06;-97.04;-97.99	411;429		8.34
120.13028878	30.27072880	 2026-09-20 15:38:16.912	423	-89.79	429;411;417	-95.58;-97.05;-98.28	429;411		5.69
120.13026768	30.27072409	 2026-09-20 15:38:17.164	423	-90.41	429;417;411	-97.09;-98.70;-100.81	429;417		5.96
120.13026661	30.27072104	 2026-09-20 15:38:17.467	423	-89.71	411;417;429	-95.99;-97.97;-99.00	411;417		2.61
120.13028527	30.27072997	 2026-09-20 15:38:17.696	423	-87.34	429;411;417	-91.55;-95.96;-97.07	429;411		4.22
120.13027846	30.27072673	 2026-09-20 15:38:17.912	423	-89.67	417;429;411	-95.71;-99.25;-99.96	417;429		2.96
120.13028791	30.27072151	 2026-09-20 15:38:18.224	423	-87.20	417;411;429	-95.99;-96.69;-96.82	417;411		6.97
120.13027649	30.27074128	 2026-09-20 15:38:18.440	423	-89.25	417;429;411	-96.38;-98.23;-98.56	417;429		6.57
120.13027303	30.27072456	 2026-09-20 15:38:18.705	423	-92.50	417;429;411	-96.86;-98.61;-98.81	417;429		3.62
120.13027096	30.27072471	 2026-09-20 15:38:18.896	423	-92.04	429;411;417	-97.87;-98.56;-99.73	429;411		4.86
120.13029035	30.27073778	 2026-09-20 15:38:19.199	423	-91.52	417;429;411	-95.70;-97.57;-100.46	417;429		3.11
120.13027675	30.27073514	 2026-09-20 15:38:19.419	423	-88.65	411;429;417	-95.85;-98.25;-98.58	411;429		4.57
120.13028829	30.27074922	 2026-09-20 15:38:19.672	423	-89.46	417;429;411	-94.78;-95.79;-95.91	417;429		5.46
120.13026743	30.27073139	 2026-09-20 15:38:19.938	423	-88.29	417;429;411	-96.54;-97.74;-99.34	417;429		8.20
120.13027744	30.27073695	 2026-09-20 15:38:20.226	423	-88.75	411;417;429	-95.51;-96.39;-98.74	411;417		5.59
120.13027640	30.27074310	 2026-09-20 15:38:20.534	423	-88.51	417;411;429	-96.84;-96.94;-99.21	417;411		6.40
120.13028573	30.27073440	 2026-09-20 15:38:20.761	423	-89.79	417;429;411	-96.97;-97.50;-98.57	417;429		5.90
120.13026575	30.27075328	 2026-09-20 15:38:21.049	423	-90.52	417;411;429	-93.51;-97.24;-97.48	417;411		2.86
120.13027734	30.27073958	 2026-09-20 15:38:21.360	423	-89.00	429;417;411	-97.33;-98.91;-99.16	429;417		8.25
120.13027150	30.27074701	 2026-09-20 15:38:21.640	423	-89.29	417;411;429	-97.44;-97.57;-100.46	417;411		9.20
120.13028448	30.27074899	 2026-09-20 15:38:21.917	423	-89.74	411;417;429	-96.62;-97.41;-98.42	411;417		5.76
120.13027754	30.27076224	 2026-09-20 15:38:22.141	423	-90.67	429;417;411	-93.59;-94.77;-99.12	429;417		1.02
120.13028759	30.27075124	 2026-09-20 15:38:22.353	423	-92.00	429;411;417	-97.70;-98.78;-99.54	429;411		4.86
120.13026676	30.27075118	 2026-09-20 15:38:22.588	423	-90.76	411;417;501	-96.58;-96.72;-98.52	411;417		6.53
120.13028192	30.27075012	 2026-09-20 15:38:22.768	423	-89.30	417;429;411	-96.99;-97.46;-97.53	417;429		6.88
120.13027731	30.27075133	 2026-09-20 15:38:22.956	423	-92.94	411;417;429	-96.41;-97.43;-97.73	411;417		2.59
120.13027138	30.27075849	 2026-09-20 15:38:23.199	423	-90.15	411;417;429	-96.77;-97.45;-100.32	411;417		4.50
120.13028920	30.27076972	 2026-09-20 15:38:23.380	423	-90.31	417;411;429	-94.67;-95.28;-97.07	417;411		4.72
120.13028868	30.27077153	 2026-09-20 15:38:23.593	423	-90.41	411;417;429	-95.21;-95.41;-96.79	411;417		3.81
120.13027162	30.27075399	 2026-09-20 15:38:23.834	423	-89.47	429;417;411	-97.12;-98.70;-99.53	429;417		6.28
120.13028687	30.27076119	 2026-09-20 15:38:24.076	423	-87.86	417;429;411	-96.07;-97.65;-98.45	417;429		6.70
120.13028070	30.27076800	 2026-09-20 15:38:24.340	423	-92.11	411;429;417	-95.30;-95.68;-96.77	411;429		1.30
120.13027883	30.27076513	 2026-09-20 15:38:24.631	423	-89.56	417;429;411	-96.53;-97.92;-101.20	417;429		6.29
120.13026877	30.27076535	 2026-09-20 15:38:24.827	423	-91.16	429;417;411	-97.10;-97.56;-98.74	429;417		5.43
120.13026771	30.27076690	 2026-09-20 15:38:25.023	423	-89.13	411;429;417	-94.84;-97.28;-98.84	411;429		4.52
120.13027504	30.27076637	 2026-09-20 15:38:25.222	423	-88.02	417;411;429	-95.71;-96.92;-97.88	417;411		6.14
120.13028962	30.27078258	 2026-09-20 15:38:25.416	423	-88.70	429;417;411	-96.32;-98.83;-99.03	429;417		6.32
120.13028910	30.27077374	 2026-09-20 15:38:25.704	423	-92.78	411;429;417	-95.10;-98.06;-98.13	411;429		1.90
120.13027336	30.27077461	 2026-09-20 15:38:25.952	423	-91.56	417;429;411	-95.67;-95.89;-98.49	417;429		2.56
120.13028929	30.27076972	 2026-09-20 15:38:26.222	423	-86.43	417;429;411	-96.66;-98.08;-100.74	417;429		10.53
120.13027067	30.27078891	 2026-09-20 15:38:26.405	423	-88.14	411;417;429	-94.47;-97.43;-97.64	411;417		8.18
120.13027072	30.27077740	 2026-09-20 15:38:26.590	423	-91.19	411;429;417	-92.74;-97.69;-99.60	411;429		0.33
120.13027142	30.27078349	 2026-09-20 15:38:26.788	423	-91.55	417;429;411	-96.88;-98.77;-100.15	417;429		5.12
120.13027213	30.27078216	 2026-09-20 15:38:26.980	423	-90.54	411;429;417	-95.09;-95.10;-95.36	411;429		2.68
120.13028147	30.27077993	 2026-09-20 15:38:27.169	423	-92.20	411;417;429	-97.04;-98.03;-98.41	411;417		3.61
120.13027778	30.27078170	 2026-09-20 15:38:27.352	423	-91.98	411;417;429	-95.78;-96.55;-97.19	411;417		2.59
120.13027220	30.27078449	 2026-09-20 15:38:27.671	423	-89.64	417;411;429	-96.96;-97.50;-100.49	417;411		8.80
120.13028292	30.27079212	 2026-09-20 15:38:27.947	423	-89.89	417;411;429	-95.81;-96.44;-99.21	417;411		3.80
120.13028356	30.27078113	 2026-09-20 15:38:28.142	423	-91.15	411;429;417	-94.53;-94.63;-96.04	411;429		2.73
120.13029009	30.27080006	 2026-09-20 15:38:28.328	423	-91.12	411;429;417	-96.35;-98.07;-100.17	411;429		4.66
120.13028916	30.27079981	 2026-09-20 15:38:28.558	423	-90.21	417;411;429	-95.28;-96.64;-98.34	417;411		3.05
120.13027111	30.27079489	 2026-09-20 15:38:28.746	423	-90.05	429;417;501	-95.31;-97.23;-98.02	429;417		3.85
120.13027564	30.27079522	 2026-09-20 15:38:29.031	423	-89.39	417;429;411	-95.66;-95.69;-95.76	417;429		6.51
120.13027315	30.27080528	 2026-09-20 15:38:29.294	423	-90.18	411;417;429	-95.67;-97.21;-97.51	411;417		3.14
120.13028360	30.27080656	 2026-09-20 15:38:29.515	423	-93.98	417;429;411	-94.74;-95.52;-97.89	417;429		0.36
120.13027038	30.27080982	 2026-09-20 15:38:29.747	423	-90.68	417;411;429	-93.17;-96.05;-97.04	417;411		1.04
120.13026570	30.27080555	 2026-09-20 15:38:29.983	423	-92.40	411;417;429	-96.90;-97.08;-98.33	411;417		4.45
120.13027906	30.27079497	 2026-09-20 15:38:30.296	423	-92.36	417;411;429	-96.75;-97.96;-98.14	417;411		1.56
120.13026689	30.27080389	 2026-09-20 15:38:30.483	423	-93.11	429;417;411	-96.45;-96.85;-97.30	429;417		2.09
120.13028386	30.27080239	 2026-09-20 15:38:30.800	423	-89.30	411;501;417	-95.14;-97.63;-99.20	411;501		5.02
120.13028176	30.27080130	 2026-09-20 15:38:31.120	423	-91.63	411;417;429	-97.24;-98.03;-98.05	411;417		5.66
120.13028891	30.27080956	 2026-09-20 15:38:31.311	423	-92.18	411;429;417	-93.31;-95.71;-97.10	411;429		1.85
120.13027777	30.27081428	 2026-09-20 15:38:31.494	423	-90.79	411;417;429	-96.90;-98.26;-98.36	411;417		6.55
120.13028619	30.27080940	 2026-09-20 15:38:31.810	423	-91.43	417;429;411	-95.43;-95.47;-98.04	417;429		3.15
120.13027467	30.27082080	 2026-09-20 15:38:32.118	423	-89.17	429;417;411	-95.55;-96.02;-96.20	429;417		3.93
120.13028245	30.27081461	 2026-09-20 15:38:32.356	423	-92.81	417;411;429	-95.86;-96.12;-97.45	417;411		1.06
120.13028414	30.27081635	 2026-09-20 15:38:32.633	423	-89.61	417;411;429	-96.51;-96.92;-98.41	417;411		6.25
120.13028776	30.27080797	 2026-09-20 15:38:32.927	423	-91.82	417;411;429	-95.08;-96.43;-98.19	417;411		3.53
120.13028676	30.27081726	 2026-09-20 15:38:33.128	423	-91.56	411;429;417	-94.48;-95.94;-96.85	411;429		2.39
120.13027017	30.27083087	 2026-09-20 15:38:33.370	423	-90.91	417;411;501	-94.89;-95.70;-96.80	417;411		3.71
120.13027374	30.27081586	 2026-09-20 15:38:33.623	423	-92.72	411;417;429	-95.57;-96.63;-97.07	411;417		0.71
120.13027068	30.27083056	 2026-09-20 15:38:33.896	423	-90.31	417;411;429	-97.05;-97.12;-98.40	417;411		6.20
120.13028425	30.27083170	 2026-09-20 15:38:34.094	423	-92.90	411;417;429	-93.58;-95.00;-96.73	411;417		0.28
120.13028998	30.27083698	 2026-09-20 15:38:34.396	423	-91.54	411;429;417	-95.26;-95.70;-96.46	411;429		3.00
120.13027378	30.27082174	 2026-09-20 15:38:34.602	423	-91.12	429;411;501	-95.32;-96.61;-96.85	429;411		5.36
120.13028082	30.27083068	 2026-09-20 15:38:34.812	423	-91.52	429;417;411	-95.10;-95.24;-95.36	429;417		3.54
120.13028114	30.27082478	 2026-09-20 15:38:35.120	423	-89.82	417;411;429	-94.95;-97.40;-98.15	417;411		5.12
120.13028936	30.27083567	 2026-09-20 15:38:35.312	423	-88.51	429;411;417	-94.80;-94.83;-94.96	429;411		6.17
120.13027176	30.27083759	 2026-09-20 15:38:35.629	423	-88.77	417;411;429	-95.97;-97.02;-97.17	417;411		5.28
120.13028202	30.27084028	 2026-09-20 15:38:35.848	423	-90.66	417;429;411	-96.07;-96.53;-96.91	417;429		4.81
120.13027277	30.27082692	 2026-09-20 15:38:36.103	423	-91.07	411;429;417	-93.91;-96.80;-98.38	411;429		1.64
120.13027041	30.27082781	 2026-09-20 15:38:36.350	423	-91.61	411;501;429	-97.48;-98.44;-98.87	411;501		3.47
120.13027283	30.27084721	 2026-09-20 15:38:36.653	423	-90.50	417;411;429	-93.38;-96.28;-97.42	417;411		2.12
120.13027451	30.27084290	 2026-09-20 15:38:36.902	423	-92.42	429;411;417	-95.21;-97.13;-99.85	429;411		3.20
120.13026827	30.27084206	 2026-09-20 15:38:37.171	423	-92.98	411;417;429	-97.72;-98.19;-98.89	411;417		3.20
120.13029035	30.27084777	 2026-09-20 15:38:37.396	423	-87.75	429;411;417	-94.51;-99.40;-99.59	429;411		6.35
120.13026729	30.27085074	 2026-09-20 15:38:37.625	423	-92.68	411;417;429	-96.06;-96.43;-97.65	411;417		2.28
120.13029001	30.27085526	 2026-09-20 15:38:37.922	423	-91.38	417;411;429	-95.73;-96.12;-97.13	417;411		2.05
120.13028416	30.27084370	 2026-09-20 15:38:38.202	423	-92.86	411;417;429	-94.19;-95.74;-99.25	411;417		0.20
120.13027439	30.27084720	 2026-09-20 15:38:38.470	423	-92.27	411;417;429	-96.88;-98.14;-98.35	411;417		3.39
120.13026973	30.27084746	 2026-09-20 15:38:38.756	423	-91.64	417;411;429	-94.55;-98.05;-98.45	417;411		2.20
120.13026921	30.27084167	 2026-09-20 15:38:39.067	423	-92.55	417;411;429	-96.94;-97.18;-98.69	417;411		1.79
120.13028792	30.27084604	 2026-09-20 15:38:39.269	423	-92.45	417;411;429	-94.39;-95.88;-95.94	417;411		0.53
120.13028587	30.27085728	 2026-09-20 15:38:39.474	423	-95.11	411;501;417	-96.35;-97.99;-98.19	411;501		0.67
120.13028714	30.27085140	 2026-09-20 15:38:39.739	417	-93.48	423;411;429	-93.73;-94.36;-97.08	423;411		-0.92
120.13026554	30.27085725	 2026-09-20 15:38:40.008	423	-94.41	417;429;411	-96.25;-96.42;-96.87	417;429		2.13
120.13027936	30.27086270	 2026-09-20 15:38:40.302	423	-91.67	417;411;429	-95.73;-95.81;-98.18	417;411		2.45
120.13027306	30.27085502	 2026-09-20 15:38:40.589	423	-92.98	411;429;417	-95.64;-96.87;-99.10	411;429		2.20
120.13027333	30.27086874	 2026-09-20 15:38:40.829	423	-91.51	411;417;429	-93.56;-95.06;-96.66	411;417		2.68
120.13027665	30.27086873	 2026-09-20 15:38:41.021	423	-94.60	429;417;411	-95.23;-95.69;-99.50	429;417		-0.20
120.13026832	30.27087416	 2026-09-20 15:38:41.207	423	-92.50	411;429;417	-95.57;-96.14;-97.16	411;429		2.25
120.13026986	30.27087428	 2026-09-20 15:38:41.501	417	-94.23	423;411;429	-94.58;-96.78;-97.81	423;411		-0.36
120.13028387	30.27085873	 2026-09-20 15:38:41.696	423	-88.20	429;417;411	-92.60;-95.62;-95.65	429;417		4.46
120.13028413	30.27086009	 2026-09-20 15:38:41.933	423	-92.30	429;417;411	-94.08;-97.74;-98.50	429;417		2.05
120.13026817	30.27086359	 2026-09-20 15:38:42.252	423	-92.50	429;417;411	-93.55;-96.00;-99.09	429;417		0.90
120.13026952	30.27087327	 2026-09-20 15:38:42.526	423	-91.05	417;411;429	-95.21;-96.15;-98.69	417;411		5.04
120.13028710	30.27086682	 2026-09-20 15:38:42.793	423	-91.96	417;429;411	-94.34;-94.43;-94.65	417;429		3.70
120.13028881	30.27086696	 2026-09-20 15:38:42.988	423	-90.99	411;429;417	-96.33;-96.96;-98.82	411;429		6.13
120.13028356	30.27087326	 2026-09-20 15:38:43.298	423	-90.97	429;411;417	-94.24;-95.74;-96.44	429;411		2.85
120.13027269	30.27087931	 2026-09-20 15:38:43.519	423	-92.12	411;429;417	-94.48;-95.86;-96.33	411;429		1.99
120.13026562	30.27088849	 2026-09-20 15:38:43.744	423	-92.58	411;417;429	-95.01;-96.10;-96.76	411;417		1.43
120.13027133	30.27087851	 2026-09-20 15:38:44.040	423	-92.20	411;417;429	-95.10;-97.03;-97.63	411;417		1.98
120.13028190	30.27088044	 2026-09-20 15:38:44.338	423	-92.61	429;417;411	-95.83;-96.77;-96.77	429;417		1.94
120.13027814	30.27088508	 2026-09-20 15:38:44.552	423	-93.18	417;411;429	-94.99;-95.69;-95.84	417;411		1.38
120.13026753	30.27088371	 2026-09-20 15:38:44.785	423	-90.53	411;417;501	-95.97;-96.05;-98.58	411;417		6.27
120.13028726	30.27088099	 2026-09-20 15:38:45.066	423	-92.79	411;417;429	-94.92;-95.97;-96.70	411;417		-0.08
120.13026977	30.27088461	 2026-09-20 15:38:45.298	423	-93.18	429;411;501	-94.37;-95.94;-97.40	429;411		0.43
120.13026598	30.27088305	 2026-09-20 15:38:45.580	423	-93.13	411;417;429	-94.07;-95.54;-98.87	411;417		-1.94
120.13027414	30.27089568	 2026-09-20 15:38:45.805	423	-94.47	417;501;411	-95.70;-99.03;-99.37	417;501		-1.53
120.13028112	30.27088918	 2026-09-20 15:38:46.061	423	-92.68	411;417;429	-95.10;-95.71;-96.26	411;417		0.68
120.13028546	30.27090251	 2026-09-20 15:38:46.352	423	-92.22	411;429;501	-94.48;-96.34;-98.06	411;429		-0.02
120.13028319	30.27089169	 2026-09-20 15:38:46.618	423	-93.17	411;417;501	-94.87;-95.03;-96.72	411;417		-0.19
120.13026865	30.27089902	 2026-09-20 15:38:46.918	423	-91.56	429;411;417	-93.66;-96.89;-96.99	429;411		1.97
120.13028834	30.27090383	 2026-09-20 15:38:47.174	423	-92.62	411;429;417	-95.01;-95.94;-96.85	411;429		1.60
120.13027130	30.27090569	 2026-09-20 15:38:47.433	423	-91.13	411;429;417	-95.50;-96.84;-98.46	411;429		2.28
120.13028366	30.27090512	 2026-09-20 15:38:47.715	423	-91.44	411;417;429	-94.21;-95.04;-98.30	411;417		-0.45
120.13027062	30.27089722	 2026-09-20 15:38:47.908	423	-91.76	411;417;429	-93.46;-96.87;-98.56	411;417		1.36
120.13027538	30.27090281	 2026-09-20 15:38:48.119	423	-89.09	411;417;501	-94.91;-96.50;-99.26	411;417		6.43
120.13028853	30.27090500	 2026-09-20 15:38:48.416	411	-93.39	423;417;429	-94.07;-95.84;-96.22	423;417		-0.32
120.13028977	30.27090217	 2026-09-20 15:38:48.658	423	-90.93	429;411;417	-93.61;-95.18;-97.49	429;411		1.85
120.13028205	30.27089976	 2026-09-20 15:38:48.910	429	-93.69	417;423;411	-96.14;-96.75;-96.96	417;423		2.02
120.13028096	30.27091438	 2026-09-20 15:38:49.217	411	-91.60	423;417;429	-93.36;-95.00;-98.49	423;417		0.46
120.13027708	30.27090120	 2026-09-20 15:38:49.510	423	-94.65	417;411;429	-95.92;-95.93;-98.07	417;411		0.28
120.13026800	30.27090308	 2026-09-20 15:38:49.737	411	-95.53	417;423;429	-95.54;-96.64;-96.81	417;423		-2.20
120.13028684	30.27091561	 2026-09-20 15:38:49.946	423	-92.89	411;429;417	-94.63;-97.14;-99.52	411;429		0.09
120.13028208	30.27091564	 2026-09-20 15:38:50.126	411	-94.29	423;429;417	-95.10;-96.00;-96.18	423;429		0.24
120.13027645	30.27090705	 2026-09-20 15:38:50.392	411	-93.54	423;429;417	-93.90;-94.37;-97.83	423;429		-1.51
120.13027897	30.27091435	 2026-09-20 15:38:50.612	411	-93.82	423;429;417	-95.20;-96.79;-98.96	423;429		0.82
120.13027741	30.27092846	 2026-09-20 15:38:50.870	423	-92.53	411;417;429	-93.52;-95.93;-96.91	411;417		1.05
120.13027579	30.27092482	 2026-09-20 15:38:51.070	423	-93.31	411;429;417	-95.94;-96.49;-99.12	411;429		1.15
120.13029037	30.27091766	 2026-09-20 15:38:51.383	423	-91.56	417;429;411	-94.30;-94.81;-95.69	417;429		1.70
120.13027437	30.27091995	 2026-09-20 15:38:51.607	423	-93.78	411;429;501	-95.03;-95.64;-100.86	411;429		-0.26
120.13028345	30.27091661	 2026-09-20 15:38:51.910	411	-94.14	423;417;429	-95.30;-97.71;-97.92	423;417		0.98
120.13028817	30.27092185	 2026-09-20 15:38:52.176	411	-93.30	423;417;429	-93.35;-97.02;-98.30	423;417		-0.27
120.13028080	30.27093627	 2026-09-20 15:38:52.475	423	-88.81	411;501;429	-92.93;-96.49;-98.19	411;501		2.73
120.13028198	30.27092351	 2026-09-20 15:38:52.688	411	-94.05	423;417;429	-94.39;-96.49;-98.07	423;417		-1.34
120.13027720	30.27093704	 2026-09-20 15:38:52.961	423	-93.66	429;411;417	-95.26;-95.89;-96.23	429;411		-0.61
120.13027750	30.27093974	 2026-09-20 15:38:53.143	423	-94.80	411;429;417	-95.53;-96.34;-96.89	411;429		-0.34
120.13029015	30.27094118	 2026-09-20 15:38:53.456	423	-92.85	411;417;429	-94.45;-95.35;-96.31	411;417		1.41
120.13028203	30.27094517	 2026-09-20 15:38:53.757	423	-92.60	411;417;429	-95.57;-96.85;-99.27	411;417		2.18
120.13028363	30.27094307	 2026-09-20 15:38:54.046	411	-94.44	423;429;417	-95.74;-96.78;-97.64	423;429		-0.32
120.13026921	30.27093660	 2026-09-20 15:38:54.231	411	-90.81	429;423;417	-94.02;-94.67;-97.39	429;423		2.18
120.13028415	30.27093785	 2026-09-20 15:38:54.467	423	-91.84	411;429;501	-93.80;-94.25;-97.32	411;429		0.62
120.13027008	30.27093884	 2026-09-20 15:38:54.736	423	-94.07	417;411;429	-94.61;-97.90;-100.42	417;411		-2.26
120.13028893	30.27094433	 2026-09-20 15:38:55.013	423	-94.16	411;429;417	-94.28;-94.29;-97.65	411;429		1.07
120.13027343	30.27093692	 2026-09-20 15:38:55.232	411	-94.45	423;429;417	-94.72;-94.99;-95.99	423;429		-1.52
120.13026940	30.27094617	 2026-09-20 15:38:55.528	423	-95.75	411;417;429	-96.06;-96.18;-99.44	411;417		0.06
120.13026934	30.27094597	 2026-09-20 15:38:55.756	417	-93.38	411;423;429	-93.79;-94.05;-98.04	411;423		-0.78
120.13027858	30.27094494	 2026-09-20 15:38:56.025	423	-93.38	417;411;501	-94.42;-95.11;-98.11	417;411		0.27
120.13026963	30.27095949	 2026-09-20 15:38:56.262	423	-92.43	429;411;417	-95.74;-96.44;-96.70	429;411		4.58
120.13028604	30.27096146	 2026-09-20 15:38:56.486	423	-94.79	411;417;429	-95.10;-95.50;-96.48	411;417		-0.34
120.13027832	30.27095739	 2026-09-20 15:38:56.756	411	-94.72	429;423;417	-95.13;-95.23;-96.83	429;423		1.35
120.13027981	30.27095248	 2026-09-20 15:38:56.994	411	-91.90	423;429;417	-93.91;-94.84;-97.93	423;429		0.56
120.13026735	30.27096451	 2026-09-20 15:38:57.264	411	-93.84	423;417;501	-94.42;-96.82;-97.55	423;417		0.08
120.13028456	30.27096265	 2026-09-20 15:38:57.521	411	-90.98	423;417;429	-94.46;-95.49;-97.04	423;417		2.76
120.13027837	30.27095304	 2026-09-20 15:38:57.828	411	-92.53	417;429;423	-95.92;-96.51;-96.68	417;429		3.05
120.13026713	30.27095521	 2026-09-20 15:38:58.011	429	-93.28	411;423;417	-95.18;-95.38;-98.76	411;423		1.04
120.13026951	30.27095218	 2026-09-20 15:38:58.195	423	-91.55	411;429;417	-93.44;-95.79;-96.69	411;429		1.11
120.13028696	30.27097054	 2026-09-20 15:38:58.465	417	-95.38	429;423;411	-95.55;-96.77;-97.07	429;423		1.13
120.13026604	30.27096807	 2026-09-20 15:38:58.775	411	-92.79	423;429;417	-94.97;-95.72;-98.24	423;429		1.49
120.13028614	30.27095750	 2026-09-20 15:38:59.068	411	-92.78	423;417;429	-94.68;-94.87;-96.37	423;417		3.20
120.13028119	30.27095833	 2026-09-20 15:38:59.276	423	-94.25	411;417;501	-94.37;-96.93;-98.68	411;417		-0.71
120.13028529	30.27097069	 2026-09-20 15:38:59.466	411	-94.65	417;423;501	-94.86;-96.12;-97.69	417;423		-2.02
120.13028702	30.27097799	 2026-09-20 15:38:59.734	411	-92.81	423;417;429	-92.92;-96.91;-98.49	423;417		1.24
120.13027908	30.27096709	 2026-09-20 15:38:59.914	411	-93.54	423;417;429	-94.91;-96.90;-98.43	423;417		1.89
120.13027047	30.27098045	 2026-09-20 15:39:00.118	423	-95.19	411;429;417	-95.47;-96.27;-96.90	411;429		-0.24
120.13027488	30.27097350	 2026-09-20 15:39:00.389	411	-94.31	423;429;501	-94.76;-98.13;-100.58	423;429		-0.88
120.13026599	30.27096576	 2026-09-20 15:39:00.638	423	-92.72	411;417;429	-96.17;-98.37;-99.10	411;417		2.86
120.13028202	30.27098730	 2026-09-20 15:39:00.878	423	-92.24	411;429;417	-93.02;-96.40;-97.98	411;429		-1.54
120.13028543	30.27098649	 2026-09-20 15:39:01.063	411	-94.11	423;417;501	-94.61;-95.99;-97.28	423;417		-0.80
120.13026649	30.27097988	 2026-09-20 15:39:01.295	423	-93.05	411;429;501	-96.24;-96.32;-98.47	411;429		3.53
120.13027908	30.27097062	 2026-09-20 15:39:01.492	411	-94.28	423;429;417	-94.59;-98.83;-99.22	423;429		-1.45
120.13026978	30.27099139	 2026-09-20 15:39:01.693	411	-94.19	423;417;429	-94.69;-94.84;-98.61	423;417		-0.46
120.13026921	30.27099020	 2026-09-20 15:39:01.963	423	-93.47	411;417;429	-95.08;-96.91;-97.07	411;417		3.30
120.13026579	30.27099248	 2026-09-20 15:39:02.205	411	-91.60	423;417;429	-94.31;-97.77;-98.44	423;417		1.50
120.13028814	30.27098670	 2026-09-20 15:39:02.410	417	-94.05	423;429;411	-94.14;-95.36;-95.80	423;429		1.31
120.13028232	30.27097787	 2026-09-20 15:39:02.657	423	-92.05	411;417;429	-92.98;-98.16;-98.37	411;417		-0.43
120.13028586	30.27098316	 2026-09-20 15:39:02.959	411	-93.50	417;423;429	-94.64;-96.93;-98.08	417;423		0.44
120.13028412	30.27098281	 2026-09-20 15:39:03.276	411	-93.44	423;417;429	-95.26;-97.54;-98.13	423;417		0.48
120.13028945	30.27098286	 2026-09-20 15:39:03.467	429	-96.25	423;411;417	-96.64;-96.99;-97.09	423;411		-0.78
120.13028577	30.27099520	 2026-09-20 15:39:03.681	411	-92.06	423;429;417	-93.01;-96.53;-97.41	423;429		1.42
120.13026857	30.27100564	 2026-09-20 15:39:03.940	411	-91.14	423;429;417	-95.94;-97.38;-97.69	423;429		4.69
120.13027960	30.27099008	 2026-09-20 15:39:04.253	423	-94.37	417;411;429	-94.89;-95.04;-98.11	417;411		-2.16
120.13028910	30.27099897	 2026-09-20 15:39:04.572	411	-92.85	417;423;429	-95.16;-95.58;-95.62	417;423		3.45
120.13027922	30.27099313	 2026-09-20 15:39:04.835	411	-91.68	423;429;417	-94.52;-97.20;-98.23	423;429		2.48
120.13026962	30.27101181	 2026-09-20 15:39:05.097	411	-93.01	417;501;423	-96.37;-97.15;-97.44	417;501		2.18
120.13027932	30.27100701	 2026-09-20 15:39:05.289	411	-94.10	423;417;429	-95.24;-95.87;-97.44	423;417		0.96
120.13026876	30.27100274	 2026-09-20 15:39:05.564	411	-94.55	423;429;417	-95.44;-97.71;-98.65	423;429		0.08
120.13028479	30.27100792	 2026-09-20 15:39:05.849	411	-94.54	429;417;423	-96.44;-96.69;-96.87	429;417		1.61
120.13028649	30.27101213	 2026-09-20 15:39:06.105	411	-92.21	417;429;423	-96.11;-96.16;-97.16	417;429		3.35
120.13027582	30.27100473	 2026-09-20 15:39:06.370	423	-92.97	411;429;417	-93.64;-95.32;-97.47	411;429		-1.11
120.13027414	30.27100743	 2026-09-20 15:39:06.652	411	-93.58	423;429;417	-94.98;-96.80;-98.88	423;429		2.17
120.13028146	30.27101203	 2026-09-20 15:39:06.890	411	-91.04	417;423;429	-95.70;-96.97;-98.24	417;423		3.51
120.13026742	30.27100820	 2026-09-20 15:39:07.151	411	-94.51	423;501;429	-97.58;-99.17;-99.76	423;501		1.44
120.13028066	30.27101267	 2026-09-20 15:39:07.367	411	-93.94	423;417;429	-95.30;-98.05;-98.76	423;417		-0.83
120.13026579	30.27100694	 2026-09-20 15:39:07.632	423	-94.54	411;429;417	-95.95;-96.01;-97.53	411;429		-1.29
120.13027130	30.27100686	 2026-09-20 15:39:07.821	411	-93.07	423;429;501	-94.27;-97.91;-99.69	423;429		0.55
120.13027163	30.27102518	 2026-09-20 15:39:08.101	411	-93.08	423;429;417	-93.35;-96.61;-97.77	423;429		0.99
120.13026605	30.27102308	 2026-09-20 15:39:08.303	411	-93.97	423;429;417	-94.69;-95.16;-98.25	423;429		0.09
120.13026677	30.27102017	 2026-09-20 15:39:08.567	429	-93.62	411;423;417	-93.84;-94.93;-96.53	411;423		-0.46
120.13028633	30.27103243	 2026-09-20 15:39:08.818	411	-93.19	423;429;501	-94.87;-97.25;-97.89	423;429		0.30
120.13028410	30.27102084	 2026-09-20 15:39:09.122	411	-93.81	417;423;429	-94.45;-95.90;-96.41	417;423		0.65
120.13028882	30.27101477	 2026-09-20 15:39:09.375	411	-92.67	423;417;429	-94.79;-95.40;-97.43	423;417		0.54
120.13026881	30.27102971	 2026-09-20 15:39:09.644	417	-93.62	411;429;501	-95.50;-96.76;-98.52	411;429		-0.06
120.13027482	30.27102483	 2026-09-20 15:39:09.895	423	-94.52	411;417;501	-94.69;-95.31;-97.48	411;417		-2.22
120.13028990	30.27102784	 2026-09-20 15:39:10.126	423	-93.09	411;501;429	-95.05;-95.84;-96.52	411;501		0.98
120.13027578	30.27102154	 2026-09-20 15:39:10.353	423	-94.77	411;417;429	-96.28;-96.55;-96.89	411;417		0.25
120.13028539	30.27102376	 2026-09-20 15:39:10.572	411	-91.61	423;429;417	-94.99;-96.57;-97.24	423;429		1.80
120.13028828	30.27103595	 2026-09-20 15:39:10.839	411	-91.98	423;417;429	-95.38;-97.53;-97.63	423;417		2.83
120.13028902	30.27103055	 2026-09-20 15:39:11.050	423	-94.66	411;429;417	-94.79;-95.34;-98.12	411;429		-2.02
120.13026960	30.27104332	 2026-09-20 15:39:11.240	411	-93.63	423;417;429	-96.41;-97.30;-97.78	423;417		0.95
120.13027007	30.27103705	 2026-09-20 15:39:11.539	411	-91.90	417;423;501	-93.81;-95.70;-98.26	417;423		1.63
120.13027783	30.27103670	 2026-09-20 15:39:11.764	417	-95.09	423;411;501	-95.61;-96.53;-98.51	423;411		-0.05
120.13027637	30.27104635	 2026-09-20 15:39:12.081	411	-92.80	417;423;429	-96.14;-96.88;-98.82	417;423		3.89
120.13028313	30.27104379	 2026-09-20 15:39:12.270	411	-91.62	417;423;429	-96.14;-96.65;-97.12	417;423		2.69
120.13027470	30.27105319	 2026-09-20 15:39:12.500	411	-90.80	423;417;429	-94.03;-96.43;-97.24	423;417		2.19
120.13028539	30.27104532	 2026-09-20 15:39:12.706	411	-93.13	429;417;423	-95.31;-96.59;-96.74	429;417		3.27
120.13028272	30.27104197	 2026-09-20 15:39:12.906	411	-92.84	423;417;429	-94.43;-95.79;-97.85	423;417		0.77
120.13027795	30.27104106	 2026-09-20 15:39:13.136	411	-94.87	417;423;501	-95.28;-95.30;-97.27	417;423		0.11
120.13028102	30.27104582	 2026-09-20 15:39:13.389	411	-90.90	417;423;429	-94.08;-95.08;-96.93	417;423		3.28
120.13027117	30.27105376	 2026-09-20 15:39:13.703	411	-93.18	423;429;417	-95.46;-96.94;-97.27	423;429		0.95
120.13028935	30.27104328	 2026-09-20 15:39:13.973	411	-92.71	423;417;429	-94.35;-96.07;-97.41	423;417		-0.56
120.13027981	30.27105100	 2026-09-20 15:39:14.262	411	-92.55	423;429;501	-94.62;-95.61;-96.47	423;429		2.15
120.13027181	30.27104610	 2026-09-20 15:39:14.497	411	-92.93	423;501;417	-95.62;-96.82;-97.25	423;501		1.70
120.13028062	30.27106103	 2026-09-20 15:39:14.754	411	-92.24	423;417;429	-92.95;-95.38;-97.21	423;417		-0.89
120.13027095	30.27106024	 2026-09-20 15:39:14.954	411	-90.34	417;423;429	-92.81;-94.00;-99.13	417;423		3.32
120.13027863	30.27106547	 2026-09-20 15:39:15.255	411	-93.56	423;429;417	-94.12;-95.86;-96.29	423;429		-1.08
120.13027052	30.27105943	 2026-09-20 15:39:15.515	411	-92.77	417;501;423	-97.81;-97.92;-97.93	417;501		5.51
120.13028052	30.27106424	 2026-09-20 15:39:15.808	411	-93.81	417;423;429	-94.68;-95.90;-96.12	417;423		-0.49
120.13028330	30.27107233	 2026-09-20 15:39:16.080	411	-92.40	417;423;429	-94.86;-95.23;-97.93	417;423		1.91
120.13027536	30.27106745	 2026-09-20 15:39:16.392	411	-91.97	423;501;417	-93.24;-96.99;-97.01	423;501		-1.22
120.13028665	30.27106400	 2026-09-20 15:39:16.641	411	-92.65	417;423;429	-96.46;-97.17;-97.78	417;423		3.75
120.13027241	30.27106456	 2026-09-20 15:39:16.950	411	-92.07	429;423;417	-95.25;-95.52;-96.81	429;423		3.37
120.13026687	30.27107244	 2026-09-20 15:39:17.248	411	-94.59	429;423;417	-94.61;-95.61;-98.16	429;423		-2.03
120.13027311	30.27107369	 2026-09-20 15:39:17.536	411	-93.26	423;417;429	-95.29;-96.21;-97.42	423;417		2.81
120.13028360	30.27108046	 2026-09-20 15:39:17.821	411	-93.51	423;429;501	-94.99;-95.16;-97.05	423;429		-0.67
120.13026746	30.27108192	 2026-09-20 15:39:18.093	411	-93.09	423;417;501	-93.57;-96.05;-97.66	423;417		0.13
120.13027554	30.27107249	 2026-09-20 15:39:18.331	417	-94.67	429;411;423	-95.19;-95.48;-96.67	429;411		-0.29
120.13028524	30.27108345	 2026-09-20 15:39:18.567	411	-91.44	417;429;423	-94.40;-96.83;-97.13	417;429		3.25
120.13027596	30.27108831	 2026-09-20 15:39:18.836	411	-89.89	423;417;429	-94.50;-95.14;-96.64	423;417		4.18
120.13027624	30.27108778	 2026-09-20 15:39:19.043	411	-94.48	429;417;423	-96.37;-97.44;-99.13	429;417		-0.51
120.13028669	30.27108348	 2026-09-20 15:39:19.284	411	-92.67	429;423;417	-95.94;-96.08;-98.37	429;423		3.76
120.13028910	30.27107820	 2026-09-20 15:39:19.499	411	-91.92	429;417;423	-97.53;-98.02;-98.15	429;417		5.25
120.13028972	30.27108933	 2026-09-20 15:39:19.727	429	-93.58	411;417;501	-94.59;-97.34;-97.39	411;417		-0.22
120.13028956	30.27107696	 2026-09-20 15:39:19.999	411	-93.08	423;417;429	-94.32;-96.79;-98.55	423;417		0.76
120.13028822	30.27108661	 2026-09-20 15:39:20.211	411	-89.64	417;429;423	-92.70;-97.36;-97.64	417;429		1.33
120.13026664	30.27109504	 2026-09-20 15:39:20.460	411	-93.45	429;423;417	-95.12;-95.22;-96.26	429;423		0.58
120.13027373	30.27108473	 2026-09-20 15:39:20.706	411	-94.37	429;417;423	-96.48;-97.20;-97.23	429;417		1.44
120.13027095	30.27109955	 2026-09-20 15:39:20.954	411	-93.05	417;423;429	-94.88;-95.07;-97.12	417;423		0.90
120.13027174	30.27109444	 2026-09-20 15:39:21.191	411	-94.36	423;429;417	-94.46;-96.53;-97.84	423;429		-0.05
120.13026908	30.27108685	 2026-09-20 15:39:21.504	411	-89.28	423;429;417	-94.21;-96.25;-97.50	423;429		2.79
120.13028908	30.27110417	 2026-09-20 15:39:21.809	411	-91.33	423;417;429	-93.11;-94.18;-98.48	423;417		1.88
120.13028730	30.27109360	 2026-09-20 15:39:22.039	411	-93.47	423;429;417	-95.58;-96.22;-96.62	423;429		1.68
120.13027543	30.27109428	 2026-09-20 15:39:22.257	411	-91.29	423;429;501	-96.79;-96.85;-99.02	423;429		3.31
120.13027612	30.27110385	 2026-09-20 15:39:22.454	411	-92.96	501;429;423	-95.83;-97.93;-98.56	501;429		0.08
120.13028715	30.27109547	 2026-09-20 15:39:22.719	423	-93.60	411;501;417	-94.22;-94.58;-95.91	411;501		-1.83
120.13026723	30.27110183	 2026-09-20 15:39:22.991	411	-92.05	417;501;423	-94.98;-99.75;-99.92	417;501		0.48
120.13026930	30.27109536	 2026-09-20 15:39:23.203	411	-87.61	429;501;423	-94.74;-95.18;-95.67	429;501		6.18
120.13028842	30.27111390	 2026-09-20 15:39:23.430	411	-92.94	417;501;423	-94.71;-95.60;-95.92	417;501		0.14
120.13028892	30.27111000	 2026-09-20 15:39:23.719	411	-93.89	417;423;429	-96.19;-97.11;-99.25	417;423		0.87
120.13027355	30.27110918	 2026-09-20 15:39:23.918	411	-91.58	417;423;501	-95.54;-98.80;-98.84	417;423		2.94
120.13028968	30.27111377	 2026-09-20 15:39:24.177	411	-91.46	423;501;417	-94.34;-95.51;-96.00	423;501		0.26
120.13028463	30.27111182	 2026-09-20 15:39:24.437	411	-90.30	417;429;423	-95.64;-96.82;-97.51	417;429		4.01
120.13027607	30.27111391	 2026-09-20 15:39:24.751	411	-90.53	417;423;429	-93.38;-94.76;-96.87	417;423		2.06
120.13027173	30.27111144	 2026-09-20 15:39:25.029	411	-92.10	429;423;417	-96.68;-97.96;-98.56	429;423		3.11
120.13027574	30.27111501	 2026-09-20 15:39:25.225	411	-90.03	429;501;423	-96.63;-97.50;-97.52	429;501		5.66
120.13028717	30.27110964	 2026-09-20 15:39:25.506	411	-94.03	423;417;429	-96.59;-96.78;-97.49	423;417		1.94
120.13027252	30.27112075	 2026-09-20 15:39:25.748	411	-89.25	417;423;429	-95.23;-95.84;-97.97	417;423		4.10
120.13028950	30.27112323	 2026-09-20 15:39:25.938	411	-90.40	423;429;417	-93.33;-95.32;-96.52	423;429		2.94
120.13026981	30.27112978	 2026-09-20 15:39:26.214	411	-91.20	423;417;429	-96.45;-98.06;-98.72	423;417		4.56
120.13027311	30.27111522	 2026-09-20 15:39:26.430	411	-93.07	429;501;423	-95.15;-96.19;-97.53	429;501		-0.37
120.13026880	30.27111936	 2026-09-20 15:39:26.626	411	-92.21	429;417;423	-95.57;-95.95;-97.50	429;417		3.74
120.13026766	30.27112310	 2026-09-20 15:39:26.920	411	-92.38	417;429;501	-95.99;-97.20;-98.48	417;429		3.37
120.13026586	30.27112356	 2026-09-20 15:39:27.126	411	-94.13	429;423;501	-94.64;-95.47;-97.72	429;423		-0.52
120.13028242	30.27113162	 2026-09-20 15:39:27.432	411	-93.54	423;417;429	-94.95;-96.84;-98.35	423;417		0.13
120.13026749	30.27113312	 2026-09-20 15:39:27.616	411	-89.79	429;423;417	-96.32;-96.72;-97.69	429;423		5.83
120.13028942	30.27113554	 2026-09-20 15:39:27.827	411	-92.09	417;501;429	-95.31;-95.65;-97.14	417;501		2.19
120.13027628	30.27112631	 2026-09-20 15:39:28.117	411	-91.11	429;501;417	-94.25;-97.84;-97.90	429;501		2.29
120.13027200	30.27114255	 2026-09-20 15:39:28.390	411	-92.90	417;423;429	-94.92;-96.69;-97.67	417;423		1.57
120.13027500	30.27113059	 2026-09-20 15:39:28.656	411	-91.81	423;417;501	-96.37;-96.52;-98.48	423;417		2.27
120.13026955	30.27113418	 2026-09-20 15:39:28.969	411	-93.54	417;423;501	-94.22;-95.30;-97.61	417;423		-1.47
120.13026556	30.27113786	 2026-09-20 15:39:29.232	429	-93.03	411;417;501	-94.46;-97.17;-97.99	411;417		0.67
120.13026639	30.27114063	 2026-09-20 15:39:29.439	411	-93.37	423;417;501	-96.26;-96.88;-97.03	423;417		1.88
120.13027206	30.27113660	 2026-09-20 15:39:29.740	411	-92.00	423;429;417	-94.80;-97.33;-97.52	423;429		2.39
120.13027198	30.27114768	 2026-09-20 15:39:29.966	411	-90.56	429;423;417	-96.74;-97.07;-97.61	429;423		4.70
120.13027256	30.27115356	 2026-09-20 15:39:30.268	411	-88.88	423;417;429	-97.45;-98.46;-99.14	423;417		7.83
120.13026575	30.27115263	 2026-09-20 15:39:30.583	411	-92.39	429;417;423	-94.55;-95.01;-98.05	429;417		-0.53
120.13028863	30.27115145	 2026-09-20 15:39:30.903	411	-89.46	423;417;429	-96.62;-96.91;-97.32	423;417		5.57
120.13028142	30.27114709	 2026-09-20 15:39:31.122	411	-90.95	423;429;417	-92.98;-94.90;-96.97	423;429		2.15
120.13027417	30.27115829	 2026-09-20 15:39:31.386	411	-94.18	417;501;429	-95.34;-96.96;-96.99	417;501		-1.02
120.13027180	30.27115597	 2026-09-20 15:39:31.626	411	-91.94	417;423;429	-96.00;-96.28;-96.70	417;423		4.42
120.13028499	30.27115768	 2026-09-20 15:39:31.938	411	-92.05	423;429;417	-94.18;-96.11;-96.31	423;429		1.98
120.13026673	30.27116165	 2026-09-20 15:39:32.203	411	-92.06	417;423;501	-96.85;-96.89;-97.95	417;423		4.73
120.13028929	30.27116104	 2026-09-20 15:39:32.467	411	-92.68	423;501;429	-97.67;-99.54;-99.60	423;501		6.18
120.13028113	30.27115208	 2026-09-20 15:39:32.745	411	-92.82	501;429;417	-95.50;-95.79;-97.65	501;429		1.97
120.13028745	30.27115866	 2026-09-20 15:39:33.047	411	-90.68	417;429;501	-96.72;-98.53;-98.97	417;429		6.22
120.13026629	30.27116415	 2026-09-20 15:39:33.297	411	-91.09	429;423;501	-95.88;-96.23;-98.32	429;423		5.14
120.13028460	30.27115672	 2026-09-20 15:39:33.553	411	-90.90	429;423;417	-95.69;-95.85;-97.44	429;423		2.80
120.13028618	30.27116999	 2026-09-20 15:39:33.810	411	-91.63	417;429;423	-94.51;-97.32;-97.84	417;429		2.43
120.13027122	30.27115514	 2026-09-20 15:39:34.078	411	-90.39	417;423;429	-96.50;-97.50;-98.02	417;423		4.11
120.13027908	30.27116757	 2026-09-20 15:39:34.330	411	-90.18	423;501;429	-96.03;-96.97;-97.13	423;501		7.18
120.13027692	30.27116987	 2026-09-20 15:39:34.631	411	-92.05	429;423;501	-95.50;-97.52;-99.83	429;423		4.02
120.13028415	30.27117247	 2026-09-20 15:39:34.823	411	-91.49	501;429;417	-95.98;-96.07;-97.00	501;429		3.57
120.13026632	30.27117074	 2026-09-20 15:39:35.086	411	-88.03	423;429;501	-96.44;-97.66;-99.07	423;429		8.25
120.13027702	30.27117178	 2026-09-20 15:39:35.301	411	-90.08	423;429;417	-95.57;-96.24;-96.85	423;429		5.27
120.13027801	30.27116292	 2026-09-20 15:39:35.488	411	-93.36	417;423;429	-95.04;-95.42;-97.46	417;423		1.09
120.13028824	30.27116393	 2026-09-20 15:39:35.730	411	-88.59	429;417;423	-94.44;-95.32;-97.25	429;417		4.67
120.13029018	30.27116625	 2026-09-20 15:39:35.979	411	-92.09	429;501;423	-96.93;-98.25;-98.36	429;501		4.71
120.13028247	30.27118768	 2026-09-20 15:39:36.227	411	-91.15	429;417;423	-95.56;-96.30;-96.57	429;417		4.32
120.13028918	30.27117462	 2026-09-20 15:39:36.431	411	-91.08	417;429;423	-92.24;-93.32;-95.54	417;429		1.92
120.13028502	30.27117899	 2026-09-20 15:39:36.636	411	-92.57	417;423;429	-95.31;-95.60;-97.16	417;423		2.67
120.13027764	30.27118056	 2026-09-20 15:39:36.863	411	-90.63	417;429;501	-95.34;-95.98;-97.63	417;429		6.27
120.13027451	30.27118109	 2026-09-20 15:39:37.102	411	-91.26	423;501;429	-94.47;-95.54;-96.71	423;501		0.64
120.13027881	30.27119198	 2026-09-20 15:39:37.416	411	-89.08	501;429;423	-96.84;-97.34;-97.35	501;429		7.44
120.13027204	30.27118392	 2026-09-20 15:39:37.684	411	-90.96	423;417;429	-95.59;-98.23;-98.37	423;417		2.25
120.13027425	30.27118833	 2026-09-20 15:39:37.883	411	-90.15	429;423;417	-96.76;-98.17;-99.03	429;423		6.29
120.13027022	30.27118128	 2026-09-20 15:39:38.091	411	-91.00	417;429;501	-95.30;-96.32;-99.86	417;429		3.70
120.13027008	30.27118189	 2026-09-20 15:39:38.381	411	-90.31	417;429;501	-95.28;-97.76;-98.14	417;429		3.37
120.13027079	30.27119687	 2026-09-20 15:39:38.646	411	-89.38	417;423;501	-95.33;-97.25;-97.32	417;423		5.37
120.13028609	30.27119010	 2026-09-20 15:39:38.946	411	-88.71	429;501;417	-95.55;-97.36;-97.39	429;501		7.41
120.13027067	30.27118867	 2026-09-20 15:39:39.197	411	-91.56	429;423;501	-95.88;-97.26;-98.01	429;423		2.17
120.13028755	30.27120496	 2026-09-20 15:39:39.404	411	-87.86	429;501;423	-94.34;-96.35;-96.49	429;501		5.83
120.13027577	30.27119176	 2026-09-20 15:39:39.588	411	-92.52	417;423;501	-96.71;-98.24;-98.63	417;423		2.98
120.13028667	30.27118930	 2026-09-20 15:39:39.864	411	-87.92	417;423;429	-95.32;-96.47;-97.25	417;423		6.11
120.13026710	30.27121094	 2026-09-20 15:39:40.145	411	-91.44	501;417;429	-95.37;-97.81;-97.90	501;417		4.52
120.13026666	30.27119749	 2026-09-20 15:39:40.352	411	-92.71	423;429;417	-95.54;-96.51;-96.88	423;429		2.38
120.13028669	30.27120543	 2026-09-20 15:39:40.602	411	-89.22	429;417;423	-96.22;-97.43;-98.02	429;417		6.55
120.13027409	30.27119996	 2026-09-20 15:39:40.841	411	-90.55	417;429;501	-94.52;-96.13;-97.00	417;429		3.23
120.13028572	30.27119909	 2026-09-20 15:39:41.122	411	-87.04	429;417;423	-97.52;-97.71;-98.07	429;417		7.16
120.13028731	30.27121356	 2026-09-20 15:39:41.434	411	-89.30	423;429;417	-95.68;-95.89;-97.33	423;429		4.50
120.13027951	30.27120629	 2026-09-20 15:39:41.721	411	-93.18	429;417;423	-96.00;-96.61;-98.10	429;417		1.57
120.13027978	30.27119988	 2026-09-20 15:39:41.998	411	-89.58	423;417;429	-96.83;-97.37;-98.35	423;417		5.67
120.13028328	30.27120592	 2026-09-20 15:39:42.291	411	-89.56	423;501;429	-97.91;-98.23;-98.63	423;501		6.25
120.13028669	30.27121347	 2026-09-20 15:39:42.606	411	-91.36	417;423;429	-95.10;-96.35;-98.55	417;423		3.82
120.13027110	30.27122014	 2026-09-20 15:39:42.907	411	-88.74	417;429;423	-94.43;-98.34;-98.51	417;429		6.04
120.13026985	30.27122532	 2026-09-20 15:39:43.144	411	-88.92	423;429;417	-93.65;-96.32;-97.19	423;429		3.72
120.13028958	30.27120699	 2026-09-20 15:39:43.419	411	-89.25	423;429;501	-96.58;-97.34;-98.42	423;429		4.79
120.13028675	30.27122585	 2026-09-20 15:39:43.716	411	-88.01	429;423;417	-97.18;-98.80;-99.49	429;423		7.55
120.13026550	30.27121930	 2026-09-20 15:39:43.911	411	-88.00	429;423;417	-95.36;-96.38;-97.19	429;423		6.08
120.13028250	30.27122257	 2026-09-20 15:39:44.197	411	-89.03	429;417;501	-96.44;-97.13;-98.48	429;417		5.90
120.13027610	30.27121658	 2026-09-20 15:39:44.431	411	-90.54	417;429;423	-96.70;-97.91;-99.38	417;429		5.37
120.13028449	30.27121981	 2026-09-20 15:39:44.625	411	-89.10	417;429;423	-93.74;-98.58;-99.53	417;429		4.24
120.13027688	30.27122734	 2026-09-20 15:39:44.890	411	-90.23	429;417;501	-95.91;-96.60;-98.89	429;417		6.14
120.13028088	30.27123783	 2026-09-20 15:39:45.183	411	-89.61	429;501;417	-95.29;-97.51;-98.51	429;501		6.10
120.13028173	30.27122492	 2026-09-20 15:39:45.377	411	-88.56	417;423;501	-95.96;-96.27;-99.42	417;423		5.12
120.13027039	30.27122846	 2026-09-20 15:39:45.558	411	-88.62	429;417;423	-97.25;-97.57;-98.32	429;417		7.19
120.13028794	30.27123947	 2026-09-20 15:39:45.755	411	-90.59	423;429;501	-93.53;-97.10;-98.72	423;429		1.01
120.13027059	30.27123472	 2026-09-20 15:39:45.970	411	-88.52	429;423;417	-94.50;-95.58;-97.94	429;423		4.73
120.13029007	30.27124392	 2026-09-20 15:39:46.173	411	-90.85	429;501;417	-94.62;-97.29;-97.58	429;501		2.09
120.13028933	30.27123651	 2026-09-20 15:39:46.437	411	-88.41	417;423;429	-97.14;-97.76;-99.49	417;423		9.81
120.13027142	30.27124642	 2026-09-20 15:39:46.641	411	-92.35	423;417;429	-94.24;-97.06;-98.26	423;417		-0.13
120.13027811	30.27124641	 2026-09-20 15:39:46.908	411	-86.48	417;429;423	-96.26;-96.88;-98.13	417;429		8.28
120.13027146	30.27123002	 2026-09-20 15:39:47.176	411	-88.00	423;429;417	-96.46;-96.55;-97.12	423;429		7.13
120.13028880	30.27124127	 2026-09-20 15:39:47.405	411	-88.71	423;429;417	-95.28;-96.89;-99.09	423;429		5.28
120.13028575	30.27123379	 2026-09-20 15:39:47.636	411	-92.92	423;417;429	-93.88;-95.38;-95.59	423;417		0.57
120.13028823	30.27124071	 2026-09-20 15:39:47.929	411	-87.50	429;417;423	-96.15;-96.44;-98.13	429;417		7.74
120.13028180	30.27125535	 2026-09-20 15:39:48.113	411	-91.33	417;429;501	-95.92;-96.48;-99.17	417;429		3.37
120.13027608	30.27125034	 2026-09-20 15:39:48.365	411	-85.99	429;423;501	-94.27;-97.61;-99.20	429;423		8.24
120.13028986	30.27124388	 2026-09-20 15:39:48.570	411	-90.20	423;429;501	-97.29;-97.38;-98.52	423;429		4.34
120.13027255	30.27125710	 2026-09-20 15:39:48.875	411	-90.06	417;501;429	-94.95;-95.85;-98.58	417;501		3.51
120.13028577	30.27124206	 2026-09-20 15:39:49.084	411	-91.20	429;417;501	-96.19;-96.52;-98.44	429;417		2.53
120.13027792	30.27125452	 2026-09-20 15:39:49.391	411	-87.30	429;423;501	-97.51;-98.44;-99.36	429;423		8.35
120.13028914	30.27126176	 2026-09-20 15:39:49.706	411	-85.36	429;417;501	-96.90;-97.51;-98.54	429;417		10.07
120.13028448	30.27125183	 2026-09-20 15:39:50.025	411	-88.87	423;417;501	-98.93;-99.51;-99.93	423;417		9.38
120.13028921	30.27124725	 2026-09-20 15:39:50.243	411	-89.44	423;429;417	-93.62;-96.46;-98.54	423;429		4.16
120.13027767	30.27126944	 2026-09-20 15:39:50.479	411	-88.75	417;429;423	-95.20;-97.36;-100.31	417;429		5.30
120.13026803	30.27126503	 2026-09-20 15:39:50.661	411	-87.69	423;417;501	-95.20;-97.24;-98.31	423;417		6.86
120.13026546	30.27126796	 2026-09-20 15:39:50.854	411	-88.57	429;417;423	-94.65;-94.96;-98.49	429;417		4.71
120.13027716	30.27126156	 2026-09-20 15:39:51.088	411	-85.90	417;429;423	-95.45;-96.26;-98.87	417;429		8.38
120.13028599	30.27126505	 2026-09-20 15:39:51.315	411	-87.45	429;417;501	-95.73;-95.96;-98.03	429;417		5.63
120.13028755	30.27126237	 2026-09-20 15:39:51.634	411	-89.11	423;429;501	-96.02;-97.16;-99.80	423;429		6.23
120.13028797	30.27126414	 2026-09-20 15:39:51.840	411	-86.59	417;423;429	-94.75;-98.84;-100.03	417;423		8.11
120.13027298	30.27127217	 2026-09-20 15:39:52.070	411	-86.71	417;429;423	-94.79;-95.74;-97.67	417;429		6.34
120.13028330	30.27127422	 2026-09-20 15:39:52.259	411	-87.91	429;417;501	-96.35;-96.91;-98.34	429;417		8.09
120.13027051	30.27128028	 2026-09-20 15:39:52.542	411	-87.04	417;429;501	-97.04;-98.47;-98.62	417;429		9.00
120.13028686	30.27128276	 2026-09-20 15:39:52.812	411	-85.39	417;423;429	-97.22;-97.87;-98.00	417;423		10.65
120.13028874	30.27128470	 2026-09-20 15:39:53.082	411	-87.55	417;501;423	-94.25;-98.05;-99.69	417;501		5.79
120.13028417	30.27127852	 2026-09-20 15:39:53.384	411	-86.34	429;417;423	-93.85;-97.56;-98.90	429;417		6.12
120.13027707	30.27127266	 2026-09-20 15:39:53.593	411	-87.94	417;429;423	-96.19;-98.16;-99.37	417;429		6.39
120.13026748	30.27128075	 2026-09-20 15:39:53.869	411	-86.97	417;429;423	-95.96;-97.52;-97.63	417;429		5.88
120.13026785	30.27127259	 2026-09-20 15:39:54.135	411	-88.99	417;429;423	-94.81;-97.58;-99.55	417;429		3.51
120.13028841	30.27127706	 2026-09-20 15:39:54.357	411	-85.63	423;417;429	-97.97;-99.82;-100.11	423;417		12.00
120.13026834	30.27127442	 2026-09-20 15:39:54.577	411	-87.90	417;429;423	-95.35;-98.55;-98.82	417;429		7.81
120.13028024	30.27128161	 2026-09-20 15:39:54.762	411	-90.33	417;501;423	-95.37;-99.07;-99.79	417;501		2.98
120.13027510	30.27129520	 2026-09-20 15:39:55.023	411	-88.04	429;417;423	-94.69;-97.60;-97.80	429;417		6.19
120.13026832	30.27129236	 2026-09-20 15:39:55.325	411	-87.43	429;423;417	-96.29;-97.36;-97.79	429;423		8.75
120.13028354	30.27128525	 2026-09-20 15:39:55.592	411	-86.34	423;417;429	-96.15;-96.68;-98.97	423;417		8.65
120.13028298	30.27129456	 2026-09-20 15:39:55.808	411	-87.41	429;417;501	-98.54;-98.63;-99.77	429;417		10.68
120.13028420	30.27129592	 2026-09-20 15:39:56.016	411	-84.19	417;429;501	-93.62;-99.03;-99.10	417;429		7.99
120.13028587	30.27130087	 2026-09-20 15:39:56.254	411	-85.60	429;417;501	-96.06;-96.52;-99.50	429;417		9.68
120.13027122	30.27130292	 2026-09-20 15:39:56.499	411	-88.58	417;423;501	-97.81;-98.80;-99.41	417;423		7.86
120.13027424	30.27129310	 2026-09-20 15:39:56.789	411	-89.90	429;501;417	-96.94;-97.61;-97.78	429;501		4.47
120.13028955	30.27130092	 2026-09-20 15:39:57.070	411	-87.02	423;429;417	-94.86;-97.80;-98.66	423;429		8.02
120.13026744	30.27129110	 2026-09-20 15:39:57.347	411	-84.96	429;417;501	-95.78;-96.57;-97.38	429;417		8.74
120.13026581	30.27130002	 2026-09-20 15:39:57.595	411	-86.94	417;423;429	-97.24;-99.02;-99.34	417;423		9.38
120.13027230	30.27129201	 2026-09-20 15:39:57.816	411	-89.78	417;423;429	-95.62;-96.94;-97.30	417;423		4.99
120.13027298	30.27131016	 2026-09-20 15:39:58.036	411	-86.73	417;423;429	-96.49;-98.96;-99.64	417;423		9.78
120.13026580	30.27130723	 2026-09-20 15:39:58.271	411	-86.41	417;429;423	-97.21;-98.70;-99.77	417;429		9.37
120.13027304	30.27129933	 2026-09-20 15:39:58.481	411	-88.43	417;429;501	-95.31;-99.25;-99.55	417;429		7.00
120.13028924	30.27131005	 2026-09-20 15:39:58.678	411	-85.99	417;423;429	-97.19;-97.31;-97.49	417;423		10.58
120.13027606	30.27131008	 2026-09-20 15:39:58.950	411	-88.67	429;423;417	-95.63;-96.33;-96.97	429;423		6.60
120.13027911	30.27130574	 2026-09-20 15:39:59.248	411	-86.35	429;417;423	-97.33;-98.50;-99.62	429;417		9.07
